treat_uarn,control_uarn,brand,event_year,geocode_name,category_subgroup,treated_rateable_value,control_rateable_value,control_distance_to_clustered_exposure_m
332176,3573851000,bella italia,2020,Southampton,RETAIL_RESTAURANTS_AND_CAFES,38750.0,38750.0,
332176,14683577000,bella italia,2020,Southampton,RETAIL_RESTAURANTS_AND_CAFES,38750.0,38500.0,
332176,534866176,bella italia,2020,Southampton,RETAIL_RESTAURANTS_AND_CAFES,38750.0,38500.0,
400176,1541655000,arcadia,2020,Southampton,RETAIL_HIGH_STREET,427500.0,420000.0,
400176,1738967000,arcadia,2020,Southampton,RETAIL_HIGH_STREET,427500.0,420000.0,
400176,13284893000,arcadia,2020,Southampton,RETAIL_HIGH_STREET,427500.0,372500.0,
663042,1829630000,toys r us,2018,Derby,RETAIL_HIGH_STREET,136000.0,134000.0,
663042,11270751000,toys r us,2018,Derby,RETAIL_HIGH_STREET,136000.0,129000.0,
663042,12202038000,toys r us,2018,Derby,RETAIL_HIGH_STREET,136000.0,129000.0,
1438037,2338279000,body shop,2024,Nottingham,RETAIL_HIGH_STREET,90000.0,90000.0,
1438037,17387037,body shop,2024,Nottingham,RETAIL_HIGH_STREET,90000.0,90000.0,
1438037,12366613000,body shop,2024,Nottingham,RETAIL_HIGH_STREET,90000.0,89500.0,
1601022,191207022,prezzo,2018,Chelmsford,RETAIL_RESTAURANTS_AND_CAFES,51000.0,51000.0,
1601022,38338022,prezzo,2018,Chelmsford,RETAIL_RESTAURANTS_AND_CAFES,51000.0,51000.0,
1601022,10003638000,prezzo,2018,Chelmsford,RETAIL_RESTAURANTS_AND_CAFES,51000.0,50000.0,
2335045,102517045,debenhams,2020,West Northamptonshire,RETAIL_HIGH_STREET,9600.0,9600.0,
2335045,6046820000,debenhams,2020,West Northamptonshire,RETAIL_HIGH_STREET,9600.0,9600.0,
2335045,67049045,debenhams,2020,West Northamptonshire,RETAIL_HIGH_STREET,9600.0,9600.0,
2360045,2376045,thomas cook,2019,West Northamptonshire,RETAIL_HIGH_STREET,36750.0,36750.0,
2360045,42337045,thomas cook,2019,West Northamptonshire,RETAIL_HIGH_STREET,36750.0,37000.0,
2360045,2914284000,thomas cook,2019,West Northamptonshire,RETAIL_HIGH_STREET,36750.0,37000.0,
3287132,219785132,thomas cook,2019,Cheshire West and Chester,RETAIL_HIGH_STREET,60000.0,60000.0,
3287132,8322481000,thomas cook,2019,Cheshire West and Chester,RETAIL_HIGH_STREET,60000.0,59500.0,
3287132,281538132,thomas cook,2019,Cheshire West and Chester,RETAIL_HIGH_STREET,60000.0,59500.0,
3292132,9409945000,carluccios,2020,Cheshire West and Chester,RETAIL_RESTAURANTS_AND_CAFES,83000.0,83000.0,
3292132,1188116000,carluccios,2020,Cheshire West and Chester,RETAIL_RESTAURANTS_AND_CAFES,83000.0,83000.0,
3292132,9610238000,carluccios,2020,Cheshire West and Chester,RETAIL_RESTAURANTS_AND_CAFES,83000.0,84000.0,
4131183,7089514000,poundworld,2018,North Devon,RETAIL_HIGH_STREET,42000.0,42000.0,
4131183,2006500000,poundworld,2018,North Devon,RETAIL_HIGH_STREET,42000.0,41750.0,
4131183,6960080000,poundworld,2018,North Devon,RETAIL_HIGH_STREET,42000.0,42250.0,
5859141,4182853000,arcadia,2020,Brighton and Hove,RETAIL_HIGH_STREET,13750.0,13750.0,
5859141,13198497000,arcadia,2020,Brighton and Hove,RETAIL_HIGH_STREET,13750.0,13750.0,
5859141,14301691000,arcadia,2020,Brighton and Hove,RETAIL_HIGH_STREET,13750.0,13750.0,
5935244,8566326000,wilko,2023,Leeds,RETAIL_HIGH_STREET,98500.0,98500.0,
5935244,374352244,wilko,2023,Leeds,RETAIL_HIGH_STREET,98500.0,99000.0,
5935244,10565615000,wilko,2023,Leeds,RETAIL_HIGH_STREET,98500.0,97500.0,
6757082,7233030000,ted baker,2024,Kensington and Chelsea,RETAIL_HIGH_STREET,580000.0,580000.0,
6757082,1081450000,ted baker,2024,Kensington and Chelsea,RETAIL_HIGH_STREET,580000.0,580000.0,
6757082,15024563000,ted baker,2024,Kensington and Chelsea,RETAIL_HIGH_STREET,580000.0,575000.0,
7177126,11886138000,thomas cook,2019,Preston,RETAIL_HIGH_STREET,131000.0,130000.0,
7177126,759681000,thomas cook,2019,Preston,RETAIL_HIGH_STREET,131000.0,129000.0,
7177126,187112126,thomas cook,2019,Preston,RETAIL_HIGH_STREET,131000.0,129000.0,
7345183,135298183,body shop,2024,North Devon,RETAIL_HIGH_STREET,61000.0,61000.0,
7345183,146310183,body shop,2024,North Devon,RETAIL_HIGH_STREET,61000.0,61000.0,
7345183,101534183,body shop,2024,North Devon,RETAIL_HIGH_STREET,61000.0,60750.0,
7350183,3238964000,thomas cook,2019,North Devon,RETAIL_HIGH_STREET,34000.0,34250.0,
7350183,321284182,thomas cook,2019,North Devon,RETAIL_HIGH_STREET,34000.0,33250.0,
7350183,14760793000,thomas cook,2019,North Devon,RETAIL_HIGH_STREET,34000.0,34750.0,
7391183,146305183,maplin,2018,North Devon,RETAIL_HIGH_STREET,47250.0,47250.0,
7391183,4190183,maplin,2018,North Devon,RETAIL_HIGH_STREET,47250.0,47000.0,
7391183,7380183,maplin,2018,North Devon,RETAIL_HIGH_STREET,47250.0,46500.0,
7427183,11464228000,maplin,2018,North Devon,RETAIL_HIGH_STREET,46500.0,46250.0,
7427183,14685044000,maplin,2018,North Devon,RETAIL_HIGH_STREET,46500.0,46000.0,
7427183,104735183,maplin,2018,North Devon,RETAIL_HIGH_STREET,46500.0,45000.0,
8067126,8605785000,wilko,2023,Preston,RETAIL_OTHER_SUPERSTORES_AND_WAREHOUSES,377500.0,377500.0,
8067126,12655825000,wilko,2023,Preston,RETAIL_OTHER_SUPERSTORES_AND_WAREHOUSES,377500.0,372500.0,
8067126,240691126,wilko,2023,Preston,RETAIL_OTHER_SUPERSTORES_AND_WAREHOUSES,377500.0,382500.0,
8371032,12865726000,thomas cook,2019,Lincoln,RETAIL_HIGH_STREET,42500.0,42500.0,
8371032,584856032,thomas cook,2019,Lincoln,RETAIL_HIGH_STREET,42500.0,42000.0,
8371032,8382032,thomas cook,2019,Lincoln,RETAIL_HIGH_STREET,42500.0,43000.0,
9018104,5781338000,thomas cook,2019,County Durham,RETAIL_HIGH_STREET,53000.0,53000.0,
9018104,276967104,thomas cook,2019,County Durham,RETAIL_HIGH_STREET,53000.0,52500.0,
9018104,135529104,thomas cook,2019,County Durham,RETAIL_HIGH_STREET,53000.0,52500.0,
9241032,151063032,debenhams,2020,Lincoln,INDUSTRIAL_GENERAL,19000.0,19000.0,
9241032,12669402000,debenhams,2020,Lincoln,INDUSTRIAL_GENERAL,19000.0,19000.0,
9241032,13495677000,debenhams,2020,Lincoln,INDUSTRIAL_GENERAL,19000.0,19000.0,
9754082,4470015000,carluccios,2020,Kensington and Chelsea,RETAIL_RESTAURANTS_AND_CAFES,73000.0,73000.0,
9754082,90225082,carluccios,2020,Kensington and Chelsea,RETAIL_RESTAURANTS_AND_CAFES,73000.0,73000.0,
9754082,27868082,carluccios,2020,Kensington and Chelsea,RETAIL_RESTAURANTS_AND_CAFES,73000.0,73000.0,
9783017,33114017,poundworld,2018,Watford,RETAIL_HIGH_STREET,8200.0,8200.0,
9783017,35265017,poundworld,2018,Watford,RETAIL_HIGH_STREET,8200.0,8200.0,
9783017,35266017,poundworld,2018,Watford,RETAIL_HIGH_STREET,8200.0,8200.0,
9794113,9050302000,paperchase,2023,Manchester,RETAIL_HIGH_STREET,83500.0,83500.0,
9794113,9794113,paperchase,2023,Manchester,RETAIL_HIGH_STREET,83500.0,83500.0,
9794113,2567674000,paperchase,2023,Manchester,RETAIL_HIGH_STREET,83500.0,83000.0,
9835113,4679584000,body shop,2024,Manchester,RETAIL_HIGH_STREET,129000.0,129000.0,
9835113,11938902000,body shop,2024,Manchester,RETAIL_HIGH_STREET,129000.0,128000.0,
9835113,524712000,body shop,2024,Manchester,RETAIL_HIGH_STREET,129000.0,128000.0,
10085152,3089890000,arcadia,2020,Surrey Heath,RETAIL_HIGH_STREET,87500.0,87500.0,
10085152,624452152,arcadia,2020,Surrey Heath,RETAIL_HIGH_STREET,87500.0,86000.0,
10085152,350240152,arcadia,2020,Surrey Heath,RETAIL_HIGH_STREET,87500.0,89500.0,
10301124,7876148000,paperchase,2023,Cumberland,RETAIL_HIGH_STREET,131000.0,129000.0,
10301124,102937124,paperchase,2023,Cumberland,RETAIL_HIGH_STREET,131000.0,134000.0,
10301124,8499558000,paperchase,2023,Cumberland,RETAIL_HIGH_STREET,131000.0,127000.0,
10422132,14776457000,bhs,2016,Cheshire West and Chester,RETAIL_OTHER_SUPERSTORES_AND_WAREHOUSES,1160000.0,1160000.0,
10422132,14180513000,bhs,2016,Cheshire West and Chester,RETAIL_OTHER_SUPERSTORES_AND_WAREHOUSES,1160000.0,1160000.0,
10422132,14776460000,bhs,2016,Cheshire West and Chester,RETAIL_OTHER_SUPERSTORES_AND_WAREHOUSES,1160000.0,1170000.0,
11853036,472663000,thomas cook,2019,Norwich,RETAIL_HIGH_STREET,97000.0,96500.0,
11853036,5723690000,thomas cook,2019,Norwich,RETAIL_HIGH_STREET,97000.0,96500.0,
11853036,6024323000,thomas cook,2019,Norwich,RETAIL_HIGH_STREET,97000.0,97500.0,
12008214,6505214,carluccios,2020,Gloucester,RETAIL_HIGH_STREET,4150.0,4150.0,
12008214,2750630000,carluccios,2020,Gloucester,RETAIL_HIGH_STREET,4150.0,4150.0,
12008214,223816214,carluccios,2020,Gloucester,RETAIL_HIGH_STREET,4150.0,4150.0,
12561104,11336982000,arcadia,2020,County Durham,RETAIL_HIGH_STREET,138000.0,139000.0,
12561104,135546104,arcadia,2020,County Durham,RETAIL_HIGH_STREET,138000.0,141000.0,
12561104,13944396000,arcadia,2020,County Durham,RETAIL_HIGH_STREET,138000.0,144000.0,
12575104,5781342000,body shop,2024,County Durham,RETAIL_HIGH_STREET,57500.0,57500.0,
12575104,276976104,body shop,2024,County Durham,RETAIL_HIGH_STREET,57500.0,57500.0,
12575104,272269000,body shop,2024,County Durham,RETAIL_HIGH_STREET,57500.0,57000.0,
13378017,10530567000,bhs,2016,Watford,RETAIL_HIGH_STREET,5800.0,5800.0,
13378017,6946495000,bhs,2016,Watford,RETAIL_HIGH_STREET,5800.0,5800.0,
13378017,34986017,bhs,2016,Watford,RETAIL_HIGH_STREET,5800.0,5800.0,
13584186,5911648000,thomas cook,2019,Somerset,RETAIL_HIGH_STREET,16000.0,16000.0,
13584186,59353186,thomas cook,2019,Somerset,RETAIL_HIGH_STREET,16000.0,16000.0,
13584186,3641189000,thomas cook,2019,Somerset,RETAIL_HIGH_STREET,16000.0,16000.0,
13695022,9183375000,arcadia,2020,Chelmsford,RETAIL_OTHER_SUPERSTORES_AND_WAREHOUSES,355000.0,350000.0,
13695022,12403799000,arcadia,2020,Chelmsford,RETAIL_OTHER_SUPERSTORES_AND_WAREHOUSES,355000.0,347500.0,
13695022,11369138000,arcadia,2020,Chelmsford,RETAIL_OTHER_SUPERSTORES_AND_WAREHOUSES,355000.0,342500.0,
13807022,10543754000,paperchase,2023,Chelmsford,RETAIL_HIGH_STREET,149000.0,148000.0,
13807022,11492217000,paperchase,2023,Chelmsford,RETAIL_HIGH_STREET,149000.0,147000.0,
13807022,190635022,paperchase,2023,Chelmsford,RETAIL_HIGH_STREET,149000.0,147000.0,
14528214,1268040000,arcadia,2020,Gloucester,RETAIL_HIGH_STREET,23750.0,23500.0,
14528214,18230214,arcadia,2020,Gloucester,RETAIL_HIGH_STREET,23750.0,23500.0,
14528214,325871214,arcadia,2020,Gloucester,RETAIL_HIGH_STREET,23750.0,23500.0,
14748036,874437000,paperchase,2023,Norwich,RETAIL_HIGH_STREET,85500.0,85500.0,
14748036,8926478000,paperchase,2023,Norwich,RETAIL_HIGH_STREET,85500.0,86000.0,
14748036,28162036,paperchase,2023,Norwich,RETAIL_HIGH_STREET,85500.0,84500.0,
14755036,67426036,cath kidston,2020,Norwich,RETAIL_HIGH_STREET,104000.0,104000.0,
14755036,7920095000,cath kidston,2020,Norwich,RETAIL_HIGH_STREET,104000.0,105000.0,
14755036,11826903000,cath kidston,2020,Norwich,RETAIL_HIGH_STREET,104000.0,105000.0,
14760036,52846036,body shop,2024,Norwich,RETAIL_HIGH_STREET,68500.0,68000.0,
14760036,6942817000,body shop,2024,Norwich,RETAIL_HIGH_STREET,68500.0,68000.0,
14760036,3329667000,body shop,2024,Norwich,RETAIL_HIGH_STREET,68500.0,67500.0,
14793216,567950216,thomas cook,2019,Swindon,RETAIL_HIGH_STREET,27750.0,27750.0,
14793216,4755378000,thomas cook,2019,Swindon,RETAIL_HIGH_STREET,27750.0,27750.0,
14793216,3747395000,thomas cook,2019,Swindon,RETAIL_HIGH_STREET,27750.0,27750.0,
15133108,164139108,poundworld,2018,York,RETAIL_HIGH_STREET,217000.0,216000.0,
15133108,1259337000,poundworld,2018,York,RETAIL_HIGH_STREET,217000.0,218000.0,
15133108,8240348000,poundworld,2018,York,RETAIL_HIGH_STREET,217000.0,218000.0,
15335108,9952588000,body shop,2024,York,RETAIL_HIGH_STREET,77500.0,77000.0,
15335108,1756767000,body shop,2024,York,RETAIL_HIGH_STREET,77500.0,78000.0,
15335108,9045943000,body shop,2024,York,RETAIL_HIGH_STREET,77500.0,78000.0,
15517172,92806000,maplin,2018,"Bournemouth, Christchurch and Poole",RETAIL_HIGH_STREET,66500.0,66250.0,
15517172,183938172,maplin,2018,"Bournemouth, Christchurch and Poole",RETAIL_HIGH_STREET,66500.0,66000.0,
15517172,8789709000,maplin,2018,"Bournemouth, Christchurch and Poole",RETAIL_HIGH_STREET,66500.0,66000.0,
15593172,180767172,arcadia,2020,"Bournemouth, Christchurch and Poole",LEISURE_AMUSEMENT_AND_ENTERTAINMENT_CENTRES,47750.0,45500.0,
15593172,5847156000,arcadia,2020,"Bournemouth, Christchurch and Poole",LEISURE_AMUSEMENT_AND_ENTERTAINMENT_CENTRES,47750.0,45000.0,
15593172,69986172,arcadia,2020,"Bournemouth, Christchurch and Poole",LEISURE_AMUSEMENT_AND_ENTERTAINMENT_CENTRES,47750.0,51000.0,
15594172,15599172,arcadia,2020,"Bournemouth, Christchurch and Poole",RETAIL_HIGH_STREET,177000.0,175000.0,
15594172,10203359000,arcadia,2020,"Bournemouth, Christchurch and Poole",RETAIL_HIGH_STREET,177000.0,175000.0,
15594172,184608172,arcadia,2020,"Bournemouth, Christchurch and Poole",RETAIL_HIGH_STREET,177000.0,173000.0,
15679058,8069516000,frankie&bennys,2020,Tower Hamlets,RETAIL_HIGH_STREET,12000.0,12000.0,
15679058,3841627000,frankie&bennys,2020,Tower Hamlets,RETAIL_HIGH_STREET,12000.0,12000.0,
15679058,113829058,frankie&bennys,2020,Tower Hamlets,RETAIL_HIGH_STREET,12000.0,12000.0,
15881072,15899072,thomas cook,2019,Bromley,RETAIL_HIGH_STREET,114000.0,114000.0,
15881072,11623415000,thomas cook,2019,Bromley,RETAIL_HIGH_STREET,114000.0,114000.0,
15881072,8805040000,thomas cook,2019,Bromley,RETAIL_HIGH_STREET,114000.0,113000.0,
16090072,8785702000,bhs,2016,Bromley,RETAIL_OTHER_SUPERSTORES_AND_WAREHOUSES,650000.0,630000.0,
16090072,1536575000,bhs,2016,Bromley,RETAIL_OTHER_SUPERSTORES_AND_WAREHOUSES,650000.0,615000.0,
16090072,908290000,bhs,2016,Bromley,RETAIL_OTHER_SUPERSTORES_AND_WAREHOUSES,650000.0,615000.0,
16094072,11623447000,paperchase,2023,Bromley,RETAIL_HIGH_STREET,76500.0,76000.0,
16094072,8806775000,paperchase,2023,Bromley,RETAIL_HIGH_STREET,76500.0,77000.0,
16094072,16109072,paperchase,2023,Bromley,RETAIL_HIGH_STREET,76500.0,77000.0,
16101072,11627002000,mothercare,2019,Bromley,RETAIL_HIGH_STREET,345000.0,355000.0,
16101072,10631735000,mothercare,2019,Bromley,RETAIL_HIGH_STREET,345000.0,330000.0,
16101072,8806834000,mothercare,2019,Bromley,RETAIL_HIGH_STREET,345000.0,322500.0,
16148072,743926072,maplin,2018,Bromley,RETAIL_HIGH_STREET,72000.0,72000.0,
16148072,7411882000,maplin,2018,Bromley,RETAIL_HIGH_STREET,72000.0,72000.0,
16148072,11616888000,maplin,2018,Bromley,RETAIL_HIGH_STREET,72000.0,72000.0,
16332012,7011075000,debenhams,2020,Cambridge,RETAIL_OTHER_SUPERSTORES_AND_WAREHOUSES,835000.0,845000.0,
16332012,3993129000,debenhams,2020,Cambridge,RETAIL_OTHER_SUPERSTORES_AND_WAREHOUSES,835000.0,810000.0,
16332012,13473189000,debenhams,2020,Cambridge,RETAIL_OTHER_SUPERSTORES_AND_WAREHOUSES,835000.0,860000.0,
16576152,6735457000,body shop,2024,Surrey Heath,RETAIL_HIGH_STREET,36000.0,36000.0,
16576152,2838474000,body shop,2024,Surrey Heath,RETAIL_HIGH_STREET,36000.0,35750.0,
16576152,332469152,body shop,2024,Surrey Heath,RETAIL_HIGH_STREET,36000.0,35750.0,
16840108,759178000,debenhams,2020,York,RETAIL_OTHER_SUPERSTORES_AND_WAREHOUSES,440000.0,435000.0,
16840108,12485720000,debenhams,2020,York,RETAIL_OTHER_SUPERSTORES_AND_WAREHOUSES,440000.0,435000.0,
16840108,15064158000,debenhams,2020,York,RETAIL_OTHER_SUPERSTORES_AND_WAREHOUSES,440000.0,445000.0,
17238023,5073960000,thomas cook,2019,Colchester,RETAIL_HIGH_STREET,25500.0,25500.0,
17238023,190445023,thomas cook,2019,Colchester,RETAIL_HIGH_STREET,25500.0,25250.0,
17238023,200219023,thomas cook,2019,Colchester,RETAIL_HIGH_STREET,25500.0,25750.0,
17303023,14150523000,byron,2020,Colchester,RETAIL_HIGH_STREET,61500.0,61000.0,
17303023,34658023,byron,2020,Colchester,RETAIL_HIGH_STREET,61500.0,63000.0,
17303023,541726000,byron,2020,Colchester,RETAIL_HIGH_STREET,61500.0,63500.0,
17346023,2893457000,cafe rouge,2020,Colchester,RETAIL_RESTAURANTS_AND_CAFES,48750.0,49750.0,
17346023,14924261000,cafe rouge,2020,Colchester,RETAIL_RESTAURANTS_AND_CAFES,48750.0,47250.0,
17346023,191702023,cafe rouge,2020,Colchester,RETAIL_RESTAURANTS_AND_CAFES,48750.0,50500.0,
17414037,14588537000,body shop,2024,Nottingham,RETAIL_HIGH_STREET,87000.0,87000.0,
17414037,326232037,body shop,2024,Nottingham,RETAIL_HIGH_STREET,87000.0,86500.0,
17414037,9337902000,body shop,2024,Nottingham,RETAIL_HIGH_STREET,87000.0,86500.0,
17535178,57991178,body shop,2024,Isle of Wight,RETAIL_HIGH_STREET,27500.0,27500.0,
17535178,8788875000,body shop,2024,Isle of Wight,RETAIL_HIGH_STREET,27500.0,27500.0,
17535178,10735887000,body shop,2024,Isle of Wight,RETAIL_HIGH_STREET,27500.0,27500.0,
18915044,13945344000,body shop,2024,Leicester,INDUSTRIAL_LIGHT,10500.0,10500.0,
18915044,9982308000,body shop,2024,Leicester,INDUSTRIAL_LIGHT,10500.0,10500.0,
18915044,14324938000,body shop,2024,Leicester,INDUSTRIAL_LIGHT,10500.0,10250.0,
19400212,335239212,thomas cook,2019,"Bristol, City of",RETAIL_HIGH_STREET,133000.0,133000.0,
19400212,6394409000,thomas cook,2019,"Bristol, City of",RETAIL_HIGH_STREET,133000.0,133000.0,
19400212,14996713000,thomas cook,2019,"Bristol, City of",RETAIL_HIGH_STREET,133000.0,133000.0,
19587094,14169667000,arcadia,2020,Sunderland,RETAIL_HIGH_STREET,31750.0,31500.0,
19587094,276924094,arcadia,2020,Sunderland,RETAIL_HIGH_STREET,31750.0,32000.0,
19587094,19561094,arcadia,2020,Sunderland,RETAIL_HIGH_STREET,31750.0,32000.0,
19603141,8783009000,frankie&bennys,2020,Brighton and Hove,RETAIL_HIGH_STREET,5500.0,5500.0,
19603141,103611141,frankie&bennys,2020,Brighton and Hove,RETAIL_HIGH_STREET,5500.0,5500.0,
19603141,103645141,frankie&bennys,2020,Brighton and Hove,RETAIL_HIGH_STREET,5500.0,5500.0,
20085162,31828162,arcadia,2020,Milton Keynes,RETAIL_HIGH_STREET,27000.0,27000.0,
20085162,502304162,arcadia,2020,Milton Keynes,RETAIL_HIGH_STREET,27000.0,27000.0,
20085162,10160186000,arcadia,2020,Milton Keynes,RETAIL_HIGH_STREET,27000.0,27000.0,
21155023,10808023,body shop,2024,Colchester,RETAIL_HIGH_STREET,80500.0,80000.0,
21155023,4427937000,body shop,2024,Colchester,RETAIL_HIGH_STREET,80500.0,81500.0,
21155023,3220750000,body shop,2024,Colchester,RETAIL_HIGH_STREET,80500.0,79000.0,
21354022,19231022,thomas cook,2019,Chelmsford,RETAIL_HIGH_STREET,30500.0,30500.0,
21354022,913573022,thomas cook,2019,Chelmsford,RETAIL_HIGH_STREET,30500.0,30500.0,
21354022,14861661000,thomas cook,2019,Chelmsford,RETAIL_HIGH_STREET,30500.0,30500.0,
21416072,21416072,arcadia,2020,Bromley,RETAIL_HIGH_STREET,84000.0,84000.0,
21416072,8805074000,arcadia,2020,Bromley,RETAIL_HIGH_STREET,84000.0,84000.0,
21416072,8814348000,arcadia,2020,Bromley,RETAIL_HIGH_STREET,84000.0,83500.0,
22248082,309495000,byron,2020,Kensington and Chelsea,RETAIL_RESTAURANTS_AND_CAFES,57500.0,57500.0,
22248082,32758082,byron,2020,Kensington and Chelsea,RETAIL_RESTAURANTS_AND_CAFES,57500.0,57500.0,
22248082,6723748000,byron,2020,Kensington and Chelsea,RETAIL_RESTAURANTS_AND_CAFES,57500.0,57500.0,
22804212,3767739000,thomas cook,2019,"Bristol, City of",RETAIL_HIGH_STREET,9500.0,9500.0,
22804212,10505316000,thomas cook,2019,"Bristol, City of",RETAIL_HIGH_STREET,9500.0,9500.0,
22804212,118554212,thomas cook,2019,"Bristol, City of",RETAIL_HIGH_STREET,9500.0,9500.0,
23803176,10496771000,maplin,2018,Southampton,RETAIL_HIGH_STREET,109000.0,109000.0,
23803176,9681160000,maplin,2018,Southampton,RETAIL_HIGH_STREET,109000.0,106000.0,
23803176,1541707000,maplin,2018,Southampton,RETAIL_HIGH_STREET,109000.0,115000.0,
25568011,13526011,thomas cook,2019,Bedford,RETAIL_HIGH_STREET,53000.0,53000.0,
25568011,5322653000,thomas cook,2019,Bedford,RETAIL_HIGH_STREET,53000.0,53000.0,
25568011,4829665000,thomas cook,2019,Bedford,RETAIL_HIGH_STREET,53000.0,53000.0,
25573012,111720012,paperchase,2023,Cambridge,RETAIL_HIGH_STREET,115000.0,115000.0,
25573012,387225012,paperchase,2023,Cambridge,RETAIL_HIGH_STREET,115000.0,115000.0,
25573012,25567012,paperchase,2023,Cambridge,RETAIL_HIGH_STREET,115000.0,115000.0,
25889173,12471642000,prezzo,2018,Dorset,RETAIL_RESTAURANTS_AND_CAFES,27750.0,27750.0,
25889173,110033173,prezzo,2018,Dorset,RETAIL_RESTAURANTS_AND_CAFES,27750.0,27950.0,
25889173,82731173,prezzo,2018,Dorset,RETAIL_RESTAURANTS_AND_CAFES,27750.0,27500.0,
26059108,165661108,byron,2020,York,RETAIL_RESTAURANTS_AND_CAFES,109000.0,109000.0,
26059108,39470108,byron,2020,York,RETAIL_RESTAURANTS_AND_CAFES,109000.0,109000.0,
26059108,10680132000,byron,2020,York,RETAIL_RESTAURANTS_AND_CAFES,109000.0,108000.0,
27222125,857822000,thomas cook,2019,Blackpool,RETAIL_HIGH_STREET,8800.0,8800.0,
27222125,197352125,thomas cook,2019,Blackpool,RETAIL_HIGH_STREET,8800.0,8800.0,
27222125,274336125,thomas cook,2019,Blackpool,RETAIL_HIGH_STREET,8800.0,8800.0,
27508045,66979045,maplin,2018,West Northamptonshire,RETAIL_FINANCIAL_AND_PROFESSIONAL_SERVICES,16500.0,16250.0,
27508045,67151045,maplin,2018,West Northamptonshire,RETAIL_FINANCIAL_AND_PROFESSIONAL_SERVICES,16500.0,16750.0,
27508045,169443045,maplin,2018,West Northamptonshire,RETAIL_FINANCIAL_AND_PROFESSIONAL_SERVICES,16500.0,16750.0,
29510082,59956082,byron,2020,Kensington and Chelsea,RETAIL_RESTAURANTS_AND_CAFES,52000.0,51500.0,
29510082,56056082,byron,2020,Kensington and Chelsea,RETAIL_RESTAURANTS_AND_CAFES,52000.0,51500.0,
29510082,31334082,byron,2020,Kensington and Chelsea,RETAIL_RESTAURANTS_AND_CAFES,52000.0,51500.0,
30541016,9581976000,arcadia,2020,Peterborough,RETAIL_OTHER_SUPERSTORES_AND_WAREHOUSES,900000.0,925000.0,
30541016,14794066000,arcadia,2020,Peterborough,RETAIL_OTHER_SUPERSTORES_AND_WAREHOUSES,900000.0,845000.0,
30541016,30553016,arcadia,2020,Peterborough,RETAIL_OTHER_SUPERSTORES_AND_WAREHOUSES,900000.0,820000.0,
31093162,1755523000,paperchase,2023,Milton Keynes,RETAIL_HIGH_STREET,120000.0,120000.0,
31093162,7075082000,paperchase,2023,Milton Keynes,RETAIL_HIGH_STREET,120000.0,120000.0,
31093162,1608373000,paperchase,2023,Milton Keynes,RETAIL_HIGH_STREET,120000.0,119000.0,
31111162,11850560000,body shop,2024,Milton Keynes,RETAIL_HIGH_STREET,151000.0,151000.0,
31111162,11868676000,body shop,2024,Milton Keynes,RETAIL_HIGH_STREET,151000.0,150000.0,
31111162,1754790000,body shop,2024,Milton Keynes,RETAIL_HIGH_STREET,151000.0,150000.0,
31114105,8850485000,arcadia,2020,North Yorkshire,RETAIL_OTHER_SUPERSTORES_AND_WAREHOUSES,505000.0,515000.0,
31114105,2533875000,arcadia,2020,North Yorkshire,RETAIL_OTHER_SUPERSTORES_AND_WAREHOUSES,505000.0,520000.0,
31114105,7074573000,arcadia,2020,North Yorkshire,RETAIL_OTHER_SUPERSTORES_AND_WAREHOUSES,505000.0,520000.0,
31139162,5013420000,arcadia,2020,Milton Keynes,RETAIL_HIGH_STREET,277500.0,275000.0,
31139162,211751162,arcadia,2020,Milton Keynes,RETAIL_HIGH_STREET,277500.0,282500.0,
31139162,31781162,arcadia,2020,Milton Keynes,RETAIL_HIGH_STREET,277500.0,285000.0,
31146012,6073951000,body shop,2024,Cambridge,RETAIL_HIGH_STREET,131000.0,131000.0,
31146012,6073684000,body shop,2024,Cambridge,RETAIL_HIGH_STREET,131000.0,132000.0,
31146012,4768669000,body shop,2024,Cambridge,RETAIL_HIGH_STREET,131000.0,132000.0,
31271023,3337922000,homebase,2024,Colchester,RETAIL_OTHER_SUPERSTORES_AND_WAREHOUSES,360000.0,360000.0,
31271023,9884785000,homebase,2024,Colchester,RETAIL_OTHER_SUPERSTORES_AND_WAREHOUSES,360000.0,360000.0,
31271023,1242536023,homebase,2024,Colchester,RETAIL_OTHER_SUPERSTORES_AND_WAREHOUSES,360000.0,357500.0,
31909108,164024108,strada,2018,York,RETAIL_RESTAURANTS_AND_CAFES,62000.0,61950.0,
31909108,191356108,strada,2018,York,RETAIL_RESTAURANTS_AND_CAFES,62000.0,61900.0,
31909108,14536823000,strada,2018,York,RETAIL_RESTAURANTS_AND_CAFES,62000.0,62500.0,
34092036,34092036,arcadia,2020,Norwich,RETAIL_OTHER_SUPERSTORES_AND_WAREHOUSES,650000.0,650000.0,
34092036,3142004000,arcadia,2020,Norwich,RETAIL_OTHER_SUPERSTORES_AND_WAREHOUSES,650000.0,670000.0,
34092036,14039621000,arcadia,2020,Norwich,RETAIL_OTHER_SUPERSTORES_AND_WAREHOUSES,650000.0,720000.0,
34643023,15016150000,thomas cook,2019,Colchester,RETAIL_HIGH_STREET,62500.0,63500.0,
34643023,13888627000,thomas cook,2019,Colchester,RETAIL_HIGH_STREET,62500.0,64500.0,
34643023,570391000,thomas cook,2019,Colchester,RETAIL_HIGH_STREET,62500.0,65500.0,
34817045,35643045,toys r us,2018,West Northamptonshire,RETAIL_HIGH_STREET,7400.0,7400.0,
34817045,13231698000,toys r us,2018,West Northamptonshire,RETAIL_HIGH_STREET,7400.0,7400.0,
34817045,204221045,toys r us,2018,West Northamptonshire,RETAIL_HIGH_STREET,7400.0,7400.0,
34838144,9265173000,bhs,2016,Eastbourne,RETAIL_OTHER_SUPERSTORES_AND_WAREHOUSES,505000.0,505000.0,
34838144,45203144,bhs,2016,Eastbourne,RETAIL_OTHER_SUPERSTORES_AND_WAREHOUSES,505000.0,515000.0,
34838144,69732144,bhs,2016,Eastbourne,RETAIL_OTHER_SUPERSTORES_AND_WAREHOUSES,505000.0,540000.0,
34843144,11791529000,arcadia,2020,Eastbourne,RETAIL_HIGH_STREET,76500.0,76000.0,
34843144,1596443000,arcadia,2020,Eastbourne,RETAIL_HIGH_STREET,76500.0,76000.0,
34843144,69713144,arcadia,2020,Eastbourne,RETAIL_HIGH_STREET,76500.0,76000.0,
35602012,22791012,thomas cook,2019,Cambridge,RETAIL_HIGH_STREET,58000.0,58000.0,
35602012,1568494000,thomas cook,2019,Cambridge,RETAIL_HIGH_STREET,58000.0,57500.0,
35602012,2698612000,thomas cook,2019,Cambridge,RETAIL_HIGH_STREET,58000.0,57500.0,
35631042,10142042,thomas cook,2019,Derby,RETAIL_HIGH_STREET,38750.0,38750.0,
35631042,14506231000,thomas cook,2019,Derby,RETAIL_HIGH_STREET,38750.0,38250.0,
35631042,12311328000,thomas cook,2019,Derby,RETAIL_HIGH_STREET,38750.0,38250.0,
36425186,36425186,arcadia,2020,Somerset,RETAIL_FINANCIAL_AND_PROFESSIONAL_SERVICES,7500.0,7500.0,
36425186,176899186,arcadia,2020,Somerset,RETAIL_FINANCIAL_AND_PROFESSIONAL_SERVICES,7500.0,7400.0,
36425186,6777419000,arcadia,2020,Somerset,RETAIL_FINANCIAL_AND_PROFESSIONAL_SERVICES,7500.0,7400.0,
36673216,9354634000,body shop,2024,Swindon,RETAIL_HIGH_STREET,115000.0,115000.0,
36673216,13266047000,body shop,2024,Swindon,RETAIL_HIGH_STREET,115000.0,115000.0,
36673216,22710216,body shop,2024,Swindon,RETAIL_HIGH_STREET,115000.0,114000.0,
37611144,171230144,body shop,2024,Eastbourne,INDUSTRIAL_LIGHT,28250.0,28000.0,
37611144,3908150000,body shop,2024,Eastbourne,INDUSTRIAL_LIGHT,28250.0,29750.0,
37611144,5738691000,body shop,2024,Eastbourne,INDUSTRIAL_LIGHT,28250.0,25750.0,
38461082,7545082,byron,2020,Kensington and Chelsea,RETAIL_RESTAURANTS_AND_CAFES,179000.0,180000.0,
38461082,14292675000,byron,2020,Kensington and Chelsea,RETAIL_RESTAURANTS_AND_CAFES,179000.0,180000.0,
38461082,10228088000,byron,2020,Kensington and Chelsea,RETAIL_RESTAURANTS_AND_CAFES,179000.0,180000.0,
38630082,4932633000,prezzo,2018,Kensington and Chelsea,RETAIL_RESTAURANTS_AND_CAFES,50000.0,50000.0,
38630082,284360082,prezzo,2018,Kensington and Chelsea,RETAIL_RESTAURANTS_AND_CAFES,50000.0,50000.0,
38630082,76571082,prezzo,2018,Kensington and Chelsea,RETAIL_RESTAURANTS_AND_CAFES,50000.0,50000.0,
39047012,3682652000,strada,2018,Cambridge,RETAIL_RESTAURANTS_AND_CAFES,85500.0,88000.0,
39047012,112212012,strada,2018,Cambridge,RETAIL_RESTAURANTS_AND_CAFES,85500.0,82000.0,
39047012,14617097000,strada,2018,Cambridge,RETAIL_RESTAURANTS_AND_CAFES,85500.0,82000.0,
39541016,178652016,maplin,2018,Peterborough,RETAIL_HIGH_STREET,74000.0,73000.0,
39541016,459899012,maplin,2018,Peterborough,RETAIL_HIGH_STREET,74000.0,72500.0,
39541016,23179016,maplin,2018,Peterborough,RETAIL_HIGH_STREET,74000.0,75500.0,
40046222,58452222,thomas cook,2019,Coventry,RETAIL_HIGH_STREET,6500.0,6500.0,
40046222,12763222,thomas cook,2019,Coventry,RETAIL_HIGH_STREET,6500.0,6500.0,
40046222,14335100000,thomas cook,2019,Coventry,RETAIL_HIGH_STREET,6500.0,6500.0,
40209141,3889074000,thomas cook,2019,Brighton and Hove,RETAIL_HIGH_STREET,70500.0,70500.0,
40209141,40289141,thomas cook,2019,Brighton and Hove,RETAIL_HIGH_STREET,70500.0,70500.0,
40209141,18884141,thomas cook,2019,Brighton and Hove,RETAIL_HIGH_STREET,70500.0,70000.0,
43026172,183900172,thomas cook,2019,"Bournemouth, Christchurch and Poole",RETAIL_HIGH_STREET,102500.0,102000.0,
43026172,8640339000,thomas cook,2019,"Bournemouth, Christchurch and Poole",RETAIL_HIGH_STREET,102500.0,102000.0,
43026172,184542172,thomas cook,2019,"Bournemouth, Christchurch and Poole",RETAIL_HIGH_STREET,102500.0,103000.0,
43028144,8334220000,arcadia,2020,Eastbourne,RETAIL_HIGH_STREET,5500.0,5500.0,
43028144,14651646000,arcadia,2020,Eastbourne,RETAIL_HIGH_STREET,5500.0,5500.0,
43028144,60605144,arcadia,2020,Eastbourne,RETAIL_HIGH_STREET,5500.0,5500.0,
43190036,8769631000,thomas cook,2019,Norwich,RETAIL_HIGH_STREET,77500.0,77000.0,
43190036,4355403000,thomas cook,2019,Norwich,RETAIL_HIGH_STREET,77500.0,77000.0,
43190036,34105036,thomas cook,2019,Norwich,RETAIL_HIGH_STREET,77500.0,76500.0,
43952113,13868743000,thomas cook,2019,Manchester,RETAIL_HIGH_STREET,16250.0,16250.0,
43952113,10070705000,thomas cook,2019,Manchester,RETAIL_HIGH_STREET,16250.0,16250.0,
43952113,280624113,thomas cook,2019,Manchester,RETAIL_HIGH_STREET,16250.0,16250.0,
44450125,2228146000,arcadia,2020,Blackpool,RETAIL_HIGH_STREET,5100.0,5100.0,
44450125,2654385000,arcadia,2020,Blackpool,RETAIL_HIGH_STREET,5100.0,5100.0,
44450125,1800013000,arcadia,2020,Blackpool,RETAIL_HIGH_STREET,5100.0,5100.0,
45623045,10818617000,arcadia,2020,West Northamptonshire,INDUSTRIAL_GENERAL,76500.0,76500.0,
45623045,7165840000,arcadia,2020,West Northamptonshire,INDUSTRIAL_GENERAL,76500.0,76500.0,
45623045,45623045,arcadia,2020,West Northamptonshire,INDUSTRIAL_GENERAL,76500.0,76500.0,
45694108,9086215000,arcadia,2020,York,RETAIL_OTHER_SUPERSTORES_AND_WAREHOUSES,700000.0,690000.0,
45694108,5263944000,arcadia,2020,York,RETAIL_OTHER_SUPERSTORES_AND_WAREHOUSES,700000.0,720000.0,
45694108,45693108,arcadia,2020,York,RETAIL_OTHER_SUPERSTORES_AND_WAREHOUSES,700000.0,670000.0,
46958108,47003108,body shop,2024,York,RETAIL_HIGH_STREET,62000.0,62000.0,
46958108,5180668000,body shop,2024,York,RETAIL_HIGH_STREET,62000.0,62000.0,
46958108,15336108,body shop,2024,York,RETAIL_HIGH_STREET,62000.0,61500.0,
47050105,11050750000,debenhams,2020,North Yorkshire,RETAIL_OTHER_SUPERSTORES_AND_WAREHOUSES,292500.0,292500.0,
47050105,137201105,debenhams,2020,North Yorkshire,RETAIL_OTHER_SUPERSTORES_AND_WAREHOUSES,292500.0,287500.0,
47050105,171422108,debenhams,2020,North Yorkshire,RETAIL_OTHER_SUPERSTORES_AND_WAREHOUSES,292500.0,285000.0,
47489000,10264235000,mothercare,2019,Cheshire West and Chester,RETAIL_OTHER_SUPERSTORES_AND_WAREHOUSES,360000.0,357500.0,
47489000,32565132,mothercare,2019,Cheshire West and Chester,RETAIL_OTHER_SUPERSTORES_AND_WAREHOUSES,360000.0,362500.0,
47489000,222464132,mothercare,2019,Cheshire West and Chester,RETAIL_OTHER_SUPERSTORES_AND_WAREHOUSES,360000.0,362500.0,
49656000,181556148,wilko,2023,Maidstone,RETAIL_OTHER_SUPERSTORES_AND_WAREHOUSES,237000.0,233000.0,
49656000,12365409000,wilko,2023,Maidstone,RETAIL_OTHER_SUPERSTORES_AND_WAREHOUSES,237000.0,230000.0,
49656000,7593454000,wilko,2023,Maidstone,RETAIL_OTHER_SUPERSTORES_AND_WAREHOUSES,237000.0,247000.0,
49982132,25206132,frankie&bennys,2020,Cheshire West and Chester,RETAIL_HIGH_STREET,15000.0,15000.0,
49982132,235369133,frankie&bennys,2020,Cheshire West and Chester,RETAIL_HIGH_STREET,15000.0,15000.0,
49982132,12610537000,frankie&bennys,2020,Cheshire West and Chester,RETAIL_HIGH_STREET,15000.0,15000.0,
50992045,3948610000,body shop,2024,West Northamptonshire,RETAIL_HIGH_STREET,35000.0,34750.0,
50992045,67772045,body shop,2024,West Northamptonshire,RETAIL_HIGH_STREET,35000.0,34750.0,
50992045,51003045,body shop,2024,West Northamptonshire,RETAIL_HIGH_STREET,35000.0,35250.0,
51664082,89397082,bella italia,2020,Kensington and Chelsea,RETAIL_RESTAURANTS_AND_CAFES,69500.0,69500.0,
51664082,33683082,bella italia,2020,Kensington and Chelsea,RETAIL_RESTAURANTS_AND_CAFES,69500.0,70000.0,
51664082,3261643000,bella italia,2020,Kensington and Chelsea,RETAIL_RESTAURANTS_AND_CAFES,69500.0,70000.0,
51960148,394779148,arcadia,2020,Maidstone,OTHER_PUBLIC,10750.0,10750.0,
51960148,8915272000,arcadia,2020,Maidstone,OTHER_PUBLIC,10750.0,10750.0,
51960148,12680206000,arcadia,2020,Maidstone,OTHER_PUBLIC,10750.0,10750.0,
52413148,4167777000,mothercare,2019,Maidstone,RETAIL_HIGH_STREET,217000.0,217000.0,
52413148,4326697000,mothercare,2019,Maidstone,RETAIL_HIGH_STREET,217000.0,212000.0,
52413148,4287264000,mothercare,2019,Maidstone,RETAIL_HIGH_STREET,217000.0,203000.0,
52474148,52446148,arcadia,2020,Maidstone,RETAIL_HIGH_STREET,201000.0,201000.0,
52474148,2614001000,arcadia,2020,Maidstone,RETAIL_HIGH_STREET,201000.0,196000.0,
52474148,181419148,arcadia,2020,Maidstone,RETAIL_HIGH_STREET,201000.0,196000.0,
52641013,52689013,paperchase,2023,North Hertfordshire,RETAIL_HIGH_STREET,107000.0,107000.0,
52641013,199098013,paperchase,2023,North Hertfordshire,RETAIL_HIGH_STREET,107000.0,104000.0,
52641013,9032285000,paperchase,2023,North Hertfordshire,RETAIL_HIGH_STREET,107000.0,100000.0,
52846036,20794036,debenhams,2020,Norwich,RETAIL_HIGH_STREET,68000.0,66500.0,
52846036,11856036,debenhams,2020,Norwich,RETAIL_HIGH_STREET,68000.0,69500.0,
52846036,67397036,debenhams,2020,Norwich,RETAIL_HIGH_STREET,68000.0,66000.0,
53633046,4615099000,thomas cook,2019,Charnwood,RETAIL_HIGH_STREET,9900.0,9900.0,
53633046,2924212000,thomas cook,2019,Charnwood,RETAIL_HIGH_STREET,9900.0,9900.0,
53633046,113324046,thomas cook,2019,Charnwood,RETAIL_HIGH_STREET,9900.0,9900.0,
54335022,4520022,thomas cook,2019,Chelmsford,RETAIL_HIGH_STREET,11000.0,11000.0,
54335022,883955022,thomas cook,2019,Chelmsford,RETAIL_HIGH_STREET,11000.0,11000.0,
54335022,12245623000,thomas cook,2019,Chelmsford,RETAIL_HIGH_STREET,11000.0,11000.0,
54720000,215149011,wilko,2023,Central Bedfordshire,RETAIL_OTHER_SUPERSTORES_AND_WAREHOUSES,153000.0,153000.0,
54720000,14974558000,wilko,2023,Central Bedfordshire,RETAIL_OTHER_SUPERSTORES_AND_WAREHOUSES,153000.0,150000.0,
54720000,8813106000,wilko,2023,Central Bedfordshire,RETAIL_OTHER_SUPERSTORES_AND_WAREHOUSES,153000.0,156000.0,
55794176,82196176,wilko,2023,Southampton,RETAIL_OTHER_SUPERSTORES_AND_WAREHOUSES,136000.0,132000.0,
55794176,8984176,wilko,2023,Southampton,RETAIL_OTHER_SUPERSTORES_AND_WAREHOUSES,136000.0,128000.0,
55794176,3935096000,wilko,2023,Southampton,RETAIL_OTHER_SUPERSTORES_AND_WAREHOUSES,136000.0,145000.0,
55817184,5096369000,arcadia,2020,Plymouth,RETAIL_HIGH_STREET,148000.0,147000.0,
55817184,5798840000,arcadia,2020,Plymouth,RETAIL_HIGH_STREET,148000.0,146000.0,
55817184,55821184,arcadia,2020,Plymouth,RETAIL_HIGH_STREET,148000.0,150000.0,
55822184,6354035000,arcadia,2020,Plymouth,RETAIL_HIGH_STREET,136000.0,136000.0,
55822184,5096339000,arcadia,2020,Plymouth,RETAIL_HIGH_STREET,136000.0,137000.0,
55822184,5098225000,arcadia,2020,Plymouth,RETAIL_HIGH_STREET,136000.0,134000.0,
55832184,10898440000,poundworld,2018,Plymouth,RETAIL_HIGH_STREET,198000.0,188000.0,
55832184,55854184,poundworld,2018,Plymouth,RETAIL_HIGH_STREET,198000.0,187000.0,
55832184,14126969000,poundworld,2018,Plymouth,RETAIL_HIGH_STREET,198000.0,209000.0,
57344178,63724178,arcadia,2020,Isle of Wight,RETAIL_HIGH_STREET,9800.0,9800.0,
57344178,47306178,arcadia,2020,Isle of Wight,RETAIL_HIGH_STREET,9800.0,9800.0,
57344178,20782178,arcadia,2020,Isle of Wight,RETAIL_HIGH_STREET,9800.0,9800.0,
58729044,546386000,poundworld,2018,Leicester,RETAIL_OTHER_SUPERSTORES_AND_WAREHOUSES,144000.0,145000.0,
58729044,1738353000,poundworld,2018,Leicester,RETAIL_OTHER_SUPERSTORES_AND_WAREHOUSES,144000.0,141000.0,
58729044,3451424000,poundworld,2018,Leicester,RETAIL_OTHER_SUPERSTORES_AND_WAREHOUSES,144000.0,140000.0,
58865036,6566609000,arcadia,2020,Norwich,RETAIL_HIGH_STREET,49250.0,49000.0,
58865036,3134927000,arcadia,2020,Norwich,RETAIL_HIGH_STREET,49250.0,49500.0,
58865036,608484036,arcadia,2020,Norwich,RETAIL_HIGH_STREET,49250.0,48750.0,
59952082,37424082,cath kidston,2020,Kensington and Chelsea,RETAIL_HIGH_STREET,48250.0,48250.0,
59952082,45002082,cath kidston,2020,Kensington and Chelsea,RETAIL_HIGH_STREET,48250.0,48250.0,
59952082,60068082,cath kidston,2020,Kensington and Chelsea,RETAIL_HIGH_STREET,48250.0,48250.0,
60153176,1004546000,debenhams,2020,Southampton,RETAIL_OTHER_SUPERSTORES_AND_WAREHOUSES,315000.0,317500.0,
60153176,13033358000,debenhams,2020,Southampton,RETAIL_OTHER_SUPERSTORES_AND_WAREHOUSES,315000.0,320000.0,
60153176,563807176,debenhams,2020,Southampton,RETAIL_OTHER_SUPERSTORES_AND_WAREHOUSES,315000.0,322500.0,
62430045,461183045,debenhams,2020,West Northamptonshire,RETAIL_OTHER_SUPERSTORES_AND_WAREHOUSES,300000.0,300000.0,
62430045,4911203000,debenhams,2020,West Northamptonshire,RETAIL_OTHER_SUPERSTORES_AND_WAREHOUSES,300000.0,302500.0,
62430045,13704009000,debenhams,2020,West Northamptonshire,RETAIL_OTHER_SUPERSTORES_AND_WAREHOUSES,300000.0,302500.0,
65086239,14465257000,thomas cook,2019,Dudley,OFFICE_GENERAL,4150.0,4150.0,
65086239,200991239,thomas cook,2019,Dudley,OFFICE_GENERAL,4150.0,4150.0,
65086239,12653541000,thomas cook,2019,Dudley,OFFICE_GENERAL,4150.0,4150.0,
65235171,10835527000,arcadia,2020,Basingstoke and Deane,OFFICE_GENERAL,14750.0,14750.0,
65235171,11701703000,arcadia,2020,Basingstoke and Deane,OFFICE_GENERAL,14750.0,14750.0,
65235171,7723732000,arcadia,2020,Basingstoke and Deane,OFFICE_GENERAL,14750.0,14750.0,
67011045,8658772000,toys r us,2018,West Northamptonshire,RETAIL_HIGH_STREET,9500.0,9500.0,
67011045,207677045,toys r us,2018,West Northamptonshire,RETAIL_HIGH_STREET,9500.0,9500.0,
67011045,66336045,toys r us,2018,West Northamptonshire,RETAIL_HIGH_STREET,9500.0,9500.0,
67157045,11172866000,mothercare,2019,West Northamptonshire,RETAIL_HIGH_STREET,8100.0,8100.0,
67157045,70260045,mothercare,2019,West Northamptonshire,RETAIL_HIGH_STREET,8100.0,8100.0,
67157045,52638045,mothercare,2019,West Northamptonshire,RETAIL_HIGH_STREET,8100.0,8100.0,
67793045,9662173000,thomas cook,2019,West Northamptonshire,RETAIL_HIGH_STREET,42500.0,42500.0,
67793045,9645021000,thomas cook,2019,West Northamptonshire,RETAIL_HIGH_STREET,42500.0,42250.0,
67793045,10107868000,thomas cook,2019,West Northamptonshire,RETAIL_HIGH_STREET,42500.0,42250.0,
68090045,5429341000,debenhams,2020,West Northamptonshire,OTHER_PUBLIC,11500.0,11500.0,
68090045,3613227000,debenhams,2020,West Northamptonshire,OTHER_PUBLIC,11500.0,11500.0,
68090045,235803045,debenhams,2020,West Northamptonshire,OTHER_PUBLIC,11500.0,11500.0,
68093045,5671934000,debenhams,2020,West Northamptonshire,RETAIL_HIGH_STREET,2850.0,2850.0,
68093045,9112843000,debenhams,2020,West Northamptonshire,RETAIL_HIGH_STREET,2850.0,2850.0,
68093045,3919541000,debenhams,2020,West Northamptonshire,RETAIL_HIGH_STREET,2850.0,2850.0,
68131013,80355013,body shop,2024,North Hertfordshire,OTHER_PUBLIC,13250.0,13250.0,
68131013,11159066000,body shop,2024,North Hertfordshire,OTHER_PUBLIC,13250.0,13250.0,
68131013,89506013,body shop,2024,North Hertfordshire,OTHER_PUBLIC,13250.0,13250.0,
69282045,67785045,arcadia,2020,West Northamptonshire,RETAIL_HIGH_STREET,148000.0,147000.0,
69282045,2396045,arcadia,2020,West Northamptonshire,RETAIL_HIGH_STREET,148000.0,150000.0,
69282045,449812045,arcadia,2020,West Northamptonshire,RETAIL_HIGH_STREET,148000.0,145000.0,
69631037,7568143000,debenhams,2020,Nottingham,RETAIL_OTHER_SUPERSTORES_AND_WAREHOUSES,575000.0,585000.0,
69631037,1260736000,debenhams,2020,Nottingham,RETAIL_OTHER_SUPERSTORES_AND_WAREHOUSES,575000.0,590000.0,
69631037,260716037,debenhams,2020,Nottingham,RETAIL_OTHER_SUPERSTORES_AND_WAREHOUSES,575000.0,595000.0,
69654037,6697584000,thomas cook,2019,Nottingham,RETAIL_HIGH_STREET,84000.0,84000.0,
69654037,117020037,thomas cook,2019,Nottingham,RETAIL_HIGH_STREET,84000.0,84000.0,
69654037,12400205000,thomas cook,2019,Nottingham,RETAIL_HIGH_STREET,84000.0,83500.0,
69670144,245243144,debenhams,2020,Eastbourne,RETAIL_OTHER_SUPERSTORES_AND_WAREHOUSES,387500.0,367500.0,
69670144,10932494000,debenhams,2020,Eastbourne,RETAIL_OTHER_SUPERSTORES_AND_WAREHOUSES,387500.0,410000.0,
69670144,34846144,debenhams,2020,Eastbourne,RETAIL_OTHER_SUPERSTORES_AND_WAREHOUSES,387500.0,360000.0,
70801037,4699483000,wilko,2023,Nottingham,RETAIL_OTHER_SUPERSTORES_AND_WAREHOUSES,216000.0,214000.0,
70801037,9452137000,wilko,2023,Nottingham,RETAIL_OTHER_SUPERSTORES_AND_WAREHOUSES,216000.0,213000.0,
70801037,10108254000,wilko,2023,Nottingham,RETAIL_OTHER_SUPERSTORES_AND_WAREHOUSES,216000.0,210000.0,
71805044,96325044,poundworld,2018,Leicester,RETAIL_HIGH_STREET,4000.0,4000.0,
71805044,15832044,poundworld,2018,Leicester,RETAIL_HIGH_STREET,4000.0,4000.0,
71805044,12918614000,poundworld,2018,Leicester,RETAIL_HIGH_STREET,4000.0,4000.0,
72940152,13901087000,cath kidston,2020,Guildford,RETAIL_HIGH_STREET,53000.0,53000.0,
72940152,91731152,cath kidston,2020,Guildford,RETAIL_HIGH_STREET,53000.0,53000.0,
72940152,85658152,cath kidston,2020,Guildford,RETAIL_HIGH_STREET,53000.0,52500.0,
73135037,100616037,wilko,2023,Nottingham,RETAIL_HIGH_STREET,39500.0,39500.0,
73135037,117007037,wilko,2023,Nottingham,RETAIL_HIGH_STREET,39500.0,39750.0,
73135037,15062311000,wilko,2023,Nottingham,RETAIL_HIGH_STREET,39500.0,39750.0,
75568236,8840210000,wilko,2023,Stoke-on-Trent,RETAIL_RESTAURANTS_AND_CAFES,30250.0,30000.0,
75568236,6287874000,wilko,2023,Stoke-on-Trent,RETAIL_RESTAURANTS_AND_CAFES,30250.0,30000.0,
75568236,1027161000,wilko,2023,Stoke-on-Trent,RETAIL_RESTAURANTS_AND_CAFES,30250.0,30000.0,
76190104,590955000,thomas cook,2019,County Durham,RETAIL_HIGH_STREET,11750.0,11750.0,
76190104,3065026000,thomas cook,2019,County Durham,RETAIL_HIGH_STREET,11750.0,11750.0,
76190104,10699193000,thomas cook,2019,County Durham,RETAIL_HIGH_STREET,11750.0,11750.0,
79656000,920090000,maplin,2018,Norwich,RETAIL_HIGH_STREET,43000.0,43000.0,
79656000,77281036,maplin,2018,Norwich,RETAIL_HIGH_STREET,43000.0,43250.0,
79656000,11076534000,maplin,2018,Norwich,RETAIL_HIGH_STREET,43000.0,43250.0,
79663237,8889753000,thomas cook,2019,Warwick,RETAIL_HIGH_STREET,40500.0,40500.0,
79663237,4814725000,thomas cook,2019,Warwick,RETAIL_HIGH_STREET,40500.0,40500.0,
79663237,10614500000,thomas cook,2019,Warwick,RETAIL_HIGH_STREET,40500.0,40250.0,
79757237,86086237,thomas cook,2019,Warwick,RETAIL_HIGH_STREET,27750.0,27750.0,
79757237,79834237,thomas cook,2019,Warwick,RETAIL_HIGH_STREET,27750.0,27750.0,
79757237,182137237,thomas cook,2019,Warwick,RETAIL_HIGH_STREET,27750.0,27500.0,
80169152,80209152,thomas cook,2019,Guildford,RETAIL_HIGH_STREET,128000.0,128000.0,
80169152,80188152,thomas cook,2019,Guildford,RETAIL_HIGH_STREET,128000.0,127000.0,
80169152,330801152,thomas cook,2019,Guildford,RETAIL_HIGH_STREET,128000.0,131000.0,
80210152,9771670000,ted baker,2024,Guildford,RETAIL_HIGH_STREET,190000.0,189000.0,
80210152,91140152,ted baker,2024,Guildford,RETAIL_HIGH_STREET,190000.0,191000.0,
80210152,8120156000,ted baker,2024,Guildford,RETAIL_HIGH_STREET,190000.0,192000.0,
80212152,98321000,body shop,2024,Guildford,RETAIL_HIGH_STREET,117000.0,117000.0,
80212152,80057152,body shop,2024,Guildford,RETAIL_HIGH_STREET,117000.0,117000.0,
80212152,10492602000,body shop,2024,Guildford,RETAIL_HIGH_STREET,117000.0,116000.0,
81848000,11153068000,toys r us,2018,Southwark,RETAIL_OTHER_SUPERSTORES_AND_WAREHOUSES,535000.0,560000.0,
81848000,9604584000,toys r us,2018,Southwark,RETAIL_OTHER_SUPERSTORES_AND_WAREHOUSES,535000.0,500000.0,
81848000,2502239000,toys r us,2018,Southwark,RETAIL_OTHER_SUPERSTORES_AND_WAREHOUSES,535000.0,500000.0,
83982013,4141377000,thomas cook,2019,North Hertfordshire,RETAIL_HIGH_STREET,24500.0,24500.0,
83982013,58982013,thomas cook,2019,North Hertfordshire,RETAIL_HIGH_STREET,24500.0,24500.0,
83982013,83974013,thomas cook,2019,North Hertfordshire,RETAIL_HIGH_STREET,24500.0,24500.0,
84216013,57322013,body shop,2024,North Hertfordshire,RETAIL_HIGH_STREET,36500.0,36250.0,
84216013,194451013,body shop,2024,North Hertfordshire,RETAIL_HIGH_STREET,36500.0,36000.0,
84216013,52684013,body shop,2024,North Hertfordshire,RETAIL_HIGH_STREET,36500.0,36000.0,
84913236,10074692000,arcadia,2020,Stoke-on-Trent,RETAIL_HIGH_STREET,25000.0,25000.0,
84913236,10074709000,arcadia,2020,Stoke-on-Trent,RETAIL_HIGH_STREET,25000.0,25000.0,
84913236,245682236,arcadia,2020,Stoke-on-Trent,RETAIL_HIGH_STREET,25000.0,25000.0,
84949244,10232831000,arcadia,2020,Leeds,RETAIL_HIGH_STREET,1300.0,1300.0,
84949244,313135244,arcadia,2020,Leeds,RETAIL_HIGH_STREET,1300.0,1300.0,
84949244,325695244,arcadia,2020,Leeds,RETAIL_HIGH_STREET,1300.0,1300.0,
84950244,11070393000,arcadia,2020,Leeds,RETAIL_HIGH_STREET,1300.0,1300.0,
84950244,11722100000,arcadia,2020,Leeds,RETAIL_HIGH_STREET,1300.0,1300.0,
84950244,9620533000,arcadia,2020,Leeds,RETAIL_HIGH_STREET,1300.0,1300.0,
84951244,12721224000,arcadia,2020,Leeds,RETAIL_HIGH_STREET,1300.0,1300.0,
84951244,7626619000,arcadia,2020,Leeds,RETAIL_HIGH_STREET,1300.0,1300.0,
84951244,101560244,arcadia,2020,Leeds,RETAIL_HIGH_STREET,1300.0,1300.0,
84960152,3500439000,debenhams,2020,Guildford,RETAIL_OTHER_SUPERSTORES_AND_WAREHOUSES,1550000.0,1530000.0,
84960152,3456711000,debenhams,2020,Guildford,RETAIL_OTHER_SUPERSTORES_AND_WAREHOUSES,1550000.0,1440000.0,
84960152,12871031000,debenhams,2020,Guildford,RETAIL_OTHER_SUPERSTORES_AND_WAREHOUSES,1550000.0,1340000.0,
85012141,6261569000,thomas cook,2019,Brighton and Hove,RETAIL_HIGH_STREET,41000.0,41000.0,
85012141,2552727000,thomas cook,2019,Brighton and Hove,RETAIL_HIGH_STREET,41000.0,41000.0,
85012141,10901948000,thomas cook,2019,Brighton and Hove,RETAIL_HIGH_STREET,41000.0,41000.0,
85118178,5344558000,bhs,2016,Isle of Wight,RETAIL_OTHER_SUPERSTORES_AND_WAREHOUSES,228000.0,229000.0,
85118178,8191526000,bhs,2016,Isle of Wight,RETAIL_OTHER_SUPERSTORES_AND_WAREHOUSES,228000.0,223000.0,
85118178,5822064000,bhs,2016,Isle of Wight,RETAIL_OTHER_SUPERSTORES_AND_WAREHOUSES,228000.0,233000.0,
85350012,14633941000,prezzo,2018,East Cambridgeshire,RETAIL_RESTAURANTS_AND_CAFES,59000.0,57000.0,
85350012,11091613000,prezzo,2018,East Cambridgeshire,RETAIL_RESTAURANTS_AND_CAFES,59000.0,53000.0,
85350012,11045076000,prezzo,2018,East Cambridgeshire,RETAIL_RESTAURANTS_AND_CAFES,59000.0,50000.0,
85631152,80138152,paperchase,2023,Guildford,RETAIL_HIGH_STREET,100000.0,100000.0,
85631152,91126152,paperchase,2023,Guildford,RETAIL_HIGH_STREET,100000.0,100000.0,
85631152,13901031000,paperchase,2023,Guildford,RETAIL_HIGH_STREET,100000.0,101000.0,
85642152,11534911000,mothercare,2019,Guildford,RETAIL_HIGH_STREET,127000.0,123000.0,
85642152,9572581000,mothercare,2019,Guildford,RETAIL_HIGH_STREET,127000.0,131000.0,
85642152,163383152,mothercare,2019,Guildford,RETAIL_HIGH_STREET,127000.0,133000.0,
87248127,12548213000,arcadia,2020,Cumberland,RETAIL_HIGH_STREET,45000.0,45000.0,
87248127,155213124,arcadia,2020,Cumberland,RETAIL_HIGH_STREET,45000.0,45000.0,
87248127,13927175000,arcadia,2020,Cumberland,RETAIL_HIGH_STREET,45000.0,45250.0,
88184175,202776175,arcadia,2020,Fareham,RETAIL_HIGH_STREET,90500.0,86500.0,
88184175,110439175,arcadia,2020,Fareham,RETAIL_HIGH_STREET,90500.0,94500.0,
88184175,3985719000,arcadia,2020,Fareham,RETAIL_HIGH_STREET,90500.0,95000.0,
88490013,10170303000,wilko,2023,North Hertfordshire,RETAIL_HIGH_STREET,14000.0,14000.0,
88490013,84908013,wilko,2023,North Hertfordshire,RETAIL_HIGH_STREET,14000.0,14000.0,
88490013,84952013,wilko,2023,North Hertfordshire,RETAIL_HIGH_STREET,14000.0,14000.0,
88839082,68976082,arcadia,2020,Kensington and Chelsea,RETAIL_HIGH_STREET,217000.0,217000.0,
88839082,2235604000,arcadia,2020,Kensington and Chelsea,RETAIL_HIGH_STREET,217000.0,217000.0,
88839082,288279082,arcadia,2020,Kensington and Chelsea,RETAIL_HIGH_STREET,217000.0,217000.0,
88849148,12204225000,thomas cook,2019,Sevenoaks,RETAIL_HIGH_STREET,35500.0,35750.0,
88849148,2679771000,thomas cook,2019,Sevenoaks,RETAIL_HIGH_STREET,35500.0,35000.0,
88849148,2678423000,thomas cook,2019,Sevenoaks,RETAIL_HIGH_STREET,35500.0,35000.0,
88979148,1732596000,paperchase,2023,Sevenoaks,RETAIL_HIGH_STREET,39750.0,39000.0,
88979148,88947148,paperchase,2023,Sevenoaks,RETAIL_HIGH_STREET,39750.0,38500.0,
88979148,88928148,paperchase,2023,Sevenoaks,RETAIL_HIGH_STREET,39750.0,41250.0,
89233108,81999108,arcadia,2020,North Yorkshire,RETAIL_RESTAURANTS_AND_CAFES,1900.0,1900.0,
89233108,122717105,arcadia,2020,North Yorkshire,RETAIL_RESTAURANTS_AND_CAFES,1900.0,1900.0,
89233108,89233108,arcadia,2020,North Yorkshire,RETAIL_RESTAURANTS_AND_CAFES,1900.0,1900.0,
89352082,11462512000,paperchase,2023,Kensington and Chelsea,RETAIL_HIGH_STREET,106000.0,106000.0,
89352082,28178082,paperchase,2023,Kensington and Chelsea,RETAIL_HIGH_STREET,106000.0,106000.0,
89352082,92153082,paperchase,2023,Kensington and Chelsea,RETAIL_HIGH_STREET,106000.0,106000.0,
89358082,5422152000,byron,2020,Kensington and Chelsea,RETAIL_RESTAURANTS_AND_CAFES,169000.0,169000.0,
89358082,11239131000,byron,2020,Kensington and Chelsea,RETAIL_RESTAURANTS_AND_CAFES,169000.0,168000.0,
89358082,1446877000,byron,2020,Kensington and Chelsea,RETAIL_RESTAURANTS_AND_CAFES,169000.0,168000.0,
89962082,90740082,carluccios,2020,Kensington and Chelsea,RETAIL_HIGH_STREET,2500.0,2500.0,
89962082,88327082,carluccios,2020,Kensington and Chelsea,RETAIL_HIGH_STREET,2500.0,2500.0,
89962082,6842311000,carluccios,2020,Kensington and Chelsea,RETAIL_HIGH_STREET,2500.0,2475.0,
90356148,14765561000,prezzo,2018,Sevenoaks,RETAIL_HIGH_STREET,45500.0,45250.0,
90356148,1732549000,prezzo,2018,Sevenoaks,RETAIL_HIGH_STREET,45500.0,46000.0,
90356148,3324170000,prezzo,2018,Sevenoaks,RETAIL_HIGH_STREET,45500.0,44750.0,
91706216,4833677000,wilko,2023,Wiltshire,RETAIL_OTHER_SUPERSTORES_AND_WAREHOUSES,169000.0,169000.0,
91706216,10513611000,wilko,2023,Wiltshire,RETAIL_OTHER_SUPERSTORES_AND_WAREHOUSES,169000.0,169000.0,
91706216,8553999000,wilko,2023,Wiltshire,RETAIL_OTHER_SUPERSTORES_AND_WAREHOUSES,169000.0,169000.0,
92926124,1255256000,thomas cook,2019,Cumberland,RETAIL_HIGH_STREET,16500.0,16500.0,
92926124,5175025000,thomas cook,2019,Cumberland,RETAIL_HIGH_STREET,16500.0,16500.0,
92926124,60377124,thomas cook,2019,Cumberland,RETAIL_HIGH_STREET,16500.0,16500.0,
93538216,93538216,arcadia,2020,Wiltshire,RETAIL_HIGH_STREET,22500.0,22500.0,
93538216,4063475000,arcadia,2020,Wiltshire,RETAIL_HIGH_STREET,22500.0,22500.0,
93538216,731147000,arcadia,2020,Wiltshire,RETAIL_HIGH_STREET,22500.0,22500.0,
93744046,86420046,thomas cook,2019,Charnwood,RETAIL_HIGH_STREET,48500.0,48750.0,
93744046,228478046,thomas cook,2019,Charnwood,RETAIL_HIGH_STREET,48500.0,48000.0,
93744046,14914349000,thomas cook,2019,Charnwood,RETAIL_HIGH_STREET,48500.0,49000.0,
93765046,93779046,arcadia,2020,Charnwood,RETAIL_HIGH_STREET,52500.0,52500.0,
93765046,237504046,arcadia,2020,Charnwood,RETAIL_HIGH_STREET,52500.0,52500.0,
93765046,93749046,arcadia,2020,Charnwood,RETAIL_HIGH_STREET,52500.0,52500.0,
94074244,407616000,cath kidston,2020,Leeds,RETAIL_HIGH_STREET,96500.0,96500.0,
94074244,10565617000,cath kidston,2020,Leeds,RETAIL_HIGH_STREET,96500.0,96500.0,
94074244,3846602000,cath kidston,2020,Leeds,RETAIL_HIGH_STREET,96500.0,96000.0,
94096244,8566360000,byron,2020,Leeds,RETAIL_HIGH_STREET,162000.0,162000.0,
94096244,8566303000,byron,2020,Leeds,RETAIL_HIGH_STREET,162000.0,162000.0,
94096244,13800486000,byron,2020,Leeds,RETAIL_HIGH_STREET,162000.0,161000.0,
94483163,266931000,wilko,2023,South Oxfordshire,RETAIL_HIGH_STREET,4900.0,4900.0,
94483163,6414203000,wilko,2023,South Oxfordshire,RETAIL_HIGH_STREET,4900.0,4900.0,
94483163,182004163,wilko,2023,South Oxfordshire,RETAIL_HIGH_STREET,4900.0,4850.0,
95104125,797359000,thomas cook,2019,Lancaster,RETAIL_HIGH_STREET,67500.0,67500.0,
95104125,13830082000,thomas cook,2019,Lancaster,RETAIL_HIGH_STREET,67500.0,67500.0,
95104125,781658000,thomas cook,2019,Lancaster,RETAIL_HIGH_STREET,67500.0,67000.0,
95823212,4699012000,cath kidston,2020,"Bristol, City of",RETAIL_HIGH_STREET,43250.0,43000.0,
95823212,10226692000,cath kidston,2020,"Bristol, City of",RETAIL_HIGH_STREET,43250.0,43000.0,
95823212,126970212,cath kidston,2020,"Bristol, City of",RETAIL_HIGH_STREET,43250.0,43500.0,
97261172,14717917000,body shop,2024,"Bournemouth, Christchurch and Poole",RETAIL_HIGH_STREET,34250.0,34250.0,
97261172,11519813000,body shop,2024,"Bournemouth, Christchurch and Poole",RETAIL_HIGH_STREET,34250.0,34250.0,
97261172,671661000,body shop,2024,"Bournemouth, Christchurch and Poole",RETAIL_HIGH_STREET,34250.0,34250.0,
98309063,12819202000,maplin,2018,Camden,RETAIL_HIGH_STREET,76000.0,76000.0,
98309063,11539079000,maplin,2018,Camden,RETAIL_HIGH_STREET,76000.0,76000.0,
98309063,107677063,maplin,2018,Camden,RETAIL_HIGH_STREET,76000.0,76000.0,
98676063,8093344000,byron,2020,Camden,RETAIL_RESTAURANTS_AND_CAFES,81000.0,81000.0,
98676063,6391810000,byron,2020,Camden,RETAIL_RESTAURANTS_AND_CAFES,81000.0,80500.0,
98676063,11564896000,byron,2020,Camden,RETAIL_RESTAURANTS_AND_CAFES,81000.0,80000.0,
99134105,494865108,thomas cook,2019,North Yorkshire,RETAIL_HIGH_STREET,17500.0,17500.0,
99134105,9552118000,thomas cook,2019,North Yorkshire,RETAIL_HIGH_STREET,17500.0,17500.0,
99134105,3436200000,thomas cook,2019,North Yorkshire,RETAIL_HIGH_STREET,17500.0,17500.0,
99472173,28341173,thomas cook,2019,Dorset,RETAIL_HIGH_STREET,44250.0,44250.0,
99472173,28401173,thomas cook,2019,Dorset,RETAIL_HIGH_STREET,44250.0,44500.0,
99472173,1147192000,thomas cook,2019,Dorset,RETAIL_HIGH_STREET,44250.0,44750.0,
99561104,10796312000,thomas cook,2019,County Durham,RETAIL_HIGH_STREET,20000.0,20000.0,
99561104,8827867000,thomas cook,2019,County Durham,RETAIL_HIGH_STREET,20000.0,20000.0,
99561104,725072104,thomas cook,2019,County Durham,RETAIL_HIGH_STREET,20000.0,20000.0,
99727013,10868785000,prezzo,2018,North Hertfordshire,RETAIL_HIGH_STREET,8900.0,8900.0,
99727013,209982013,prezzo,2018,North Hertfordshire,RETAIL_HIGH_STREET,8900.0,8900.0,
99727013,83428013,prezzo,2018,North Hertfordshire,RETAIL_HIGH_STREET,8900.0,8900.0,
100504236,14173746000,arcadia,2020,Stoke-on-Trent,RETAIL_FINANCIAL_AND_PROFESSIONAL_SERVICES,13250.0,13250.0,
100504236,9720994000,arcadia,2020,Stoke-on-Trent,RETAIL_FINANCIAL_AND_PROFESSIONAL_SERVICES,13250.0,13000.0,
100504236,100414236,arcadia,2020,Stoke-on-Trent,RETAIL_FINANCIAL_AND_PROFESSIONAL_SERVICES,13250.0,11750.0,
102005183,101614183,prezzo,2018,North Devon,RETAIL_RESTAURANTS_AND_CAFES,55000.0,55000.0,
102005183,7321183,prezzo,2018,North Devon,RETAIL_RESTAURANTS_AND_CAFES,55000.0,52500.0,
102005183,5951645000,prezzo,2018,North Devon,RETAIL_RESTAURANTS_AND_CAFES,55000.0,51000.0,
102753124,8790652000,homebase,2024,Cumberland,RETAIL_OTHER_SUPERSTORES_AND_WAREHOUSES,560000.0,565000.0,
102753124,9416690000,homebase,2024,Cumberland,RETAIL_OTHER_SUPERSTORES_AND_WAREHOUSES,560000.0,540000.0,
102753124,10896591000,homebase,2024,Cumberland,RETAIL_OTHER_SUPERSTORES_AND_WAREHOUSES,560000.0,535000.0,
102936124,4526607000,thomas cook,2019,Cumberland,RETAIL_HIGH_STREET,91500.0,90500.0,
102936124,9000730000,thomas cook,2019,Cumberland,RETAIL_HIGH_STREET,91500.0,90500.0,
102936124,11682124,thomas cook,2019,Cumberland,RETAIL_HIGH_STREET,91500.0,90000.0,
102955124,157303124,arcadia,2020,Cumberland,RETAIL_HIGH_STREET,229000.0,215000.0,
102955124,12391201000,arcadia,2020,Cumberland,RETAIL_HIGH_STREET,229000.0,250000.0,
102955124,1820060000,arcadia,2020,Cumberland,RETAIL_HIGH_STREET,229000.0,255000.0,
102957000,453883045,maplin,2018,West Northamptonshire,RETAIL_HIGH_STREET,30000.0,29750.0,
102957000,7626138000,maplin,2018,West Northamptonshire,RETAIL_HIGH_STREET,30000.0,30250.0,
102957000,2828514000,maplin,2018,West Northamptonshire,RETAIL_HIGH_STREET,30000.0,30250.0,
103057211,10032922000,wilko,2023,South Gloucestershire,RETAIL_OTHER_SUPERSTORES_AND_WAREHOUSES,232000.0,226000.0,
103057211,8445528000,wilko,2023,South Gloucestershire,RETAIL_OTHER_SUPERSTORES_AND_WAREHOUSES,232000.0,238000.0,
103057211,4843000,wilko,2023,South Gloucestershire,RETAIL_OTHER_SUPERSTORES_AND_WAREHOUSES,232000.0,239000.0,
105768127,156724127,thomas cook,2019,Cumberland,RETAIL_HIGH_STREET,10750.0,10750.0,
105768127,6026598000,thomas cook,2019,Cumberland,RETAIL_HIGH_STREET,10750.0,10750.0,
105768127,8210178000,thomas cook,2019,Cumberland,RETAIL_HIGH_STREET,10750.0,10750.0,
106356232,3217994000,arcadia,2020,East Staffordshire,RETAIL_HIGH_STREET,63500.0,62500.0,
106356232,3218007000,arcadia,2020,East Staffordshire,RETAIL_HIGH_STREET,63500.0,64500.0,
106356232,105680232,arcadia,2020,East Staffordshire,RETAIL_HIGH_STREET,63500.0,62000.0,
106995175,106994175,body shop,2024,Fareham,RETAIL_HIGH_STREET,57000.0,57000.0,
106995175,10707442000,body shop,2024,Fareham,RETAIL_HIGH_STREET,57000.0,57500.0,
106995175,10707446000,body shop,2024,Fareham,RETAIL_HIGH_STREET,57000.0,59000.0,
107582162,1203661000,body shop,2024,Buckinghamshire,RETAIL_HIGH_STREET,47250.0,47250.0,
107582162,298617000,body shop,2024,Buckinghamshire,RETAIL_HIGH_STREET,47250.0,47500.0,
107582162,15040129000,body shop,2024,Buckinghamshire,RETAIL_HIGH_STREET,47250.0,47500.0,
107600162,546751162,thomas cook,2019,Buckinghamshire,RETAIL_HIGH_STREET,47750.0,47750.0,
107600162,8393163000,thomas cook,2019,Buckinghamshire,RETAIL_HIGH_STREET,47750.0,47750.0,
107600162,627479000,thomas cook,2019,Buckinghamshire,RETAIL_HIGH_STREET,47750.0,47500.0,
107886063,12120101000,carluccios,2020,Camden,RETAIL_HIGH_STREET,59500.0,59500.0,
107886063,103311063,carluccios,2020,Camden,RETAIL_HIGH_STREET,59500.0,59500.0,
107886063,7371417000,carluccios,2020,Camden,RETAIL_HIGH_STREET,59500.0,59500.0,
108532044,194082044,wilko,2023,Leicester,RETAIL_HIGH_STREET,21000.0,21000.0,
108532044,10225602000,wilko,2023,Leicester,RETAIL_HIGH_STREET,21000.0,21000.0,
108532044,195593044,wilko,2023,Leicester,RETAIL_HIGH_STREET,21000.0,21000.0,
108766186,7315895000,paperchase,2023,Somerset,RETAIL_HIGH_STREET,66500.0,66500.0,
108766186,108766186,paperchase,2023,Somerset,RETAIL_HIGH_STREET,66500.0,66500.0,
108766186,107798186,paperchase,2023,Somerset,RETAIL_HIGH_STREET,66500.0,66500.0,
108785186,9850637000,thomas cook,2019,Somerset,RETAIL_HIGH_STREET,50000.0,50000.0,
108785186,3989406000,thomas cook,2019,Somerset,RETAIL_HIGH_STREET,50000.0,50000.0,
108785186,180354186,thomas cook,2019,Somerset,RETAIL_HIGH_STREET,50000.0,50000.0,
110136124,14488110000,body shop,2024,Cumberland,RETAIL_HIGH_STREET,68500.0,68500.0,
110136124,2365033000,body shop,2024,Cumberland,RETAIL_HIGH_STREET,68500.0,68500.0,
110136124,102401124,body shop,2024,Cumberland,RETAIL_HIGH_STREET,68500.0,68500.0,
110306236,450473236,bhs,2016,Stoke-on-Trent,RETAIL_OTHER_SUPERSTORES_AND_WAREHOUSES,565000.0,535000.0,
110306236,13529150000,bhs,2016,Stoke-on-Trent,RETAIL_OTHER_SUPERSTORES_AND_WAREHOUSES,565000.0,530000.0,
110306236,308375236,bhs,2016,Stoke-on-Trent,RETAIL_OTHER_SUPERSTORES_AND_WAREHOUSES,565000.0,520000.0,
110418175,110423175,thomas cook,2019,Fareham,RETAIL_HIGH_STREET,67500.0,67500.0,
110418175,110413175,thomas cook,2019,Fareham,RETAIL_HIGH_STREET,67500.0,67000.0,
110418175,7472202000,thomas cook,2019,Fareham,RETAIL_HIGH_STREET,67500.0,68000.0,
110569063,13060003000,prezzo,2018,Camden,RETAIL_RESTAURANTS_AND_CAFES,63000.0,63000.0,
110569063,171430063,prezzo,2018,Camden,RETAIL_RESTAURANTS_AND_CAFES,63000.0,63000.0,
110569063,9339148000,prezzo,2018,Camden,RETAIL_RESTAURANTS_AND_CAFES,63000.0,62500.0,
110651173,110651173,arcadia,2020,Dorset,RETAIL_HIGH_STREET,16000.0,16000.0,
110651173,99466173,arcadia,2020,Dorset,RETAIL_HIGH_STREET,16000.0,16000.0,
110651173,13148372000,arcadia,2020,Dorset,RETAIL_HIGH_STREET,16000.0,16000.0,
111714012,20257012,wilko,2023,Cambridge,RETAIL_OTHER_SUPERSTORES_AND_WAREHOUSES,160000.0,162000.0,
111714012,382200012,wilko,2023,Cambridge,RETAIL_OTHER_SUPERSTORES_AND_WAREHOUSES,160000.0,165000.0,
111714012,382205012,wilko,2023,Cambridge,RETAIL_OTHER_SUPERSTORES_AND_WAREHOUSES,160000.0,169000.0,
113001175,9594824000,body shop,2024,Fareham,INDUSTRIAL_GENERAL,8900.0,8900.0,
113001175,111063175,body shop,2024,Fareham,INDUSTRIAL_GENERAL,8900.0,8900.0,
113001175,3690154000,body shop,2024,Fareham,INDUSTRIAL_GENERAL,8900.0,8900.0,
116573216,8580693000,arcadia,2020,Wiltshire,RETAIL_HIGH_STREET,4050.0,4050.0,
116573216,451947176,arcadia,2020,Wiltshire,RETAIL_HIGH_STREET,4050.0,4050.0,
116573216,491066176,arcadia,2020,Wiltshire,RETAIL_HIGH_STREET,4050.0,4050.0,
117034216,342041216,thomas cook,2019,Wiltshire,RETAIL_HIGH_STREET,25000.0,25000.0,
117034216,72205216,thomas cook,2019,Wiltshire,RETAIL_HIGH_STREET,25000.0,25000.0,
117034216,1204294000,thomas cook,2019,Wiltshire,RETAIL_HIGH_STREET,25000.0,25000.0,
117417012,85394012,thomas cook,2019,East Cambridgeshire,RETAIL_HIGH_STREET,28250.0,28250.0,
117417012,932751000,thomas cook,2019,East Cambridgeshire,RETAIL_HIGH_STREET,28250.0,28250.0,
117417012,1771566000,thomas cook,2019,East Cambridgeshire,RETAIL_HIGH_STREET,28250.0,27500.0,
119349072,5921512000,homebase,2024,Bromley,RETAIL_OTHER_SUPERSTORES_AND_WAREHOUSES,510000.0,510000.0,
119349072,14610798000,homebase,2024,Bromley,RETAIL_OTHER_SUPERSTORES_AND_WAREHOUSES,510000.0,490000.0,
119349072,13650298000,homebase,2024,Bromley,RETAIL_OTHER_SUPERSTORES_AND_WAREHOUSES,510000.0,487500.0,
119851022,3492630000,wilko,2023,Harlow,RETAIL_HIGH_STREET,44250.0,44250.0,
119851022,111929022,wilko,2023,Harlow,RETAIL_HIGH_STREET,44250.0,44250.0,
119851022,9758493000,wilko,2023,Harlow,RETAIL_HIGH_STREET,44250.0,45000.0,
119852022,1354116000,wilko,2023,Harlow,RETAIL_OTHER_SUPERSTORES_AND_WAREHOUSES,216000.0,213000.0,
119852022,3734032000,wilko,2023,Harlow,RETAIL_OTHER_SUPERSTORES_AND_WAREHOUSES,216000.0,213000.0,
119852022,4746941000,wilko,2023,Harlow,RETAIL_OTHER_SUPERSTORES_AND_WAREHOUSES,216000.0,219000.0,
119892022,3875984000,thomas cook,2019,Harlow,RETAIL_HIGH_STREET,62500.0,63000.0,
119892022,912033022,thomas cook,2019,Harlow,RETAIL_HIGH_STREET,62500.0,63000.0,
119892022,6619221000,thomas cook,2019,Harlow,RETAIL_HIGH_STREET,62500.0,64000.0,
125841108,435454105,wilko,2023,North Yorkshire,RETAIL_OTHER_SUPERSTORES_AND_WAREHOUSES,225000.0,225000.0,
125841108,13024471000,wilko,2023,North Yorkshire,RETAIL_OTHER_SUPERSTORES_AND_WAREHOUSES,225000.0,222000.0,
125841108,8639479000,wilko,2023,North Yorkshire,RETAIL_OTHER_SUPERSTORES_AND_WAREHOUSES,225000.0,221000.0,
127191108,13878244000,arcadia,2020,North Yorkshire,LEISURE_BUDGET_HOTELS,7500.0,7500.0,
127191108,13356138000,arcadia,2020,North Yorkshire,LEISURE_BUDGET_HOTELS,7500.0,7500.0,
127191108,13412209000,arcadia,2020,North Yorkshire,LEISURE_BUDGET_HOTELS,7500.0,7500.0,
130859239,6492237000,thomas cook,2019,Dudley,RETAIL_HIGH_STREET,20250.0,20250.0,
130859239,9239743000,thomas cook,2019,Dudley,RETAIL_HIGH_STREET,20250.0,20250.0,
130859239,130857239,thomas cook,2019,Dudley,RETAIL_HIGH_STREET,20250.0,20250.0,
132190171,276902171,wilko,2023,Rushmoor,RETAIL_OTHER_SUPERSTORES_AND_WAREHOUSES,110000.0,106000.0,
132190171,6562098000,wilko,2023,Rushmoor,RETAIL_OTHER_SUPERSTORES_AND_WAREHOUSES,110000.0,119000.0,
132190171,5649785000,wilko,2023,Rushmoor,RETAIL_OTHER_SUPERSTORES_AND_WAREHOUSES,110000.0,98000.0,
132798105,133164105,paperchase,2023,North Yorkshire,RETAIL_HIGH_STREET,91000.0,91000.0,
132798105,40564105,paperchase,2023,North Yorkshire,RETAIL_HIGH_STREET,91000.0,90500.0,
132798105,236282108,paperchase,2023,North Yorkshire,RETAIL_HIGH_STREET,91000.0,90000.0,
134136105,140283105,prezzo,2018,North Yorkshire,RETAIL_RESTAURANTS_AND_CAFES,62500.0,62500.0,
134136105,3421805000,prezzo,2018,North Yorkshire,RETAIL_RESTAURANTS_AND_CAFES,62500.0,62500.0,
134136105,166044108,prezzo,2018,North Yorkshire,RETAIL_RESTAURANTS_AND_CAFES,62500.0,62500.0,
135071000,5462061000,debenhams,2020,Lincoln,RETAIL_OTHER_SUPERSTORES_AND_WAREHOUSES,600000.0,610000.0,
135071000,8833241000,debenhams,2020,Lincoln,RETAIL_OTHER_SUPERSTORES_AND_WAREHOUSES,600000.0,515000.0,
135071000,143125032,debenhams,2020,Lincoln,RETAIL_OTHER_SUPERSTORES_AND_WAREHOUSES,600000.0,685000.0,
136620113,14243115000,maplin,2018,Manchester,RETAIL_HIGH_STREET,39250.0,39250.0,
136620113,6172691000,maplin,2018,Manchester,RETAIL_HIGH_STREET,39250.0,39250.0,
136620113,142512113,maplin,2018,Manchester,RETAIL_HIGH_STREET,39250.0,39250.0,
137062105,241087108,body shop,2024,North Yorkshire,RETAIL_HIGH_STREET,20250.0,20250.0,
137062105,170965108,body shop,2024,North Yorkshire,RETAIL_HIGH_STREET,20250.0,20250.0,
137062105,67221108,body shop,2024,North Yorkshire,RETAIL_HIGH_STREET,20250.0,20250.0,
137305022,125340022,arcadia,2020,Harlow,RETAIL_HIGH_STREET,7200.0,7200.0,
137305022,137301022,arcadia,2020,Harlow,RETAIL_HIGH_STREET,7200.0,7200.0,
137305022,120144022,arcadia,2020,Harlow,RETAIL_HIGH_STREET,7200.0,7200.0,
137306022,8096349000,arcadia,2020,Harlow,RETAIL_HIGH_STREET,12750.0,12750.0,
137306022,137255022,arcadia,2020,Harlow,RETAIL_HIGH_STREET,12750.0,12750.0,
137306022,138986022,arcadia,2020,Harlow,RETAIL_HIGH_STREET,12750.0,12750.0,
137336241,10665106000,paperchase,2023,Bradford,RETAIL_HIGH_STREET,34750.0,34750.0,
137336241,10054137000,paperchase,2023,Bradford,RETAIL_HIGH_STREET,34750.0,34500.0,
137336241,5501543000,paperchase,2023,Bradford,RETAIL_HIGH_STREET,34750.0,34500.0,
137469108,9514019000,thomas cook,2019,North Yorkshire,RETAIL_HIGH_STREET,16250.0,16250.0,
137469108,151893108,thomas cook,2019,North Yorkshire,RETAIL_HIGH_STREET,16250.0,16250.0,
137469108,195767105,thomas cook,2019,North Yorkshire,RETAIL_HIGH_STREET,16250.0,16250.0,
139920216,2773768000,debenhams,2020,Swindon,RETAIL_OTHER_SUPERSTORES_AND_WAREHOUSES,750000.0,750000.0,
139920216,5312958000,debenhams,2020,Swindon,RETAIL_OTHER_SUPERSTORES_AND_WAREHOUSES,750000.0,785000.0,
139920216,9216371000,debenhams,2020,Swindon,RETAIL_OTHER_SUPERSTORES_AND_WAREHOUSES,750000.0,805000.0,
140588216,13470231000,thomas cook,2019,Wiltshire,RETAIL_HIGH_STREET,23250.0,23250.0,
140588216,448775176,thomas cook,2019,Wiltshire,RETAIL_HIGH_STREET,23250.0,23250.0,
140588216,12699275000,thomas cook,2019,Wiltshire,RETAIL_HIGH_STREET,23250.0,23250.0,
140730216,11016711000,prezzo,2018,Wiltshire,RETAIL_HIGH_STREET,26500.0,26500.0,
140730216,263151216,prezzo,2018,Wiltshire,RETAIL_HIGH_STREET,26500.0,26500.0,
140730216,12857090000,prezzo,2018,Wiltshire,RETAIL_HIGH_STREET,26500.0,26500.0,
141097211,7316088000,body shop,2024,South Gloucestershire,RETAIL_HIGH_STREET,53000.0,52500.0,
141097211,2021846000,body shop,2024,South Gloucestershire,RETAIL_HIGH_STREET,53000.0,53500.0,
141097211,160228211,body shop,2024,South Gloucestershire,RETAIL_HIGH_STREET,53000.0,52000.0,
141643216,12485387000,wilko,2023,Wiltshire,RETAIL_OTHER_SUPERSTORES_AND_WAREHOUSES,105000.0,105000.0,
141643216,9015028000,wilko,2023,Wiltshire,RETAIL_OTHER_SUPERSTORES_AND_WAREHOUSES,105000.0,106000.0,
141643216,12583401000,wilko,2023,Wiltshire,RETAIL_OTHER_SUPERSTORES_AND_WAREHOUSES,105000.0,103000.0,
142095173,5594281000,body shop,2024,Dorset,INDUSTRIAL_GENERAL,13250.0,13250.0,
142095173,4921643000,body shop,2024,Dorset,INDUSTRIAL_GENERAL,13250.0,13250.0,
142095173,7016563000,body shop,2024,Dorset,INDUSTRIAL_GENERAL,13250.0,13250.0,
142182000,142735000,bhs,2016,South Gloucestershire,RETAIL_OTHER_SUPERSTORES_AND_WAREHOUSES,1300000.0,1260000.0,
142182000,1819243000,bhs,2016,South Gloucestershire,RETAIL_OTHER_SUPERSTORES_AND_WAREHOUSES,1300000.0,1150000.0,
142182000,10792819000,bhs,2016,South Gloucestershire,RETAIL_OTHER_SUPERSTORES_AND_WAREHOUSES,1300000.0,1120000.0,
142182104,12567924000,wilko,2023,County Durham,RETAIL_OTHER_SUPERSTORES_AND_WAREHOUSES,270000.0,267500.0,
142182104,14768126000,wilko,2023,County Durham,RETAIL_OTHER_SUPERSTORES_AND_WAREHOUSES,270000.0,272500.0,
142182104,11800304000,wilko,2023,County Durham,RETAIL_OTHER_SUPERSTORES_AND_WAREHOUSES,270000.0,265000.0,
142211000,142226000,paperchase,2023,South Gloucestershire,RETAIL_HIGH_STREET,231000.0,230000.0,
142211000,4373634000,paperchase,2023,South Gloucestershire,RETAIL_HIGH_STREET,231000.0,234000.0,
142211000,144175000,paperchase,2023,South Gloucestershire,RETAIL_HIGH_STREET,231000.0,225000.0,
142215000,144559000,body shop,2024,South Gloucestershire,RETAIL_HIGH_STREET,219000.0,218000.0,
142215000,142534000,body shop,2024,South Gloucestershire,RETAIL_HIGH_STREET,219000.0,220000.0,
142215000,9669933000,body shop,2024,South Gloucestershire,RETAIL_HIGH_STREET,219000.0,220000.0,
142407000,142206000,thomas cook,2019,South Gloucestershire,RETAIL_HIGH_STREET,232000.0,224000.0,
142407000,10607213000,thomas cook,2019,South Gloucestershire,RETAIL_HIGH_STREET,232000.0,240000.0,
142407000,9669944000,thomas cook,2019,South Gloucestershire,RETAIL_HIGH_STREET,232000.0,223000.0,
142470000,142470000,arcadia,2020,South Gloucestershire,RETAIL_HIGH_STREET,650000.0,650000.0,
142470000,8772758000,arcadia,2020,South Gloucestershire,RETAIL_HIGH_STREET,650000.0,640000.0,
142470000,142457000,arcadia,2020,South Gloucestershire,RETAIL_HIGH_STREET,650000.0,660000.0,
143064045,10867977000,body shop,2024,North Northamptonshire,RETAIL_HIGH_STREET,45250.0,45000.0,
143064045,10120471000,body shop,2024,North Northamptonshire,RETAIL_HIGH_STREET,45250.0,45000.0,
143064045,8834303000,body shop,2024,North Northamptonshire,RETAIL_HIGH_STREET,45250.0,45750.0,
143855011,176134011,frankie&bennys,2020,Central Bedfordshire,RETAIL_HIGH_STREET,12000.0,12000.0,
143855011,11654619000,frankie&bennys,2020,Central Bedfordshire,RETAIL_HIGH_STREET,12000.0,12000.0,
143855011,182552011,frankie&bennys,2020,Central Bedfordshire,RETAIL_HIGH_STREET,12000.0,12000.0,
144698045,252686045,arcadia,2020,North Northamptonshire,RETAIL_HIGH_STREET,51000.0,51000.0,
144698045,11418982000,arcadia,2020,North Northamptonshire,RETAIL_HIGH_STREET,51000.0,51000.0,
144698045,38403000,arcadia,2020,North Northamptonshire,RETAIL_HIGH_STREET,51000.0,51000.0,
144846254,248168254,body shop,2024,East Riding of Yorkshire,RETAIL_HIGH_STREET,17750.0,17750.0,
144846254,14595753000,body shop,2024,East Riding of Yorkshire,RETAIL_HIGH_STREET,17750.0,17750.0,
144846254,225866254,body shop,2024,East Riding of Yorkshire,RETAIL_HIGH_STREET,17750.0,17750.0,
147703241,147159241,thomas cook,2019,Bradford,RETAIL_HIGH_STREET,49000.0,49000.0,
147703241,14454241,thomas cook,2019,Bradford,RETAIL_HIGH_STREET,49000.0,48750.0,
147703241,30665241,thomas cook,2019,Bradford,RETAIL_HIGH_STREET,49000.0,49250.0,
148166183,7101900000,wilko,2023,North Devon,RETAIL_OTHER_SUPERSTORES_AND_WAREHOUSES,214000.0,203000.0,
148166183,6487860000,wilko,2023,North Devon,RETAIL_OTHER_SUPERSTORES_AND_WAREHOUSES,214000.0,231000.0,
148166183,8788825000,wilko,2023,North Devon,RETAIL_OTHER_SUPERSTORES_AND_WAREHOUSES,214000.0,192000.0,
148811162,209350162,arcadia,2020,Buckinghamshire,RETAIL_HIGH_STREET,8000.0,8000.0,
148811162,15023096000,arcadia,2020,Buckinghamshire,RETAIL_HIGH_STREET,8000.0,8000.0,
148811162,11259136000,arcadia,2020,Buckinghamshire,RETAIL_HIGH_STREET,8000.0,8000.0,
150027216,1554951000,prezzo,2018,Wiltshire,OFFICE_GENERAL,3650.0,3650.0,
150027216,1603015000,prezzo,2018,Wiltshire,OFFICE_GENERAL,3650.0,3650.0,
150027216,1604477000,prezzo,2018,Wiltshire,OFFICE_GENERAL,3650.0,3650.0,
150030216,13237912000,prezzo,2018,Wiltshire,OFFICE_GENERAL,2300.0,2300.0,
150030216,13237875000,prezzo,2018,Wiltshire,OFFICE_GENERAL,2300.0,2300.0,
150030216,349530000,prezzo,2018,Wiltshire,OFFICE_GENERAL,2300.0,2300.0,
150224163,150231163,paperchase,2023,South Oxfordshire,RETAIL_HIGH_STREET,31250.0,31250.0,
150224163,505286163,paperchase,2023,South Oxfordshire,RETAIL_HIGH_STREET,31250.0,31000.0,
150224163,4564691000,paperchase,2023,South Oxfordshire,RETAIL_HIGH_STREET,31250.0,31500.0,
150224212,1256535000,strada,2018,"Bristol, City of",RETAIL_HIGH_STREET,12000.0,12000.0,
150224212,7411688000,strada,2018,"Bristol, City of",RETAIL_HIGH_STREET,12000.0,12000.0,
150224212,9734546000,strada,2018,"Bristol, City of",RETAIL_HIGH_STREET,12000.0,12000.0,
150333216,8101628000,homebase,2024,Wiltshire,RETAIL_OTHER_SUPERSTORES_AND_WAREHOUSES,515000.0,515000.0,
150333216,11260544000,homebase,2024,Wiltshire,RETAIL_OTHER_SUPERSTORES_AND_WAREHOUSES,515000.0,520000.0,
150333216,8834333000,homebase,2024,Wiltshire,RETAIL_OTHER_SUPERSTORES_AND_WAREHOUSES,515000.0,530000.0,
152400254,239922254,thomas cook,2019,East Riding of Yorkshire,RETAIL_HIGH_STREET,45750.0,45750.0,
152400254,162810254,thomas cook,2019,East Riding of Yorkshire,RETAIL_HIGH_STREET,45750.0,46000.0,
152400254,14616589000,thomas cook,2019,East Riding of Yorkshire,RETAIL_HIGH_STREET,45750.0,46250.0,
152553127,6185408000,arcadia,2020,Cumberland,RETAIL_HIGH_STREET,49750.0,49500.0,
152553127,102425124,arcadia,2020,Cumberland,RETAIL_HIGH_STREET,49750.0,49500.0,
152553127,4526468000,arcadia,2020,Cumberland,RETAIL_HIGH_STREET,49750.0,50000.0,
154181173,28365173,body shop,2024,Dorset,RETAIL_HIGH_STREET,19250.0,19250.0,
154181173,42460173,body shop,2024,Dorset,RETAIL_HIGH_STREET,19250.0,19250.0,
154181173,42504173,body shop,2024,Dorset,RETAIL_HIGH_STREET,19250.0,19250.0,
155198171,10856222000,arcadia,2020,Basingstoke and Deane,RETAIL_RESTAURANTS_AND_CAFES,10000.0,10000.0,
155198171,155198171,arcadia,2020,Basingstoke and Deane,RETAIL_RESTAURANTS_AND_CAFES,10000.0,10000.0,
155198171,195259171,arcadia,2020,Basingstoke and Deane,RETAIL_RESTAURANTS_AND_CAFES,10000.0,10000.0,
155747241,231574241,arcadia,2020,Bradford,RETAIL_HIGH_STREET,85000.0,84500.0,
155747241,10324166000,arcadia,2020,Bradford,RETAIL_HIGH_STREET,85000.0,83500.0,
155747241,194053241,arcadia,2020,Bradford,RETAIL_HIGH_STREET,85000.0,86500.0,
155751241,247224241,body shop,2024,Bradford,RETAIL_HIGH_STREET,54500.0,54000.0,
155751241,12007315000,body shop,2024,Bradford,RETAIL_HIGH_STREET,54500.0,54000.0,
155751241,3418089000,body shop,2024,Bradford,RETAIL_HIGH_STREET,54500.0,54000.0,
159147148,186504148,maplin,2018,Tunbridge Wells,RETAIL_HIGH_STREET,71500.0,72000.0,
159147148,153159148,maplin,2018,Tunbridge Wells,RETAIL_HIGH_STREET,71500.0,72000.0,
159147148,816268000,maplin,2018,Tunbridge Wells,RETAIL_HIGH_STREET,71500.0,72000.0,
161487186,282510186,thomas cook,2019,Somerset,RETAIL_HIGH_STREET,43250.0,43250.0,
161487186,297367186,thomas cook,2019,Somerset,RETAIL_HIGH_STREET,43250.0,43000.0,
161487186,300312186,thomas cook,2019,Somerset,RETAIL_HIGH_STREET,43250.0,43000.0,
163013148,363693148,thomas cook,2019,Tunbridge Wells,RETAIL_HIGH_STREET,58500.0,58500.0,
163013148,403462148,thomas cook,2019,Tunbridge Wells,RETAIL_HIGH_STREET,58500.0,58500.0,
163013148,363692148,thomas cook,2019,Tunbridge Wells,RETAIL_HIGH_STREET,58500.0,58000.0,
163472152,5690775000,prezzo,2018,Guildford,RETAIL_RESTAURANTS_AND_CAFES,94000.0,94500.0,
163472152,11748263000,prezzo,2018,Guildford,RETAIL_RESTAURANTS_AND_CAFES,94000.0,95000.0,
163472152,3314058000,prezzo,2018,Guildford,RETAIL_RESTAURANTS_AND_CAFES,94000.0,96000.0,
164143108,1073176000,arcadia,2020,York,RETAIL_HIGH_STREET,322500.0,322500.0,
164143108,10740614000,arcadia,2020,York,RETAIL_HIGH_STREET,322500.0,312500.0,
164143108,11849396000,arcadia,2020,York,RETAIL_HIGH_STREET,322500.0,335000.0,
164147108,165446108,arcadia,2020,York,OTHER_PUBLIC,22250.0,22250.0,
164147108,9808921000,arcadia,2020,York,OTHER_PUBLIC,22250.0,22250.0,
164147108,47919108,arcadia,2020,York,OTHER_PUBLIC,22250.0,22250.0,
164703192,77908192,thomas cook,2019,Cardiff,RETAIL_HIGH_STREET,104000.0,103000.0,
164703192,7648257000,thomas cook,2019,Cardiff,RETAIL_HIGH_STREET,104000.0,103000.0,
164703192,5736489000,thomas cook,2019,Cardiff,RETAIL_HIGH_STREET,104000.0,103000.0,
164911192,8789713000,debenhams,2020,Cardiff,RETAIL_OTHER_SUPERSTORES_AND_WAREHOUSES,1690000.0,1690000.0,
164911192,8894199000,debenhams,2020,Cardiff,RETAIL_OTHER_SUPERSTORES_AND_WAREHOUSES,1690000.0,1750000.0,
164911192,13118948000,debenhams,2020,Cardiff,RETAIL_OTHER_SUPERSTORES_AND_WAREHOUSES,1690000.0,1580000.0,
165439108,5203169000,carluccios,2020,York,RETAIL_HIGH_STREET,67500.0,67500.0,
165439108,11676438000,carluccios,2020,York,RETAIL_HIGH_STREET,67500.0,67000.0,
165439108,11396710000,carluccios,2020,York,RETAIL_HIGH_STREET,67500.0,67000.0,
165440108,39472108,carluccios,2020,York,RETAIL_FINANCIAL_AND_PROFESSIONAL_SERVICES,140000.0,116000.0,
165440108,1845815000,carluccios,2020,York,RETAIL_FINANCIAL_AND_PROFESSIONAL_SERVICES,140000.0,173000.0,
165440108,3934154000,carluccios,2020,York,RETAIL_FINANCIAL_AND_PROFESSIONAL_SERVICES,140000.0,176000.0,
165656108,15108108,cath kidston,2020,York,RETAIL_HIGH_STREET,81500.0,81500.0,
165656108,31916108,cath kidston,2020,York,RETAIL_HIGH_STREET,81500.0,81000.0,
165656108,13201973000,cath kidston,2020,York,RETAIL_HIGH_STREET,81500.0,81000.0,
165762046,236346046,thomas cook,2019,Charnwood,RETAIL_HIGH_STREET,52000.0,51500.0,
165762046,159253046,thomas cook,2019,Charnwood,RETAIL_HIGH_STREET,52000.0,51500.0,
165762046,165556046,thomas cook,2019,Charnwood,RETAIL_HIGH_STREET,52000.0,51000.0,
166419104,12100192000,poundworld,2018,County Durham,RETAIL_OTHER_SUPERSTORES_AND_WAREHOUSES,102000.0,103000.0,
166419104,13158740000,poundworld,2018,County Durham,RETAIL_OTHER_SUPERSTORES_AND_WAREHOUSES,102000.0,103000.0,
166419104,15014960000,poundworld,2018,County Durham,RETAIL_OTHER_SUPERSTORES_AND_WAREHOUSES,102000.0,100000.0,
166428104,9441215000,poundworld,2018,County Durham,RETAIL_HIGH_STREET,40250.0,40250.0,
166428104,13947892000,poundworld,2018,County Durham,RETAIL_HIGH_STREET,40250.0,40250.0,
166428104,12582104,poundworld,2018,County Durham,RETAIL_HIGH_STREET,40250.0,40250.0,
166601104,11768164000,arcadia,2020,County Durham,RETAIL_HIGH_STREET,45500.0,45500.0,
166601104,889216000,arcadia,2020,County Durham,RETAIL_HIGH_STREET,45500.0,45500.0,
166601104,97571104,arcadia,2020,County Durham,RETAIL_HIGH_STREET,45500.0,45250.0,
166602104,5923652000,thomas cook,2019,County Durham,RETAIL_HIGH_STREET,23750.0,23750.0,
166602104,76203104,thomas cook,2019,County Durham,RETAIL_HIGH_STREET,23750.0,23750.0,
166602104,462522000,thomas cook,2019,County Durham,RETAIL_HIGH_STREET,23750.0,23750.0,
167113108,136044105,frankie&bennys,2020,North Yorkshire,RETAIL_RESTAURANTS_AND_CAFES,18500.0,18500.0,
167113108,11491071000,frankie&bennys,2020,North Yorkshire,RETAIL_RESTAURANTS_AND_CAFES,18500.0,18500.0,
167113108,12852173000,frankie&bennys,2020,North Yorkshire,RETAIL_RESTAURANTS_AND_CAFES,18500.0,18500.0,
168571147,398331147,wilko,2023,Dartford,RETAIL_OTHER_SUPERSTORES_AND_WAREHOUSES,198000.0,173000.0,
168571147,396645147,wilko,2023,Dartford,RETAIL_OTHER_SUPERSTORES_AND_WAREHOUSES,198000.0,173000.0,
168571147,9849374000,wilko,2023,Dartford,RETAIL_OTHER_SUPERSTORES_AND_WAREHOUSES,198000.0,172000.0,
169809192,758128000,thomas cook,2019,Cardiff,INDUSTRIAL_LIGHT,680.0,670.0,
169809192,158658192,thomas cook,2019,Cardiff,INDUSTRIAL_LIGHT,680.0,720.0,
169809192,169806192,thomas cook,2019,Cardiff,INDUSTRIAL_LIGHT,680.0,630.0,
170305232,15061810000,wilko,2023,East Staffordshire,OTHER_PUBLIC,6400.0,6300.0,
170305232,7073304000,wilko,2023,East Staffordshire,OTHER_PUBLIC,6400.0,6300.0,
170305232,207033232,wilko,2023,East Staffordshire,OTHER_PUBLIC,6400.0,6500.0,
170813108,12500748000,arcadia,2020,North Yorkshire,RETAIL_HIGH_STREET,1050.0,1050.0,
170813108,428908105,arcadia,2020,North Yorkshire,RETAIL_HIGH_STREET,1050.0,1050.0,
170813108,136222105,arcadia,2020,North Yorkshire,RETAIL_HIGH_STREET,1050.0,1050.0,
170964108,2765915000,arcadia,2020,North Yorkshire,RETAIL_HIGH_STREET,12500.0,12500.0,
170964108,13359911000,arcadia,2020,North Yorkshire,RETAIL_HIGH_STREET,12500.0,12500.0,
170964108,7210956000,arcadia,2020,North Yorkshire,RETAIL_HIGH_STREET,12500.0,12500.0,
171517144,69711144,arcadia,2020,Eastbourne,RETAIL_HIGH_STREET,83000.0,83500.0,
171517144,34803144,arcadia,2020,Eastbourne,RETAIL_HIGH_STREET,83000.0,83500.0,
171517144,12428109000,arcadia,2020,Eastbourne,RETAIL_HIGH_STREET,83000.0,82000.0,
171521144,8910345000,thomas cook,2019,Eastbourne,RETAIL_HIGH_STREET,87000.0,87000.0,
171521144,265577144,thomas cook,2019,Eastbourne,RETAIL_HIGH_STREET,87000.0,86500.0,
171521144,10841835000,thomas cook,2019,Eastbourne,RETAIL_HIGH_STREET,87000.0,86500.0,
173235192,9553983000,frankie&bennys,2020,Cardiff,RETAIL_HIGH_STREET,5100.0,5100.0,
173235192,100420192,frankie&bennys,2020,Cardiff,RETAIL_HIGH_STREET,5100.0,5100.0,
173235192,177632192,frankie&bennys,2020,Cardiff,RETAIL_HIGH_STREET,5100.0,5100.0,
173353163,159922163,thomas cook,2019,South Oxfordshire,RETAIL_HIGH_STREET,10750.0,10750.0,
173353163,12719045000,thomas cook,2019,South Oxfordshire,RETAIL_HIGH_STREET,10750.0,10750.0,
173353163,12408961000,thomas cook,2019,South Oxfordshire,RETAIL_HIGH_STREET,10750.0,10750.0,
173456237,239671237,paperchase,2023,Warwick,RETAIL_HIGH_STREET,73000.0,72500.0,
173456237,172797237,paperchase,2023,Warwick,RETAIL_HIGH_STREET,73000.0,73500.0,
173456237,1306522000,paperchase,2023,Warwick,RETAIL_HIGH_STREET,73000.0,71500.0,
173483163,796585000,homebase,2024,South Oxfordshire,RETAIL_HIGH_STREET,0.0,0.0,
173483163,11342040000,homebase,2024,South Oxfordshire,RETAIL_HIGH_STREET,0.0,0.0,
173483163,11342039000,homebase,2024,South Oxfordshire,RETAIL_HIGH_STREET,0.0,0.0,
174066144,56482144,prezzo,2018,Eastbourne,RETAIL_RESTAURANTS_AND_CAFES,47250.0,49000.0,
174066144,15032711000,prezzo,2018,Eastbourne,RETAIL_RESTAURANTS_AND_CAFES,47250.0,45000.0,
174066144,2219230000,prezzo,2018,Eastbourne,RETAIL_RESTAURANTS_AND_CAFES,47250.0,50000.0,
174120237,4327921000,thomas cook,2019,Warwick,RETAIL_HIGH_STREET,16000.0,16000.0,
174120237,174231237,thomas cook,2019,Warwick,RETAIL_HIGH_STREET,16000.0,16000.0,
174120237,174122237,thomas cook,2019,Warwick,RETAIL_HIGH_STREET,16000.0,16000.0,
174607152,7372873000,homebase,2024,Guildford,RETAIL_OTHER_SUPERSTORES_AND_WAREHOUSES,1280000.0,1220000.0,
174607152,9235108000,homebase,2024,Guildford,RETAIL_OTHER_SUPERSTORES_AND_WAREHOUSES,1280000.0,1210000.0,
174607152,8022653000,homebase,2024,Guildford,RETAIL_OTHER_SUPERSTORES_AND_WAREHOUSES,1280000.0,1200000.0,
175136016,260714045,wilko,2023,North Northamptonshire,RETAIL_OTHER_SUPERSTORES_AND_WAREHOUSES,160000.0,161000.0,
175136016,177944016,wilko,2023,North Northamptonshire,RETAIL_OTHER_SUPERSTORES_AND_WAREHOUSES,160000.0,161000.0,
175136016,11919295000,wilko,2023,North Northamptonshire,RETAIL_OTHER_SUPERSTORES_AND_WAREHOUSES,160000.0,157000.0,
175180016,118140045,wilko,2023,North Northamptonshire,RETAIL_RESTAURANTS_AND_CAFES,7500.0,7500.0,
175180016,247818045,wilko,2023,North Northamptonshire,RETAIL_RESTAURANTS_AND_CAFES,7500.0,7500.0,
175180016,4269190000,wilko,2023,North Northamptonshire,RETAIL_RESTAURANTS_AND_CAFES,7500.0,7500.0,
175181016,176320045,wilko,2023,North Northamptonshire,RETAIL_HIGH_STREET,7700.0,7700.0,
175181016,3442956000,wilko,2023,North Northamptonshire,RETAIL_HIGH_STREET,7700.0,7700.0,
175181016,175524016,wilko,2023,North Northamptonshire,RETAIL_HIGH_STREET,7700.0,7700.0,
176693108,176693108,debenhams,2020,North Yorkshire,RETAIL_OTHER_SUPERSTORES_AND_WAREHOUSES,480000.0,480000.0,
176693108,171136108,debenhams,2020,North Yorkshire,RETAIL_OTHER_SUPERSTORES_AND_WAREHOUSES,480000.0,486500.0,
176693108,8789513000,debenhams,2020,North Yorkshire,RETAIL_OTHER_SUPERSTORES_AND_WAREHOUSES,480000.0,472500.0,
176894186,1275447000,thomas cook,2019,Somerset,RETAIL_HIGH_STREET,8000.0,8000.0,
176894186,188987186,thomas cook,2019,Somerset,RETAIL_HIGH_STREET,8000.0,8000.0,
176894186,13724750000,thomas cook,2019,Somerset,RETAIL_HIGH_STREET,8000.0,8000.0,
177304126,11479800000,bhs,2016,Preston,RETAIL_OTHER_SUPERSTORES_AND_WAREHOUSES,525000.0,555000.0,
177304126,10883086000,bhs,2016,Preston,RETAIL_OTHER_SUPERSTORES_AND_WAREHOUSES,525000.0,485000.0,
177304126,4443693000,bhs,2016,Preston,RETAIL_OTHER_SUPERSTORES_AND_WAREHOUSES,525000.0,482500.0,
177516125,199509125,thomas cook,2019,Lancaster,RETAIL_HIGH_STREET,8900.0,8900.0,
177516125,135867125,thomas cook,2019,Lancaster,RETAIL_HIGH_STREET,8900.0,8900.0,
177516125,181296125,thomas cook,2019,Lancaster,RETAIL_HIGH_STREET,8900.0,8800.0,
177570045,3994792000,wilko,2023,North Northamptonshire,RETAIL_OTHER_SUPERSTORES_AND_WAREHOUSES,207000.0,207000.0,
177570045,263080045,wilko,2023,North Northamptonshire,RETAIL_OTHER_SUPERSTORES_AND_WAREHOUSES,207000.0,208000.0,
177570045,5831649000,wilko,2023,North Northamptonshire,RETAIL_OTHER_SUPERSTORES_AND_WAREHOUSES,207000.0,203000.0,
177719182,2426987000,debenhams,2020,Torbay,RETAIL_OTHER_SUPERSTORES_AND_WAREHOUSES,150000.0,152000.0,
177719182,12409663000,debenhams,2020,Torbay,RETAIL_OTHER_SUPERSTORES_AND_WAREHOUSES,150000.0,153000.0,
177719182,3945658000,debenhams,2020,Torbay,RETAIL_OTHER_SUPERSTORES_AND_WAREHOUSES,150000.0,143000.0,
177759023,14762807000,prezzo,2018,Braintree,RETAIL_RESTAURANTS_AND_CAFES,48250.0,48500.0,
177759023,6411851000,prezzo,2018,Braintree,RETAIL_RESTAURANTS_AND_CAFES,48250.0,49500.0,
177759023,88006023,prezzo,2018,Braintree,RETAIL_RESTAURANTS_AND_CAFES,48250.0,46650.0,
178624186,9067683000,thomas cook,2019,Somerset,RETAIL_HIGH_STREET,24500.0,24500.0,
178624186,263265186,thomas cook,2019,Somerset,RETAIL_HIGH_STREET,24500.0,24500.0,
178624186,139259186,thomas cook,2019,Somerset,RETAIL_HIGH_STREET,24500.0,24500.0,
178641016,492188000,body shop,2024,Peterborough,RETAIL_HIGH_STREET,123000.0,122000.0,
178641016,12448085000,body shop,2024,Peterborough,RETAIL_HIGH_STREET,123000.0,124000.0,
178641016,458925012,body shop,2024,Peterborough,RETAIL_HIGH_STREET,123000.0,119000.0,
178685016,457756012,thomas cook,2019,Peterborough,RETAIL_HIGH_STREET,103000.0,103000.0,
178685016,379497016,thomas cook,2019,Peterborough,RETAIL_HIGH_STREET,103000.0,102000.0,
178685016,9091312000,thomas cook,2019,Peterborough,RETAIL_HIGH_STREET,103000.0,101000.0,
178774126,7124126,body shop,2024,Preston,RETAIL_HIGH_STREET,65000.0,65000.0,
178774126,8331745000,body shop,2024,Preston,RETAIL_HIGH_STREET,65000.0,64500.0,
178774126,5304619000,body shop,2024,Preston,RETAIL_HIGH_STREET,65000.0,64500.0,
180078172,3882596000,frankie&bennys,2020,"Bournemouth, Christchurch and Poole",OFFICE_GENERAL,7500.0,7500.0,
180078172,2161038000,frankie&bennys,2020,"Bournemouth, Christchurch and Poole",OFFICE_GENERAL,7500.0,7500.0,
180078172,12762874000,frankie&bennys,2020,"Bournemouth, Christchurch and Poole",OFFICE_GENERAL,7500.0,7500.0,
180124184,301339184,frankie&bennys,2020,Plymouth,LEISURE_AMUSEMENT_AND_ENTERTAINMENT_CENTRES,15500.0,15750.0,
180124184,6590527000,frankie&bennys,2020,Plymouth,LEISURE_AMUSEMENT_AND_ENTERTAINMENT_CENTRES,15500.0,15000.0,
180124184,10689810000,frankie&bennys,2020,Plymouth,LEISURE_AMUSEMENT_AND_ENTERTAINMENT_CENTRES,15500.0,15000.0,
180275046,98905046,thomas cook,2019,Charnwood,RETAIL_HIGH_STREET,6800.0,6800.0,
180275046,84195046,thomas cook,2019,Charnwood,RETAIL_HIGH_STREET,6800.0,6800.0,
180275046,8765220000,thomas cook,2019,Charnwood,RETAIL_HIGH_STREET,6800.0,6800.0,
180875163,180693163,cafe rouge,2020,South Oxfordshire,RETAIL_RESTAURANTS_AND_CAFES,34000.0,34000.0,
180875163,180459163,cafe rouge,2020,South Oxfordshire,RETAIL_RESTAURANTS_AND_CAFES,34000.0,34500.0,
180875163,141741163,cafe rouge,2020,South Oxfordshire,RETAIL_RESTAURANTS_AND_CAFES,34000.0,34500.0,
181217144,8109563000,body shop,2024,Eastbourne,RETAIL_HIGH_STREET,57000.0,57000.0,
181217144,69814144,body shop,2024,Eastbourne,RETAIL_HIGH_STREET,57000.0,58000.0,
181217144,69802144,body shop,2024,Eastbourne,RETAIL_HIGH_STREET,57000.0,55500.0,
181451144,9307057000,frankie&bennys,2020,Eastbourne,RETAIL_RESTAURANTS_AND_CAFES,77500.0,76500.0,
181451144,4265543000,frankie&bennys,2020,Eastbourne,RETAIL_RESTAURANTS_AND_CAFES,77500.0,78500.0,
181451144,4094766000,frankie&bennys,2020,Eastbourne,RETAIL_RESTAURANTS_AND_CAFES,77500.0,74500.0,
182469186,3973395000,body shop,2024,Somerset,RETAIL_HIGH_STREET,43250.0,43000.0,
182469186,14994192000,body shop,2024,Somerset,RETAIL_HIGH_STREET,43250.0,43500.0,
182469186,13596186,body shop,2024,Somerset,RETAIL_HIGH_STREET,43250.0,43500.0,
182581237,9213672000,body shop,2024,Warwick,OFFICE_GENERAL,7100.0,7100.0,
182581237,14954377000,body shop,2024,Warwick,OFFICE_GENERAL,7100.0,7100.0,
182581237,173189237,body shop,2024,Warwick,OFFICE_GENERAL,7100.0,7100.0,
182695237,10603152000,body shop,2024,Warwick,RETAIL_HIGH_STREET,59500.0,59500.0,
182695237,8967058000,body shop,2024,Warwick,RETAIL_HIGH_STREET,59500.0,59500.0,
182695237,3336639000,body shop,2024,Warwick,RETAIL_HIGH_STREET,59500.0,59500.0,
182861141,370911141,arcadia,2020,Crawley,RETAIL_HIGH_STREET,52000.0,52000.0,
182861141,13851294000,arcadia,2020,Crawley,RETAIL_HIGH_STREET,52000.0,53000.0,
182861141,9714515000,arcadia,2020,Crawley,RETAIL_HIGH_STREET,52000.0,50500.0,
182892186,285603186,debenhams,2020,Somerset,RETAIL_OTHER_SUPERSTORES_AND_WAREHOUSES,405000.0,407500.0,
182892186,161514186,debenhams,2020,Somerset,RETAIL_OTHER_SUPERSTORES_AND_WAREHOUSES,405000.0,400000.0,
182892186,182472186,debenhams,2020,Somerset,RETAIL_OTHER_SUPERSTORES_AND_WAREHOUSES,405000.0,410000.0,
182952186,108764186,arcadia,2020,Somerset,RETAIL_HIGH_STREET,137000.0,135000.0,
182952186,5663693000,arcadia,2020,Somerset,RETAIL_HIGH_STREET,137000.0,133000.0,
182952186,107806186,arcadia,2020,Somerset,RETAIL_HIGH_STREET,137000.0,132000.0,
182985186,14964525000,debenhams,2020,Somerset,OFFICE_GENERAL,332500.0,332500.0,
182985186,6214457000,debenhams,2020,Somerset,OFFICE_GENERAL,332500.0,325000.0,
182985186,12365057000,debenhams,2020,Somerset,OFFICE_GENERAL,332500.0,362500.0,
182987237,11352051000,arcadia,2020,Warwick,OTHER_COMMERCIAL,8200.0,8300.0,
182987237,8773503000,arcadia,2020,Warwick,OTHER_COMMERCIAL,8200.0,8300.0,
182987237,8695515000,arcadia,2020,Warwick,OTHER_COMMERCIAL,8200.0,8300.0,
183445016,10188559000,poundworld,2018,Peterborough,RETAIL_HIGH_STREET,93500.0,93000.0,
183445016,175131016,poundworld,2018,Peterborough,RETAIL_HIGH_STREET,93500.0,92500.0,
183445016,9754691000,poundworld,2018,Peterborough,RETAIL_HIGH_STREET,93500.0,92500.0,
183581148,9974508000,arcadia,2020,Sevenoaks,LEISURE_LUXURY_HOTELS,270000.0,307500.0,
183581148,11495930000,arcadia,2020,Sevenoaks,LEISURE_LUXURY_HOTELS,270000.0,171000.0,
183581148,8520123000,arcadia,2020,Sevenoaks,LEISURE_LUXURY_HOTELS,270000.0,140850.0,
184148016,8398370000,toys r us,2018,Peterborough,RETAIL_OTHER_SUPERSTORES_AND_WAREHOUSES,615000.0,590000.0,
184148016,10992243000,toys r us,2018,Peterborough,RETAIL_OTHER_SUPERSTORES_AND_WAREHOUSES,615000.0,565000.0,
184148016,9495848000,toys r us,2018,Peterborough,RETAIL_OTHER_SUPERSTORES_AND_WAREHOUSES,615000.0,670000.0,
186570186,14991007000,arcadia,2020,Somerset,RETAIL_OTHER_SUPERSTORES_AND_WAREHOUSES,10750.0,10750.0,
186570186,11553317000,arcadia,2020,Somerset,RETAIL_OTHER_SUPERSTORES_AND_WAREHOUSES,10750.0,10750.0,
186570186,186570186,arcadia,2020,Somerset,RETAIL_OTHER_SUPERSTORES_AND_WAREHOUSES,10750.0,10750.0,
188256186,178956186,prezzo,2018,Somerset,INDUSTRIAL_LIGHT,5600.0,5600.0,
188256186,1328191000,prezzo,2018,Somerset,INDUSTRIAL_LIGHT,5600.0,5600.0,
188256186,6101419000,prezzo,2018,Somerset,INDUSTRIAL_LIGHT,5600.0,5600.0,
188548226,140007226,wilko,2023,Cannock Chase,RETAIL_HIGH_STREET,47500.0,46500.0,
188548226,2282598000,wilko,2023,Cannock Chase,RETAIL_HIGH_STREET,47500.0,46250.0,
188548226,3369442000,wilko,2023,Cannock Chase,RETAIL_HIGH_STREET,47500.0,46000.0,
189871022,197960022,bhs,2016,Harlow,RETAIL_OTHER_SUPERSTORES_AND_WAREHOUSES,497500.0,490000.0,
189871022,9719790000,bhs,2016,Harlow,RETAIL_OTHER_SUPERSTORES_AND_WAREHOUSES,497500.0,477500.0,
189871022,14027166000,bhs,2016,Harlow,RETAIL_OTHER_SUPERSTORES_AND_WAREHOUSES,497500.0,520000.0,
190263172,10918915000,body shop,2024,"Bournemouth, Christchurch and Poole",RETAIL_HIGH_STREET,121000.0,122000.0,
190263172,183793172,body shop,2024,"Bournemouth, Christchurch and Poole",RETAIL_HIGH_STREET,121000.0,119000.0,
190263172,180981172,body shop,2024,"Bournemouth, Christchurch and Poole",RETAIL_HIGH_STREET,121000.0,119000.0,
190733022,7199580000,thomas cook,2019,Chelmsford,RETAIL_HIGH_STREET,99000.0,98500.0,
190733022,877253022,thomas cook,2019,Chelmsford,RETAIL_HIGH_STREET,99000.0,97000.0,
190733022,10879639000,thomas cook,2019,Chelmsford,RETAIL_HIGH_STREET,99000.0,101000.0,
190834022,14668789000,thomas cook,2019,Chelmsford,RETAIL_HIGH_STREET,43250.0,43250.0,
190834022,9887022,thomas cook,2019,Chelmsford,RETAIL_HIGH_STREET,43250.0,43250.0,
190834022,5161532000,thomas cook,2019,Chelmsford,RETAIL_HIGH_STREET,43250.0,43000.0,
191096011,212258011,arcadia,2020,Central Bedfordshire,RETAIL_RESTAURANTS_AND_CAFES,24000.0,24000.0,
191096011,191096011,arcadia,2020,Central Bedfordshire,RETAIL_RESTAURANTS_AND_CAFES,24000.0,24000.0,
191096011,14513257000,arcadia,2020,Central Bedfordshire,RETAIL_RESTAURANTS_AND_CAFES,24000.0,24000.0,
191526145,9811307000,arcadia,2020,Canterbury,OFFICE_GENERAL,2700.0,2700.0,
191526145,3838683000,arcadia,2020,Canterbury,OFFICE_GENERAL,2700.0,2700.0,
191526145,11254705000,arcadia,2020,Canterbury,OFFICE_GENERAL,2700.0,2700.0,
191671145,157366145,thomas cook,2019,Canterbury,RETAIL_HIGH_STREET,8300.0,8300.0,
191671145,9052606000,thomas cook,2019,Canterbury,RETAIL_HIGH_STREET,8300.0,8300.0,
191671145,156472145,thomas cook,2019,Canterbury,RETAIL_HIGH_STREET,8300.0,8300.0,
192093148,14999577000,cath kidston,2020,Tunbridge Wells,RETAIL_HIGH_STREET,65500.0,65500.0,
192093148,153147148,cath kidston,2020,Tunbridge Wells,RETAIL_HIGH_STREET,65500.0,65000.0,
192093148,153177148,cath kidston,2020,Tunbridge Wells,RETAIL_HIGH_STREET,65500.0,65000.0,
192998013,57329013,prezzo,2018,North Hertfordshire,RETAIL_HIGH_STREET,75500.0,74000.0,
192998013,194204013,prezzo,2018,North Hertfordshire,RETAIL_HIGH_STREET,75500.0,73000.0,
192998013,3806068000,prezzo,2018,North Hertfordshire,RETAIL_HIGH_STREET,75500.0,71000.0,
193238171,777046000,thomas cook,2019,Basingstoke and Deane,RETAIL_HIGH_STREET,91000.0,90500.0,
193238171,2696037000,thomas cook,2019,Basingstoke and Deane,RETAIL_HIGH_STREET,91000.0,91500.0,
193238171,2756338000,thomas cook,2019,Basingstoke and Deane,RETAIL_HIGH_STREET,91000.0,91500.0,
193299125,253311125,thomas cook,2019,Blackpool,RETAIL_HIGH_STREET,36000.0,36000.0,
193299125,197667125,thomas cook,2019,Blackpool,RETAIL_HIGH_STREET,36000.0,35750.0,
193299125,8030641000,thomas cook,2019,Blackpool,RETAIL_HIGH_STREET,36000.0,36250.0,
193312241,133396241,wilko,2023,Bradford,RETAIL_HIGH_STREET,40000.0,40000.0,
193312241,6342748000,wilko,2023,Bradford,RETAIL_HIGH_STREET,40000.0,40000.0,
193312241,5488808000,wilko,2023,Bradford,RETAIL_HIGH_STREET,40000.0,40000.0,
193514125,9395540000,bella italia,2020,Lancaster,RETAIL_HIGH_STREET,51000.0,51000.0,
193514125,6108610000,bella italia,2020,Lancaster,RETAIL_HIGH_STREET,51000.0,52000.0,
193514125,14288605000,bella italia,2020,Lancaster,RETAIL_HIGH_STREET,51000.0,49500.0,
193782186,8833539000,homebase,2024,Somerset,RETAIL_OTHER_SUPERSTORES_AND_WAREHOUSES,555000.0,555000.0,
193782186,14799350000,homebase,2024,Somerset,RETAIL_OTHER_SUPERSTORES_AND_WAREHOUSES,555000.0,595000.0,
193782186,1573550000,homebase,2024,Somerset,RETAIL_OTHER_SUPERSTORES_AND_WAREHOUSES,555000.0,615000.0,
194132102,2115459000,thomas cook,2019,Stockton-on-Tees,RETAIL_HIGH_STREET,43750.0,43500.0,
194132102,229679102,thomas cook,2019,Stockton-on-Tees,RETAIL_HIGH_STREET,43750.0,43500.0,
194132102,331706102,thomas cook,2019,Stockton-on-Tees,RETAIL_HIGH_STREET,43750.0,44000.0,
194209013,1517007000,arcadia,2020,North Hertfordshire,RETAIL_HIGH_STREET,68500.0,69000.0,
194209013,7509933000,arcadia,2020,North Hertfordshire,RETAIL_HIGH_STREET,68500.0,69500.0,
194209013,4844277000,arcadia,2020,North Hertfordshire,RETAIL_HIGH_STREET,68500.0,70000.0,
194480023,74797023,thomas cook,2019,Braintree,RETAIL_HIGH_STREET,17250.0,17250.0,
194480023,194481023,thomas cook,2019,Braintree,RETAIL_HIGH_STREET,17250.0,17250.0,
194480023,12990296000,thomas cook,2019,Braintree,RETAIL_HIGH_STREET,17250.0,17000.0,
195308125,8186442000,arcadia,2020,Lancaster,RETAIL_HIGH_STREET,130000.0,127000.0,
195308125,195307125,arcadia,2020,Lancaster,RETAIL_HIGH_STREET,130000.0,126000.0,
195308125,4540104000,arcadia,2020,Lancaster,RETAIL_HIGH_STREET,130000.0,137000.0,
195310125,12890540000,wilko,2023,Lancaster,RETAIL_OTHER_SUPERSTORES_AND_WAREHOUSES,280000.0,282500.0,
195310125,14742269000,wilko,2023,Lancaster,RETAIL_OTHER_SUPERSTORES_AND_WAREHOUSES,280000.0,275000.0,
195310125,11843819000,wilko,2023,Lancaster,RETAIL_OTHER_SUPERSTORES_AND_WAREHOUSES,280000.0,270000.0,
196585241,13409752000,homebase,2024,Bradford,RETAIL_OTHER_SUPERSTORES_AND_WAREHOUSES,307500.0,305000.0,
196585241,14975718000,homebase,2024,Bradford,RETAIL_OTHER_SUPERSTORES_AND_WAREHOUSES,307500.0,305000.0,
196585241,206399241,homebase,2024,Bradford,RETAIL_OTHER_SUPERSTORES_AND_WAREHOUSES,307500.0,300000.0,
196625125,10265782000,arcadia,2020,Blackpool,OFFICE_GENERAL,0.0,0.0,
196625125,10252505000,arcadia,2020,Blackpool,OFFICE_GENERAL,0.0,0.0,
196625125,194005125,arcadia,2020,Blackpool,OFFICE_GENERAL,0.0,0.0,
196695072,21409072,thomas cook,2019,Bromley,RETAIL_HIGH_STREET,38250.0,38250.0,
196695072,1845453000,thomas cook,2019,Bromley,RETAIL_HIGH_STREET,38250.0,38000.0,
196695072,241239072,thomas cook,2019,Bromley,RETAIL_HIGH_STREET,38250.0,38000.0,
196698165,196665165,arcadia,2020,Reading,RETAIL_HIGH_STREET,247000.0,247000.0,
196698165,1221450000,arcadia,2020,Reading,RETAIL_HIGH_STREET,247000.0,246000.0,
196698165,8362584000,arcadia,2020,Reading,RETAIL_HIGH_STREET,247000.0,245000.0,
196699165,5317392000,arcadia,2020,Reading,OFFICE_GENERAL,10500.0,10500.0,
196699165,496447165,arcadia,2020,Reading,OFFICE_GENERAL,10500.0,10500.0,
196699165,3914535000,arcadia,2020,Reading,OFFICE_GENERAL,10500.0,10500.0,
196700165,12665726000,arcadia,2020,Reading,OFFICE_GENERAL,6400.0,6400.0,
196700165,3914581000,arcadia,2020,Reading,OFFICE_GENERAL,6400.0,6400.0,
196700165,12479665000,arcadia,2020,Reading,OFFICE_GENERAL,6400.0,6400.0,
196711165,10283871000,thomas cook,2019,Reading,RETAIL_HIGH_STREET,172000.0,172000.0,
196711165,980999000,thomas cook,2019,Reading,RETAIL_HIGH_STREET,172000.0,172000.0,
196711165,14963386000,thomas cook,2019,Reading,RETAIL_HIGH_STREET,172000.0,172000.0,
197353044,11731646000,wilko,2023,Leicester,RETAIL_HIGH_STREET,16000.0,16000.0,
197353044,7525029000,wilko,2023,Leicester,RETAIL_HIGH_STREET,16000.0,16000.0,
197353044,13180355000,wilko,2023,Leicester,RETAIL_HIGH_STREET,16000.0,16000.0,
197465165,980024000,homebase,2024,Reading,RETAIL_OTHER_SUPERSTORES_AND_WAREHOUSES,635000.0,635000.0,
197465165,14037886000,homebase,2024,Reading,RETAIL_OTHER_SUPERSTORES_AND_WAREHOUSES,635000.0,645000.0,
197465165,14478248000,homebase,2024,Reading,RETAIL_OTHER_SUPERSTORES_AND_WAREHOUSES,635000.0,605000.0,
197764165,3874830000,mothercare,2019,Reading,RETAIL_HIGH_STREET,165000.0,164000.0,
197764165,977325000,mothercare,2019,Reading,RETAIL_HIGH_STREET,165000.0,167000.0,
197764165,13221907000,mothercare,2019,Reading,RETAIL_HIGH_STREET,165000.0,162000.0,
197968176,65583176,maplin,2018,Southampton,RETAIL_HIGH_STREET,16750.0,16750.0,
197968176,58906176,maplin,2018,Southampton,RETAIL_HIGH_STREET,16750.0,16750.0,
197968176,529819176,maplin,2018,Southampton,RETAIL_HIGH_STREET,16750.0,16750.0,
199529023,10763712000,debenhams,2020,Colchester,RETAIL_OTHER_SUPERSTORES_AND_WAREHOUSES,1035000.0,910000.0,
199529023,6955739000,debenhams,2020,Colchester,RETAIL_OTHER_SUPERSTORES_AND_WAREHOUSES,1035000.0,845000.0,
199529023,17331023,debenhams,2020,Colchester,RETAIL_OTHER_SUPERSTORES_AND_WAREHOUSES,1035000.0,825000.0,
200001023,1032936000,arcadia,2020,Braintree,RETAIL_HIGH_STREET,46250.0,46250.0,
200001023,1208032000,arcadia,2020,Braintree,RETAIL_HIGH_STREET,46250.0,46000.0,
200001023,194495023,arcadia,2020,Braintree,RETAIL_HIGH_STREET,46250.0,46500.0,
200048063,11352303000,byron,2020,Camden,OFFICE_GENERAL,32250.0,32250.0,
200048063,7908787000,byron,2020,Camden,OFFICE_GENERAL,32250.0,32250.0,
200048063,2887484000,byron,2020,Camden,OFFICE_GENERAL,32250.0,32250.0,
201161125,56552125,body shop,2024,Blackpool,RETAIL_HIGH_STREET,84000.0,83000.0,
201161125,8093820000,body shop,2024,Blackpool,RETAIL_HIGH_STREET,84000.0,85000.0,
201161125,980125,body shop,2024,Blackpool,RETAIL_HIGH_STREET,84000.0,86500.0,
201164125,6374969000,arcadia,2020,Blackpool,RETAIL_HIGH_STREET,246000.0,234000.0,
201164125,6563751000,arcadia,2020,Blackpool,RETAIL_HIGH_STREET,246000.0,282500.0,
201164125,277886125,arcadia,2020,Blackpool,RETAIL_HIGH_STREET,246000.0,195000.0,
201249023,1008231000,poundworld,2018,Braintree,RETAIL_HIGH_STREET,95000.0,95000.0,
201249023,948432000,poundworld,2018,Braintree,RETAIL_HIGH_STREET,95000.0,95500.0,
201249023,948402000,poundworld,2018,Braintree,RETAIL_HIGH_STREET,95000.0,96000.0,
201659241,217200241,arcadia,2020,Bradford,INDUSTRIAL_GENERAL,31250.0,31250.0,
201659241,4487602000,arcadia,2020,Bradford,INDUSTRIAL_GENERAL,31250.0,31250.0,
201659241,240925241,arcadia,2020,Bradford,INDUSTRIAL_GENERAL,31250.0,31250.0,
202355241,249927241,body shop,2024,Bradford,INDUSTRIAL_GENERAL,3650.0,3650.0,
202355241,247390241,body shop,2024,Bradford,INDUSTRIAL_GENERAL,3650.0,3650.0,
202355241,198656241,body shop,2024,Bradford,INDUSTRIAL_GENERAL,3650.0,3650.0,
202568171,31663171,debenhams,2020,Rushmoor,RETAIL_OTHER_SUPERSTORES_AND_WAREHOUSES,66500.0,55500.0,
202568171,200963171,debenhams,2020,Rushmoor,RETAIL_OTHER_SUPERSTORES_AND_WAREHOUSES,66500.0,52000.0,
202568171,136607171,debenhams,2020,Rushmoor,RETAIL_OTHER_SUPERSTORES_AND_WAREHOUSES,66500.0,82500.0,
204528222,2993476000,thomas cook,2019,Rugby,RETAIL_HIGH_STREET,23750.0,23750.0,
204528222,239051222,thomas cook,2019,Rugby,RETAIL_HIGH_STREET,23750.0,23500.0,
204528222,204525222,thomas cook,2019,Rugby,RETAIL_HIGH_STREET,23750.0,23250.0,
204826171,1648624000,body shop,2024,Rushmoor,RETAIL_HIGH_STREET,44250.0,44250.0,
204826171,204836171,body shop,2024,Rushmoor,RETAIL_HIGH_STREET,44250.0,43500.0,
204826171,8817975000,body shop,2024,Rushmoor,RETAIL_HIGH_STREET,44250.0,45000.0,
204828171,14558337000,thomas cook,2019,Rushmoor,RETAIL_HIGH_STREET,50500.0,51000.0,
204828171,276733171,thomas cook,2019,Rushmoor,RETAIL_HIGH_STREET,50500.0,51500.0,
204828171,11836160000,thomas cook,2019,Rushmoor,RETAIL_HIGH_STREET,50500.0,51500.0,
204950045,2424045,arcadia,2020,West Northamptonshire,RETAIL_HIGH_STREET,175000.0,167000.0,
204950045,10733265000,arcadia,2020,West Northamptonshire,RETAIL_HIGH_STREET,175000.0,164000.0,
204950045,8128108000,arcadia,2020,West Northamptonshire,RETAIL_HIGH_STREET,175000.0,163000.0,
205123241,7044325000,thomas cook,2019,Bradford,RETAIL_HIGH_STREET,30750.0,30750.0,
205123241,8192234000,thomas cook,2019,Bradford,RETAIL_HIGH_STREET,30750.0,30750.0,
205123241,5877162000,thomas cook,2019,Bradford,RETAIL_HIGH_STREET,30750.0,30750.0,
205392176,6217377000,toys r us,2018,Southampton,RETAIL_OTHER_SUPERSTORES_AND_WAREHOUSES,820000.0,875000.0,
205392176,563819176,toys r us,2018,Southampton,RETAIL_OTHER_SUPERSTORES_AND_WAREHOUSES,820000.0,745000.0,
205392176,8992270000,toys r us,2018,Southampton,RETAIL_OTHER_SUPERSTORES_AND_WAREHOUSES,820000.0,720000.0,
205428045,9079671000,toys r us,2018,West Northamptonshire,RETAIL_OTHER_SUPERSTORES_AND_WAREHOUSES,540000.0,520000.0,
205428045,9865875000,toys r us,2018,West Northamptonshire,RETAIL_OTHER_SUPERSTORES_AND_WAREHOUSES,540000.0,500000.0,
205428045,62924045,toys r us,2018,West Northamptonshire,RETAIL_OTHER_SUPERSTORES_AND_WAREHOUSES,540000.0,497500.0,
205556045,14932035000,mothercare,2019,West Northamptonshire,WAREHOUSING_LARGE_SCALE_AND_HIGH_BAY,8900.0,9000.0,
205556045,207193045,mothercare,2019,West Northamptonshire,WAREHOUSING_LARGE_SCALE_AND_HIGH_BAY,8900.0,9000.0,
205556045,3211601000,mothercare,2019,West Northamptonshire,WAREHOUSING_LARGE_SCALE_AND_HIGH_BAY,8900.0,8700.0,
205688113,9858113,cath kidston,2020,Manchester,RETAIL_HIGH_STREET,132000.0,132000.0,
205688113,9611706000,cath kidston,2020,Manchester,RETAIL_HIGH_STREET,132000.0,132000.0,
205688113,4838094000,cath kidston,2020,Manchester,RETAIL_HIGH_STREET,132000.0,131000.0,
206241011,25566011,arcadia,2020,Bedford,RETAIL_HIGH_STREET,137000.0,137000.0,
206241011,11978708000,arcadia,2020,Bedford,RETAIL_HIGH_STREET,137000.0,136000.0,
206241011,3123195000,arcadia,2020,Bedford,RETAIL_HIGH_STREET,137000.0,134000.0,
206390045,2469307000,arcadia,2020,North Northamptonshire,OFFICE_GENERAL,15000.0,15000.0,
206390045,7076696000,arcadia,2020,North Northamptonshire,OFFICE_GENERAL,15000.0,15000.0,
206390045,12669780000,arcadia,2020,North Northamptonshire,OFFICE_GENERAL,15000.0,15000.0,
206396182,2393487000,wilko,2023,Torbay,LEISURE_BUDGET_HOTELS,19750.0,19750.0,
206396182,6223594000,wilko,2023,Torbay,LEISURE_BUDGET_HOTELS,19750.0,18500.0,
206396182,210481182,wilko,2023,Torbay,LEISURE_BUDGET_HOTELS,19750.0,18500.0,
206402165,9888196000,toys r us,2018,Reading,RETAIL_OTHER_SUPERSTORES_AND_WAREHOUSES,685000.0,700000.0,
206402165,7085168000,toys r us,2018,Reading,RETAIL_OTHER_SUPERSTORES_AND_WAREHOUSES,685000.0,605000.0,
206402165,15037617000,toys r us,2018,Reading,RETAIL_OTHER_SUPERSTORES_AND_WAREHOUSES,685000.0,585000.0,
206449239,11719635000,wilko,2023,Dudley,RETAIL_OTHER_SUPERSTORES_AND_WAREHOUSES,244000.0,238000.0,
206449239,12767434000,wilko,2023,Dudley,RETAIL_OTHER_SUPERSTORES_AND_WAREHOUSES,244000.0,238000.0,
206449239,9306741000,wilko,2023,Dudley,RETAIL_OTHER_SUPERSTORES_AND_WAREHOUSES,244000.0,237000.0,
206804017,9160292000,bhs,2016,Watford,RETAIL_OTHER_SUPERSTORES_AND_WAREHOUSES,815000.0,830000.0,
206804017,17613017,bhs,2016,Watford,RETAIL_OTHER_SUPERSTORES_AND_WAREHOUSES,815000.0,830000.0,
206804017,10456222000,bhs,2016,Watford,RETAIL_OTHER_SUPERSTORES_AND_WAREHOUSES,815000.0,860000.0,
206833241,2583544000,body shop,2024,Bradford,INDUSTRIAL_GENERAL,6400.0,6400.0,
206833241,218584241,body shop,2024,Bradford,INDUSTRIAL_GENERAL,6400.0,6400.0,
206833241,3394639000,body shop,2024,Bradford,INDUSTRIAL_GENERAL,6400.0,6400.0,
207432232,170257232,wilko,2023,East Staffordshire,RETAIL_HIGH_STREET,49250.0,49500.0,
207432232,1596286000,wilko,2023,East Staffordshire,RETAIL_HIGH_STREET,49250.0,48750.0,
207432232,2759842000,wilko,2023,East Staffordshire,RETAIL_HIGH_STREET,49250.0,48500.0,
207721045,6705200000,thomas cook,2019,North Northamptonshire,RETAIL_HIGH_STREET,28500.0,28500.0,
207721045,5425076000,thomas cook,2019,North Northamptonshire,RETAIL_HIGH_STREET,28500.0,28500.0,
207721045,10753618000,thomas cook,2019,North Northamptonshire,RETAIL_HIGH_STREET,28500.0,28500.0,
208084011,205293011,body shop,2024,Bedford,RETAIL_HIGH_STREET,55000.0,54500.0,
208084011,2689526000,body shop,2024,Bedford,RETAIL_HIGH_STREET,55000.0,55500.0,
208084011,25551011,body shop,2024,Bedford,RETAIL_HIGH_STREET,55000.0,55500.0,
208592239,208595239,thomas cook,2019,Dudley,RETAIL_HIGH_STREET,30500.0,30500.0,
208592239,208580239,thomas cook,2019,Dudley,RETAIL_HIGH_STREET,30500.0,30500.0,
208592239,264149239,thomas cook,2019,Dudley,RETAIL_HIGH_STREET,30500.0,30250.0,
208656045,10441136000,poundworld,2018,North Northamptonshire,RETAIL_OTHER_SUPERSTORES_AND_WAREHOUSES,115000.0,115000.0,
208656045,6215915000,poundworld,2018,North Northamptonshire,RETAIL_OTHER_SUPERSTORES_AND_WAREHOUSES,115000.0,117000.0,
208656045,252680045,poundworld,2018,North Northamptonshire,RETAIL_OTHER_SUPERSTORES_AND_WAREHOUSES,115000.0,118000.0,
208711017,13729185000,body shop,2024,Watford,RETAIL_RESTAURANTS_AND_CAFES,7100.0,7200.0,
208711017,35263017,body shop,2024,Watford,RETAIL_RESTAURANTS_AND_CAFES,7100.0,7200.0,
208711017,12919299000,body shop,2024,Watford,RETAIL_RESTAURANTS_AND_CAFES,7100.0,7300.0,
211057113,2576959000,debenhams,2020,Manchester,RETAIL_OTHER_SUPERSTORES_AND_WAREHOUSES,2520000.0,2530000.0,
211057113,6044471000,debenhams,2020,Manchester,RETAIL_OTHER_SUPERSTORES_AND_WAREHOUSES,2520000.0,2410000.0,
211057113,11357785000,debenhams,2020,Manchester,RETAIL_OTHER_SUPERSTORES_AND_WAREHOUSES,2520000.0,2400000.0,
211530182,10574633000,debenhams,2020,Torbay,RETAIL_HIGH_STREET,58000.0,58000.0,
211530182,213086182,debenhams,2020,Torbay,RETAIL_HIGH_STREET,58000.0,58500.0,
211530182,179536182,debenhams,2020,Torbay,RETAIL_HIGH_STREET,58000.0,58500.0,
211750000,247993236,debenhams,2020,Stoke-on-Trent,OTHER_COMMERCIAL,2700.0,2700.0,
211750000,3684991000,debenhams,2020,Stoke-on-Trent,OTHER_COMMERCIAL,2700.0,2700.0,
211750000,14634915000,debenhams,2020,Stoke-on-Trent,OTHER_COMMERCIAL,2700.0,2700.0,
211752000,14503021000,debenhams,2020,Stoke-on-Trent,OTHER_COMMERCIAL,1800.0,1800.0,
211752000,248429236,debenhams,2020,Stoke-on-Trent,OTHER_COMMERCIAL,1800.0,1800.0,
211752000,249725236,debenhams,2020,Stoke-on-Trent,OTHER_COMMERCIAL,1800.0,1800.0,
211786239,258786239,thomas cook,2019,Dudley,RETAIL_HIGH_STREET,134000.0,132000.0,
211786239,6341344000,thomas cook,2019,Dudley,RETAIL_HIGH_STREET,134000.0,131000.0,
211786239,253426239,thomas cook,2019,Dudley,RETAIL_HIGH_STREET,134000.0,131000.0,
211804239,1044001000,bhs,2016,Dudley,RETAIL_OTHER_SUPERSTORES_AND_WAREHOUSES,960000.0,980000.0,
211804239,13831236000,bhs,2016,Dudley,RETAIL_OTHER_SUPERSTORES_AND_WAREHOUSES,960000.0,1010000.0,
211804239,8990903000,bhs,2016,Dudley,RETAIL_OTHER_SUPERSTORES_AND_WAREHOUSES,960000.0,1030000.0,
211806239,11656755000,debenhams,2020,Dudley,RETAIL_OTHER_SUPERSTORES_AND_WAREHOUSES,1320000.0,1320000.0,
211806239,11735166000,debenhams,2020,Dudley,RETAIL_OTHER_SUPERSTORES_AND_WAREHOUSES,1320000.0,1260000.0,
211806239,8896616000,debenhams,2020,Dudley,RETAIL_OTHER_SUPERSTORES_AND_WAREHOUSES,1320000.0,1390000.0,
212536045,1235180000,arcadia,2020,West Northamptonshire,RETAIL_HIGH_STREET,35500.0,35500.0,
212536045,12796868000,arcadia,2020,West Northamptonshire,RETAIL_HIGH_STREET,35500.0,35500.0,
212536045,7741418000,arcadia,2020,West Northamptonshire,RETAIL_HIGH_STREET,35500.0,35250.0,
212610017,212646017,cath kidston,2020,Watford,RETAIL_HIGH_STREET,158000.0,158000.0,
212610017,212613017,cath kidston,2020,Watford,RETAIL_HIGH_STREET,158000.0,160000.0,
212610017,11221925000,cath kidston,2020,Watford,RETAIL_HIGH_STREET,158000.0,160000.0,
212726017,256677017,paperchase,2023,Watford,RETAIL_HIGH_STREET,214000.0,212000.0,
212726017,3369615000,paperchase,2023,Watford,RETAIL_HIGH_STREET,214000.0,211000.0,
212726017,212678017,paperchase,2023,Watford,RETAIL_HIGH_STREET,214000.0,209000.0,
212918211,10195484000,arcadia,2020,South Gloucestershire,RETAIL_HIGH_STREET,103000.0,103000.0,
212918211,103061211,arcadia,2020,South Gloucestershire,RETAIL_HIGH_STREET,103000.0,103000.0,
212918211,6557642000,arcadia,2020,South Gloucestershire,RETAIL_HIGH_STREET,103000.0,102000.0,
213062045,8456985000,wilko,2023,West Northamptonshire,OFFICE_GENERAL,7400.0,7400.0,
213062045,10025488000,wilko,2023,West Northamptonshire,OFFICE_GENERAL,7400.0,7400.0,
213062045,263065045,wilko,2023,West Northamptonshire,OFFICE_GENERAL,7400.0,7400.0,
213189017,1137262000,body shop,2024,Watford,RETAIL_HIGH_STREET,157000.0,150000.0,
213189017,6227017,body shop,2024,Watford,RETAIL_HIGH_STREET,157000.0,149000.0,
213189017,13798654000,body shop,2024,Watford,RETAIL_HIGH_STREET,157000.0,148000.0,
214482125,428983000,body shop,2024,Lancaster,RETAIL_HIGH_STREET,54000.0,53000.0,
214482125,208026125,body shop,2024,Lancaster,RETAIL_HIGH_STREET,54000.0,52500.0,
214482125,208024125,body shop,2024,Lancaster,RETAIL_HIGH_STREET,54000.0,52500.0,
215669102,9100581000,frankie&bennys,2020,Stockton-on-Tees,RETAIL_HIGH_STREET,8900.0,8900.0,
215669102,30064000,frankie&bennys,2020,Stockton-on-Tees,RETAIL_HIGH_STREET,8900.0,8900.0,
215669102,4575424000,frankie&bennys,2020,Stockton-on-Tees,RETAIL_HIGH_STREET,8900.0,8900.0,
216058232,5280119000,arcadia,2020,East Staffordshire,RETAIL_HIGH_STREET,145000.0,141000.0,
216058232,214786232,arcadia,2020,East Staffordshire,RETAIL_HIGH_STREET,145000.0,149000.0,
216058232,261184232,arcadia,2020,East Staffordshire,RETAIL_HIGH_STREET,145000.0,138000.0,
216973042,9246386000,poundworld,2018,Derby,RETAIL_HIGH_STREET,99500.0,99000.0,
216973042,9245919000,poundworld,2018,Derby,RETAIL_HIGH_STREET,99500.0,98000.0,
216973042,9246127000,poundworld,2018,Derby,RETAIL_HIGH_STREET,99500.0,98000.0,
217040011,217040011,arcadia,2020,Bedford,RETAIL_HIGH_STREET,17000.0,17000.0,
217040011,11275538000,arcadia,2020,Bedford,RETAIL_HIGH_STREET,17000.0,17000.0,
217040011,14604011,arcadia,2020,Bedford,RETAIL_HIGH_STREET,17000.0,17000.0,
217182042,2449991000,bhs,2016,Derby,RETAIL_OTHER_SUPERSTORES_AND_WAREHOUSES,350000.0,347500.0,
217182042,14799587000,bhs,2016,Derby,RETAIL_OTHER_SUPERSTORES_AND_WAREHOUSES,350000.0,342500.0,
217182042,138759000,bhs,2016,Derby,RETAIL_OTHER_SUPERSTORES_AND_WAREHOUSES,350000.0,357500.0,
217240232,9274212000,thomas cook,2019,East Staffordshire,RETAIL_HIGH_STREET,37500.0,37750.0,
217240232,11842492000,thomas cook,2019,East Staffordshire,RETAIL_HIGH_STREET,37500.0,38000.0,
217240232,1715283000,thomas cook,2019,East Staffordshire,RETAIL_HIGH_STREET,37500.0,36750.0,
217569072,10763350000,arcadia,2020,Bromley,OFFICE_GENERAL,6100.0,6100.0,
217569072,14693590000,arcadia,2020,Bromley,OFFICE_GENERAL,6100.0,6100.0,
217569072,10302538000,arcadia,2020,Bromley,OFFICE_GENERAL,6100.0,6100.0,
217983011,217983011,arcadia,2020,Central Bedfordshire,RETAIL_RESTAURANTS_AND_CAFES,12000.0,12000.0,
217983011,138284011,arcadia,2020,Central Bedfordshire,RETAIL_RESTAURANTS_AND_CAFES,12000.0,12000.0,
217983011,13676191000,arcadia,2020,Central Bedfordshire,RETAIL_RESTAURANTS_AND_CAFES,12000.0,12000.0,
220438214,6763137000,thomas cook,2019,Gloucester,RETAIL_HIGH_STREET,102000.0,100000.0,
220438214,902356000,thomas cook,2019,Gloucester,RETAIL_HIGH_STREET,102000.0,104000.0,
220438214,4377161000,thomas cook,2019,Gloucester,RETAIL_HIGH_STREET,102000.0,99500.0,
221590132,10000775000,wilko,2023,Cheshire West and Chester,RETAIL_HIGH_STREET,159000.0,159000.0,
221590132,18835132,wilko,2023,Cheshire West and Chester,RETAIL_HIGH_STREET,159000.0,158000.0,
221590132,14297603000,wilko,2023,Cheshire West and Chester,RETAIL_HIGH_STREET,159000.0,158000.0,
221789082,167646082,strada,2018,Hammersmith and Fulham,RETAIL_RESTAURANTS_AND_CAFES,52000.0,52000.0,
221789082,9762126000,strada,2018,Hammersmith and Fulham,RETAIL_RESTAURANTS_AND_CAFES,52000.0,52000.0,
221789082,221124082,strada,2018,Hammersmith and Fulham,RETAIL_RESTAURANTS_AND_CAFES,52000.0,52000.0,
222272072,222235072,thomas cook,2019,Bromley,RETAIL_HIGH_STREET,14500.0,14500.0,
222272072,218330072,thomas cook,2019,Bromley,RETAIL_HIGH_STREET,14500.0,14500.0,
222272072,10876647000,thomas cook,2019,Bromley,RETAIL_HIGH_STREET,14500.0,14500.0,
222314082,7736811000,poundworld,2018,Hammersmith and Fulham,RETAIL_OTHER_SUPERSTORES_AND_WAREHOUSES,97000.0,106000.0,
222314082,14736396000,poundworld,2018,Hammersmith and Fulham,RETAIL_OTHER_SUPERSTORES_AND_WAREHOUSES,97000.0,84000.0,
222314082,4494050000,poundworld,2018,Hammersmith and Fulham,RETAIL_OTHER_SUPERSTORES_AND_WAREHOUSES,97000.0,114000.0,
222693214,14786616000,debenhams,2020,Gloucester,RETAIL_OTHER_SUPERSTORES_AND_WAREHOUSES,1170000.0,1160000.0,
222693214,4421148000,debenhams,2020,Gloucester,RETAIL_OTHER_SUPERSTORES_AND_WAREHOUSES,1170000.0,1220000.0,
222693214,15083996000,debenhams,2020,Gloucester,RETAIL_OTHER_SUPERSTORES_AND_WAREHOUSES,1170000.0,1230000.0,
223427237,4738412000,body shop,2024,Warwick,INDUSTRIAL_GENERAL,10750.0,10750.0,
223427237,9778978000,body shop,2024,Warwick,INDUSTRIAL_GENERAL,10750.0,10750.0,
223427237,14548495000,body shop,2024,Warwick,INDUSTRIAL_GENERAL,10750.0,10750.0,
223550044,9574942000,debenhams,2020,Leicester,RETAIL_OTHER_SUPERSTORES_AND_WAREHOUSES,1250000.0,1330000.0,
223550044,14778052000,debenhams,2020,Leicester,RETAIL_OTHER_SUPERSTORES_AND_WAREHOUSES,1250000.0,1130000.0,
223550044,9269847000,debenhams,2020,Leicester,RETAIL_OTHER_SUPERSTORES_AND_WAREHOUSES,1250000.0,1470000.0,
223611063,12119450000,cafe rouge,2020,Camden,RETAIL_RESTAURANTS_AND_CAFES,178000.0,179000.0,
223611063,8775073000,cafe rouge,2020,Camden,RETAIL_RESTAURANTS_AND_CAFES,178000.0,175000.0,
223611063,1203258000,cafe rouge,2020,Camden,RETAIL_RESTAURANTS_AND_CAFES,178000.0,181000.0,
223809042,14978799000,toys r us,2018,Derby,RETAIL_OTHER_SUPERSTORES_AND_WAREHOUSES,550000.0,515000.0,
223809042,7611218000,toys r us,2018,Derby,RETAIL_OTHER_SUPERSTORES_AND_WAREHOUSES,550000.0,460000.0,
223809042,9245679000,toys r us,2018,Derby,RETAIL_OTHER_SUPERSTORES_AND_WAREHOUSES,550000.0,640000.0,
223810042,11972042,homebase,2024,Derby,RETAIL_OTHER_SUPERSTORES_AND_WAREHOUSES,485000.0,450000.0,
223810042,973528000,homebase,2024,Derby,RETAIL_OTHER_SUPERSTORES_AND_WAREHOUSES,485000.0,412500.0,
223810042,6393431000,homebase,2024,Derby,RETAIL_OTHER_SUPERSTORES_AND_WAREHOUSES,485000.0,400000.0,
223947192,10135710000,mothercare,2019,Cardiff,RETAIL_OTHER_SUPERSTORES_AND_WAREHOUSES,214000.0,214000.0,
223947192,761733000,mothercare,2019,Cardiff,RETAIL_OTHER_SUPERSTORES_AND_WAREHOUSES,214000.0,211000.0,
223947192,9094239000,mothercare,2019,Cardiff,RETAIL_OTHER_SUPERSTORES_AND_WAREHOUSES,214000.0,211000.0,
224825036,14173210000,body shop,2024,Norwich,OFFICE_GENERAL,5800.0,5800.0,
224825036,14836560000,body shop,2024,Norwich,OFFICE_GENERAL,5800.0,5800.0,
224825036,10504335000,body shop,2024,Norwich,OFFICE_GENERAL,5800.0,5800.0,
224847036,8676647000,arcadia,2020,Norwich,RETAIL_HIGH_STREET,5600.0,5600.0,
224847036,4272218000,arcadia,2020,Norwich,RETAIL_HIGH_STREET,5600.0,5600.0,
224847036,7632389000,arcadia,2020,Norwich,RETAIL_HIGH_STREET,5600.0,5600.0,
228447046,7490596000,body shop,2024,Charnwood,RETAIL_HIGH_STREET,27750.0,27750.0,
228447046,165558046,body shop,2024,Charnwood,RETAIL_HIGH_STREET,27750.0,27750.0,
228447046,159594046,body shop,2024,Charnwood,RETAIL_HIGH_STREET,27750.0,27250.0,
229498082,131025082,arcadia,2020,Hammersmith and Fulham,RETAIL_HIGH_STREET,13250.0,13250.0,
229498082,134194082,arcadia,2020,Hammersmith and Fulham,RETAIL_HIGH_STREET,13250.0,13250.0,
229498082,131031082,arcadia,2020,Hammersmith and Fulham,RETAIL_HIGH_STREET,13250.0,13250.0,
229512082,222225082,arcadia,2020,Hammersmith and Fulham,RETAIL_HIGH_STREET,153000.0,153000.0,
229512082,229512082,arcadia,2020,Hammersmith and Fulham,RETAIL_HIGH_STREET,153000.0,153000.0,
229512082,11536816000,arcadia,2020,Hammersmith and Fulham,RETAIL_HIGH_STREET,153000.0,153000.0,
229733046,247859046,arcadia,2020,Charnwood,RETAIL_HIGH_STREET,96500.0,96000.0,
229733046,230008046,arcadia,2020,Charnwood,RETAIL_HIGH_STREET,96500.0,94500.0,
229733046,93752046,arcadia,2020,Charnwood,RETAIL_HIGH_STREET,96500.0,90000.0,
231057226,2861739000,thomas cook,2019,Cannock Chase,RETAIL_HIGH_STREET,20000.0,19750.0,
231057226,153033226,thomas cook,2019,Cannock Chase,RETAIL_HIGH_STREET,20000.0,19750.0,
231057226,427075000,thomas cook,2019,Cannock Chase,RETAIL_HIGH_STREET,20000.0,19750.0,
231707222,231707222,arcadia,2020,Coventry,RETAIL_HIGH_STREET,180000.0,180000.0,
231707222,12432639000,arcadia,2020,Coventry,RETAIL_HIGH_STREET,180000.0,179000.0,
231707222,236028222,arcadia,2020,Coventry,RETAIL_HIGH_STREET,180000.0,174000.0,
232356222,14302264000,thomas cook,2019,Coventry,RETAIL_HIGH_STREET,11500.0,11500.0,
232356222,29904222,thomas cook,2019,Coventry,RETAIL_HIGH_STREET,11500.0,11500.0,
232356222,233123222,thomas cook,2019,Coventry,RETAIL_HIGH_STREET,11500.0,11500.0,
232453237,172798237,mothercare,2019,Warwick,RETAIL_OTHER_SUPERSTORES_AND_WAREHOUSES,297500.0,300000.0,
232453237,7666828000,mothercare,2019,Warwick,RETAIL_OTHER_SUPERSTORES_AND_WAREHOUSES,297500.0,315000.0,
232453237,14480957000,mothercare,2019,Warwick,RETAIL_OTHER_SUPERSTORES_AND_WAREHOUSES,297500.0,270000.0,
232656102,232656102,arcadia,2020,Hartlepool,RETAIL_HIGH_STREET,2275.0,2275.0,
232656102,8495670000,arcadia,2020,Hartlepool,RETAIL_HIGH_STREET,2275.0,2250.0,
232656102,34397102,arcadia,2020,Hartlepool,RETAIL_HIGH_STREET,2275.0,2250.0,
232675222,11920574000,arcadia,2020,Coventry,RETAIL_HIGH_STREET,2200.0,2200.0,
232675222,10120248000,arcadia,2020,Coventry,RETAIL_HIGH_STREET,2200.0,2200.0,
232675222,10120249000,arcadia,2020,Coventry,RETAIL_HIGH_STREET,2200.0,2200.0,
233644241,199411241,body shop,2024,Bradford,RETAIL_HIGH_STREET,47750.0,47500.0,
233644241,11616022000,body shop,2024,Bradford,RETAIL_HIGH_STREET,47750.0,47500.0,
233644241,235276241,body shop,2024,Bradford,RETAIL_HIGH_STREET,47750.0,48000.0,
233678102,8790160000,poundworld,2018,Hartlepool,RETAIL_HIGH_STREET,93000.0,95500.0,
233678102,6562962000,poundworld,2018,Hartlepool,RETAIL_HIGH_STREET,93000.0,97500.0,
233678102,233649102,poundworld,2018,Hartlepool,RETAIL_HIGH_STREET,93000.0,98500.0,
233740102,8564599000,thomas cook,2019,Hartlepool,RETAIL_HIGH_STREET,76000.0,75500.0,
233740102,331865102,thomas cook,2019,Hartlepool,RETAIL_HIGH_STREET,76000.0,77000.0,
233740102,624521000,thomas cook,2019,Hartlepool,RETAIL_HIGH_STREET,76000.0,77500.0,
234223072,236173072,poundworld,2018,Bromley,RETAIL_OTHER_SUPERSTORES_AND_WAREHOUSES,106000.0,101000.0,
234223072,4866548000,poundworld,2018,Bromley,RETAIL_OTHER_SUPERSTORES_AND_WAREHOUSES,106000.0,100000.0,
234223072,196677072,poundworld,2018,Bromley,RETAIL_OTHER_SUPERSTORES_AND_WAREHOUSES,106000.0,99500.0,
234314141,44247141,arcadia,2020,Brighton and Hove,RETAIL_HIGH_STREET,3750.0,3750.0,
234314141,13588141,arcadia,2020,Brighton and Hove,RETAIL_HIGH_STREET,3750.0,3750.0,
234314141,23181141,arcadia,2020,Brighton and Hove,RETAIL_HIGH_STREET,3750.0,3750.0,
234569141,235556141,maplin,2018,Brighton and Hove,RETAIL_HIGH_STREET,32750.0,32750.0,
234569141,9488349000,maplin,2018,Brighton and Hove,RETAIL_HIGH_STREET,32750.0,32750.0,
234569141,339142141,maplin,2018,Brighton and Hove,RETAIL_HIGH_STREET,32750.0,32750.0,
234894222,13786213000,homebase,2024,Coventry,RETAIL_OTHER_SUPERSTORES_AND_WAREHOUSES,515000.0,520000.0,
234894222,10765022000,homebase,2024,Coventry,RETAIL_OTHER_SUPERSTORES_AND_WAREHOUSES,515000.0,500000.0,
234894222,9968921000,homebase,2024,Coventry,RETAIL_OTHER_SUPERSTORES_AND_WAREHOUSES,515000.0,535000.0,
234967222,3901820000,thomas cook,2019,Coventry,RETAIL_HIGH_STREET,77500.0,76500.0,
234967222,3901824000,thomas cook,2019,Coventry,RETAIL_HIGH_STREET,77500.0,76500.0,
234967222,11388774000,thomas cook,2019,Coventry,RETAIL_HIGH_STREET,77500.0,79000.0,
235493126,9534818000,arcadia,2020,Preston,RETAIL_HIGH_STREET,417500.0,327500.0,
235493126,7461080000,arcadia,2020,Preston,RETAIL_HIGH_STREET,417500.0,307500.0,
235493126,14010259000,arcadia,2020,Preston,RETAIL_HIGH_STREET,417500.0,287500.0,
236140072,15040226000,prezzo,2018,Bromley,RETAIL_RESTAURANTS_AND_CAFES,34000.0,34000.0,
236140072,8805472000,prezzo,2018,Bromley,RETAIL_RESTAURANTS_AND_CAFES,34000.0,33750.0,
236140072,234340072,prezzo,2018,Bromley,RETAIL_RESTAURANTS_AND_CAFES,34000.0,34250.0,
237268036,14847162000,debenhams,2020,Norwich,INDUSTRIAL_GENERAL,54500.0,54500.0,
237268036,14468309000,debenhams,2020,Norwich,INDUSTRIAL_GENERAL,54500.0,54000.0,
237268036,11473845000,debenhams,2020,Norwich,INDUSTRIAL_GENERAL,54500.0,55000.0,
238474036,9454342000,debenhams,2020,Norwich,RETAIL_OTHER_SUPERSTORES_AND_WAREHOUSES,870000.0,850000.0,
238474036,4354615000,debenhams,2020,Norwich,RETAIL_OTHER_SUPERSTORES_AND_WAREHOUSES,870000.0,830000.0,
238474036,43139036,debenhams,2020,Norwich,RETAIL_OTHER_SUPERSTORES_AND_WAREHOUSES,870000.0,820000.0,
238493133,221060132,arcadia,2020,Cheshire West and Chester,RETAIL_HIGH_STREET,76500.0,76500.0,
238493133,12060340000,arcadia,2020,Cheshire West and Chester,RETAIL_HIGH_STREET,76500.0,76500.0,
238493133,12036263000,arcadia,2020,Cheshire West and Chester,RETAIL_HIGH_STREET,76500.0,76500.0,
238586133,16432132,frankie&bennys,2020,Cheshire West and Chester,RETAIL_HIGH_STREET,16250.0,16250.0,
238586133,16690132,frankie&bennys,2020,Cheshire West and Chester,RETAIL_HIGH_STREET,16250.0,16250.0,
238586133,11952808000,frankie&bennys,2020,Cheshire West and Chester,RETAIL_HIGH_STREET,16250.0,16250.0,
238590133,2865132,thomas cook,2019,Cheshire West and Chester,RETAIL_HIGH_STREET,22500.0,22500.0,
238590133,15056403000,thomas cook,2019,Cheshire West and Chester,RETAIL_HIGH_STREET,22500.0,22500.0,
238590133,7174338000,thomas cook,2019,Cheshire West and Chester,RETAIL_HIGH_STREET,22500.0,22500.0,
238599133,237881133,arcadia,2020,Cheshire West and Chester,RETAIL_HIGH_STREET,61000.0,61000.0,
238599133,13727770000,arcadia,2020,Cheshire West and Chester,RETAIL_HIGH_STREET,61000.0,60500.0,
238599133,2847083000,arcadia,2020,Cheshire West and Chester,RETAIL_HIGH_STREET,61000.0,60500.0,
238606226,10903647000,homebase,2024,Cannock Chase,RETAIL_OTHER_SUPERSTORES_AND_WAREHOUSES,342500.0,355000.0,
238606226,14912958000,homebase,2024,Cannock Chase,RETAIL_OTHER_SUPERSTORES_AND_WAREHOUSES,342500.0,305000.0,
238606226,9163914000,homebase,2024,Cannock Chase,RETAIL_OTHER_SUPERSTORES_AND_WAREHOUSES,342500.0,305000.0,
238987239,10648606000,thomas cook,2019,Dudley,RETAIL_HIGH_STREET,3600.0,3600.0,
238987239,250572239,thomas cook,2019,Dudley,RETAIL_HIGH_STREET,3600.0,3600.0,
238987239,209236239,thomas cook,2019,Dudley,RETAIL_HIGH_STREET,3600.0,3600.0,
240177254,13186372000,wilko,2023,East Riding of Yorkshire,RETAIL_HIGH_STREET,108000.0,108000.0,
240177254,5472792000,wilko,2023,East Riding of Yorkshire,RETAIL_HIGH_STREET,108000.0,108000.0,
240177254,8935662000,wilko,2023,East Riding of Yorkshire,RETAIL_HIGH_STREET,108000.0,106000.0,
240189141,240435141,thomas cook,2019,Crawley,RETAIL_HIGH_STREET,48000.0,47250.0,
240189141,324162141,thomas cook,2019,Crawley,RETAIL_HIGH_STREET,48000.0,49000.0,
240189141,358001141,thomas cook,2019,Crawley,RETAIL_HIGH_STREET,48000.0,46750.0,
240268241,12569482000,carluccios,2020,Bradford,RETAIL_RESTAURANTS_AND_CAFES,35750.0,35750.0,
240268241,115910241,carluccios,2020,Bradford,RETAIL_RESTAURANTS_AND_CAFES,35750.0,35500.0,
240268241,6036295000,carluccios,2020,Bradford,RETAIL_RESTAURANTS_AND_CAFES,35750.0,36000.0,
241017234,12450032000,arcadia,2020,Telford and Wrekin,RETAIL_HIGH_STREET,240000.0,238000.0,
241017234,241014234,arcadia,2020,Telford and Wrekin,RETAIL_HIGH_STREET,240000.0,245000.0,
241017234,3361027000,arcadia,2020,Telford and Wrekin,RETAIL_HIGH_STREET,240000.0,232000.0,
241020234,3360965000,thomas cook,2019,Telford and Wrekin,RETAIL_HIGH_STREET,133000.0,133000.0,
241020234,241054234,thomas cook,2019,Telford and Wrekin,RETAIL_HIGH_STREET,133000.0,133000.0,
241020234,247110234,thomas cook,2019,Telford and Wrekin,RETAIL_HIGH_STREET,133000.0,132000.0,
241061234,9426654000,debenhams,2020,Telford and Wrekin,RETAIL_OTHER_SUPERSTORES_AND_WAREHOUSES,705000.0,735000.0,
241061234,254314234,debenhams,2020,Telford and Wrekin,RETAIL_OTHER_SUPERSTORES_AND_WAREHOUSES,705000.0,670000.0,
241061234,254315234,debenhams,2020,Telford and Wrekin,RETAIL_OTHER_SUPERSTORES_AND_WAREHOUSES,705000.0,665000.0,
241217072,241217072,arcadia,2020,Bromley,OFFICE_GENERAL,38750.0,38750.0,
241217072,10765146000,arcadia,2020,Bromley,OFFICE_GENERAL,38750.0,38500.0,
241217072,5939230000,arcadia,2020,Bromley,OFFICE_GENERAL,38750.0,38500.0,
242444144,14403272000,wilko,2023,Eastbourne,RETAIL_OTHER_SUPERSTORES_AND_WAREHOUSES,207000.0,207000.0,
242444144,12387630000,wilko,2023,Eastbourne,RETAIL_OTHER_SUPERSTORES_AND_WAREHOUSES,207000.0,205000.0,
242444144,265572144,wilko,2023,Eastbourne,RETAIL_OTHER_SUPERSTORES_AND_WAREHOUSES,207000.0,209000.0,
243148013,9837255000,thomas cook,2019,North Hertfordshire,INDUSTRIAL_GENERAL,41750.0,41750.0,
243148013,7171874000,thomas cook,2019,North Hertfordshire,INDUSTRIAL_GENERAL,41750.0,41750.0,
243148013,2835157000,thomas cook,2019,North Hertfordshire,INDUSTRIAL_GENERAL,41750.0,41750.0,
243163236,5465028000,body shop,2024,Stoke-on-Trent,INDUSTRIAL_GENERAL,8400.0,8400.0,
243163236,11617054000,body shop,2024,Stoke-on-Trent,INDUSTRIAL_GENERAL,8400.0,8400.0,
243163236,9113305000,body shop,2024,Stoke-on-Trent,INDUSTRIAL_GENERAL,8400.0,8400.0,
243258000,292933132,cath kidston,2020,Cheshire West and Chester,RETAIL_HIGH_STREET,56500.0,56500.0,
243258000,292919132,cath kidston,2020,Cheshire West and Chester,RETAIL_HIGH_STREET,56500.0,56500.0,
243258000,243263000,cath kidston,2020,Cheshire West and Chester,RETAIL_HIGH_STREET,56500.0,56500.0,
243635241,104114241,maplin,2018,Bradford,RETAIL_OTHER_SUPERSTORES_AND_WAREHOUSES,78500.0,78500.0,
243635241,11296061000,maplin,2018,Bradford,RETAIL_OTHER_SUPERSTORES_AND_WAREHOUSES,78500.0,78500.0,
243635241,194327241,maplin,2018,Bradford,RETAIL_OTHER_SUPERSTORES_AND_WAREHOUSES,78500.0,78000.0,
243716236,244804236,strada,2018,Stoke-on-Trent,LEISURE_LUXURY_HOTELS,35000.0,121500.0,
243716236,9183304000,strada,2018,Stoke-on-Trent,LEISURE_LUXURY_HOTELS,35000.0,151500.0,
243716236,12460883000,strada,2018,Stoke-on-Trent,LEISURE_LUXURY_HOTELS,35000.0,157500.0,
244308044,11990591000,mothercare,2019,Leicester,RETAIL_OTHER_SUPERSTORES_AND_WAREHOUSES,287500.0,290000.0,
244308044,8806281000,mothercare,2019,Leicester,RETAIL_OTHER_SUPERSTORES_AND_WAREHOUSES,287500.0,277500.0,
244308044,203446044,mothercare,2019,Leicester,RETAIL_OTHER_SUPERSTORES_AND_WAREHOUSES,287500.0,270000.0,
244323239,10670773000,maplin,2018,Dudley,RETAIL_OTHER_SUPERSTORES_AND_WAREHOUSES,191000.0,191000.0,
244323239,10415322000,maplin,2018,Dudley,RETAIL_OTHER_SUPERSTORES_AND_WAREHOUSES,191000.0,192000.0,
244323239,244347239,maplin,2018,Dudley,RETAIL_OTHER_SUPERSTORES_AND_WAREHOUSES,191000.0,189000.0,
244467236,14006452000,wilko,2023,Stoke-on-Trent,RETAIL_OTHER_SUPERSTORES_AND_WAREHOUSES,275000.0,280000.0,
244467236,8385019000,wilko,2023,Stoke-on-Trent,RETAIL_OTHER_SUPERSTORES_AND_WAREHOUSES,275000.0,282500.0,
244467236,5666996000,wilko,2023,Stoke-on-Trent,RETAIL_OTHER_SUPERSTORES_AND_WAREHOUSES,275000.0,282500.0,
244590108,110752108,arcadia,2020,North Yorkshire,RETAIL_HIGH_STREET,16250.0,16250.0,
244590108,10081660000,arcadia,2020,North Yorkshire,RETAIL_HIGH_STREET,16250.0,16250.0,
244590108,86461108,arcadia,2020,North Yorkshire,RETAIL_HIGH_STREET,16250.0,16250.0,
245740239,245740239,paperchase,2023,Dudley,RETAIL_HIGH_STREET,196000.0,196000.0,
245740239,11383373000,paperchase,2023,Dudley,RETAIL_HIGH_STREET,196000.0,198000.0,
245740239,253309239,paperchase,2023,Dudley,RETAIL_HIGH_STREET,196000.0,192000.0,
246270033,3714657000,thomas cook,2019,Chesterfield,RETAIL_HIGH_STREET,44750.0,44750.0,
246270033,1349928000,thomas cook,2019,Chesterfield,RETAIL_HIGH_STREET,44750.0,44750.0,
246270033,313049033,thomas cook,2019,Chesterfield,RETAIL_HIGH_STREET,44750.0,45000.0,
246305236,11425215000,maplin,2018,Stoke-on-Trent,OTHER_COMMERCIAL,250.0,250.0,
246305236,5894240000,maplin,2018,Stoke-on-Trent,OTHER_COMMERCIAL,250.0,250.0,
246305236,5894239000,maplin,2018,Stoke-on-Trent,OTHER_COMMERCIAL,250.0,250.0,
246434234,246434234,toys r us,2018,Telford and Wrekin,RETAIL_HIGH_STREET,221000.0,221000.0,
246434234,262593234,toys r us,2018,Telford and Wrekin,RETAIL_HIGH_STREET,221000.0,210000.0,
246434234,12714785000,toys r us,2018,Telford and Wrekin,RETAIL_HIGH_STREET,221000.0,198000.0,
246951239,6292230000,cath kidston,2020,Dudley,RETAIL_HIGH_STREET,216000.0,217000.0,
246951239,245425239,cath kidston,2020,Dudley,RETAIL_HIGH_STREET,216000.0,211000.0,
246951239,3653581000,cath kidston,2020,Dudley,RETAIL_HIGH_STREET,216000.0,210000.0,
247106234,12242942000,mothercare,2019,Telford and Wrekin,RETAIL_OTHER_SUPERSTORES_AND_WAREHOUSES,340000.0,337500.0,
247106234,14307335000,mothercare,2019,Telford and Wrekin,RETAIL_OTHER_SUPERSTORES_AND_WAREHOUSES,340000.0,342500.0,
247106234,975313000,mothercare,2019,Telford and Wrekin,RETAIL_OTHER_SUPERSTORES_AND_WAREHOUSES,340000.0,335000.0,
247491082,6600198000,thomas cook,2019,Hammersmith and Fulham,RETAIL_HIGH_STREET,78500.0,78500.0,
247491082,6460296000,thomas cook,2019,Hammersmith and Fulham,RETAIL_HIGH_STREET,78500.0,78000.0,
247491082,2097060000,thomas cook,2019,Hammersmith and Fulham,RETAIL_HIGH_STREET,78500.0,78000.0,
247728162,5862861000,arcadia,2020,Buckinghamshire,RETAIL_HIGH_STREET,31000.0,31000.0,
247728162,411323162,arcadia,2020,Buckinghamshire,RETAIL_HIGH_STREET,31000.0,31000.0,
247728162,11666829000,arcadia,2020,Buckinghamshire,RETAIL_HIGH_STREET,31000.0,31000.0,
247970141,12935395000,homebase,2024,Crawley,RETAIL_OTHER_SUPERSTORES_AND_WAREHOUSES,935000.0,870000.0,
247970141,12660012000,homebase,2024,Crawley,RETAIL_OTHER_SUPERSTORES_AND_WAREHOUSES,935000.0,1010000.0,
247970141,13558223000,homebase,2024,Crawley,RETAIL_OTHER_SUPERSTORES_AND_WAREHOUSES,935000.0,1010000.0,
248269162,12585416000,prezzo,2018,Buckinghamshire,RETAIL_RESTAURANTS_AND_CAFES,64000.0,64000.0,
248269162,14338661000,prezzo,2018,Buckinghamshire,RETAIL_RESTAURANTS_AND_CAFES,64000.0,63000.0,
248269162,1756972000,prezzo,2018,Buckinghamshire,RETAIL_RESTAURANTS_AND_CAFES,64000.0,65000.0,
250105000,285023184,thomas cook,2019,Plymouth,RETAIL_HIGH_STREET,84000.0,84000.0,
250105000,2754739000,thomas cook,2019,Plymouth,RETAIL_HIGH_STREET,84000.0,84000.0,
250105000,6044456000,thomas cook,2019,Plymouth,RETAIL_HIGH_STREET,84000.0,86000.0,
250860075,4524267000,bhs,2016,Southwark,RETAIL_HIGH_STREET,9200.0,9200.0,
250860075,8114530000,bhs,2016,Southwark,RETAIL_HIGH_STREET,9200.0,9200.0,
250860075,231001075,bhs,2016,Southwark,RETAIL_HIGH_STREET,9200.0,9200.0,
251537222,2661856000,body shop,2024,Coventry,RETAIL_HIGH_STREET,64500.0,65000.0,
251537222,21852222,body shop,2024,Coventry,RETAIL_HIGH_STREET,64500.0,63500.0,
251537222,3895257000,body shop,2024,Coventry,RETAIL_HIGH_STREET,64500.0,63000.0,
251542222,2657063000,arcadia,2020,Coventry,RETAIL_HIGH_STREET,165000.0,166000.0,
251542222,4439769000,arcadia,2020,Coventry,RETAIL_HIGH_STREET,165000.0,167000.0,
251542222,299204222,arcadia,2020,Coventry,RETAIL_HIGH_STREET,165000.0,160000.0,
251551222,14082436000,arcadia,2020,Coventry,RETAIL_HIGH_STREET,85000.0,85000.0,
251551222,251547222,arcadia,2020,Coventry,RETAIL_HIGH_STREET,85000.0,86000.0,
251551222,9424236000,arcadia,2020,Coventry,RETAIL_HIGH_STREET,85000.0,86500.0,
251567222,5303704000,debenhams,2020,Coventry,RETAIL_OTHER_SUPERSTORES_AND_WAREHOUSES,735000.0,795000.0,
251567222,8354861000,debenhams,2020,Coventry,RETAIL_OTHER_SUPERSTORES_AND_WAREHOUSES,735000.0,655000.0,
251567222,236034222,debenhams,2020,Coventry,RETAIL_OTHER_SUPERSTORES_AND_WAREHOUSES,735000.0,855000.0,
251629239,13122045000,body shop,2024,Dudley,OFFICE_GENERAL,690.0,690.0,
251629239,251628239,body shop,2024,Dudley,OFFICE_GENERAL,690.0,690.0,
251629239,247004239,body shop,2024,Dudley,OFFICE_GENERAL,690.0,690.0,
252735241,12520941000,poundworld,2018,Bradford,RETAIL_OTHER_SUPERSTORES_AND_WAREHOUSES,370000.0,367500.0,
252735241,10326401000,poundworld,2018,Bradford,RETAIL_OTHER_SUPERSTORES_AND_WAREHOUSES,370000.0,382500.0,
252735241,3457266000,poundworld,2018,Bradford,RETAIL_OTHER_SUPERSTORES_AND_WAREHOUSES,370000.0,352500.0,
253259239,253258239,arcadia,2020,Dudley,RETAIL_HIGH_STREET,282500.0,280000.0,
253259239,12897040000,arcadia,2020,Dudley,RETAIL_HIGH_STREET,282500.0,277500.0,
253259239,253266239,arcadia,2020,Dudley,RETAIL_HIGH_STREET,282500.0,287500.0,
253263239,5242715000,body shop,2024,Dudley,RETAIL_HIGH_STREET,161000.0,161000.0,
253263239,211737239,body shop,2024,Dudley,RETAIL_HIGH_STREET,161000.0,160000.0,
253263239,253376239,body shop,2024,Dudley,RETAIL_HIGH_STREET,161000.0,162000.0,
253293239,8613979000,arcadia,2020,Dudley,RETAIL_HIGH_STREET,210000.0,208000.0,
253293239,7669328000,arcadia,2020,Dudley,RETAIL_HIGH_STREET,210000.0,207000.0,
253293239,253313239,arcadia,2020,Dudley,RETAIL_HIGH_STREET,210000.0,205000.0,
253304239,206819239,bhs,2016,Dudley,RETAIL_RESTAURANTS_AND_CAFES,46750.0,47250.0,
253304239,201526239,bhs,2016,Dudley,RETAIL_RESTAURANTS_AND_CAFES,46750.0,45750.0,
253304239,265559239,bhs,2016,Dudley,RETAIL_RESTAURANTS_AND_CAFES,46750.0,45750.0,
253756212,329020212,body shop,2024,"Bristol, City of",RETAIL_HIGH_STREET,44500.0,44500.0,
253756212,346837212,body shop,2024,"Bristol, City of",RETAIL_HIGH_STREET,44500.0,44500.0,
253756212,10258704000,body shop,2024,"Bristol, City of",RETAIL_HIGH_STREET,44500.0,44500.0,
254142241,194056241,thomas cook,2019,Bradford,RETAIL_HIGH_STREET,39250.0,39250.0,
254142241,133418241,thomas cook,2019,Bradford,RETAIL_HIGH_STREET,39250.0,39000.0,
254142241,5293226000,thomas cook,2019,Bradford,RETAIL_HIGH_STREET,39250.0,39000.0,
255067212,2277280000,debenhams,2020,"Bristol, City of",RETAIL_OTHER_SUPERSTORES_AND_WAREHOUSES,1380000.0,1390000.0,
255067212,9738992000,debenhams,2020,"Bristol, City of",RETAIL_OTHER_SUPERSTORES_AND_WAREHOUSES,1380000.0,1320000.0,
255067212,321392212,debenhams,2020,"Bristol, City of",RETAIL_OTHER_SUPERSTORES_AND_WAREHOUSES,1380000.0,1310000.0,
255752033,561753033,body shop,2024,Chesterfield,RETAIL_HIGH_STREET,11000.0,11000.0,
255752033,312458033,body shop,2024,Chesterfield,RETAIL_HIGH_STREET,11000.0,11000.0,
255752033,565482033,body shop,2024,Chesterfield,RETAIL_HIGH_STREET,11000.0,11000.0,
256044000,8880132,ted baker,2024,Cheshire West and Chester,RETAIL_HIGH_STREET,56500.0,56500.0,
256044000,243306000,ted baker,2024,Cheshire West and Chester,RETAIL_HIGH_STREET,56500.0,56500.0,
256044000,243331000,ted baker,2024,Cheshire West and Chester,RETAIL_HIGH_STREET,56500.0,56500.0,
256270000,14857931000,cafe rouge,2020,County Durham,RETAIL_RESTAURANTS_AND_CAFES,90000.0,89000.0,
256270000,1071659000,cafe rouge,2020,County Durham,RETAIL_RESTAURANTS_AND_CAFES,90000.0,88500.0,
256270000,8044396000,cafe rouge,2020,County Durham,RETAIL_RESTAURANTS_AND_CAFES,90000.0,91500.0,
256325239,8812322000,wilko,2023,Dudley,RETAIL_OTHER_SUPERSTORES_AND_WAREHOUSES,140000.0,140000.0,
256325239,1427286000,wilko,2023,Dudley,RETAIL_OTHER_SUPERSTORES_AND_WAREHOUSES,140000.0,136000.0,
256325239,7539282000,wilko,2023,Dudley,RETAIL_OTHER_SUPERSTORES_AND_WAREHOUSES,140000.0,144000.0,
257899033,1349965000,thomas cook,2019,Chesterfield,RETAIL_HIGH_STREET,43250.0,43250.0,
257899033,13547212000,thomas cook,2019,Chesterfield,RETAIL_HIGH_STREET,43250.0,43000.0,
257899033,257900033,thomas cook,2019,Chesterfield,RETAIL_HIGH_STREET,43250.0,42250.0,
258402037,14775273000,maplin,2018,Nottingham,RETAIL_HIGH_STREET,14500.0,14500.0,
258402037,6596707000,maplin,2018,Nottingham,RETAIL_HIGH_STREET,14500.0,14500.0,
258402037,255788037,maplin,2018,Nottingham,RETAIL_HIGH_STREET,14500.0,14500.0,
258604013,12556961000,wilko,2023,North Hertfordshire,RETAIL_OTHER_SUPERSTORES_AND_WAREHOUSES,135000.0,131000.0,
258604013,254923013,wilko,2023,North Hertfordshire,RETAIL_OTHER_SUPERSTORES_AND_WAREHOUSES,135000.0,140000.0,
258604013,4784851000,wilko,2023,North Hertfordshire,RETAIL_OTHER_SUPERSTORES_AND_WAREHOUSES,135000.0,127000.0,
258605013,12407789000,wilko,2023,North Hertfordshire,WAREHOUSING_LARGE_SCALE_AND_HIGH_BAY,24500.0,24250.0,
258605013,2285766000,wilko,2023,North Hertfordshire,WAREHOUSING_LARGE_SCALE_AND_HIGH_BAY,24500.0,24250.0,
258605013,2474793000,wilko,2023,North Hertfordshire,WAREHOUSING_LARGE_SCALE_AND_HIGH_BAY,24500.0,24750.0,
259064037,28536037,arcadia,2020,Nottingham,RETAIL_HIGH_STREET,285000.0,285000.0,
259064037,28534037,arcadia,2020,Nottingham,RETAIL_HIGH_STREET,285000.0,282500.0,
259064037,7122491000,arcadia,2020,Nottingham,RETAIL_HIGH_STREET,285000.0,280000.0,
260098037,260100037,arcadia,2020,Nottingham,RETAIL_HIGH_STREET,49000.0,49000.0,
260098037,260529037,arcadia,2020,Nottingham,RETAIL_HIGH_STREET,49000.0,49000.0,
260098037,8788860000,arcadia,2020,Nottingham,RETAIL_HIGH_STREET,49000.0,49000.0,
260122037,13434461000,bhs,2016,Nottingham,RETAIL_OTHER_SUPERSTORES_AND_WAREHOUSES,249000.0,249000.0,
260122037,11788729000,bhs,2016,Nottingham,RETAIL_OTHER_SUPERSTORES_AND_WAREHOUSES,249000.0,243000.0,
260122037,14548608000,bhs,2016,Nottingham,RETAIL_OTHER_SUPERSTORES_AND_WAREHOUSES,249000.0,257500.0,
260138037,10108269000,wilko,2023,Nottingham,RETAIL_OTHER_SUPERSTORES_AND_WAREHOUSES,77500.0,77500.0,
260138037,67234037,wilko,2023,Nottingham,RETAIL_OTHER_SUPERSTORES_AND_WAREHOUSES,77500.0,76000.0,
260138037,333849037,wilko,2023,Nottingham,RETAIL_OTHER_SUPERSTORES_AND_WAREHOUSES,77500.0,72500.0,
260216234,5075975000,bhs,2016,Telford and Wrekin,RETAIL_OTHER_SUPERSTORES_AND_WAREHOUSES,460000.0,435000.0,
260216234,11142828000,bhs,2016,Telford and Wrekin,RETAIL_OTHER_SUPERSTORES_AND_WAREHOUSES,460000.0,422500.0,
260216234,8058399000,bhs,2016,Telford and Wrekin,RETAIL_OTHER_SUPERSTORES_AND_WAREHOUSES,460000.0,497500.0,
260395239,9014721000,wilko,2023,Dudley,RETAIL_OTHER_SUPERSTORES_AND_WAREHOUSES,203000.0,202000.0,
260395239,5518165000,wilko,2023,Dudley,RETAIL_OTHER_SUPERSTORES_AND_WAREHOUSES,203000.0,204000.0,
260395239,8015775000,wilko,2023,Dudley,RETAIL_OTHER_SUPERSTORES_AND_WAREHOUSES,203000.0,201000.0,
261606175,88183175,homebase,2024,Fareham,RETAIL_OTHER_SUPERSTORES_AND_WAREHOUSES,452500.0,450000.0,
261606175,14539438000,homebase,2024,Fareham,RETAIL_OTHER_SUPERSTORES_AND_WAREHOUSES,452500.0,465000.0,
261606175,10633602000,homebase,2024,Fareham,RETAIL_OTHER_SUPERSTORES_AND_WAREHOUSES,452500.0,400000.0,
262538175,110197175,frankie&bennys,2020,Fareham,RETAIL_HIGH_STREET,8400.0,8400.0,
262538175,91845175,frankie&bennys,2020,Fareham,RETAIL_HIGH_STREET,8400.0,8400.0,
262538175,112449175,frankie&bennys,2020,Fareham,RETAIL_HIGH_STREET,8400.0,8400.0,
263134239,14976497000,thomas cook,2019,Dudley,RETAIL_HIGH_STREET,94500.0,94500.0,
263134239,7117423000,thomas cook,2019,Dudley,RETAIL_HIGH_STREET,94500.0,96000.0,
263134239,5701299000,thomas cook,2019,Dudley,RETAIL_HIGH_STREET,94500.0,92500.0,
264730212,10155631000,arcadia,2020,"Bristol, City of",OFFICE_GENERAL,5100.0,5100.0,
264730212,9728763000,arcadia,2020,"Bristol, City of",OFFICE_GENERAL,5100.0,5100.0,
264730212,9930254000,arcadia,2020,"Bristol, City of",OFFICE_GENERAL,5100.0,5100.0,
265114045,2844462000,wilko,2023,North Northamptonshire,RETAIL_OTHER_SUPERSTORES_AND_WAREHOUSES,156000.0,156000.0,
265114045,183143045,wilko,2023,North Northamptonshire,RETAIL_OTHER_SUPERSTORES_AND_WAREHOUSES,156000.0,153000.0,
265114045,8813196000,wilko,2023,North Northamptonshire,RETAIL_OTHER_SUPERSTORES_AND_WAREHOUSES,156000.0,150000.0,
265402037,89784037,arcadia,2020,Nottingham,RETAIL_HIGH_STREET,2300.0,2300.0,
265402037,23669037,arcadia,2020,Nottingham,RETAIL_HIGH_STREET,2300.0,2300.0,
265402037,1859796000,arcadia,2020,Nottingham,RETAIL_HIGH_STREET,2300.0,2300.0,
265573144,5239852000,homebase,2024,Eastbourne,RETAIL_OTHER_SUPERSTORES_AND_WAREHOUSES,450000.0,450000.0,
265573144,270280144,homebase,2024,Eastbourne,RETAIL_OTHER_SUPERSTORES_AND_WAREHOUSES,450000.0,457500.0,
265573144,55644144,homebase,2024,Eastbourne,RETAIL_OTHER_SUPERSTORES_AND_WAREHOUSES,450000.0,432500.0,
265591216,253253216,cath kidston,2020,Wiltshire,RETAIL_HIGH_STREET,17000.0,17000.0,
265591216,551934176,cath kidston,2020,Wiltshire,RETAIL_HIGH_STREET,17000.0,17000.0,
265591216,341420216,cath kidston,2020,Wiltshire,RETAIL_HIGH_STREET,17000.0,17000.0,
265597216,2723127000,thomas cook,2019,Wiltshire,RETAIL_HIGH_STREET,19500.0,19500.0,
265597216,325053176,thomas cook,2019,Wiltshire,RETAIL_HIGH_STREET,19500.0,19500.0,
265597216,341812216,thomas cook,2019,Wiltshire,RETAIL_HIGH_STREET,19500.0,19500.0,
265862045,169616045,strada,2018,West Northamptonshire,RETAIL_HIGH_STREET,26000.0,26000.0,
265862045,2920382000,strada,2018,West Northamptonshire,RETAIL_HIGH_STREET,26000.0,26000.0,
265862045,8490622000,strada,2018,West Northamptonshire,RETAIL_HIGH_STREET,26000.0,25750.0,
265868033,313190033,strada,2018,Chesterfield,RETAIL_HIGH_STREET,13750.0,13750.0,
265868033,8376461000,strada,2018,Chesterfield,RETAIL_HIGH_STREET,13750.0,13500.0,
265868033,260162033,strada,2018,Chesterfield,RETAIL_HIGH_STREET,13750.0,13500.0,
265972000,161531186,wilko,2023,Somerset,RETAIL_OTHER_SUPERSTORES_AND_WAREHOUSES,241000.0,244000.0,
265972000,12409917000,wilko,2023,Somerset,RETAIL_OTHER_SUPERSTORES_AND_WAREHOUSES,241000.0,246000.0,
265972000,8833417000,wilko,2023,Somerset,RETAIL_OTHER_SUPERSTORES_AND_WAREHOUSES,241000.0,246000.0,
266599045,220812045,wilko,2023,West Northamptonshire,RETAIL_OTHER_SUPERSTORES_AND_WAREHOUSES,100000.0,103000.0,
266599045,10606164000,wilko,2023,West Northamptonshire,RETAIL_OTHER_SUPERSTORES_AND_WAREHOUSES,100000.0,106000.0,
266599045,205426045,wilko,2023,West Northamptonshire,RETAIL_OTHER_SUPERSTORES_AND_WAREHOUSES,100000.0,93000.0,
266701017,6946515000,maplin,2018,Watford,RETAIL_HIGH_STREET,47250.0,47500.0,
266701017,9682138000,maplin,2018,Watford,RETAIL_HIGH_STREET,47250.0,46750.0,
266701017,261435017,maplin,2018,Watford,RETAIL_HIGH_STREET,47250.0,47750.0,
266828045,2444045,poundworld,2018,West Northamptonshire,RETAIL_HIGH_STREET,82000.0,82000.0,
266828045,8814685000,poundworld,2018,West Northamptonshire,RETAIL_HIGH_STREET,82000.0,82000.0,
266828045,204958045,poundworld,2018,West Northamptonshire,RETAIL_HIGH_STREET,82000.0,82500.0,
267066045,10702453000,homebase,2024,West Northamptonshire,RETAIL_OTHER_SUPERSTORES_AND_WAREHOUSES,595000.0,590000.0,
267066045,214194045,homebase,2024,West Northamptonshire,RETAIL_OTHER_SUPERSTORES_AND_WAREHOUSES,595000.0,600000.0,
267066045,2386045,homebase,2024,West Northamptonshire,RETAIL_OTHER_SUPERSTORES_AND_WAREHOUSES,595000.0,635000.0,
267076045,763194000,body shop,2024,West Northamptonshire,LEISURE_PERIODIC_USE,4050.0,4100.0,
267076045,463173045,body shop,2024,West Northamptonshire,LEISURE_PERIODIC_USE,4050.0,4150.0,
267076045,4381314000,body shop,2024,West Northamptonshire,LEISURE_PERIODIC_USE,4050.0,3900.0,
269028075,81243000,body shop,2024,Southwark,RETAIL_HIGH_STREET,51500.0,51500.0,
269028075,13428817000,body shop,2024,Southwark,RETAIL_HIGH_STREET,51500.0,51000.0,
269028075,14430342000,body shop,2024,Southwark,RETAIL_HIGH_STREET,51500.0,51000.0,
269032075,11400619000,thomas cook,2019,Southwark,RETAIL_HIGH_STREET,26250.0,26250.0,
269032075,965975000,thomas cook,2019,Southwark,RETAIL_HIGH_STREET,26250.0,26250.0,
269032075,481152000,thomas cook,2019,Southwark,RETAIL_HIGH_STREET,26250.0,26250.0,
269118075,8312674000,poundworld,2018,Southwark,RETAIL_HIGH_STREET,128000.0,129000.0,
269118075,327780075,poundworld,2018,Southwark,RETAIL_HIGH_STREET,128000.0,129000.0,
269118075,270662075,poundworld,2018,Southwark,RETAIL_HIGH_STREET,128000.0,130000.0,
269235132,14822605000,thomas cook,2019,Cheshire West and Chester,OTHER_COMMERCIAL,1000.0,1000.0,
269235132,14312787000,thomas cook,2019,Cheshire West and Chester,OTHER_COMMERCIAL,1000.0,1000.0,
269235132,15059310000,thomas cook,2019,Cheshire West and Chester,OTHER_COMMERCIAL,1000.0,1000.0,
269871075,266779075,arcadia,2020,Southwark,INDUSTRIAL_GENERAL,11500.0,11500.0,
269871075,10644323000,arcadia,2020,Southwark,INDUSTRIAL_GENERAL,11500.0,11500.0,
269871075,8179285000,arcadia,2020,Southwark,INDUSTRIAL_GENERAL,11500.0,11500.0,
270501045,266357045,wilko,2023,West Northamptonshire,RETAIL_OTHER_SUPERSTORES_AND_WAREHOUSES,219000.0,219000.0,
270501045,266358045,wilko,2023,West Northamptonshire,RETAIL_OTHER_SUPERSTORES_AND_WAREHOUSES,219000.0,217000.0,
270501045,2204414000,wilko,2023,West Northamptonshire,RETAIL_OTHER_SUPERSTORES_AND_WAREHOUSES,219000.0,222000.0,
271787232,3217997000,body shop,2024,East Staffordshire,RETAIL_HIGH_STREET,63000.0,61500.0,
271787232,256076232,body shop,2024,East Staffordshire,RETAIL_HIGH_STREET,63000.0,61500.0,
271787232,3217972000,body shop,2024,East Staffordshire,RETAIL_HIGH_STREET,63000.0,61000.0,
272579186,61732000,body shop,2024,Somerset,RETAIL_HIGH_STREET,2650.0,2650.0,
272579186,180134186,body shop,2024,Somerset,RETAIL_HIGH_STREET,2650.0,2650.0,
272579186,11149514000,body shop,2024,Somerset,RETAIL_HIGH_STREET,2650.0,2650.0,
273396045,1270032000,bhs,2016,West Northamptonshire,RETAIL_RESTAURANTS_AND_CAFES,77000.0,77500.0,
273396045,9867158000,bhs,2016,West Northamptonshire,RETAIL_RESTAURANTS_AND_CAFES,77000.0,76000.0,
273396045,95278045,bhs,2016,West Northamptonshire,RETAIL_RESTAURANTS_AND_CAFES,77000.0,78000.0,
274903132,21070132,thomas cook,2019,Cheshire West and Chester,RETAIL_HIGH_STREET,25500.0,25500.0,
274903132,8877132,thomas cook,2019,Cheshire West and Chester,RETAIL_HIGH_STREET,25500.0,25500.0,
274903132,281550132,thomas cook,2019,Cheshire West and Chester,RETAIL_HIGH_STREET,25500.0,25500.0,
276334132,4532653000,poundworld,2018,Cheshire West and Chester,RETAIL_HIGH_STREET,345000.0,352500.0,
276334132,1815418000,poundworld,2018,Cheshire West and Chester,RETAIL_HIGH_STREET,345000.0,352500.0,
276334132,13771198000,poundworld,2018,Cheshire West and Chester,RETAIL_HIGH_STREET,345000.0,332500.0,
276444032,276461032,arcadia,2020,Lincoln,RETAIL_HIGH_STREET,59000.0,59000.0,
276444032,15211032,arcadia,2020,Lincoln,RETAIL_HIGH_STREET,59000.0,59000.0,
276444032,948595000,arcadia,2020,Lincoln,RETAIL_HIGH_STREET,59000.0,59500.0,
276587244,14103341000,thomas cook,2019,Leeds,RETAIL_HIGH_STREET,13000.0,13000.0,
276587244,7916955000,thomas cook,2019,Leeds,RETAIL_HIGH_STREET,13000.0,13000.0,
276587244,10750323000,thomas cook,2019,Leeds,RETAIL_HIGH_STREET,13000.0,13000.0,
277413234,12858648000,homebase,2024,Telford and Wrekin,RETAIL_OTHER_SUPERSTORES_AND_WAREHOUSES,545000.0,545000.0,
277413234,3175680000,homebase,2024,Telford and Wrekin,RETAIL_OTHER_SUPERSTORES_AND_WAREHOUSES,545000.0,565000.0,
277413234,5075974000,homebase,2024,Telford and Wrekin,RETAIL_OTHER_SUPERSTORES_AND_WAREHOUSES,545000.0,515000.0,
278026171,14793321000,mothercare,2019,Rushmoor,RETAIL_OTHER_SUPERSTORES_AND_WAREHOUSES,48000.0,47250.0,
278026171,2583366000,mothercare,2019,Rushmoor,RETAIL_OTHER_SUPERSTORES_AND_WAREHOUSES,48000.0,45750.0,
278026171,133818171,mothercare,2019,Rushmoor,RETAIL_OTHER_SUPERSTORES_AND_WAREHOUSES,48000.0,44250.0,
278396132,10096378000,poundworld,2018,Cheshire West and Chester,RETAIL_HIGH_STREET,89500.0,89500.0,
278396132,19336132,poundworld,2018,Cheshire West and Chester,RETAIL_HIGH_STREET,89500.0,89500.0,
278396132,243348000,poundworld,2018,Cheshire West and Chester,RETAIL_HIGH_STREET,89500.0,89000.0,
278927145,2596656000,thomas cook,2019,Canterbury,RETAIL_HIGH_STREET,9200.0,9200.0,
278927145,4390573000,thomas cook,2019,Canterbury,RETAIL_HIGH_STREET,9200.0,9200.0,
278927145,9280967000,thomas cook,2019,Canterbury,RETAIL_HIGH_STREET,9200.0,9200.0,
279181011,5151984000,mothercare,2019,Bedford,RETAIL_OTHER_SUPERSTORES_AND_WAREHOUSES,171000.0,171000.0,
279181011,2660714000,mothercare,2019,Bedford,RETAIL_OTHER_SUPERSTORES_AND_WAREHOUSES,171000.0,173000.0,
279181011,278490011,mothercare,2019,Bedford,RETAIL_OTHER_SUPERSTORES_AND_WAREHOUSES,171000.0,168000.0,
279431216,96425216,thomas cook,2019,Wiltshire,RETAIL_HIGH_STREET,24500.0,24500.0,
279431216,13220782000,thomas cook,2019,Wiltshire,RETAIL_HIGH_STREET,24500.0,24500.0,
279431216,12692620000,thomas cook,2019,Wiltshire,RETAIL_HIGH_STREET,24500.0,24500.0,
280184132,226658132,arcadia,2020,Cheshire West and Chester,RETAIL_HIGH_STREET,3450.0,3450.0,
280184132,54591132,arcadia,2020,Cheshire West and Chester,RETAIL_HIGH_STREET,3450.0,3450.0,
280184132,249109133,arcadia,2020,Cheshire West and Chester,RETAIL_HIGH_STREET,3450.0,3450.0,
280739094,284114094,thomas cook,2019,Sunderland,RETAIL_HIGH_STREET,38250.0,38250.0,
280739094,9585914000,thomas cook,2019,Sunderland,RETAIL_HIGH_STREET,38250.0,38000.0,
280739094,9794343000,thomas cook,2019,Sunderland,RETAIL_HIGH_STREET,38250.0,38500.0,
280754154,280772154,poundworld,2018,Spelthorne,RETAIL_HIGH_STREET,154000.0,149000.0,
280754154,3951237000,poundworld,2018,Spelthorne,RETAIL_HIGH_STREET,154000.0,160000.0,
280754154,376989154,poundworld,2018,Spelthorne,RETAIL_HIGH_STREET,154000.0,162000.0,
281295094,280630094,mothercare,2019,Sunderland,RETAIL_HIGH_STREET,114000.0,115000.0,
281295094,281294094,mothercare,2019,Sunderland,RETAIL_HIGH_STREET,114000.0,116000.0,
281295094,280715094,mothercare,2019,Sunderland,RETAIL_HIGH_STREET,114000.0,111000.0,
281876011,207871011,thomas cook,2019,Central Bedfordshire,RETAIL_HIGH_STREET,6400.0,6400.0,
281876011,2679873000,thomas cook,2019,Central Bedfordshire,RETAIL_HIGH_STREET,6400.0,6400.0,
281876011,227681011,thomas cook,2019,Central Bedfordshire,RETAIL_HIGH_STREET,6400.0,6400.0,
282037132,18831132,paperchase,2023,Cheshire West and Chester,RETAIL_HIGH_STREET,92000.0,92000.0,
282037132,8842818000,paperchase,2023,Cheshire West and Chester,RETAIL_HIGH_STREET,92000.0,91500.0,
282037132,10457132,paperchase,2023,Cheshire West and Chester,RETAIL_HIGH_STREET,92000.0,91500.0,
282404171,301670171,mothercare,2019,Basingstoke and Deane,RETAIL_OTHER_SUPERSTORES_AND_WAREHOUSES,224000.0,222000.0,
282404171,11710609000,mothercare,2019,Basingstoke and Deane,RETAIL_OTHER_SUPERSTORES_AND_WAREHOUSES,224000.0,232000.0,
282404171,8972449000,mothercare,2019,Basingstoke and Deane,RETAIL_OTHER_SUPERSTORES_AND_WAREHOUSES,224000.0,205000.0,
284448132,243268000,cath kidston,2020,Cheshire West and Chester,RETAIL_HIGH_STREET,127000.0,126000.0,
284448132,359607133,cath kidston,2020,Cheshire West and Chester,RETAIL_HIGH_STREET,127000.0,125000.0,
284448132,8908132,cath kidston,2020,Cheshire West and Chester,RETAIL_HIGH_STREET,127000.0,124000.0,
284618011,589729000,wilko,2023,Bedford,RETAIL_OTHER_SUPERSTORES_AND_WAREHOUSES,240000.0,243000.0,
284618011,12518080000,wilko,2023,Bedford,RETAIL_OTHER_SUPERSTORES_AND_WAREHOUSES,240000.0,236000.0,
284618011,14363492000,wilko,2023,Bedford,RETAIL_OTHER_SUPERSTORES_AND_WAREHOUSES,240000.0,236000.0,
285018171,196214171,poundworld,2018,Rushmoor,RETAIL_HIGH_STREET,49250.0,49250.0,
285018171,294971171,poundworld,2018,Rushmoor,RETAIL_HIGH_STREET,49250.0,49250.0,
285018171,287369171,poundworld,2018,Rushmoor,RETAIL_HIGH_STREET,49250.0,47000.0,
285409222,11446297000,toys r us,2018,Coventry,RETAIL_OTHER_SUPERSTORES_AND_WAREHOUSES,645000.0,590000.0,
285409222,236051222,toys r us,2018,Coventry,RETAIL_OTHER_SUPERSTORES_AND_WAREHOUSES,645000.0,565000.0,
285409222,276282222,toys r us,2018,Coventry,RETAIL_OTHER_SUPERSTORES_AND_WAREHOUSES,645000.0,445000.0,
285411222,11520219000,toys r us,2018,Coventry,WAREHOUSING_LARGE_SCALE_AND_HIGH_BAY,2970000.0,2890000.0,
285411222,14632389000,toys r us,2018,Coventry,WAREHOUSING_LARGE_SCALE_AND_HIGH_BAY,2970000.0,2290000.0,
285411222,1087934000,toys r us,2018,Coventry,WAREHOUSING_LARGE_SCALE_AND_HIGH_BAY,2970000.0,2270000.0,
286500113,9981019000,thomas cook,2019,Manchester,OFFICE_GENERAL,49500.0,49500.0,
286500113,10648368000,thomas cook,2019,Manchester,OFFICE_GENERAL,49500.0,49500.0,
286500113,8491604000,thomas cook,2019,Manchester,OFFICE_GENERAL,49500.0,49500.0,
287587154,1228658000,body shop,2024,Spelthorne,RETAIL_HIGH_STREET,60500.0,60500.0,
287587154,377032154,body shop,2024,Spelthorne,RETAIL_HIGH_STREET,60500.0,61000.0,
287587154,287579154,body shop,2024,Spelthorne,RETAIL_HIGH_STREET,60500.0,59500.0,
287589154,287571154,thomas cook,2019,Spelthorne,RETAIL_HIGH_STREET,59000.0,59500.0,
287589154,283767154,thomas cook,2019,Spelthorne,RETAIL_HIGH_STREET,59000.0,56500.0,
287589154,5980376000,thomas cook,2019,Spelthorne,RETAIL_HIGH_STREET,59000.0,61500.0,
288499145,3973778000,debenhams,2020,Canterbury,RETAIL_OTHER_SUPERSTORES_AND_WAREHOUSES,147000.0,146000.0,
288499145,7361494000,debenhams,2020,Canterbury,RETAIL_OTHER_SUPERSTORES_AND_WAREHOUSES,147000.0,149000.0,
288499145,4513516000,debenhams,2020,Canterbury,RETAIL_OTHER_SUPERSTORES_AND_WAREHOUSES,147000.0,149000.0,
288799132,14608109000,carluccios,2020,Cheshire West and Chester,RETAIL_HIGH_STREET,131000.0,131000.0,
288799132,284552132,carluccios,2020,Cheshire West and Chester,RETAIL_HIGH_STREET,131000.0,131000.0,
288799132,25207132,carluccios,2020,Cheshire West and Chester,RETAIL_HIGH_STREET,131000.0,131000.0,
289708113,2843891000,toys r us,2018,Manchester,RETAIL_OTHER_SUPERSTORES_AND_WAREHOUSES,575000.0,575000.0,
289708113,219578113,toys r us,2018,Manchester,RETAIL_OTHER_SUPERSTORES_AND_WAREHOUSES,575000.0,575000.0,
289708113,3166832000,toys r us,2018,Manchester,RETAIL_OTHER_SUPERSTORES_AND_WAREHOUSES,575000.0,565000.0,
289826236,289820236,maplin,2018,Stoke-on-Trent,OTHER_COMMERCIAL,250.0,250.0,
289826236,246310236,maplin,2018,Stoke-on-Trent,OTHER_COMMERCIAL,250.0,250.0,
289826236,246309236,maplin,2018,Stoke-on-Trent,OTHER_COMMERCIAL,250.0,250.0,
289827236,246308236,maplin,2018,Stoke-on-Trent,OTHER_COMMERCIAL,250.0,250.0,
289827236,246307236,maplin,2018,Stoke-on-Trent,OTHER_COMMERCIAL,250.0,250.0,
289827236,10715453000,maplin,2018,Stoke-on-Trent,OTHER_COMMERCIAL,250.0,250.0,
289828236,289821236,maplin,2018,Stoke-on-Trent,OTHER_COMMERCIAL,250.0,250.0,
289828236,289831236,maplin,2018,Stoke-on-Trent,OTHER_COMMERCIAL,250.0,250.0,
289828236,289823236,maplin,2018,Stoke-on-Trent,OTHER_COMMERCIAL,250.0,250.0,
289836236,289822236,maplin,2018,Stoke-on-Trent,OTHER_COMMERCIAL,250.0,250.0,
289836236,4751405000,maplin,2018,Stoke-on-Trent,OTHER_COMMERCIAL,250.0,250.0,
289836236,302907236,maplin,2018,Stoke-on-Trent,OTHER_COMMERCIAL,250.0,250.0,
289837236,289840236,maplin,2018,Stoke-on-Trent,OTHER_COMMERCIAL,250.0,250.0,
289837236,289839236,maplin,2018,Stoke-on-Trent,OTHER_COMMERCIAL,250.0,250.0,
289837236,289835236,maplin,2018,Stoke-on-Trent,OTHER_COMMERCIAL,250.0,250.0,
289838236,289834236,maplin,2018,Stoke-on-Trent,OTHER_COMMERCIAL,250.0,250.0,
289838236,246304236,maplin,2018,Stoke-on-Trent,OTHER_COMMERCIAL,250.0,250.0,
289838236,289832236,maplin,2018,Stoke-on-Trent,OTHER_COMMERCIAL,250.0,250.0,
290791094,6639688000,toys r us,2018,Sunderland,RETAIL_HIGH_STREET,275000.0,272500.0,
290791094,1602171000,toys r us,2018,Sunderland,RETAIL_HIGH_STREET,275000.0,270000.0,
290791094,2348620000,toys r us,2018,Sunderland,RETAIL_HIGH_STREET,275000.0,270000.0,
290798094,290800094,body shop,2024,Sunderland,RETAIL_HIGH_STREET,101000.0,101000.0,
290798094,55874094,body shop,2024,Sunderland,RETAIL_HIGH_STREET,101000.0,100000.0,
290798094,290799094,body shop,2024,Sunderland,RETAIL_HIGH_STREET,101000.0,100000.0,
290962000,8566337000,poundworld,2018,Leeds,RETAIL_HIGH_STREET,195000.0,195000.0,
290962000,310010244,poundworld,2018,Leeds,RETAIL_HIGH_STREET,195000.0,195000.0,
290962000,12307207000,poundworld,2018,Leeds,RETAIL_HIGH_STREET,195000.0,193000.0,
291570094,14909025000,wilko,2023,Sunderland,RETAIL_OTHER_SUPERSTORES_AND_WAREHOUSES,485000.0,445000.0,
291570094,290774094,wilko,2023,Sunderland,RETAIL_OTHER_SUPERSTORES_AND_WAREHOUSES,485000.0,437500.0,
291570094,12512951000,wilko,2023,Sunderland,RETAIL_OTHER_SUPERSTORES_AND_WAREHOUSES,485000.0,535000.0,
291937113,288337113,prezzo,2018,Manchester,RETAIL_RESTAURANTS_AND_CAFES,148000.0,148000.0,
291937113,13788895000,prezzo,2018,Manchester,RETAIL_RESTAURANTS_AND_CAFES,148000.0,148000.0,
291937113,237453113,prezzo,2018,Manchester,RETAIL_RESTAURANTS_AND_CAFES,148000.0,147000.0,
292079182,15007236000,mothercare,2019,Torbay,RETAIL_OTHER_SUPERSTORES_AND_WAREHOUSES,407500.0,407500.0,
292079182,158515182,mothercare,2019,Torbay,RETAIL_OTHER_SUPERSTORES_AND_WAREHOUSES,407500.0,412500.0,
292079182,14288615000,mothercare,2019,Torbay,RETAIL_OTHER_SUPERSTORES_AND_WAREHOUSES,407500.0,367500.0,
292266094,12778826000,homebase,2024,Sunderland,RETAIL_OTHER_SUPERSTORES_AND_WAREHOUSES,260000.0,260000.0,
292266094,10662970000,homebase,2024,Sunderland,RETAIL_OTHER_SUPERSTORES_AND_WAREHOUSES,260000.0,260000.0,
292266094,2820428000,homebase,2024,Sunderland,RETAIL_OTHER_SUPERSTORES_AND_WAREHOUSES,260000.0,260000.0,
292928132,230035132,body shop,2024,Cheshire West and Chester,RETAIL_HIGH_STREET,55500.0,55500.0,
292928132,1219557000,body shop,2024,Cheshire West and Chester,RETAIL_HIGH_STREET,55500.0,55500.0,
292928132,15073673000,body shop,2024,Cheshire West and Chester,RETAIL_HIGH_STREET,55500.0,55000.0,
293127132,8789053000,toys r us,2018,Cheshire West and Chester,RETAIL_OTHER_SUPERSTORES_AND_WAREHOUSES,695000.0,685000.0,
293127132,14566272000,toys r us,2018,Cheshire West and Chester,RETAIL_OTHER_SUPERSTORES_AND_WAREHOUSES,695000.0,750000.0,
293127132,9334106000,toys r us,2018,Cheshire West and Chester,RETAIL_OTHER_SUPERSTORES_AND_WAREHOUSES,695000.0,750000.0,
293547172,6212099000,prezzo,2018,"Bournemouth, Christchurch and Poole",RETAIL_RESTAURANTS_AND_CAFES,33000.0,33000.0,
293547172,78986172,prezzo,2018,"Bournemouth, Christchurch and Poole",RETAIL_RESTAURANTS_AND_CAFES,33000.0,32750.0,
293547172,5560391000,prezzo,2018,"Bournemouth, Christchurch and Poole",RETAIL_RESTAURANTS_AND_CAFES,33000.0,32750.0,
293607216,5780783000,toys r us,2018,Swindon,RETAIL_OTHER_SUPERSTORES_AND_WAREHOUSES,500000.0,510000.0,
293607216,14325692000,toys r us,2018,Swindon,RETAIL_OTHER_SUPERSTORES_AND_WAREHOUSES,500000.0,525000.0,
293607216,4913338000,toys r us,2018,Swindon,RETAIL_OTHER_SUPERSTORES_AND_WAREHOUSES,500000.0,465000.0,
295286222,940648000,wilko,2023,Coventry,RETAIL_OTHER_SUPERSTORES_AND_WAREHOUSES,170000.0,170000.0,
295286222,3469605000,wilko,2023,Coventry,RETAIL_OTHER_SUPERSTORES_AND_WAREHOUSES,170000.0,171000.0,
295286222,10384217000,wilko,2023,Coventry,RETAIL_OTHER_SUPERSTORES_AND_WAREHOUSES,170000.0,168000.0,
296841222,9087069000,wilko,2023,Coventry,RETAIL_OTHER_SUPERSTORES_AND_WAREHOUSES,300000.0,300000.0,
296841222,14591356000,wilko,2023,Coventry,RETAIL_OTHER_SUPERSTORES_AND_WAREHOUSES,300000.0,300000.0,
296841222,298145222,wilko,2023,Coventry,RETAIL_OTHER_SUPERSTORES_AND_WAREHOUSES,300000.0,300000.0,
297211172,9621800000,debenhams,2020,"Bournemouth, Christchurch and Poole",RETAIL_OTHER_SUPERSTORES_AND_WAREHOUSES,760000.0,730000.0,
297211172,15527172,debenhams,2020,"Bournemouth, Christchurch and Poole",RETAIL_OTHER_SUPERSTORES_AND_WAREHOUSES,760000.0,800000.0,
297211172,9639488000,debenhams,2020,"Bournemouth, Christchurch and Poole",RETAIL_OTHER_SUPERSTORES_AND_WAREHOUSES,760000.0,705000.0,
298345113,115798113,bella italia,2020,Manchester,RETAIL_HIGH_STREET,13000.0,13000.0,
298345113,261086116,bella italia,2020,Manchester,RETAIL_HIGH_STREET,13000.0,13000.0,
298345113,277925113,bella italia,2020,Manchester,RETAIL_HIGH_STREET,13000.0,13000.0,
299801222,299806222,mothercare,2019,Coventry,RETAIL_OTHER_SUPERSTORES_AND_WAREHOUSES,265000.0,265000.0,
299801222,3198235000,mothercare,2019,Coventry,RETAIL_OTHER_SUPERSTORES_AND_WAREHOUSES,265000.0,262500.0,
299801222,11029002000,mothercare,2019,Coventry,RETAIL_OTHER_SUPERSTORES_AND_WAREHOUSES,265000.0,262500.0,
299809222,10158764000,arcadia,2020,Coventry,RETAIL_OTHER_SUPERSTORES_AND_WAREHOUSES,495000.0,440000.0,
299809222,8904810000,arcadia,2020,Coventry,RETAIL_OTHER_SUPERSTORES_AND_WAREHOUSES,495000.0,435000.0,
299809222,7830261000,arcadia,2020,Coventry,RETAIL_OTHER_SUPERSTORES_AND_WAREHOUSES,495000.0,435000.0,
299855244,7897842000,thomas cook,2019,Leeds,RETAIL_HIGH_STREET,17500.0,17500.0,
299855244,12596306000,thomas cook,2019,Leeds,RETAIL_HIGH_STREET,17500.0,17500.0,
299855244,6568861000,thomas cook,2019,Leeds,RETAIL_HIGH_STREET,17500.0,17500.0,
300660171,5813875000,toys r us,2018,Basingstoke and Deane,RETAIL_OTHER_SUPERSTORES_AND_WAREHOUSES,570000.0,555000.0,
300660171,195147171,toys r us,2018,Basingstoke and Deane,RETAIL_OTHER_SUPERSTORES_AND_WAREHOUSES,570000.0,555000.0,
300660171,6003481000,toys r us,2018,Basingstoke and Deane,RETAIL_OTHER_SUPERSTORES_AND_WAREHOUSES,570000.0,585000.0,
301788145,11843302000,prezzo,2018,Thanet,RETAIL_RESTAURANTS_AND_CAFES,43250.0,43500.0,
301788145,538828145,prezzo,2018,Thanet,RETAIL_RESTAURANTS_AND_CAFES,43250.0,39750.0,
301788145,389125145,prezzo,2018,Thanet,RETAIL_RESTAURANTS_AND_CAFES,43250.0,37750.0,
302911236,246306236,maplin,2018,Stoke-on-Trent,OTHER_COMMERCIAL,250.0,250.0,
302911236,289830236,maplin,2018,Stoke-on-Trent,OTHER_COMMERCIAL,250.0,250.0,
302911236,289829236,maplin,2018,Stoke-on-Trent,OTHER_COMMERCIAL,250.0,250.0,
302956184,14979822000,homebase,2024,Plymouth,RETAIL_OTHER_SUPERSTORES_AND_WAREHOUSES,800000.0,780000.0,
302956184,10905480000,homebase,2024,Plymouth,RETAIL_OTHER_SUPERSTORES_AND_WAREHOUSES,800000.0,835000.0,
302956184,5096326000,homebase,2024,Plymouth,RETAIL_OTHER_SUPERSTORES_AND_WAREHOUSES,800000.0,755000.0,
305219184,8942579000,debenhams,2020,Plymouth,RETAIL_OTHER_SUPERSTORES_AND_WAREHOUSES,1150000.0,1150000.0,
305219184,10935919000,debenhams,2020,Plymouth,RETAIL_OTHER_SUPERSTORES_AND_WAREHOUSES,1150000.0,1170000.0,
305219184,183862184,debenhams,2020,Plymouth,RETAIL_OTHER_SUPERSTORES_AND_WAREHOUSES,1150000.0,1120000.0,
308178000,373713244,frankie&bennys,2020,Leeds,RETAIL_RESTAURANTS_AND_CAFES,88500.0,88000.0,
308178000,18451244,frankie&bennys,2020,Leeds,RETAIL_RESTAURANTS_AND_CAFES,88500.0,88000.0,
308178000,2311966000,frankie&bennys,2020,Leeds,RETAIL_RESTAURANTS_AND_CAFES,88500.0,89000.0,
309010133,5678393000,arcadia,2020,Cheshire West and Chester,RETAIL_HIGH_STREET,37250.0,37250.0,
309010133,1768677000,arcadia,2020,Cheshire West and Chester,RETAIL_HIGH_STREET,37250.0,37250.0,
309010133,319215133,arcadia,2020,Cheshire West and Chester,RETAIL_HIGH_STREET,37250.0,37250.0,
309068182,13705554000,bhs,2016,North Devon,RETAIL_OTHER_SUPERSTORES_AND_WAREHOUSES,260000.0,257500.0,
309068182,101994183,bhs,2016,North Devon,RETAIL_OTHER_SUPERSTORES_AND_WAREHOUSES,260000.0,265000.0,
309068182,161991183,bhs,2016,North Devon,RETAIL_OTHER_SUPERSTORES_AND_WAREHOUSES,260000.0,270000.0,
309919244,170470244,poundworld,2018,Leeds,RETAIL_HIGH_STREET,162000.0,163000.0,
309919244,14402288000,poundworld,2018,Leeds,RETAIL_HIGH_STREET,162000.0,163000.0,
309919244,8566336000,poundworld,2018,Leeds,RETAIL_HIGH_STREET,162000.0,160000.0,
311329244,5777443000,wilko,2023,Leeds,RETAIL_HIGH_STREET,107000.0,107000.0,
311329244,398767244,wilko,2023,Leeds,RETAIL_HIGH_STREET,107000.0,107000.0,
311329244,381616244,wilko,2023,Leeds,RETAIL_HIGH_STREET,107000.0,107000.0,
311836244,6631673000,arcadia,2020,Leeds,RETAIL_HIGH_STREET,2700.0,2700.0,
311836244,12724285000,arcadia,2020,Leeds,RETAIL_HIGH_STREET,2700.0,2700.0,
311836244,287815244,arcadia,2020,Leeds,RETAIL_HIGH_STREET,2700.0,2700.0,
312147033,2873947000,arcadia,2020,Chesterfield,RETAIL_HIGH_STREET,73000.0,72000.0,
312147033,1458375000,arcadia,2020,Chesterfield,RETAIL_HIGH_STREET,73000.0,71500.0,
312147033,6253578000,arcadia,2020,Chesterfield,RETAIL_HIGH_STREET,73000.0,71500.0,
312154033,312148033,arcadia,2020,Chesterfield,RETAIL_HIGH_STREET,63000.0,63500.0,
312154033,4518698000,arcadia,2020,Chesterfield,RETAIL_HIGH_STREET,63000.0,61500.0,
312154033,253902033,arcadia,2020,Chesterfield,RETAIL_HIGH_STREET,63000.0,65500.0,
312430236,6313911000,maplin,2018,Stoke-on-Trent,RETAIL_HIGH_STREET,30000.0,30000.0,
312430236,111628236,maplin,2018,Stoke-on-Trent,RETAIL_HIGH_STREET,30000.0,30250.0,
312430236,5651606000,maplin,2018,Stoke-on-Trent,RETAIL_HIGH_STREET,30000.0,30250.0,
312673102,319141102,arcadia,2020,Stockton-on-Tees,OFFICE_GENERAL,5700.0,5700.0,
312673102,1462626000,arcadia,2020,Stockton-on-Tees,OFFICE_GENERAL,5700.0,5700.0,
312673102,11471589000,arcadia,2020,Stockton-on-Tees,OFFICE_GENERAL,5700.0,5700.0,
312675102,10263553000,arcadia,2020,Stockton-on-Tees,OFFICE_GENERAL,2475.0,2475.0,
312675102,10255328000,arcadia,2020,Stockton-on-Tees,OFFICE_GENERAL,2475.0,2475.0,
312675102,243418102,arcadia,2020,Stockton-on-Tees,OFFICE_GENERAL,2475.0,2475.0,
313118244,5588453000,arcadia,2020,Leeds,RETAIL_HIGH_STREET,4500.0,4500.0,
313118244,6097972000,arcadia,2020,Leeds,RETAIL_HIGH_STREET,4500.0,4500.0,
313118244,10851106000,arcadia,2020,Leeds,RETAIL_HIGH_STREET,4500.0,4500.0,
313312244,8749400000,thomas cook,2019,Leeds,RETAIL_HIGH_STREET,27750.0,27750.0,
313312244,13494154000,thomas cook,2019,Leeds,RETAIL_HIGH_STREET,27750.0,27750.0,
313312244,205154244,thomas cook,2019,Leeds,RETAIL_HIGH_STREET,27750.0,27750.0,
314947172,5362971000,body shop,2024,"Bournemouth, Christchurch and Poole",INDUSTRIAL_GENERAL,8500.0,8500.0,
314947172,6345170000,body shop,2024,"Bournemouth, Christchurch and Poole",INDUSTRIAL_GENERAL,8500.0,8500.0,
314947172,191740172,body shop,2024,"Bournemouth, Christchurch and Poole",INDUSTRIAL_GENERAL,8500.0,8500.0,
315527244,12573658000,homebase,2024,Leeds,RETAIL_OTHER_SUPERSTORES_AND_WAREHOUSES,92500.0,93000.0,
315527244,627205000,homebase,2024,Leeds,RETAIL_OTHER_SUPERSTORES_AND_WAREHOUSES,92500.0,94000.0,
315527244,10316295000,homebase,2024,Leeds,RETAIL_OTHER_SUPERSTORES_AND_WAREHOUSES,92500.0,95000.0,
315814172,6121131000,homebase,2024,"Bournemouth, Christchurch and Poole",RETAIL_OTHER_SUPERSTORES_AND_WAREHOUSES,595000.0,600000.0,
315814172,15535172,homebase,2024,"Bournemouth, Christchurch and Poole",RETAIL_OTHER_SUPERSTORES_AND_WAREHOUSES,595000.0,600000.0,
315814172,6437860000,homebase,2024,"Bournemouth, Christchurch and Poole",RETAIL_OTHER_SUPERSTORES_AND_WAREHOUSES,595000.0,570000.0,
315818172,14661008000,maplin,2018,"Bournemouth, Christchurch and Poole",RETAIL_OTHER_SUPERSTORES_AND_WAREHOUSES,103000.0,102000.0,
315818172,294568172,maplin,2018,"Bournemouth, Christchurch and Poole",RETAIL_OTHER_SUPERSTORES_AND_WAREHOUSES,103000.0,106000.0,
315818172,11284197000,maplin,2018,"Bournemouth, Christchurch and Poole",RETAIL_OTHER_SUPERSTORES_AND_WAREHOUSES,103000.0,106000.0,
319218133,1034545000,wilko,2023,Cheshire West and Chester,RETAIL_HIGH_STREET,64000.0,64000.0,
319218133,6908255000,wilko,2023,Cheshire West and Chester,RETAIL_HIGH_STREET,64000.0,64000.0,
319218133,1519576000,wilko,2023,Cheshire West and Chester,RETAIL_HIGH_STREET,64000.0,64000.0,
319256172,191513172,frankie&bennys,2020,"Bournemouth, Christchurch and Poole",RETAIL_HIGH_STREET,16500.0,16500.0,
319256172,184003172,frankie&bennys,2020,"Bournemouth, Christchurch and Poole",RETAIL_HIGH_STREET,16500.0,16500.0,
319256172,185010172,frankie&bennys,2020,"Bournemouth, Christchurch and Poole",RETAIL_HIGH_STREET,16500.0,16500.0,
319717033,1349982000,poundworld,2018,Chesterfield,RETAIL_HIGH_STREET,86000.0,84500.0,
319717033,7522591000,poundworld,2018,Chesterfield,RETAIL_HIGH_STREET,86000.0,84000.0,
319717033,10579831000,poundworld,2018,Chesterfield,RETAIL_HIGH_STREET,86000.0,83500.0,
320236172,15080802000,thomas cook,2019,"Bournemouth, Christchurch and Poole",RETAIL_HIGH_STREET,85000.0,85000.0,
320236172,5446806000,thomas cook,2019,"Bournemouth, Christchurch and Poole",RETAIL_HIGH_STREET,85000.0,84500.0,
320236172,43018172,thomas cook,2019,"Bournemouth, Christchurch and Poole",RETAIL_HIGH_STREET,85000.0,84500.0,
320627244,6066715000,paperchase,2023,Leeds,RETAIL_HIGH_STREET,210000.0,210000.0,
320627244,15034264000,paperchase,2023,Leeds,RETAIL_HIGH_STREET,210000.0,210000.0,
320627244,398820244,paperchase,2023,Leeds,RETAIL_HIGH_STREET,210000.0,211000.0,
320877244,1816098000,arcadia,2020,Leeds,LEISURE_AMUSEMENT_AND_ENTERTAINMENT_CENTRES,57500.0,58500.0,
320877244,8296538000,arcadia,2020,Leeds,LEISURE_AMUSEMENT_AND_ENTERTAINMENT_CENTRES,57500.0,59000.0,
320877244,5524449000,arcadia,2020,Leeds,LEISURE_AMUSEMENT_AND_ENTERTAINMENT_CENTRES,57500.0,55000.0,
320972148,328785148,prezzo,2018,Ashford,RETAIL_RESTAURANTS_AND_CAFES,40000.0,41250.0,
320972148,10108116000,prezzo,2018,Ashford,RETAIL_RESTAURANTS_AND_CAFES,40000.0,38250.0,
320972148,320981148,prezzo,2018,Ashford,RETAIL_RESTAURANTS_AND_CAFES,40000.0,42500.0,
323714176,7429078000,debenhams,2020,Wiltshire,RETAIL_OTHER_SUPERSTORES_AND_WAREHOUSES,285000.0,285000.0,
323714176,11900387000,debenhams,2020,Wiltshire,RETAIL_OTHER_SUPERSTORES_AND_WAREHOUSES,285000.0,282500.0,
323714176,11016710000,debenhams,2020,Wiltshire,RETAIL_OTHER_SUPERSTORES_AND_WAREHOUSES,285000.0,287500.0,
323851037,323073037,paperchase,2023,Nottingham,RETAIL_HIGH_STREET,58000.0,57500.0,
323851037,5455937000,paperchase,2023,Nottingham,RETAIL_HIGH_STREET,58000.0,58500.0,
323851037,117014037,paperchase,2023,Nottingham,RETAIL_HIGH_STREET,58000.0,58500.0,
323852037,9980563000,prezzo,2018,Nottingham,RETAIL_RESTAURANTS_AND_CAFES,56500.0,56500.0,
323852037,6497978000,prezzo,2018,Nottingham,RETAIL_RESTAURANTS_AND_CAFES,56500.0,56000.0,
323852037,7679112000,prezzo,2018,Nottingham,RETAIL_RESTAURANTS_AND_CAFES,56500.0,56000.0,
323855141,4221028000,body shop,2024,Crawley,RETAIL_HIGH_STREET,91000.0,90500.0,
323855141,323856141,body shop,2024,Crawley,RETAIL_HIGH_STREET,91000.0,91500.0,
323855141,182838141,body shop,2024,Crawley,RETAIL_HIGH_STREET,91000.0,90000.0,
323881141,332203141,paperchase,2023,Crawley,RETAIL_HIGH_STREET,129000.0,131000.0,
323881141,352576141,paperchase,2023,Crawley,RETAIL_HIGH_STREET,129000.0,124000.0,
323881141,4234993000,paperchase,2023,Crawley,RETAIL_HIGH_STREET,129000.0,134000.0,
324955244,7666057000,mothercare,2019,Leeds,RETAIL_OTHER_SUPERSTORES_AND_WAREHOUSES,745000.0,755000.0,
324955244,5010410000,mothercare,2019,Leeds,RETAIL_OTHER_SUPERSTORES_AND_WAREHOUSES,745000.0,715000.0,
324955244,342128244,mothercare,2019,Leeds,RETAIL_OTHER_SUPERSTORES_AND_WAREHOUSES,745000.0,715000.0,
325079037,1434037,toys r us,2018,Nottingham,RETAIL_OTHER_SUPERSTORES_AND_WAREHOUSES,925000.0,925000.0,
325079037,2009330000,toys r us,2018,Nottingham,RETAIL_OTHER_SUPERSTORES_AND_WAREHOUSES,925000.0,910000.0,
325079037,5634269000,toys r us,2018,Nottingham,RETAIL_OTHER_SUPERSTORES_AND_WAREHOUSES,925000.0,905000.0,
326202037,258393037,wilko,2023,Nottingham,OFFICE_GENERAL,22500.0,22500.0,
326202037,14262849000,wilko,2023,Nottingham,OFFICE_GENERAL,22500.0,22500.0,
326202037,9861685000,wilko,2023,Nottingham,OFFICE_GENERAL,22500.0,22500.0,
327621244,4513206000,body shop,2024,Leeds,RETAIL_HIGH_STREET,240000.0,240000.0,
327621244,398805244,body shop,2024,Leeds,RETAIL_HIGH_STREET,240000.0,241000.0,
327621244,398806244,body shop,2024,Leeds,RETAIL_HIGH_STREET,240000.0,238000.0,
329181214,4106539000,arcadia,2020,Gloucester,RETAIL_OTHER_SUPERSTORES_AND_WAREHOUSES,180000.0,180000.0,
329181214,329181214,arcadia,2020,Gloucester,RETAIL_OTHER_SUPERSTORES_AND_WAREHOUSES,180000.0,180000.0,
329181214,9095524000,arcadia,2020,Gloucester,RETAIL_OTHER_SUPERSTORES_AND_WAREHOUSES,180000.0,181000.0,
331060102,13067608000,wilko,2023,Hartlepool,RETAIL_OTHER_SUPERSTORES_AND_WAREHOUSES,280000.0,282500.0,
331060102,9514385000,wilko,2023,Hartlepool,RETAIL_OTHER_SUPERSTORES_AND_WAREHOUSES,280000.0,297500.0,
331060102,3160441000,wilko,2023,Hartlepool,RETAIL_OTHER_SUPERSTORES_AND_WAREHOUSES,280000.0,257500.0,
332231176,450379176,paperchase,2023,Wiltshire,RETAIL_HIGH_STREET,73000.0,73000.0,
332231176,3680706000,paperchase,2023,Wiltshire,RETAIL_HIGH_STREET,73000.0,73000.0,
332231176,7968990000,paperchase,2023,Wiltshire,RETAIL_HIGH_STREET,73000.0,73000.0,
332580176,248655216,body shop,2024,Wiltshire,RETAIL_HIGH_STREET,50500.0,50500.0,
332580176,563354216,body shop,2024,Wiltshire,RETAIL_HIGH_STREET,50500.0,50000.0,
332580176,333619176,body shop,2024,Wiltshire,RETAIL_HIGH_STREET,50500.0,50000.0,
332734141,921009000,bhs,2016,Crawley,RETAIL_OTHER_SUPERSTORES_AND_WAREHOUSES,535000.0,525000.0,
332734141,242828141,bhs,2016,Crawley,RETAIL_OTHER_SUPERSTORES_AND_WAREHOUSES,535000.0,492500.0,
332734141,7904984000,bhs,2016,Crawley,RETAIL_OTHER_SUPERSTORES_AND_WAREHOUSES,535000.0,585000.0,
333617148,210135148,thomas cook,2019,Ashford,RETAIL_HIGH_STREET,41250.0,41250.0,
333617148,328402148,thomas cook,2019,Ashford,RETAIL_HIGH_STREET,41250.0,41250.0,
333617148,11926749000,thomas cook,2019,Ashford,RETAIL_HIGH_STREET,41250.0,41000.0,
333628148,9047290000,body shop,2024,Ashford,RETAIL_HIGH_STREET,44750.0,44750.0,
333628148,7319769000,body shop,2024,Ashford,RETAIL_HIGH_STREET,44750.0,44250.0,
333628148,206075148,body shop,2024,Ashford,RETAIL_HIGH_STREET,44750.0,45250.0,
333632148,1252109000,mothercare,2019,Ashford,RETAIL_HIGH_STREET,114000.0,114000.0,
333632148,8139707000,mothercare,2019,Ashford,RETAIL_HIGH_STREET,114000.0,113000.0,
333632148,1252192000,mothercare,2019,Ashford,RETAIL_HIGH_STREET,114000.0,115000.0,
333640148,10540937000,bhs,2016,Ashford,RETAIL_OTHER_SUPERSTORES_AND_WAREHOUSES,347500.0,345000.0,
333640148,1780488000,bhs,2016,Ashford,RETAIL_OTHER_SUPERSTORES_AND_WAREHOUSES,347500.0,340000.0,
333640148,12380759000,bhs,2016,Ashford,RETAIL_OTHER_SUPERSTORES_AND_WAREHOUSES,347500.0,337500.0,
333993212,264333212,wilko,2023,"Bristol, City of",RETAIL_OTHER_SUPERSTORES_AND_WAREHOUSES,232000.0,232000.0,
333993212,13079198000,wilko,2023,"Bristol, City of",RETAIL_OTHER_SUPERSTORES_AND_WAREHOUSES,232000.0,234000.0,
333993212,333992212,wilko,2023,"Bristol, City of",RETAIL_OTHER_SUPERSTORES_AND_WAREHOUSES,232000.0,234000.0,
334228141,12481746000,homebase,2024,Brighton and Hove,RETAIL_OTHER_SUPERSTORES_AND_WAREHOUSES,520000.0,515000.0,
334228141,9915375000,homebase,2024,Brighton and Hove,RETAIL_OTHER_SUPERSTORES_AND_WAREHOUSES,520000.0,530000.0,
334228141,1346102000,homebase,2024,Brighton and Hove,RETAIL_OTHER_SUPERSTORES_AND_WAREHOUSES,520000.0,530000.0,
334345176,549435176,arcadia,2020,Wiltshire,INDUSTRIAL_GENERAL,6200.0,6200.0,
334345176,11652676000,arcadia,2020,Wiltshire,INDUSTRIAL_GENERAL,6200.0,6200.0,
334345176,10628892000,arcadia,2020,Wiltshire,INDUSTRIAL_GENERAL,6200.0,6200.0,
335718212,12519715000,maplin,2018,"Bristol, City of",RETAIL_HIGH_STREET,58000.0,58000.0,
335718212,8794475000,maplin,2018,"Bristol, City of",RETAIL_HIGH_STREET,58000.0,58000.0,
335718212,10258697000,maplin,2018,"Bristol, City of",RETAIL_HIGH_STREET,58000.0,57500.0,
335753221,6637919000,thomas cook,2019,Birmingham,RETAIL_HIGH_STREET,39500.0,39500.0,
335753221,12753820000,thomas cook,2019,Birmingham,RETAIL_HIGH_STREET,39500.0,39500.0,
335753221,8401836000,thomas cook,2019,Birmingham,RETAIL_HIGH_STREET,39500.0,39500.0,
337247037,8060640000,thomas cook,2019,Nottingham,RETAIL_HIGH_STREET,4250.0,4250.0,
337247037,10009308000,thomas cook,2019,Nottingham,RETAIL_HIGH_STREET,4250.0,4250.0,
337247037,10193263000,thomas cook,2019,Nottingham,RETAIL_HIGH_STREET,4250.0,4250.0,
339381221,5305793000,arcadia,2020,Birmingham,RETAIL_HIGH_STREET,60500.0,60500.0,
339381221,1710353000,arcadia,2020,Birmingham,RETAIL_HIGH_STREET,60500.0,60500.0,
339381221,11269257000,arcadia,2020,Birmingham,RETAIL_HIGH_STREET,60500.0,60000.0,
339492221,539385221,arcadia,2020,Birmingham,RETAIL_HIGH_STREET,73500.0,73500.0,
339492221,398818221,arcadia,2020,Birmingham,RETAIL_HIGH_STREET,73500.0,73500.0,
339492221,6565832000,arcadia,2020,Birmingham,RETAIL_HIGH_STREET,73500.0,73000.0,
340737244,11435315000,poundworld,2018,Leeds,RETAIL_OTHER_SUPERSTORES_AND_WAREHOUSES,161000.0,161000.0,
340737244,13412142000,poundworld,2018,Leeds,RETAIL_OTHER_SUPERSTORES_AND_WAREHOUSES,161000.0,160000.0,
340737244,10016983000,poundworld,2018,Leeds,RETAIL_OTHER_SUPERSTORES_AND_WAREHOUSES,161000.0,163000.0,
341585094,2519225000,thomas cook,2019,Sunderland,RETAIL_HIGH_STREET,63000.0,63000.0,
341585094,280710094,thomas cook,2019,Sunderland,RETAIL_HIGH_STREET,63000.0,62500.0,
341585094,280714094,thomas cook,2019,Sunderland,RETAIL_HIGH_STREET,63000.0,63500.0,
342439214,8512524000,homebase,2024,Gloucester,INDUSTRIAL_GENERAL,2800.0,2800.0,
342439214,310726214,homebase,2024,Gloucester,INDUSTRIAL_GENERAL,2800.0,2750.0,
342439214,224072214,homebase,2024,Gloucester,INDUSTRIAL_GENERAL,2800.0,2750.0,
344374152,22466152,thomas cook,2019,Surrey Heath,RETAIL_HIGH_STREET,43250.0,43500.0,
344374152,14626152,thomas cook,2019,Surrey Heath,RETAIL_HIGH_STREET,43250.0,43750.0,
344374152,301117152,thomas cook,2019,Surrey Heath,RETAIL_HIGH_STREET,43250.0,44500.0,
345069162,2898018000,arcadia,2020,Buckinghamshire,RETAIL_HIGH_STREET,26500.0,26500.0,
345069162,345069162,arcadia,2020,Buckinghamshire,RETAIL_HIGH_STREET,26500.0,26500.0,
345069162,8452969000,arcadia,2020,Buckinghamshire,RETAIL_HIGH_STREET,26500.0,26500.0,
346392254,152444254,paperchase,2023,East Riding of Yorkshire,RETAIL_HIGH_STREET,81500.0,81500.0,
346392254,366309254,paperchase,2023,East Riding of Yorkshire,RETAIL_HIGH_STREET,81500.0,81000.0,
346392254,271823254,paperchase,2023,East Riding of Yorkshire,RETAIL_HIGH_STREET,81500.0,80000.0,
347297082,2544666000,arcadia,2020,Hammersmith and Fulham,RETAIL_HIGH_STREET,32000.0,32000.0,
347297082,167653082,arcadia,2020,Hammersmith and Fulham,RETAIL_HIGH_STREET,32000.0,32000.0,
347297082,351936082,arcadia,2020,Hammersmith and Fulham,RETAIL_HIGH_STREET,32000.0,32000.0,
349200141,327526141,mothercare,2019,Crawley,RETAIL_HIGH_STREET,114000.0,112000.0,
349200141,3721933000,mothercare,2019,Crawley,RETAIL_HIGH_STREET,114000.0,117000.0,
349200141,182841141,mothercare,2019,Crawley,RETAIL_HIGH_STREET,114000.0,109000.0,
349310221,544044221,thomas cook,2019,Birmingham,RETAIL_HIGH_STREET,29000.0,29000.0,
349310221,13978301000,thomas cook,2019,Birmingham,RETAIL_HIGH_STREET,29000.0,29000.0,
349310221,416393221,thomas cook,2019,Birmingham,RETAIL_HIGH_STREET,29000.0,29000.0,
349356141,4460207000,debenhams,2020,Crawley,RETAIL_OTHER_SUPERSTORES_AND_WAREHOUSES,960000.0,855000.0,
349356141,12616202000,debenhams,2020,Crawley,RETAIL_OTHER_SUPERSTORES_AND_WAREHOUSES,960000.0,845000.0,
349356141,11684049000,debenhams,2020,Crawley,RETAIL_OTHER_SUPERSTORES_AND_WAREHOUSES,960000.0,840000.0,
354375094,11479594000,poundworld,2018,Sunderland,RETAIL_OTHER_SUPERSTORES_AND_WAREHOUSES,52000.0,51500.0,
354375094,7489248000,poundworld,2018,Sunderland,RETAIL_OTHER_SUPERSTORES_AND_WAREHOUSES,52000.0,50000.0,
354375094,9641437000,poundworld,2018,Sunderland,RETAIL_OTHER_SUPERSTORES_AND_WAREHOUSES,52000.0,54000.0,
355222082,11781264000,paperchase,2023,Hammersmith and Fulham,RETAIL_HIGH_STREET,127000.0,127000.0,
355222082,6445057000,paperchase,2023,Hammersmith and Fulham,RETAIL_HIGH_STREET,127000.0,127000.0,
355222082,12533651000,paperchase,2023,Hammersmith and Fulham,RETAIL_HIGH_STREET,127000.0,126000.0,
355920216,7486529000,homebase,2024,Swindon,RETAIL_OTHER_SUPERSTORES_AND_WAREHOUSES,695000.0,690000.0,
355920216,562857216,homebase,2024,Swindon,RETAIL_OTHER_SUPERSTORES_AND_WAREHOUSES,695000.0,675000.0,
355920216,5701263000,homebase,2024,Swindon,RETAIL_OTHER_SUPERSTORES_AND_WAREHOUSES,695000.0,655000.0,
356253082,109365082,poundworld,2018,Hammersmith and Fulham,RETAIL_HIGH_STREET,5100.0,5100.0,
356253082,223565082,poundworld,2018,Hammersmith and Fulham,RETAIL_HIGH_STREET,5100.0,5100.0,
356253082,220817082,poundworld,2018,Hammersmith and Fulham,RETAIL_HIGH_STREET,5100.0,5100.0,
356502075,165676075,byron,2020,Southwark,RETAIL_RESTAURANTS_AND_CAFES,29500.0,29500.0,
356502075,178797075,byron,2020,Southwark,RETAIL_RESTAURANTS_AND_CAFES,29500.0,29500.0,
356502075,252974075,byron,2020,Southwark,RETAIL_RESTAURANTS_AND_CAFES,29500.0,29250.0,
356941075,1620571000,bhs,2016,Southwark,OFFICE_GENERAL,0.0,0.0,
356941075,1270226000,bhs,2016,Southwark,OFFICE_GENERAL,0.0,0.0,
356941075,7269710000,bhs,2016,Southwark,OFFICE_GENERAL,0.0,0.0,
357811082,6444933000,body shop,2024,Hammersmith and Fulham,RETAIL_HIGH_STREET,102000.0,102000.0,
357811082,11727751000,body shop,2024,Hammersmith and Fulham,RETAIL_HIGH_STREET,102000.0,102000.0,
357811082,499145000,body shop,2024,Hammersmith and Fulham,RETAIL_HIGH_STREET,102000.0,102000.0,
360113216,11718108000,mothercare,2019,Swindon,RETAIL_OTHER_SUPERSTORES_AND_WAREHOUSES,347500.0,350000.0,
360113216,585812000,mothercare,2019,Swindon,RETAIL_OTHER_SUPERSTORES_AND_WAREHOUSES,347500.0,340000.0,
360113216,8292469000,mothercare,2019,Swindon,RETAIL_OTHER_SUPERSTORES_AND_WAREHOUSES,347500.0,340000.0,
360114216,10626162000,wilko,2023,Swindon,RETAIL_OTHER_SUPERSTORES_AND_WAREHOUSES,239000.0,238000.0,
360114216,2843163000,wilko,2023,Swindon,RETAIL_OTHER_SUPERSTORES_AND_WAREHOUSES,239000.0,241000.0,
360114216,11545952000,wilko,2023,Swindon,RETAIL_OTHER_SUPERSTORES_AND_WAREHOUSES,239000.0,242000.0,
363623148,387943148,wilko,2023,Tunbridge Wells,RETAIL_HIGH_STREET,126000.0,125000.0,
363623148,363627148,wilko,2023,Tunbridge Wells,RETAIL_HIGH_STREET,126000.0,127000.0,
363623148,363670148,wilko,2023,Tunbridge Wells,RETAIL_HIGH_STREET,126000.0,128000.0,
363642148,6750373000,body shop,2024,Tunbridge Wells,RETAIL_HIGH_STREET,100000.0,99500.0,
363642148,153171148,body shop,2024,Tunbridge Wells,RETAIL_HIGH_STREET,100000.0,99000.0,
363642148,14384286000,body shop,2024,Tunbridge Wells,RETAIL_HIGH_STREET,100000.0,99000.0,
363673148,153161148,paperchase,2023,Tunbridge Wells,RETAIL_HIGH_STREET,111000.0,111000.0,
363673148,7123344000,paperchase,2023,Tunbridge Wells,RETAIL_HIGH_STREET,111000.0,109000.0,
363673148,10448351000,paperchase,2023,Tunbridge Wells,RETAIL_HIGH_STREET,111000.0,113000.0,
363675148,383106148,mothercare,2019,Tunbridge Wells,RETAIL_HIGH_STREET,217000.0,221000.0,
363675148,363654148,mothercare,2019,Tunbridge Wells,RETAIL_HIGH_STREET,217000.0,209000.0,
363675148,389226148,mothercare,2019,Tunbridge Wells,RETAIL_HIGH_STREET,217000.0,207000.0,
363686148,153172148,cath kidston,2020,Tunbridge Wells,RETAIL_HIGH_STREET,87000.0,87500.0,
363686148,363632148,cath kidston,2020,Tunbridge Wells,RETAIL_HIGH_STREET,87000.0,89500.0,
363686148,363662148,cath kidston,2020,Tunbridge Wells,RETAIL_HIGH_STREET,87000.0,90000.0,
373939244,8198801000,body shop,2024,Bradford,RETAIL_HIGH_STREET,4900.0,4900.0,
373939244,10539861000,body shop,2024,Bradford,RETAIL_HIGH_STREET,4900.0,4900.0,
373939244,100506241,body shop,2024,Bradford,RETAIL_HIGH_STREET,4900.0,4900.0,
376993154,376995154,mothercare,2019,Spelthorne,RETAIL_HIGH_STREET,125000.0,124000.0,
376993154,7314180000,mothercare,2019,Spelthorne,RETAIL_HIGH_STREET,125000.0,128000.0,
376993154,10188506000,mothercare,2019,Spelthorne,RETAIL_HIGH_STREET,125000.0,129000.0,
377016154,14039482000,bhs,2016,Spelthorne,RETAIL_OTHER_SUPERSTORES_AND_WAREHOUSES,475000.0,472500.0,
377016154,377153154,bhs,2016,Spelthorne,RETAIL_OTHER_SUPERSTORES_AND_WAREHOUSES,475000.0,470000.0,
377016154,10412988000,bhs,2016,Spelthorne,RETAIL_OTHER_SUPERSTORES_AND_WAREHOUSES,475000.0,462500.0,
377098154,13450419000,debenhams,2020,Spelthorne,RETAIL_OTHER_SUPERSTORES_AND_WAREHOUSES,515000.0,540000.0,
377098154,1509221000,debenhams,2020,Spelthorne,RETAIL_OTHER_SUPERSTORES_AND_WAREHOUSES,515000.0,540000.0,
377098154,429624000,debenhams,2020,Spelthorne,RETAIL_OTHER_SUPERSTORES_AND_WAREHOUSES,515000.0,545000.0,
378173036,71421036,prezzo,2018,Norwich,RETAIL_RESTAURANTS_AND_CAFES,68500.0,68500.0,
378173036,4363010000,prezzo,2018,Norwich,RETAIL_RESTAURANTS_AND_CAFES,68500.0,68500.0,
378173036,15003286000,prezzo,2018,Norwich,RETAIL_RESTAURANTS_AND_CAFES,68500.0,68000.0,
383299104,6553475000,poundworld,2018,County Durham,RETAIL_HIGH_STREET,50500.0,50500.0,
383299104,13948108000,poundworld,2018,County Durham,RETAIL_HIGH_STREET,50500.0,50500.0,
383299104,136291104,poundworld,2018,County Durham,RETAIL_HIGH_STREET,50500.0,50500.0,
385256000,14985359000,paperchase,2023,Manchester,RETAIL_OTHER_SUPERSTORES_AND_WAREHOUSES,510000.0,510000.0,
385256000,14530200000,paperchase,2023,Manchester,RETAIL_OTHER_SUPERSTORES_AND_WAREHOUSES,510000.0,510000.0,
385256000,3233664000,paperchase,2023,Manchester,RETAIL_OTHER_SUPERSTORES_AND_WAREHOUSES,510000.0,515000.0,
388252012,11169621000,mothercare,2019,Cambridge,RETAIL_HIGH_STREET,185000.0,185000.0,
388252012,9710573000,mothercare,2019,Cambridge,RETAIL_HIGH_STREET,185000.0,185000.0,
388252012,8535868000,mothercare,2019,Cambridge,RETAIL_HIGH_STREET,185000.0,185000.0,
389825244,8960609000,wilko,2023,Leeds,RETAIL_OTHER_SUPERSTORES_AND_WAREHOUSES,181000.0,182000.0,
389825244,9300808000,wilko,2023,Leeds,RETAIL_OTHER_SUPERSTORES_AND_WAREHOUSES,181000.0,179000.0,
389825244,381572244,wilko,2023,Leeds,RETAIL_OTHER_SUPERSTORES_AND_WAREHOUSES,181000.0,176000.0,
390174148,2510353000,thomas cook,2019,Maidstone,INDUSTRIAL_GENERAL,8800.0,8800.0,
390174148,181182148,thomas cook,2019,Maidstone,INDUSTRIAL_GENERAL,8800.0,8800.0,
390174148,8015269000,thomas cook,2019,Maidstone,INDUSTRIAL_GENERAL,8800.0,8800.0,
391554148,14814834000,prezzo,2018,Tunbridge Wells,RETAIL_RESTAURANTS_AND_CAFES,71000.0,71000.0,
391554148,8575656000,prezzo,2018,Tunbridge Wells,RETAIL_RESTAURANTS_AND_CAFES,71000.0,69500.0,
391554148,402039148,prezzo,2018,Tunbridge Wells,RETAIL_RESTAURANTS_AND_CAFES,71000.0,69000.0,
392025244,8292538000,maplin,2018,Leeds,RETAIL_OTHER_SUPERSTORES_AND_WAREHOUSES,84500.0,84500.0,
392025244,7491470000,maplin,2018,Leeds,RETAIL_OTHER_SUPERSTORES_AND_WAREHOUSES,84500.0,85500.0,
392025244,1459782000,maplin,2018,Leeds,RETAIL_OTHER_SUPERSTORES_AND_WAREHOUSES,84500.0,83000.0,
394984145,12302574000,thomas cook,2019,Thanet,RETAIL_HIGH_STREET,7600.0,7600.0,
394984145,455996145,thomas cook,2019,Thanet,RETAIL_HIGH_STREET,7600.0,7600.0,
394984145,299106145,thomas cook,2019,Thanet,RETAIL_HIGH_STREET,7600.0,7600.0,
395289221,540626221,wilko,2023,Birmingham,RETAIL_OTHER_SUPERSTORES_AND_WAREHOUSES,168000.0,168000.0,
395289221,415603221,wilko,2023,Birmingham,RETAIL_OTHER_SUPERSTORES_AND_WAREHOUSES,168000.0,167000.0,
395289221,3739877000,wilko,2023,Birmingham,RETAIL_OTHER_SUPERSTORES_AND_WAREHOUSES,168000.0,169000.0,
395528000,234849141,mothercare,2019,Brighton and Hove,RETAIL_HIGH_STREET,241000.0,240000.0,
395528000,10245037000,mothercare,2019,Brighton and Hove,RETAIL_HIGH_STREET,241000.0,242000.0,
395528000,12171224000,mothercare,2019,Brighton and Hove,RETAIL_HIGH_STREET,241000.0,246000.0,
396724148,396724148,arcadia,2020,Ashford,OTHER_PUBLIC,46750.0,46750.0,
396724148,6911751000,arcadia,2020,Ashford,OTHER_PUBLIC,46750.0,47000.0,
396724148,10613233000,arcadia,2020,Ashford,OTHER_PUBLIC,46750.0,45500.0,
398765244,376522244,paperchase,2023,Leeds,RETAIL_HIGH_STREET,255000.0,252500.0,
398765244,7997832000,paperchase,2023,Leeds,RETAIL_HIGH_STREET,255000.0,252500.0,
398765244,398802244,paperchase,2023,Leeds,RETAIL_HIGH_STREET,255000.0,257500.0,
398821244,398811244,thomas cook,2019,Leeds,RETAIL_HIGH_STREET,200000.0,198000.0,
398821244,39994244,thomas cook,2019,Leeds,RETAIL_HIGH_STREET,200000.0,198000.0,
398821244,7522115000,thomas cook,2019,Leeds,RETAIL_HIGH_STREET,200000.0,198000.0,
398828244,398761244,arcadia,2020,Leeds,RETAIL_HIGH_STREET,492500.0,492500.0,
398828244,10347042000,arcadia,2020,Leeds,RETAIL_HIGH_STREET,492500.0,470000.0,
398828244,8198891000,arcadia,2020,Leeds,RETAIL_HIGH_STREET,492500.0,535000.0,
398831244,9703250000,debenhams,2020,Leeds,RETAIL_OTHER_SUPERSTORES_AND_WAREHOUSES,1470000.0,1460000.0,
398831244,10759131000,debenhams,2020,Leeds,RETAIL_OTHER_SUPERSTORES_AND_WAREHOUSES,1470000.0,1460000.0,
398831244,8790087000,debenhams,2020,Leeds,RETAIL_OTHER_SUPERSTORES_AND_WAREHOUSES,1470000.0,1480000.0,
398847221,398846221,paperchase,2023,Birmingham,RETAIL_HIGH_STREET,117000.0,116000.0,
398847221,10340526000,paperchase,2023,Birmingham,RETAIL_HIGH_STREET,117000.0,116000.0,
398847221,194737221,paperchase,2023,Birmingham,RETAIL_HIGH_STREET,117000.0,116000.0,
402570148,3685821000,wilko,2023,Maidstone,RETAIL_HIGH_STREET,2850.0,2850.0,
402570148,9932707000,wilko,2023,Maidstone,RETAIL_HIGH_STREET,2850.0,2850.0,
402570148,4418941000,wilko,2023,Maidstone,RETAIL_HIGH_STREET,2850.0,2800.0,
407124148,10450745000,homebase,2024,Sevenoaks,RETAIL_OTHER_SUPERSTORES_AND_WAREHOUSES,525000.0,442500.0,
407124148,9318367000,homebase,2024,Sevenoaks,RETAIL_OTHER_SUPERSTORES_AND_WAREHOUSES,525000.0,620000.0,
407124148,12209735000,homebase,2024,Sevenoaks,RETAIL_OTHER_SUPERSTORES_AND_WAREHOUSES,525000.0,420000.0,
410570148,7511018000,homebase,2024,Tunbridge Wells,RETAIL_OTHER_SUPERSTORES_AND_WAREHOUSES,880000.0,895000.0,
410570148,14968975000,homebase,2024,Tunbridge Wells,RETAIL_OTHER_SUPERSTORES_AND_WAREHOUSES,880000.0,765000.0,
410570148,7511010000,homebase,2024,Tunbridge Wells,RETAIL_OTHER_SUPERSTORES_AND_WAREHOUSES,880000.0,995000.0,
412378000,43036172,frankie&bennys,2020,"Bournemouth, Christchurch and Poole",RETAIL_RESTAURANTS_AND_CAFES,86000.0,86000.0,
412378000,10779121000,frankie&bennys,2020,"Bournemouth, Christchurch and Poole",RETAIL_RESTAURANTS_AND_CAFES,86000.0,85000.0,
412378000,305619172,frankie&bennys,2020,"Bournemouth, Christchurch and Poole",RETAIL_RESTAURANTS_AND_CAFES,86000.0,87000.0,
414028000,14020245000,carluccios,2020,North Yorkshire,RETAIL_RESTAURANTS_AND_CAFES,93500.0,93000.0,
414028000,11020336000,carluccios,2020,North Yorkshire,RETAIL_RESTAURANTS_AND_CAFES,93500.0,96000.0,
414028000,1653076000,carluccios,2020,North Yorkshire,RETAIL_RESTAURANTS_AND_CAFES,93500.0,90500.0,
422075000,611324000,bhs,2016,East Staffordshire,RETAIL_OTHER_SUPERSTORES_AND_WAREHOUSES,0.0,4450.0,
422075000,629461000,bhs,2016,East Staffordshire,RETAIL_OTHER_SUPERSTORES_AND_WAREHOUSES,0.0,4800.0,
422075000,1231936000,bhs,2016,East Staffordshire,RETAIL_OTHER_SUPERSTORES_AND_WAREHOUSES,0.0,5700.0,
424967221,433404221,arcadia,2020,Birmingham,RETAIL_HIGH_STREET,31750.0,31750.0,
424967221,13003756000,arcadia,2020,Birmingham,RETAIL_HIGH_STREET,31750.0,31750.0,
424967221,3204764000,arcadia,2020,Birmingham,RETAIL_HIGH_STREET,31750.0,31750.0,
427515105,6602063000,cath kidston,2020,North Yorkshire,RETAIL_HIGH_STREET,117000.0,117000.0,
427515105,435039105,cath kidston,2020,North Yorkshire,RETAIL_HIGH_STREET,117000.0,117000.0,
427515105,1613094000,cath kidston,2020,North Yorkshire,RETAIL_HIGH_STREET,117000.0,116000.0,
427870221,424475221,homebase,2024,Birmingham,RETAIL_OTHER_SUPERSTORES_AND_WAREHOUSES,242000.0,245000.0,
427870221,4349382000,homebase,2024,Birmingham,RETAIL_OTHER_SUPERSTORES_AND_WAREHOUSES,242000.0,245000.0,
427870221,7863744000,homebase,2024,Birmingham,RETAIL_OTHER_SUPERSTORES_AND_WAREHOUSES,242000.0,245000.0,
428782105,2539083000,thomas cook,2019,North Yorkshire,RETAIL_HIGH_STREET,75500.0,75500.0,
428782105,11656438000,thomas cook,2019,North Yorkshire,RETAIL_HIGH_STREET,75500.0,75500.0,
428782105,9126479000,thomas cook,2019,North Yorkshire,RETAIL_HIGH_STREET,75500.0,75500.0,
430568221,568490221,arcadia,2020,Birmingham,RETAIL_HIGH_STREET,5000.0,5000.0,
430568221,340005221,arcadia,2020,Birmingham,RETAIL_HIGH_STREET,5000.0,5000.0,
430568221,117002221,arcadia,2020,Birmingham,RETAIL_HIGH_STREET,5000.0,5000.0,
430955162,248450162,thomas cook,2019,Buckinghamshire,RETAIL_HIGH_STREET,32250.0,32250.0,
430955162,12512320000,thomas cook,2019,Buckinghamshire,RETAIL_HIGH_STREET,32250.0,32250.0,
430955162,93104162,thomas cook,2019,Buckinghamshire,RETAIL_HIGH_STREET,32250.0,32250.0,
438454221,194828221,byron,2020,Birmingham,RETAIL_HIGH_STREET,189000.0,189000.0,
438454221,586742221,byron,2020,Birmingham,RETAIL_HIGH_STREET,189000.0,189000.0,
438454221,10024306000,byron,2020,Birmingham,RETAIL_HIGH_STREET,189000.0,188000.0,
438997154,10342183000,prezzo,2018,Spelthorne,RETAIL_RESTAURANTS_AND_CAFES,35750.0,35700.0,
438997154,292478154,prezzo,2018,Spelthorne,RETAIL_RESTAURANTS_AND_CAFES,35750.0,36000.0,
438997154,376366154,prezzo,2018,Spelthorne,RETAIL_RESTAURANTS_AND_CAFES,35750.0,35000.0,
441623036,66568036,poundworld,2018,Norwich,RETAIL_HIGH_STREET,8000.0,8000.0,
441623036,21301036,poundworld,2018,Norwich,RETAIL_HIGH_STREET,8000.0,8000.0,
441623036,617690036,poundworld,2018,Norwich,RETAIL_HIGH_STREET,8000.0,8000.0,
442702000,103570211,body shop,2024,South Gloucestershire,RETAIL_HIGH_STREET,2750.0,2750.0,
442702000,130388211,body shop,2024,South Gloucestershire,RETAIL_HIGH_STREET,2750.0,2750.0,
442702000,12952882000,body shop,2024,South Gloucestershire,RETAIL_HIGH_STREET,2750.0,2750.0,
449593221,339389221,thomas cook,2019,Birmingham,RETAIL_HIGH_STREET,38250.0,38250.0,
449593221,427322221,thomas cook,2019,Birmingham,RETAIL_HIGH_STREET,38250.0,38250.0,
449593221,8388251000,thomas cook,2019,Birmingham,RETAIL_HIGH_STREET,38250.0,38250.0,
452033176,452033176,arcadia,2020,Wiltshire,OFFICE_GENERAL,83000.0,83000.0,
452033176,14503784000,arcadia,2020,Wiltshire,OFFICE_GENERAL,83000.0,82500.0,
452033176,13460189000,arcadia,2020,Wiltshire,OFFICE_GENERAL,83000.0,82500.0,
453066221,10044345000,frankie&bennys,2020,Birmingham,RETAIL_RESTAURANTS_AND_CAFES,95000.0,95000.0,
453066221,575725221,frankie&bennys,2020,Birmingham,RETAIL_RESTAURANTS_AND_CAFES,95000.0,95000.0,
453066221,555130221,frankie&bennys,2020,Birmingham,RETAIL_RESTAURANTS_AND_CAFES,95000.0,95000.0,
453807012,390472012,prezzo,2018,Cambridge,RETAIL_RESTAURANTS_AND_CAFES,49250.0,49000.0,
453807012,112565012,prezzo,2018,Cambridge,RETAIL_RESTAURANTS_AND_CAFES,49250.0,47500.0,
453807012,11805449000,prezzo,2018,Cambridge,RETAIL_RESTAURANTS_AND_CAFES,49250.0,51000.0,
453881221,442847221,homebase,2024,Birmingham,OTHER_PUBLIC,18500.0,18500.0,
453881221,444950221,homebase,2024,Birmingham,OTHER_PUBLIC,18500.0,18500.0,
453881221,417805221,homebase,2024,Birmingham,OTHER_PUBLIC,18500.0,18500.0,
455896000,438409221,poundworld,2018,Birmingham,RETAIL_OTHER_SUPERSTORES_AND_WAREHOUSES,81000.0,80500.0,
455896000,1192668000,poundworld,2018,Birmingham,RETAIL_OTHER_SUPERSTORES_AND_WAREHOUSES,81000.0,80500.0,
455896000,13179649000,poundworld,2018,Birmingham,RETAIL_OTHER_SUPERSTORES_AND_WAREHOUSES,81000.0,81500.0,
459373162,486291162,prezzo,2018,Buckinghamshire,RETAIL_RESTAURANTS_AND_CAFES,53500.0,53500.0,
459373162,4977928000,prezzo,2018,Buckinghamshire,RETAIL_RESTAURANTS_AND_CAFES,53500.0,53500.0,
459373162,209632162,prezzo,2018,Buckinghamshire,RETAIL_RESTAURANTS_AND_CAFES,53500.0,53000.0,
459415162,14541380000,thomas cook,2019,Buckinghamshire,RETAIL_HIGH_STREET,57000.0,57000.0,
459415162,6473540000,thomas cook,2019,Buckinghamshire,RETAIL_HIGH_STREET,57000.0,57000.0,
459415162,560156162,thomas cook,2019,Buckinghamshire,RETAIL_HIGH_STREET,57000.0,56500.0,
459744176,3105015000,arcadia,2020,Wiltshire,INDUSTRIAL_GENERAL,18250.0,18250.0,
459744176,14658699000,arcadia,2020,Wiltshire,INDUSTRIAL_GENERAL,18250.0,18250.0,
459744176,10502826000,arcadia,2020,Wiltshire,INDUSTRIAL_GENERAL,18250.0,18250.0,
459938000,328818102,arcadia,2020,Hartlepool,RETAIL_HIGH_STREET,74500.0,73500.0,
459938000,315309102,arcadia,2020,Hartlepool,RETAIL_HIGH_STREET,74500.0,73500.0,
459938000,329038102,arcadia,2020,Hartlepool,RETAIL_HIGH_STREET,74500.0,73000.0,
459938145,459938145,arcadia,2020,Thanet,OTHER_COMMERCIAL,8200.0,8200.0,
459938145,1059324000,arcadia,2020,Thanet,OTHER_COMMERCIAL,8200.0,8300.0,
459938145,11328958000,arcadia,2020,Thanet,OTHER_COMMERCIAL,8200.0,8300.0,
459940145,399535145,arcadia,2020,Thanet,OTHER_PUBLIC,10250.0,10250.0,
459940145,7821778000,arcadia,2020,Thanet,OTHER_PUBLIC,10250.0,10250.0,
459940145,459940145,arcadia,2020,Thanet,OTHER_PUBLIC,10250.0,10250.0,
460479162,12956156000,cath kidston,2020,Buckinghamshire,RETAIL_RESTAURANTS_AND_CAFES,49750.0,49750.0,
460479162,463947162,cath kidston,2020,Buckinghamshire,RETAIL_RESTAURANTS_AND_CAFES,49750.0,49750.0,
460479162,463247162,cath kidston,2020,Buckinghamshire,RETAIL_RESTAURANTS_AND_CAFES,49750.0,49500.0,
462520000,6472808000,paperchase,2023,County Durham,RETAIL_HIGH_STREET,81500.0,81500.0,
462520000,14746959000,paperchase,2023,County Durham,RETAIL_HIGH_STREET,81500.0,81000.0,
462520000,3007344000,paperchase,2023,County Durham,RETAIL_HIGH_STREET,81500.0,81000.0,
465424000,11038965000,arcadia,2020,Preston,RETAIL_OTHER_SUPERSTORES_AND_WAREHOUSES,625000.0,610000.0,
465424000,1441818000,arcadia,2020,Preston,RETAIL_OTHER_SUPERSTORES_AND_WAREHOUSES,625000.0,650000.0,
465424000,13235210000,arcadia,2020,Preston,RETAIL_OTHER_SUPERSTORES_AND_WAREHOUSES,625000.0,570000.0,
470335162,471051162,wilko,2023,Buckinghamshire,RETAIL_OTHER_SUPERSTORES_AND_WAREHOUSES,202000.0,202000.0,
470335162,7525715000,wilko,2023,Buckinghamshire,RETAIL_OTHER_SUPERSTORES_AND_WAREHOUSES,202000.0,202000.0,
470335162,2358650000,wilko,2023,Buckinghamshire,RETAIL_OTHER_SUPERSTORES_AND_WAREHOUSES,202000.0,202000.0,
474510221,8811761000,arcadia,2020,Birmingham,RETAIL_HIGH_STREET,37000.0,37000.0,
474510221,8553904000,arcadia,2020,Birmingham,RETAIL_HIGH_STREET,37000.0,37000.0,
474510221,9607083000,arcadia,2020,Birmingham,RETAIL_HIGH_STREET,37000.0,37000.0,
481298108,7418827000,bhs,2016,York,INDUSTRIAL_GENERAL,14750.0,14750.0,
481298108,10860072000,bhs,2016,York,INDUSTRIAL_GENERAL,14750.0,14750.0,
481298108,12011166000,bhs,2016,York,INDUSTRIAL_GENERAL,14750.0,14750.0,
482948000,14041472000,toys r us,2018,Leicester,RETAIL_OTHER_SUPERSTORES_AND_WAREHOUSES,550000.0,510000.0,
482948000,194443044,toys r us,2018,Leicester,RETAIL_OTHER_SUPERSTORES_AND_WAREHOUSES,550000.0,505000.0,
482948000,3298475000,toys r us,2018,Leicester,RETAIL_OTHER_SUPERSTORES_AND_WAREHOUSES,550000.0,477500.0,
482949000,11191670000,poundworld,2018,Leicester,RETAIL_OTHER_SUPERSTORES_AND_WAREHOUSES,141000.0,135000.0,
482949000,10764044,poundworld,2018,Leicester,RETAIL_OTHER_SUPERSTORES_AND_WAREHOUSES,141000.0,134000.0,
482949000,8818005000,poundworld,2018,Leicester,RETAIL_OTHER_SUPERSTORES_AND_WAREHOUSES,141000.0,151000.0,
485318165,485318165,arcadia,2020,Reading,INDUSTRIAL_GENERAL,122000.0,122000.0,
485318165,5317389000,arcadia,2020,Reading,INDUSTRIAL_GENERAL,122000.0,123000.0,
485318165,196097165,arcadia,2020,Reading,INDUSTRIAL_GENERAL,122000.0,119000.0,
486326000,566664037,thomas cook,2019,Nottingham,OFFICE_GENERAL,2425.0,2425.0,
486326000,258695037,thomas cook,2019,Nottingham,OFFICE_GENERAL,2425.0,2425.0,
486326000,2438833000,thomas cook,2019,Nottingham,OFFICE_GENERAL,2425.0,2425.0,
494891104,4956443000,thomas cook,2019,Darlington,RETAIL_HIGH_STREET,45750.0,45750.0,
494891104,715316104,thomas cook,2019,Darlington,RETAIL_HIGH_STREET,45750.0,45500.0,
494891104,497445104,thomas cook,2019,Darlington,RETAIL_HIGH_STREET,45750.0,45000.0,
494963104,13568562000,poundworld,2018,Darlington,RETAIL_HIGH_STREET,104000.0,106000.0,
494963104,547302104,poundworld,2018,Darlington,RETAIL_HIGH_STREET,104000.0,107000.0,
494963104,715317104,poundworld,2018,Darlington,RETAIL_HIGH_STREET,104000.0,97500.0,
496797165,5814165,cath kidston,2020,Reading,RETAIL_HIGH_STREET,163000.0,160000.0,
496797165,196692165,cath kidston,2020,Reading,RETAIL_HIGH_STREET,163000.0,160000.0,
496797165,1836238000,cath kidston,2020,Reading,RETAIL_HIGH_STREET,163000.0,159000.0,
497894000,11768521000,thomas cook,2019,County Durham,RETAIL_HIGH_STREET,71000.0,70500.0,
497894000,843976000,thomas cook,2019,County Durham,RETAIL_HIGH_STREET,71000.0,71500.0,
497894000,277016104,thomas cook,2019,County Durham,RETAIL_HIGH_STREET,71000.0,71500.0,
502223163,4730599000,strada,2018,South Oxfordshire,RETAIL_HIGH_STREET,10000.0,10000.0,
502223163,50562000,strada,2018,South Oxfordshire,RETAIL_HIGH_STREET,10000.0,10000.0,
502223163,150462163,strada,2018,South Oxfordshire,RETAIL_HIGH_STREET,10000.0,10000.0,
507789000,11173487000,wilko,2023,Cardiff,RETAIL_OTHER_SUPERSTORES_AND_WAREHOUSES,177000.0,177000.0,
507789000,6737111000,wilko,2023,Cardiff,RETAIL_OTHER_SUPERSTORES_AND_WAREHOUSES,177000.0,176000.0,
507789000,629678000,wilko,2023,Cardiff,RETAIL_OTHER_SUPERSTORES_AND_WAREHOUSES,177000.0,178000.0,
511630145,2203905000,thomas cook,2019,Canterbury,RETAIL_HIGH_STREET,95000.0,95000.0,
511630145,149414145,thomas cook,2019,Canterbury,RETAIL_HIGH_STREET,95000.0,94500.0,
511630145,516275145,thomas cook,2019,Canterbury,RETAIL_HIGH_STREET,95000.0,95500.0,
513155145,515326145,strada,2018,Canterbury,RETAIL_RESTAURANTS_AND_CAFES,87500.0,87500.0,
513155145,14668092000,strada,2018,Canterbury,RETAIL_RESTAURANTS_AND_CAFES,87500.0,89000.0,
513155145,528952145,strada,2018,Canterbury,RETAIL_RESTAURANTS_AND_CAFES,87500.0,84500.0,
523512000,13023531000,paperchase,2023,Lincoln,RETAIL_HIGH_STREET,164000.0,161000.0,
523512000,509924000,paperchase,2023,Lincoln,RETAIL_HIGH_STREET,164000.0,157000.0,
523512000,1432800000,paperchase,2023,Lincoln,RETAIL_HIGH_STREET,164000.0,178000.0,
528957145,158668145,mothercare,2019,Canterbury,RETAIL_OTHER_SUPERSTORES_AND_WAREHOUSES,330000.0,332500.0,
528957145,6410682000,mothercare,2019,Canterbury,RETAIL_OTHER_SUPERSTORES_AND_WAREHOUSES,330000.0,322500.0,
528957145,13487073000,mothercare,2019,Canterbury,RETAIL_OTHER_SUPERSTORES_AND_WAREHOUSES,330000.0,340000.0,
529347000,7631245000,homebase,2024,Guildford,RETAIL_OTHER_SUPERSTORES_AND_WAREHOUSES,81000.0,82000.0,
529347000,341617152,homebase,2024,Guildford,RETAIL_OTHER_SUPERSTORES_AND_WAREHOUSES,81000.0,78500.0,
529347000,12557579000,homebase,2024,Guildford,RETAIL_OTHER_SUPERSTORES_AND_WAREHOUSES,81000.0,78000.0,
534629176,334724176,homebase,2024,Wiltshire,RETAIL_OTHER_SUPERSTORES_AND_WAREHOUSES,545000.0,555000.0,
534629176,8788822000,homebase,2024,Wiltshire,RETAIL_OTHER_SUPERSTORES_AND_WAREHOUSES,545000.0,555000.0,
534629176,449860176,homebase,2024,Wiltshire,RETAIL_OTHER_SUPERSTORES_AND_WAREHOUSES,545000.0,565000.0,
543765032,583584032,arcadia,2020,Lincoln,RETAIL_HIGH_STREET,226000.0,222000.0,
543765032,9428425000,arcadia,2020,Lincoln,RETAIL_HIGH_STREET,226000.0,222000.0,
543765032,8411163000,arcadia,2020,Lincoln,RETAIL_HIGH_STREET,226000.0,232000.0,
544139162,789162,thomas cook,2019,Buckinghamshire,RETAIL_HIGH_STREET,15750.0,15750.0,
544139162,8130002000,thomas cook,2019,Buckinghamshire,RETAIL_HIGH_STREET,15750.0,15750.0,
544139162,145816162,thomas cook,2019,Buckinghamshire,RETAIL_HIGH_STREET,15750.0,15750.0,
547297104,11141889000,arcadia,2020,Darlington,RETAIL_HIGH_STREET,92000.0,94000.0,
547297104,6330064000,arcadia,2020,Darlington,RETAIL_HIGH_STREET,92000.0,89500.0,
547297104,546873104,arcadia,2020,Darlington,RETAIL_HIGH_STREET,92000.0,89000.0,
550522176,5385846000,prezzo,2018,Southampton,RETAIL_RESTAURANTS_AND_CAFES,19500.0,19500.0,
550522176,200481176,prezzo,2018,Southampton,RETAIL_RESTAURANTS_AND_CAFES,19500.0,19500.0,
550522176,8938006000,prezzo,2018,Southampton,RETAIL_RESTAURANTS_AND_CAFES,19500.0,19250.0,
555539176,12768136000,bhs,2016,Wiltshire,RETAIL_OTHER_SUPERSTORES_AND_WAREHOUSES,425000.0,422500.0,
555539176,8128958000,bhs,2016,Wiltshire,RETAIL_OTHER_SUPERSTORES_AND_WAREHOUSES,425000.0,422500.0,
555539176,8790069000,bhs,2016,Wiltshire,RETAIL_OTHER_SUPERSTORES_AND_WAREHOUSES,425000.0,435000.0,
558017000,235567046,maplin,2018,Charnwood,RETAIL_OTHER_SUPERSTORES_AND_WAREHOUSES,60000.0,59000.0,
558017000,11655291000,maplin,2018,Charnwood,RETAIL_OTHER_SUPERSTORES_AND_WAREHOUSES,60000.0,62500.0,
558017000,4659026000,maplin,2018,Charnwood,RETAIL_OTHER_SUPERSTORES_AND_WAREHOUSES,60000.0,63500.0,
561182033,13874223000,frankie&bennys,2020,Chesterfield,RETAIL_HIGH_STREET,16500.0,16500.0,
561182033,1788665000,frankie&bennys,2020,Chesterfield,RETAIL_HIGH_STREET,16500.0,16250.0,
561182033,11523318000,frankie&bennys,2020,Chesterfield,RETAIL_HIGH_STREET,16500.0,16250.0,
561966216,94465216,arcadia,2020,Wiltshire,OFFICE_GENERAL,6700.0,6700.0,
561966216,14907833000,arcadia,2020,Wiltshire,OFFICE_GENERAL,6700.0,6700.0,
561966216,561966216,arcadia,2020,Wiltshire,OFFICE_GENERAL,6700.0,6700.0,
562134032,15149032,toys r us,2018,Lincoln,RETAIL_OTHER_SUPERSTORES_AND_WAREHOUSES,412500.0,405000.0,
562134032,15262032,toys r us,2018,Lincoln,RETAIL_OTHER_SUPERSTORES_AND_WAREHOUSES,412500.0,422500.0,
562134032,7765150000,toys r us,2018,Lincoln,RETAIL_OTHER_SUPERSTORES_AND_WAREHOUSES,412500.0,395000.0,
562346032,12054495000,homebase,2024,Lincoln,RETAIL_OTHER_SUPERSTORES_AND_WAREHOUSES,352500.0,340000.0,
562346032,10924954000,homebase,2024,Lincoln,RETAIL_OTHER_SUPERSTORES_AND_WAREHOUSES,352500.0,337500.0,
562346032,5021696000,homebase,2024,Lincoln,RETAIL_OTHER_SUPERSTORES_AND_WAREHOUSES,352500.0,367500.0,
562627216,12438580000,body shop,2024,Wiltshire,INDUSTRIAL_LIGHT,5000.0,5000.0,
562627216,13368300000,body shop,2024,Wiltshire,INDUSTRIAL_LIGHT,5000.0,4950.0,
562627216,134238216,body shop,2024,Wiltshire,INDUSTRIAL_LIGHT,5000.0,4950.0,
563790032,3302207000,arcadia,2020,Lincoln,RETAIL_HIGH_STREET,5800.0,5800.0,
563790032,15267032,arcadia,2020,Lincoln,RETAIL_HIGH_STREET,5800.0,5800.0,
563790032,3965035000,arcadia,2020,Lincoln,RETAIL_HIGH_STREET,5800.0,5800.0,
563793032,143129032,arcadia,2020,Lincoln,RETAIL_HIGH_STREET,121000.0,121000.0,
563793032,8443480000,arcadia,2020,Lincoln,RETAIL_HIGH_STREET,121000.0,120000.0,
563793032,15205032,arcadia,2020,Lincoln,RETAIL_HIGH_STREET,121000.0,122000.0,
563809176,11360527000,wilko,2023,Southampton,RETAIL_OTHER_SUPERSTORES_AND_WAREHOUSES,325000.0,335000.0,
563809176,564478176,wilko,2023,Southampton,RETAIL_OTHER_SUPERSTORES_AND_WAREHOUSES,325000.0,340000.0,
563809176,563692176,wilko,2023,Southampton,RETAIL_OTHER_SUPERSTORES_AND_WAREHOUSES,325000.0,345000.0,
563812176,198059176,mothercare,2019,Southampton,RETAIL_OTHER_SUPERSTORES_AND_WAREHOUSES,472500.0,442500.0,
563812176,7466803000,mothercare,2019,Southampton,RETAIL_OTHER_SUPERSTORES_AND_WAREHOUSES,472500.0,437500.0,
563812176,562972176,mothercare,2019,Southampton,RETAIL_OTHER_SUPERSTORES_AND_WAREHOUSES,472500.0,432500.0,
564760162,12506897000,homebase,2024,Buckinghamshire,RETAIL_OTHER_SUPERSTORES_AND_WAREHOUSES,620000.0,620000.0,
564760162,8789385000,homebase,2024,Buckinghamshire,RETAIL_OTHER_SUPERSTORES_AND_WAREHOUSES,620000.0,625000.0,
564760162,591446162,homebase,2024,Buckinghamshire,RETAIL_OTHER_SUPERSTORES_AND_WAREHOUSES,620000.0,635000.0,
566961216,11774212000,ted baker,2024,Swindon,RETAIL_HIGH_STREET,79500.0,78500.0,
566961216,8015216,ted baker,2024,Swindon,RETAIL_HIGH_STREET,79500.0,78500.0,
566961216,567023216,ted baker,2024,Swindon,RETAIL_HIGH_STREET,79500.0,80500.0,
567361104,138199104,arcadia,2020,County Durham,RETAIL_HIGH_STREET,3650.0,3650.0,
567361104,567361104,arcadia,2020,County Durham,RETAIL_HIGH_STREET,3650.0,3650.0,
567361104,715579104,arcadia,2020,County Durham,RETAIL_HIGH_STREET,3650.0,3650.0,
570130162,10044624000,frankie&bennys,2020,Buckinghamshire,RETAIL_HIGH_STREET,4550.0,4550.0,
570130162,7149904000,frankie&bennys,2020,Buckinghamshire,RETAIL_HIGH_STREET,4550.0,4550.0,
570130162,142370162,frankie&bennys,2020,Buckinghamshire,RETAIL_HIGH_STREET,4550.0,4550.0,
572113065,399982065,thomas cook,2019,Brent,RETAIL_HIGH_STREET,31250.0,31250.0,
572113065,402163065,thomas cook,2019,Brent,RETAIL_HIGH_STREET,31250.0,31000.0,
572113065,14930038000,thomas cook,2019,Brent,RETAIL_HIGH_STREET,31250.0,31000.0,
572566162,31755162,thomas cook,2019,Milton Keynes,RETAIL_HIGH_STREET,159000.0,158000.0,
572566162,570920162,thomas cook,2019,Milton Keynes,RETAIL_HIGH_STREET,159000.0,158000.0,
572566162,1761469000,thomas cook,2019,Milton Keynes,RETAIL_HIGH_STREET,159000.0,161000.0,
575919221,11004987000,body shop,2024,Birmingham,RETAIL_HIGH_STREET,133000.0,133000.0,
575919221,10690987000,body shop,2024,Birmingham,RETAIL_HIGH_STREET,133000.0,132000.0,
575919221,10220057000,body shop,2024,Birmingham,RETAIL_HIGH_STREET,133000.0,132000.0,
576818162,1754876000,ted baker,2024,Milton Keynes,RETAIL_HIGH_STREET,162000.0,162000.0,
576818162,576818162,ted baker,2024,Milton Keynes,RETAIL_HIGH_STREET,162000.0,162000.0,
576818162,1754620000,ted baker,2024,Milton Keynes,RETAIL_HIGH_STREET,162000.0,162000.0,
577777037,14785335000,poundworld,2018,Nottingham,RETAIL_HIGH_STREET,83500.0,82500.0,
577777037,577770037,poundworld,2018,Nottingham,RETAIL_HIGH_STREET,83500.0,84500.0,
577777037,13362499000,poundworld,2018,Nottingham,RETAIL_HIGH_STREET,83500.0,84500.0,
579784162,380580162,mothercare,2019,Buckinghamshire,RETAIL_OTHER_SUPERSTORES_AND_WAREHOUSES,181000.0,182000.0,
579784162,551869162,mothercare,2019,Buckinghamshire,RETAIL_OTHER_SUPERSTORES_AND_WAREHOUSES,181000.0,183000.0,
579784162,14742039000,mothercare,2019,Buckinghamshire,RETAIL_OTHER_SUPERSTORES_AND_WAREHOUSES,181000.0,178000.0,
580923042,15064513000,homebase,2024,Derby,RETAIL_OTHER_SUPERSTORES_AND_WAREHOUSES,505000.0,395000.0,
580923042,221942042,homebase,2024,Derby,RETAIL_OTHER_SUPERSTORES_AND_WAREHOUSES,505000.0,377500.0,
580923042,13880533000,homebase,2024,Derby,RETAIL_OTHER_SUPERSTORES_AND_WAREHOUSES,505000.0,340000.0,
582083000,10617189000,bella italia,2020,Chelmsford,RETAIL_OTHER_SUPERSTORES_AND_WAREHOUSES,0.0,1125.0,
582083000,11698566000,bella italia,2020,Chelmsford,RETAIL_OTHER_SUPERSTORES_AND_WAREHOUSES,0.0,1375.0,
582083000,11683490000,bella italia,2020,Chelmsford,RETAIL_OTHER_SUPERSTORES_AND_WAREHOUSES,0.0,1750.0,
583586032,152522032,mothercare,2019,Lincoln,RETAIL_HIGH_STREET,163000.0,146000.0,
583586032,580379032,mothercare,2019,Lincoln,RETAIL_HIGH_STREET,163000.0,137000.0,
583586032,15461032,mothercare,2019,Lincoln,RETAIL_HIGH_STREET,163000.0,191000.0,
584895221,14742440000,wilko,2023,Birmingham,RETAIL_OTHER_SUPERSTORES_AND_WAREHOUSES,620000.0,615000.0,
584895221,8084224000,wilko,2023,Birmingham,RETAIL_OTHER_SUPERSTORES_AND_WAREHOUSES,620000.0,610000.0,
584895221,3077471000,wilko,2023,Birmingham,RETAIL_OTHER_SUPERSTORES_AND_WAREHOUSES,620000.0,630000.0,
584898221,3124530000,debenhams,2020,Birmingham,RETAIL_HIGH_STREET,470000.0,470000.0,
584898221,3077330000,debenhams,2020,Birmingham,RETAIL_HIGH_STREET,470000.0,460000.0,
584898221,9528101000,debenhams,2020,Birmingham,RETAIL_HIGH_STREET,470000.0,485000.0,
589713000,278022011,wilko,2023,Bedford,RETAIL_OTHER_SUPERSTORES_AND_WAREHOUSES,310000.0,302500.0,
589713000,9012467000,wilko,2023,Bedford,RETAIL_OTHER_SUPERSTORES_AND_WAREHOUSES,310000.0,317500.0,
589713000,7413444000,wilko,2023,Bedford,RETAIL_OTHER_SUPERSTORES_AND_WAREHOUSES,310000.0,297500.0,
589719000,207276011,arcadia,2020,Bedford,RETAIL_OTHER_SUPERSTORES_AND_WAREHOUSES,450000.0,435000.0,
589719000,11240715000,arcadia,2020,Bedford,RETAIL_OTHER_SUPERSTORES_AND_WAREHOUSES,450000.0,470000.0,
589719000,11652991000,arcadia,2020,Bedford,RETAIL_OTHER_SUPERSTORES_AND_WAREHOUSES,450000.0,472500.0,
598028000,213814232,arcadia,2020,East Staffordshire,LEISURE_AMUSEMENT_AND_ENTERTAINMENT_CENTRES,18750.0,20000.0,
598028000,4264768000,arcadia,2020,East Staffordshire,LEISURE_AMUSEMENT_AND_ENTERTAINMENT_CENTRES,18750.0,17250.0,
598028000,9535179000,arcadia,2020,East Staffordshire,LEISURE_AMUSEMENT_AND_ENTERTAINMENT_CENTRES,18750.0,15750.0,
612047000,9373385000,thomas cook,2019,North Northamptonshire,RETAIL_HIGH_STREET,15000.0,15000.0,
612047000,13309871000,thomas cook,2019,North Northamptonshire,RETAIL_HIGH_STREET,15000.0,15000.0,
612047000,261452045,thomas cook,2019,North Northamptonshire,RETAIL_HIGH_STREET,15000.0,15000.0,
617569000,263864144,mothercare,2019,Eastbourne,RETAIL_OTHER_SUPERSTORES_AND_WAREHOUSES,143000.0,140000.0,
617569000,4265682000,mothercare,2019,Eastbourne,RETAIL_OTHER_SUPERSTORES_AND_WAREHOUSES,143000.0,134000.0,
617569000,5039747000,mothercare,2019,Eastbourne,RETAIL_OTHER_SUPERSTORES_AND_WAREHOUSES,143000.0,153000.0,
630709000,12054030000,homebase,2024,Central Bedfordshire,RETAIL_OTHER_SUPERSTORES_AND_WAREHOUSES,322500.0,320000.0,
630709000,12183080000,homebase,2024,Central Bedfordshire,RETAIL_OTHER_SUPERSTORES_AND_WAREHOUSES,322500.0,317500.0,
630709000,14478413000,homebase,2024,Central Bedfordshire,RETAIL_OTHER_SUPERSTORES_AND_WAREHOUSES,322500.0,335000.0,
636567000,170248045,toys r us,2018,West Northamptonshire,RETAIL_RESTAURANTS_AND_CAFES,21500.0,21500.0,
636567000,6575391000,toys r us,2018,West Northamptonshire,RETAIL_RESTAURANTS_AND_CAFES,21500.0,21500.0,
636567000,134038045,toys r us,2018,West Northamptonshire,RETAIL_RESTAURANTS_AND_CAFES,21500.0,21500.0,
637038000,589714000,toys r us,2018,Bedford,RETAIL_OTHER_SUPERSTORES_AND_WAREHOUSES,740000.0,785000.0,
637038000,13898839000,toys r us,2018,Bedford,RETAIL_OTHER_SUPERSTORES_AND_WAREHOUSES,740000.0,810000.0,
637038000,589704000,toys r us,2018,Bedford,RETAIL_OTHER_SUPERSTORES_AND_WAREHOUSES,740000.0,640000.0,
641819000,3715150000,cafe rouge,2020,Cheshire West and Chester,RETAIL_HIGH_STREET,79500.0,79500.0,
641819000,4165407000,cafe rouge,2020,Cheshire West and Chester,RETAIL_HIGH_STREET,79500.0,79500.0,
641819000,11753003000,cafe rouge,2020,Cheshire West and Chester,RETAIL_HIGH_STREET,79500.0,79000.0,
643290000,277200186,strada,2018,Somerset,RETAIL_HIGH_STREET,5500.0,5500.0,
643290000,5509460000,strada,2018,Somerset,RETAIL_HIGH_STREET,5500.0,5500.0,
643290000,210343186,strada,2018,Somerset,RETAIL_HIGH_STREET,5500.0,5500.0,
645382082,648226082,byron,2020,Hammersmith and Fulham,RETAIL_HIGH_STREET,44750.0,44750.0,
645382082,221451082,byron,2020,Hammersmith and Fulham,RETAIL_HIGH_STREET,44750.0,44750.0,
645382082,338954082,byron,2020,Hammersmith and Fulham,RETAIL_HIGH_STREET,44750.0,44750.0,
649713000,649713000,ted baker,2024,Dartford,RETAIL_HIGH_STREET,500000.0,500000.0,
649713000,649332000,ted baker,2024,Dartford,RETAIL_HIGH_STREET,500000.0,500000.0,
649713000,7720157000,ted baker,2024,Dartford,RETAIL_HIGH_STREET,500000.0,510000.0,
649832000,650021000,cath kidston,2020,Dartford,RETAIL_HIGH_STREET,330000.0,330000.0,
649832000,9435289000,cath kidston,2020,Dartford,RETAIL_HIGH_STREET,330000.0,330000.0,
649832000,649870000,cath kidston,2020,Dartford,RETAIL_HIGH_STREET,330000.0,330000.0,
649849000,11920198000,body shop,2024,Dartford,RETAIL_HIGH_STREET,332500.0,332500.0,
649849000,650602000,body shop,2024,Dartford,RETAIL_HIGH_STREET,332500.0,332500.0,
649849000,4576861000,body shop,2024,Dartford,RETAIL_HIGH_STREET,332500.0,330000.0,
649984000,649984000,arcadia,2020,Dartford,RETAIL_HIGH_STREET,322500.0,322500.0,
649984000,649685000,arcadia,2020,Dartford,RETAIL_HIGH_STREET,322500.0,322500.0,
649984000,650894000,arcadia,2020,Dartford,RETAIL_HIGH_STREET,322500.0,320000.0,
649992000,12086877000,bella italia,2020,Dartford,RETAIL_RESTAURANTS_AND_CAFES,161000.0,162000.0,
649992000,651094000,bella italia,2020,Dartford,RETAIL_RESTAURANTS_AND_CAFES,161000.0,156000.0,
649992000,649836000,bella italia,2020,Dartford,RETAIL_RESTAURANTS_AND_CAFES,161000.0,156000.0,
650465000,650871000,paperchase,2023,Dartford,RETAIL_HIGH_STREET,255000.0,255000.0,
650465000,650267000,paperchase,2023,Dartford,RETAIL_HIGH_STREET,255000.0,255000.0,
650465000,650394000,paperchase,2023,Dartford,RETAIL_HIGH_STREET,255000.0,252500.0,
650900000,650174000,cafe rouge,2020,Dartford,RETAIL_RESTAURANTS_AND_CAFES,152000.0,152000.0,
650900000,11093368000,cafe rouge,2020,Dartford,RETAIL_RESTAURANTS_AND_CAFES,152000.0,154000.0,
650900000,12129913000,cafe rouge,2020,Dartford,RETAIL_RESTAURANTS_AND_CAFES,152000.0,143000.0,
650951000,2985222000,mothercare,2019,Dartford,RETAIL_HIGH_STREET,710000.0,715000.0,
650951000,11926889000,mothercare,2019,Dartford,RETAIL_HIGH_STREET,710000.0,695000.0,
650951000,6764307000,mothercare,2019,Dartford,RETAIL_HIGH_STREET,710000.0,680000.0,
651050000,8200215000,byron,2020,Dartford,RETAIL_RESTAURANTS_AND_CAFES,124000.0,124000.0,
651050000,12129894000,byron,2020,Dartford,RETAIL_RESTAURANTS_AND_CAFES,124000.0,124000.0,
651050000,650912000,byron,2020,Dartford,RETAIL_RESTAURANTS_AND_CAFES,124000.0,126000.0,
655016000,336619141,bella italia,2020,Crawley,RETAIL_RESTAURANTS_AND_CAFES,88000.0,90000.0,
655016000,14529950000,bella italia,2020,Crawley,RETAIL_RESTAURANTS_AND_CAFES,88000.0,85500.0,
655016000,8387281000,bella italia,2020,Crawley,RETAIL_RESTAURANTS_AND_CAFES,88000.0,91000.0,
655205000,7995984000,arcadia,2020,Peterborough,RETAIL_HIGH_STREET,385000.0,377500.0,
655205000,10813510000,arcadia,2020,Peterborough,RETAIL_HIGH_STREET,385000.0,375000.0,
655205000,7590406000,arcadia,2020,Peterborough,RETAIL_HIGH_STREET,385000.0,417500.0,
660631000,2781555000,toys r us,2018,East Staffordshire,RETAIL_HIGH_STREET,0.0,0.0,
660631000,5427293000,toys r us,2018,East Staffordshire,RETAIL_HIGH_STREET,0.0,0.0,
660631000,922538000,toys r us,2018,East Staffordshire,RETAIL_HIGH_STREET,0.0,0.0,
666296000,12866981000,arcadia,2020,York,RETAIL_OTHER_SUPERSTORES_AND_WAREHOUSES,565000.0,560000.0,
666296000,12513540000,arcadia,2020,York,RETAIL_OTHER_SUPERSTORES_AND_WAREHOUSES,565000.0,580000.0,
666296000,10522675000,arcadia,2020,York,RETAIL_OTHER_SUPERSTORES_AND_WAREHOUSES,565000.0,585000.0,
671172000,10230559000,frankie&bennys,2020,Swindon,RETAIL_RESTAURANTS_AND_CAFES,105000.0,105000.0,
671172000,23442216,frankie&bennys,2020,Swindon,RETAIL_RESTAURANTS_AND_CAFES,105000.0,102500.0,
671172000,9575598000,frankie&bennys,2020,Swindon,RETAIL_RESTAURANTS_AND_CAFES,105000.0,99000.0,
671179000,11564272000,chiquito,2020,Swindon,RETAIL_RESTAURANTS_AND_CAFES,129000.0,117000.0,
671179000,6348771000,chiquito,2020,Swindon,RETAIL_RESTAURANTS_AND_CAFES,129000.0,141000.0,
671179000,2343612000,chiquito,2020,Swindon,RETAIL_RESTAURANTS_AND_CAFES,129000.0,142500.0,
683014000,167920046,arcadia,2020,Charnwood,OFFICE_GENERAL,3800.0,3800.0,
683014000,2500273000,arcadia,2020,Charnwood,OFFICE_GENERAL,3800.0,3800.0,
683014000,60206046,arcadia,2020,Charnwood,OFFICE_GENERAL,3800.0,3800.0,
689398072,689784072,debenhams,2020,Bromley,RETAIL_OTHER_SUPERSTORES_AND_WAREHOUSES,850000.0,810000.0,
689398072,8785722000,debenhams,2020,Bromley,RETAIL_OTHER_SUPERSTORES_AND_WAREHOUSES,850000.0,785000.0,
689398072,16179072,debenhams,2020,Bromley,RETAIL_OTHER_SUPERSTORES_AND_WAREHOUSES,850000.0,770000.0,
690033022,817365022,poundworld,2018,Thurrock,RETAIL_HIGH_STREET,115000.0,114000.0,
690033022,819370022,poundworld,2018,Thurrock,RETAIL_HIGH_STREET,115000.0,113000.0,
690033022,1956176000,poundworld,2018,Thurrock,RETAIL_HIGH_STREET,115000.0,113000.0,
709069000,15015026000,body shop,2024,Coventry,INDUSTRIAL_GENERAL,16000.0,16000.0,
709069000,278745222,body shop,2024,Coventry,INDUSTRIAL_GENERAL,16000.0,16000.0,
709069000,4610690000,body shop,2024,Coventry,INDUSTRIAL_GENERAL,16000.0,16000.0,
714009104,5985557000,body shop,2024,Darlington,RETAIL_HIGH_STREET,67500.0,67500.0,
714009104,6590802000,body shop,2024,Darlington,RETAIL_HIGH_STREET,67500.0,67000.0,
714009104,715276104,body shop,2024,Darlington,RETAIL_HIGH_STREET,67500.0,68500.0,
715280104,715819104,arcadia,2020,Darlington,RETAIL_HIGH_STREET,96500.0,96500.0,
715280104,715315104,arcadia,2020,Darlington,RETAIL_HIGH_STREET,96500.0,97000.0,
715280104,492871104,arcadia,2020,Darlington,RETAIL_HIGH_STREET,96500.0,95500.0,
715557104,96557000,arcadia,2020,Darlington,RETAIL_HIGH_STREET,105000.0,113000.0,
715557104,711130104,arcadia,2020,Darlington,RETAIL_HIGH_STREET,105000.0,95500.0,
715557104,11612235000,arcadia,2020,Darlington,RETAIL_HIGH_STREET,105000.0,119000.0,
716618000,990218000,arcadia,2020,Spelthorne,RETAIL_HIGH_STREET,156000.0,165000.0,
716618000,1421244000,arcadia,2020,Spelthorne,RETAIL_HIGH_STREET,156000.0,168000.0,
716618000,8308960000,arcadia,2020,Spelthorne,RETAIL_HIGH_STREET,156000.0,169000.0,
720773000,244162126,mothercare,2019,Preston,RETAIL_OTHER_SUPERSTORES_AND_WAREHOUSES,322500.0,317500.0,
720773000,179202126,mothercare,2019,Preston,RETAIL_OTHER_SUPERSTORES_AND_WAREHOUSES,322500.0,330000.0,
720773000,10648856000,mothercare,2019,Preston,RETAIL_OTHER_SUPERSTORES_AND_WAREHOUSES,322500.0,312500.0,
725758000,13963523000,homebase,2024,Preston,RETAIL_OTHER_SUPERSTORES_AND_WAREHOUSES,670000.0,705000.0,
725758000,177497126,homebase,2024,Preston,RETAIL_OTHER_SUPERSTORES_AND_WAREHOUSES,670000.0,705000.0,
725758000,4630404000,homebase,2024,Preston,RETAIL_OTHER_SUPERSTORES_AND_WAREHOUSES,670000.0,735000.0,
731197104,6037808000,arcadia,2020,County Durham,RETAIL_HIGH_STREET,42000.0,42000.0,
731197104,12562104,arcadia,2020,County Durham,RETAIL_HIGH_STREET,42000.0,41750.0,
731197104,135191104,arcadia,2020,County Durham,RETAIL_HIGH_STREET,42000.0,41750.0,
736830104,718902104,wilko,2023,Darlington,RETAIL_OTHER_SUPERSTORES_AND_WAREHOUSES,435000.0,435000.0,
736830104,5653393000,wilko,2023,Darlington,RETAIL_OTHER_SUPERSTORES_AND_WAREHOUSES,435000.0,405000.0,
736830104,484776104,wilko,2023,Darlington,RETAIL_OTHER_SUPERSTORES_AND_WAREHOUSES,435000.0,495000.0,
753262072,8805033000,wilko,2023,Bromley,RETAIL_HIGH_STREET,213000.0,212000.0,
753262072,10824222000,wilko,2023,Bromley,RETAIL_HIGH_STREET,213000.0,211000.0,
753262072,756545072,wilko,2023,Bromley,RETAIL_HIGH_STREET,213000.0,220000.0,
779739000,3225819000,poundworld,2018,West Northamptonshire,RETAIL_OTHER_SUPERSTORES_AND_WAREHOUSES,153000.0,156000.0,
779739000,211929045,poundworld,2018,West Northamptonshire,RETAIL_OTHER_SUPERSTORES_AND_WAREHOUSES,153000.0,158000.0,
779739000,4960064000,poundworld,2018,West Northamptonshire,RETAIL_OTHER_SUPERSTORES_AND_WAREHOUSES,153000.0,160000.0,
786565000,11118931000,arcadia,2020,Leeds,RETAIL_OTHER_SUPERSTORES_AND_WAREHOUSES,33000.0,33000.0,
786565000,5332704000,arcadia,2020,Leeds,RETAIL_OTHER_SUPERSTORES_AND_WAREHOUSES,33000.0,32750.0,
786565000,317424244,arcadia,2020,Leeds,RETAIL_OTHER_SUPERSTORES_AND_WAREHOUSES,33000.0,32750.0,
800761000,4925718000,frankie&bennys,2020,Rushmoor,RETAIL_HIGH_STREET,7100.0,7100.0,
800761000,10501644000,frankie&bennys,2020,Rushmoor,RETAIL_HIGH_STREET,7100.0,7100.0,
800761000,14525884000,frankie&bennys,2020,Rushmoor,RETAIL_HIGH_STREET,7100.0,7100.0,
808172022,875064022,thomas cook,2019,Thurrock,RETAIL_HIGH_STREET,12250.0,12250.0,
808172022,808651022,thomas cook,2019,Thurrock,RETAIL_HIGH_STREET,12250.0,12250.0,
808172022,7186721000,thomas cook,2019,Thurrock,RETAIL_HIGH_STREET,12250.0,12250.0,
817396022,10363752000,arcadia,2020,Thurrock,RETAIL_HIGH_STREET,372500.0,365000.0,
817396022,817802022,arcadia,2020,Thurrock,RETAIL_HIGH_STREET,372500.0,380000.0,
817396022,817380022,arcadia,2020,Thurrock,RETAIL_HIGH_STREET,372500.0,362500.0,
817405022,818327022,body shop,2024,Thurrock,RETAIL_HIGH_STREET,233000.0,234000.0,
817405022,817415022,body shop,2024,Thurrock,RETAIL_HIGH_STREET,233000.0,234000.0,
817405022,817468022,body shop,2024,Thurrock,RETAIL_HIGH_STREET,233000.0,230000.0,
817407022,817418022,cath kidston,2020,Thurrock,RETAIL_HIGH_STREET,215000.0,215000.0,
817407022,817416022,cath kidston,2020,Thurrock,RETAIL_HIGH_STREET,215000.0,214000.0,
817407022,11435378000,cath kidston,2020,Thurrock,RETAIL_HIGH_STREET,215000.0,214000.0,
817420022,10022837000,paperchase,2023,Thurrock,RETAIL_HIGH_STREET,260000.0,260000.0,
817420022,818319022,paperchase,2023,Thurrock,RETAIL_HIGH_STREET,260000.0,262500.0,
817420022,9894819000,paperchase,2023,Thurrock,RETAIL_HIGH_STREET,260000.0,255000.0,
817423022,817422022,paperchase,2023,Thurrock,RETAIL_HIGH_STREET,228000.0,228000.0,
817423022,817423022,paperchase,2023,Thurrock,RETAIL_HIGH_STREET,228000.0,228000.0,
817423022,818203022,paperchase,2023,Thurrock,RETAIL_HIGH_STREET,228000.0,228000.0,
817611022,818138022,debenhams,2020,Thurrock,RETAIL_OTHER_SUPERSTORES_AND_WAREHOUSES,1820000.0,1890000.0,
817611022,9658326000,debenhams,2020,Thurrock,RETAIL_OTHER_SUPERSTORES_AND_WAREHOUSES,1820000.0,2020000.0,
817611022,7721426000,debenhams,2020,Thurrock,RETAIL_OTHER_SUPERSTORES_AND_WAREHOUSES,1820000.0,1610000.0,
818004022,8459804000,body shop,2024,Harlow,RETAIL_HIGH_STREET,32500.0,32750.0,
818004022,8463508000,body shop,2024,Harlow,RETAIL_HIGH_STREET,32500.0,33250.0,
818004022,196758022,body shop,2024,Harlow,RETAIL_HIGH_STREET,32500.0,33250.0,
818341022,867216022,chiquito,2020,Harlow,RETAIL_RESTAURANTS_AND_CAFES,115000.0,114000.0,
818341022,899350022,chiquito,2020,Harlow,RETAIL_RESTAURANTS_AND_CAFES,115000.0,122250.0,
818341022,14137573000,chiquito,2020,Harlow,RETAIL_RESTAURANTS_AND_CAFES,115000.0,104000.0,
820001022,869481022,body shop,2024,Chelmsford,RETAIL_HIGH_STREET,89500.0,89500.0,
820001022,13802022,body shop,2024,Chelmsford,RETAIL_HIGH_STREET,89500.0,90000.0,
820001022,13805022,body shop,2024,Chelmsford,RETAIL_HIGH_STREET,89500.0,88000.0,
869544022,14258423000,bhs,2016,Chelmsford,RETAIL_OTHER_SUPERSTORES_AND_WAREHOUSES,487500.0,485000.0,
869544022,13696022,bhs,2016,Chelmsford,RETAIL_OTHER_SUPERSTORES_AND_WAREHOUSES,487500.0,490000.0,
869544022,11020247000,bhs,2016,Chelmsford,RETAIL_OTHER_SUPERSTORES_AND_WAREHOUSES,487500.0,480000.0,
877343022,11429211000,toys r us,2018,Harlow,RETAIL_OTHER_SUPERSTORES_AND_WAREHOUSES,633000.0,605000.0,
877343022,15080827000,toys r us,2018,Harlow,RETAIL_OTHER_SUPERSTORES_AND_WAREHOUSES,633000.0,675000.0,
877343022,3783770000,toys r us,2018,Harlow,RETAIL_OTHER_SUPERSTORES_AND_WAREHOUSES,633000.0,580000.0,
879038022,5466529000,mothercare,2019,Harlow,RETAIL_OTHER_SUPERSTORES_AND_WAREHOUSES,322500.0,320000.0,
879038022,13172886000,mothercare,2019,Harlow,RETAIL_OTHER_SUPERSTORES_AND_WAREHOUSES,322500.0,325000.0,
879038022,5298603000,mothercare,2019,Harlow,RETAIL_OTHER_SUPERSTORES_AND_WAREHOUSES,322500.0,312500.0,
885966023,8711208000,arcadia,2020,Southend-on-Sea,RETAIL_HIGH_STREET,67500.0,67500.0,
885966023,886047023,arcadia,2020,Southend-on-Sea,RETAIL_HIGH_STREET,67500.0,67500.0,
885966023,885966023,arcadia,2020,Southend-on-Sea,RETAIL_HIGH_STREET,67500.0,67500.0,
886000023,9235738000,bhs,2016,Southend-on-Sea,RETAIL_OTHER_SUPERSTORES_AND_WAREHOUSES,510000.0,530000.0,
886000023,12986417000,bhs,2016,Southend-on-Sea,RETAIL_OTHER_SUPERSTORES_AND_WAREHOUSES,510000.0,480000.0,
886000023,9097619000,bhs,2016,Southend-on-Sea,RETAIL_OTHER_SUPERSTORES_AND_WAREHOUSES,510000.0,427500.0,
886032023,886062023,arcadia,2020,Southend-on-Sea,RETAIL_HIGH_STREET,145000.0,145000.0,
886032023,10188812000,arcadia,2020,Southend-on-Sea,RETAIL_HIGH_STREET,145000.0,145000.0,
886032023,6481632000,arcadia,2020,Southend-on-Sea,RETAIL_HIGH_STREET,145000.0,142000.0,
886059023,886061023,body shop,2024,Southend-on-Sea,RETAIL_HIGH_STREET,80000.0,79500.0,
886059023,5227896000,body shop,2024,Southend-on-Sea,RETAIL_HIGH_STREET,80000.0,79000.0,
886059023,886042023,body shop,2024,Southend-on-Sea,RETAIL_HIGH_STREET,80000.0,79000.0,
893798022,15088612000,body shop,2024,Thurrock,INDUSTRIAL_GENERAL,21250.0,21250.0,
893798022,816482022,body shop,2024,Thurrock,INDUSTRIAL_GENERAL,21250.0,21250.0,
893798022,883943022,body shop,2024,Thurrock,INDUSTRIAL_GENERAL,21250.0,21250.0,
895108022,9583814000,mothercare,2019,Chelmsford,RETAIL_OTHER_SUPERSTORES_AND_WAREHOUSES,194000.0,194000.0,
895108022,1224320000,mothercare,2019,Chelmsford,RETAIL_OTHER_SUPERSTORES_AND_WAREHOUSES,194000.0,190000.0,
895108022,11062145000,mothercare,2019,Chelmsford,RETAIL_OTHER_SUPERSTORES_AND_WAREHOUSES,194000.0,198000.0,
895111022,11224597000,maplin,2018,Chelmsford,RETAIL_HIGH_STREET,97500.0,96000.0,
895111022,10912246000,maplin,2018,Chelmsford,RETAIL_HIGH_STREET,97500.0,96000.0,
895111022,4096854000,maplin,2018,Chelmsford,RETAIL_HIGH_STREET,97500.0,95500.0,
895320000,12673055000,toys r us,2018,Preston,RETAIL_OTHER_SUPERSTORES_AND_WAREHOUSES,990000.0,995000.0,
895320000,15061761000,toys r us,2018,Preston,RETAIL_OTHER_SUPERSTORES_AND_WAREHOUSES,990000.0,1040000.0,
895320000,14193307000,toys r us,2018,Preston,RETAIL_OTHER_SUPERSTORES_AND_WAREHOUSES,990000.0,1060000.0,
901297022,4567496000,cafe rouge,2020,Chelmsford,RETAIL_RESTAURANTS_AND_CAFES,42500.0,42000.0,
901297022,40328022,cafe rouge,2020,Chelmsford,RETAIL_RESTAURANTS_AND_CAFES,42500.0,42000.0,
901297022,6199336000,cafe rouge,2020,Chelmsford,RETAIL_RESTAURANTS_AND_CAFES,42500.0,41250.0,
901881000,9085166000,byron,2020,Camden,RETAIL_RESTAURANTS_AND_CAFES,71500.0,71500.0,
901881000,13630208000,byron,2020,Camden,RETAIL_RESTAURANTS_AND_CAFES,71500.0,71500.0,
901881000,7594261000,byron,2020,Camden,RETAIL_RESTAURANTS_AND_CAFES,71500.0,71000.0,
908903023,908913023,maplin,2018,Southend-on-Sea,RETAIL_HIGH_STREET,4800.0,4800.0,
908903023,901733023,maplin,2018,Southend-on-Sea,RETAIL_HIGH_STREET,4800.0,4800.0,
908903023,1122168023,maplin,2018,Southend-on-Sea,RETAIL_HIGH_STREET,4800.0,4800.0,
910821022,10640913000,maplin,2018,Thurrock,RETAIL_OTHER_SUPERSTORES_AND_WAREHOUSES,203000.0,203000.0,
910821022,10947976000,maplin,2018,Thurrock,RETAIL_OTHER_SUPERSTORES_AND_WAREHOUSES,203000.0,203000.0,
910821022,13195476000,maplin,2018,Thurrock,RETAIL_OTHER_SUPERSTORES_AND_WAREHOUSES,203000.0,204000.0,
913012022,3744653000,arcadia,2020,Chelmsford,RETAIL_HIGH_STREET,165000.0,165000.0,
913012022,335402000,arcadia,2020,Chelmsford,RETAIL_HIGH_STREET,165000.0,163000.0,
913012022,10543757000,arcadia,2020,Chelmsford,RETAIL_HIGH_STREET,165000.0,167000.0,
913181022,896664022,wilko,2023,Thurrock,RETAIL_OTHER_SUPERSTORES_AND_WAREHOUSES,177000.0,177000.0,
913181022,14774328000,wilko,2023,Thurrock,RETAIL_OTHER_SUPERSTORES_AND_WAREHOUSES,177000.0,175000.0,
913181022,863623022,wilko,2023,Thurrock,RETAIL_OTHER_SUPERSTORES_AND_WAREHOUSES,177000.0,179000.0,
913336000,271786232,poundworld,2018,East Staffordshire,RETAIL_HIGH_STREET,132000.0,132000.0,
913336000,4092839000,poundworld,2018,East Staffordshire,RETAIL_HIGH_STREET,132000.0,129000.0,
913336000,7788174000,poundworld,2018,East Staffordshire,RETAIL_HIGH_STREET,132000.0,115000.0,
915213000,332550176,cafe rouge,2020,Wiltshire,RETAIL_RESTAURANTS_AND_CAFES,98500.0,100000.0,
915213000,4410319000,cafe rouge,2020,Wiltshire,RETAIL_RESTAURANTS_AND_CAFES,98500.0,96000.0,
915213000,9981401000,cafe rouge,2020,Wiltshire,RETAIL_RESTAURANTS_AND_CAFES,98500.0,95000.0,
930791000,8465115000,carluccios,2020,Dartford,RETAIL_RESTAURANTS_AND_CAFES,96000.0,96000.0,
930791000,650154000,carluccios,2020,Dartford,RETAIL_RESTAURANTS_AND_CAFES,96000.0,98000.0,
930791000,8200229000,carluccios,2020,Dartford,RETAIL_RESTAURANTS_AND_CAFES,96000.0,99000.0,
948332000,198674023,body shop,2024,Braintree,RETAIL_HIGH_STREET,28750.0,28750.0,
948332000,8906778000,body shop,2024,Braintree,RETAIL_HIGH_STREET,28750.0,28750.0,
948332000,198666023,body shop,2024,Braintree,RETAIL_HIGH_STREET,28750.0,28500.0,
950600000,4976478000,homebase,2024,Camden,RETAIL_OTHER_SUPERSTORES_AND_WAREHOUSES,1050000.0,1070000.0,
950600000,9973811000,homebase,2024,Camden,RETAIL_OTHER_SUPERSTORES_AND_WAREHOUSES,1050000.0,1230000.0,
950600000,8788882000,homebase,2024,Camden,RETAIL_OTHER_SUPERSTORES_AND_WAREHOUSES,1050000.0,755000.0,
964792000,58849176,arcadia,2020,Southampton,OFFICE_GENERAL,0.0,0.0,
964792000,2017030000,arcadia,2020,Southampton,OFFICE_GENERAL,0.0,0.0,
964792000,5130858000,arcadia,2020,Southampton,OFFICE_GENERAL,0.0,0.0,
975174000,589736000,homebase,2024,Bedford,RETAIL_OTHER_SUPERSTORES_AND_WAREHOUSES,450000.0,475000.0,
975174000,589731000,homebase,2024,Bedford,RETAIL_OTHER_SUPERSTORES_AND_WAREHOUSES,450000.0,420000.0,
975174000,9076033000,homebase,2024,Bedford,RETAIL_OTHER_SUPERSTORES_AND_WAREHOUSES,450000.0,480000.0,
980228000,977181000,bella italia,2020,Reading,RETAIL_HIGH_STREET,153000.0,156000.0,
980228000,196695165,bella italia,2020,Reading,RETAIL_HIGH_STREET,153000.0,148000.0,
980228000,14860989000,bella italia,2020,Reading,RETAIL_HIGH_STREET,153000.0,146000.0,
980379000,1839138000,cafe rouge,2020,Reading,RETAIL_RESTAURANTS_AND_CAFES,145000.0,147000.0,
980379000,141549000,cafe rouge,2020,Reading,RETAIL_RESTAURANTS_AND_CAFES,145000.0,148000.0,
980379000,11780026000,cafe rouge,2020,Reading,RETAIL_RESTAURANTS_AND_CAFES,145000.0,150000.0,
980437000,10706153000,strada,2018,Reading,RETAIL_RESTAURANTS_AND_CAFES,129000.0,127000.0,
980437000,12667558000,strada,2018,Reading,RETAIL_RESTAURANTS_AND_CAFES,129000.0,131000.0,
980437000,198617165,strada,2018,Reading,RETAIL_RESTAURANTS_AND_CAFES,129000.0,126000.0,
980985000,5781165,paperchase,2023,Reading,RETAIL_HIGH_STREET,182000.0,182000.0,
980985000,196709165,paperchase,2023,Reading,RETAIL_HIGH_STREET,182000.0,183000.0,
980985000,1221470000,paperchase,2023,Reading,RETAIL_HIGH_STREET,182000.0,179000.0,
981039000,981039000,paperchase,2023,Reading,RETAIL_HIGH_STREET,170000.0,170000.0,
981039000,4451878000,paperchase,2023,Reading,RETAIL_HIGH_STREET,170000.0,169000.0,
981039000,5804165,paperchase,2023,Reading,RETAIL_HIGH_STREET,170000.0,172000.0,
981118000,981107000,debenhams,2020,Reading,RETAIL_OTHER_SUPERSTORES_AND_WAREHOUSES,1310000.0,1390000.0,
981118000,13472776000,debenhams,2020,Reading,RETAIL_OTHER_SUPERSTORES_AND_WAREHOUSES,1310000.0,1390000.0,
981118000,488630165,debenhams,2020,Reading,RETAIL_OTHER_SUPERSTORES_AND_WAREHOUSES,1310000.0,1110000.0,
987332000,2153836000,ted baker,2024,Braintree,RETAIL_HIGH_STREET,68500.0,68500.0,
987332000,12105564000,ted baker,2024,Braintree,RETAIL_HIGH_STREET,68500.0,68000.0,
987332000,948370000,ted baker,2024,Braintree,RETAIL_HIGH_STREET,68500.0,68000.0,
987494000,10401219000,cath kidston,2020,Warwick,RETAIL_HIGH_STREET,36750.0,36500.0,
987494000,79629237,cath kidston,2020,Warwick,RETAIL_HIGH_STREET,36750.0,37250.0,
987494000,221368237,cath kidston,2020,Warwick,RETAIL_HIGH_STREET,36750.0,37250.0,
995594000,240131222,prezzo,2018,Rugby,RETAIL_RESTAURANTS_AND_CAFES,39500.0,39000.0,
995594000,4087045000,prezzo,2018,Rugby,RETAIL_RESTAURANTS_AND_CAFES,39500.0,40000.0,
995594000,5608007000,prezzo,2018,Rugby,RETAIL_RESTAURANTS_AND_CAFES,39500.0,40000.0,
1069082000,569682216,wilko,2023,Swindon,RETAIL_OTHER_SUPERSTORES_AND_WAREHOUSES,350000.0,357500.0,
1069082000,14156371000,wilko,2023,Swindon,RETAIL_OTHER_SUPERSTORES_AND_WAREHOUSES,350000.0,360000.0,
1069082000,12725636000,wilko,2023,Swindon,RETAIL_OTHER_SUPERSTORES_AND_WAREHOUSES,350000.0,337500.0,
1083901000,13203272000,paperchase,2023,Spelthorne,RETAIL_HIGH_STREET,75500.0,75500.0,
1083901000,1083901000,paperchase,2023,Spelthorne,RETAIL_HIGH_STREET,75500.0,75500.0,
1083901000,3776987000,paperchase,2023,Spelthorne,RETAIL_HIGH_STREET,75500.0,76000.0,
1085160000,15052165000,maplin,2018,Colchester,RETAIL_OTHER_SUPERSTORES_AND_WAREHOUSES,91500.0,91500.0,
1085160000,10654208000,maplin,2018,Colchester,RETAIL_OTHER_SUPERSTORES_AND_WAREHOUSES,91500.0,91500.0,
1085160000,1132580023,maplin,2018,Colchester,RETAIL_OTHER_SUPERSTORES_AND_WAREHOUSES,91500.0,95000.0,
1111797000,11946816000,maplin,2018,Brent,RETAIL_OTHER_SUPERSTORES_AND_WAREHOUSES,92500.0,94500.0,
1111797000,402069065,maplin,2018,Brent,RETAIL_OTHER_SUPERSTORES_AND_WAREHOUSES,92500.0,90000.0,
1111797000,11441104000,maplin,2018,Brent,RETAIL_OTHER_SUPERSTORES_AND_WAREHOUSES,92500.0,88000.0,
1120284023,10255127000,thomas cook,2019,Southend-on-Sea,RETAIL_HIGH_STREET,65000.0,65000.0,
1120284023,403707000,thomas cook,2019,Southend-on-Sea,RETAIL_HIGH_STREET,65000.0,64000.0,
1120284023,886040023,thomas cook,2019,Southend-on-Sea,RETAIL_HIGH_STREET,65000.0,66000.0,
1120399023,1120399023,arcadia,2020,Southend-on-Sea,RETAIL_HIGH_STREET,265000.0,265000.0,
1120399023,6481630000,arcadia,2020,Southend-on-Sea,RETAIL_HIGH_STREET,265000.0,250000.0,
1120399023,1130443023,arcadia,2020,Southend-on-Sea,RETAIL_HIGH_STREET,265000.0,233000.0,
1124857023,13016448000,maplin,2018,Southend-on-Sea,INDUSTRIAL_GENERAL,13500.0,13500.0,
1124857023,554729000,maplin,2018,Southend-on-Sea,INDUSTRIAL_GENERAL,13500.0,13500.0,
1124857023,1107855023,maplin,2018,Southend-on-Sea,INDUSTRIAL_GENERAL,13500.0,13500.0,
1125135023,11932175000,body shop,2024,Southend-on-Sea,INDUSTRIAL_GENERAL,3650.0,3650.0,
1125135023,884386023,body shop,2024,Southend-on-Sea,INDUSTRIAL_GENERAL,3650.0,3650.0,
1125135023,3692868000,body shop,2024,Southend-on-Sea,INDUSTRIAL_GENERAL,3650.0,3650.0,
1127936023,14989576000,debenhams,2020,Southend-on-Sea,RETAIL_OTHER_SUPERSTORES_AND_WAREHOUSES,780000.0,985000.0,
1127936023,11850674000,debenhams,2020,Southend-on-Sea,RETAIL_OTHER_SUPERSTORES_AND_WAREHOUSES,780000.0,1110000.0,
1127936023,9452368000,debenhams,2020,Southend-on-Sea,RETAIL_OTHER_SUPERSTORES_AND_WAREHOUSES,780000.0,405000.0,
1130912000,282035132,body shop,2024,Cheshire West and Chester,RETAIL_HIGH_STREET,94500.0,94500.0,
1130912000,282034132,body shop,2024,Cheshire West and Chester,RETAIL_HIGH_STREET,94500.0,94500.0,
1130912000,288800132,body shop,2024,Cheshire West and Chester,RETAIL_HIGH_STREET,94500.0,94500.0,
1136796000,3836473000,wilko,2023,East Staffordshire,RETAIL_OTHER_SUPERSTORES_AND_WAREHOUSES,180000.0,178000.0,
1136796000,5460587000,wilko,2023,East Staffordshire,RETAIL_OTHER_SUPERSTORES_AND_WAREHOUSES,180000.0,175000.0,
1136796000,12316388000,wilko,2023,East Staffordshire,RETAIL_OTHER_SUPERSTORES_AND_WAREHOUSES,180000.0,189000.0,
1138870000,28421173,debenhams,2020,Dorset,RETAIL_OTHER_SUPERSTORES_AND_WAREHOUSES,432500.0,425000.0,
1138870000,91816173,debenhams,2020,Dorset,RETAIL_OTHER_SUPERSTORES_AND_WAREHOUSES,432500.0,445000.0,
1138870000,10490630000,debenhams,2020,Dorset,RETAIL_OTHER_SUPERSTORES_AND_WAREHOUSES,432500.0,412500.0,
1163464000,85078175,body shop,2024,Fareham,INDUSTRIAL_GENERAL,18500.0,18500.0,
1163464000,12361842000,body shop,2024,Fareham,INDUSTRIAL_GENERAL,18500.0,18500.0,
1163464000,206370175,body shop,2024,Fareham,INDUSTRIAL_GENERAL,18500.0,18500.0,
1171207000,8021142000,cath kidston,2020,Kensington and Chelsea,RETAIL_HIGH_STREET,185000.0,185000.0,
1171207000,12111732000,cath kidston,2020,Kensington and Chelsea,RETAIL_HIGH_STREET,185000.0,185000.0,
1171207000,350393082,cath kidston,2020,Kensington and Chelsea,RETAIL_HIGH_STREET,185000.0,185000.0,
1192502000,1058789000,thomas cook,2019,Swindon,RETAIL_HIGH_STREET,229000.0,232000.0,
1192502000,36666216,thomas cook,2019,Swindon,RETAIL_HIGH_STREET,229000.0,238000.0,
1192502000,149007216,thomas cook,2019,Swindon,RETAIL_HIGH_STREET,229000.0,241000.0,
1194498000,14190375000,homebase,2024,North Northamptonshire,WAREHOUSING_LARGE_SCALE_AND_HIGH_BAY,1270000.0,1260000.0,
1194498000,3926148000,homebase,2024,North Northamptonshire,WAREHOUSING_LARGE_SCALE_AND_HIGH_BAY,1270000.0,1250000.0,
1194498000,11231616000,homebase,2024,North Northamptonshire,WAREHOUSING_LARGE_SCALE_AND_HIGH_BAY,1270000.0,1200000.0,
1197189000,246437239,paperchase,2023,Dudley,RETAIL_HIGH_STREET,165000.0,164000.0,
1197189000,8209188000,paperchase,2023,Dudley,RETAIL_HIGH_STREET,165000.0,166000.0,
1197189000,6554464000,paperchase,2023,Dudley,RETAIL_HIGH_STREET,165000.0,162000.0,
1209419023,8383793000,arcadia,2020,Colchester,OFFICE_GENERAL,23250.0,23250.0,
1209419023,1209419023,arcadia,2020,Colchester,OFFICE_GENERAL,23250.0,23250.0,
1209419023,13187330000,arcadia,2020,Colchester,OFFICE_GENERAL,23250.0,23250.0,
1210739023,10787023,paperchase,2023,Colchester,RETAIL_HIGH_STREET,89500.0,89500.0,
1210739023,8272290000,paperchase,2023,Colchester,RETAIL_HIGH_STREET,89500.0,90500.0,
1210739023,34654023,paperchase,2023,Colchester,RETAIL_HIGH_STREET,89500.0,87500.0,
1222047000,12614477000,arcadia,2020,Stoke-on-Trent,RETAIL_HIGH_STREET,81500.0,79500.0,
1222047000,244477236,arcadia,2020,Stoke-on-Trent,RETAIL_HIGH_STREET,81500.0,79000.0,
1222047000,100467236,arcadia,2020,Stoke-on-Trent,RETAIL_HIGH_STREET,81500.0,84000.0,
1222072000,244190236,body shop,2024,Stoke-on-Trent,RETAIL_HIGH_STREET,53000.0,53000.0,
1222072000,6694648000,body shop,2024,Stoke-on-Trent,RETAIL_HIGH_STREET,53000.0,53000.0,
1222072000,6980376000,body shop,2024,Stoke-on-Trent,RETAIL_HIGH_STREET,53000.0,53000.0,
1243266023,1505141000,wilko,2023,Southend-on-Sea,RETAIL_OTHER_SUPERSTORES_AND_WAREHOUSES,187000.0,190000.0,
1243266023,13959666000,wilko,2023,Southend-on-Sea,RETAIL_OTHER_SUPERSTORES_AND_WAREHOUSES,187000.0,194000.0,
1243266023,5850641000,wilko,2023,Southend-on-Sea,RETAIL_OTHER_SUPERSTORES_AND_WAREHOUSES,187000.0,202000.0,
1245190023,9865058000,wilko,2023,Colchester,RETAIL_OTHER_SUPERSTORES_AND_WAREHOUSES,265000.0,265000.0,
1245190023,198643023,wilko,2023,Colchester,RETAIL_OTHER_SUPERSTORES_AND_WAREHOUSES,265000.0,265000.0,
1245190023,3261714000,wilko,2023,Colchester,RETAIL_OTHER_SUPERSTORES_AND_WAREHOUSES,265000.0,272500.0,
1247777000,5130860000,arcadia,2020,Southampton,OFFICE_GENERAL,0.0,0.0,
1247777000,5130868000,arcadia,2020,Southampton,OFFICE_GENERAL,0.0,0.0,
1247777000,5130869000,arcadia,2020,Southampton,OFFICE_GENERAL,0.0,0.0,
1252141000,7216261000,cath kidston,2020,Ashford,RETAIL_HIGH_STREET,57500.0,57500.0,
1252141000,8330391000,cath kidston,2020,Ashford,RETAIL_HIGH_STREET,57500.0,57500.0,
1252141000,1252107000,cath kidston,2020,Ashford,RETAIL_HIGH_STREET,57500.0,57500.0,
1252186000,8315533000,body shop,2024,Ashford,RETAIL_HIGH_STREET,57500.0,57500.0,
1252186000,1252106000,body shop,2024,Ashford,RETAIL_HIGH_STREET,57500.0,57500.0,
1252186000,1252111000,body shop,2024,Ashford,RETAIL_HIGH_STREET,57500.0,57500.0,
1269630000,10007637000,maplin,2018,North Yorkshire,RETAIL_OTHER_SUPERSTORES_AND_WAREHOUSES,83500.0,83500.0,
1269630000,14936122000,maplin,2018,North Yorkshire,RETAIL_OTHER_SUPERSTORES_AND_WAREHOUSES,83500.0,84000.0,
1269630000,428702105,maplin,2018,North Yorkshire,RETAIL_OTHER_SUPERSTORES_AND_WAREHOUSES,83500.0,84000.0,
1278721000,6611635000,thomas cook,2019,Leicester,RETAIL_HIGH_STREET,24000.0,24000.0,
1278721000,258778044,thomas cook,2019,Leicester,RETAIL_HIGH_STREET,24000.0,24000.0,
1278721000,12573011000,thomas cook,2019,Leicester,RETAIL_HIGH_STREET,24000.0,24000.0,
1281164000,13186707000,arcadia,2020,Tower Hamlets,RETAIL_HIGH_STREET,290000.0,290000.0,
1281164000,13991247000,arcadia,2020,Tower Hamlets,RETAIL_HIGH_STREET,290000.0,290000.0,
1281164000,13528673000,arcadia,2020,Tower Hamlets,RETAIL_HIGH_STREET,290000.0,287500.0,
1290866000,10762795000,arcadia,2020,Wiltshire,OFFICE_GENERAL,3050.0,3050.0,
1290866000,1290866000,arcadia,2020,Wiltshire,OFFICE_GENERAL,3050.0,3050.0,
1290866000,13576065000,arcadia,2020,Wiltshire,OFFICE_GENERAL,3050.0,3050.0,
1296349000,15331186,strada,2018,Somerset,RETAIL_HIGH_STREET,3950.0,3950.0,
1296349000,14986216000,strada,2018,Somerset,RETAIL_HIGH_STREET,3950.0,3950.0,
1296349000,157547186,strada,2018,Somerset,RETAIL_HIGH_STREET,3950.0,3950.0,
1309661000,168927147,body shop,2024,Dartford,INDUSTRIAL_LIGHT,8500.0,8600.0,
1309661000,171223147,body shop,2024,Dartford,INDUSTRIAL_LIGHT,8500.0,8100.0,
1309661000,7263852000,body shop,2024,Dartford,INDUSTRIAL_LIGHT,8500.0,8900.0,
1310704000,11402914000,ted baker,2024,Camden,OFFICE_GENERAL,890000.0,890000.0,
1310704000,11543829000,ted baker,2024,Camden,OFFICE_GENERAL,890000.0,890000.0,
1310704000,1310704000,ted baker,2024,Camden,OFFICE_GENERAL,890000.0,890000.0,
1312555000,10206483000,wilko,2023,Buckinghamshire,RETAIL_OTHER_SUPERSTORES_AND_WAREHOUSES,245000.0,244000.0,
1312555000,5862404000,wilko,2023,Buckinghamshire,RETAIL_OTHER_SUPERSTORES_AND_WAREHOUSES,245000.0,248000.0,
1312555000,10755335000,wilko,2023,Buckinghamshire,RETAIL_OTHER_SUPERSTORES_AND_WAREHOUSES,245000.0,241000.0,
1314162000,3951547000,poundworld,2018,Stockton-on-Tees,RETAIL_HIGH_STREET,52500.0,52000.0,
1314162000,284595102,poundworld,2018,Stockton-on-Tees,RETAIL_HIGH_STREET,52500.0,52000.0,
1314162000,229748102,poundworld,2018,Stockton-on-Tees,RETAIL_HIGH_STREET,52500.0,52000.0,
1324812000,538575145,homebase,2024,Canterbury,RETAIL_OTHER_SUPERSTORES_AND_WAREHOUSES,335000.0,355000.0,
1324812000,10805929000,homebase,2024,Canterbury,RETAIL_OTHER_SUPERSTORES_AND_WAREHOUSES,335000.0,307500.0,
1324812000,12664434000,homebase,2024,Canterbury,RETAIL_OTHER_SUPERSTORES_AND_WAREHOUSES,335000.0,305000.0,
1335935000,25823239,body shop,2024,Dudley,RETAIL_HIGH_STREET,4000.0,4000.0,
1335935000,206520239,body shop,2024,Dudley,RETAIL_HIGH_STREET,4000.0,4000.0,
1335935000,5287015000,body shop,2024,Dudley,RETAIL_HIGH_STREET,4000.0,4000.0,
1336847000,282046132,maplin,2018,Cheshire West and Chester,RETAIL_HIGH_STREET,97000.0,97000.0,
1336847000,284551132,maplin,2018,Cheshire West and Chester,RETAIL_HIGH_STREET,97000.0,97000.0,
1336847000,12036271000,maplin,2018,Cheshire West and Chester,RETAIL_HIGH_STREET,97000.0,96000.0,
1348424000,11905112000,debenhams,2020,Bedford,RETAIL_OTHER_SUPERSTORES_AND_WAREHOUSES,452500.0,480000.0,
1348424000,12649062000,debenhams,2020,Bedford,RETAIL_OTHER_SUPERSTORES_AND_WAREHOUSES,452500.0,407500.0,
1348424000,11974878000,debenhams,2020,Bedford,RETAIL_OTHER_SUPERSTORES_AND_WAREHOUSES,452500.0,392500.0,
1349938000,1349966000,poundworld,2018,Chesterfield,RETAIL_HIGH_STREET,133000.0,131000.0,
1349938000,1349964000,poundworld,2018,Chesterfield,RETAIL_HIGH_STREET,133000.0,122000.0,
1349938000,3369580000,poundworld,2018,Chesterfield,RETAIL_HIGH_STREET,133000.0,152000.0,
1349995000,312572033,bhs,2016,Chesterfield,RETAIL_OTHER_SUPERSTORES_AND_WAREHOUSES,415000.0,440000.0,
1349995000,11901495000,bhs,2016,Chesterfield,RETAIL_OTHER_SUPERSTORES_AND_WAREHOUSES,415000.0,375000.0,
1349995000,12313973000,bhs,2016,Chesterfield,RETAIL_OTHER_SUPERSTORES_AND_WAREHOUSES,415000.0,455000.0,
1366523000,4855167000,arcadia,2020,Manchester,RETAIL_OTHER_SUPERSTORES_AND_WAREHOUSES,750000.0,745000.0,
1366523000,8995371000,arcadia,2020,Manchester,RETAIL_OTHER_SUPERSTORES_AND_WAREHOUSES,750000.0,765000.0,
1366523000,8992921000,arcadia,2020,Manchester,RETAIL_OTHER_SUPERSTORES_AND_WAREHOUSES,750000.0,765000.0,
1392939000,5572791000,toys r us,2018,Thurrock,RETAIL_OTHER_SUPERSTORES_AND_WAREHOUSES,700000.0,710000.0,
1392939000,13594966000,toys r us,2018,Thurrock,RETAIL_OTHER_SUPERSTORES_AND_WAREHOUSES,700000.0,660000.0,
1392939000,8549536000,toys r us,2018,Thurrock,RETAIL_OTHER_SUPERSTORES_AND_WAREHOUSES,700000.0,745000.0,
1406271000,13253862000,wilko,2023,Dorset,RETAIL_OTHER_SUPERSTORES_AND_WAREHOUSES,129000.0,128000.0,
1406271000,6701459000,wilko,2023,Dorset,RETAIL_OTHER_SUPERSTORES_AND_WAREHOUSES,129000.0,130000.0,
1406271000,14358285000,wilko,2023,Dorset,RETAIL_OTHER_SUPERSTORES_AND_WAREHOUSES,129000.0,131000.0,
1432352000,7565749000,prezzo,2018,Camden,RETAIL_FINANCIAL_AND_PROFESSIONAL_SERVICES,69500.0,68000.0,
1432352000,159956063,prezzo,2018,Camden,RETAIL_FINANCIAL_AND_PROFESSIONAL_SERVICES,69500.0,71500.0,
1432352000,95100063,prezzo,2018,Camden,RETAIL_FINANCIAL_AND_PROFESSIONAL_SERVICES,69500.0,67000.0,
1434315000,319365172,bhs,2016,"Bournemouth, Christchurch and Poole",RETAIL_OTHER_SUPERSTORES_AND_WAREHOUSES,347500.0,345000.0,
1434315000,4096028000,bhs,2016,"Bournemouth, Christchurch and Poole",RETAIL_OTHER_SUPERSTORES_AND_WAREHOUSES,347500.0,350000.0,
1434315000,303309172,bhs,2016,"Bournemouth, Christchurch and Poole",RETAIL_OTHER_SUPERSTORES_AND_WAREHOUSES,347500.0,342500.0,
1434634000,8642325000,wilko,2023,Chesterfield,RETAIL_OTHER_SUPERSTORES_AND_WAREHOUSES,235000.0,235000.0,
1434634000,1444168000,wilko,2023,Chesterfield,RETAIL_OTHER_SUPERSTORES_AND_WAREHOUSES,235000.0,234000.0,
1434634000,9836662000,wilko,2023,Chesterfield,RETAIL_OTHER_SUPERSTORES_AND_WAREHOUSES,235000.0,228000.0,
1450423000,310219244,homebase,2024,Leeds,RETAIL_OTHER_SUPERSTORES_AND_WAREHOUSES,655000.0,650000.0,
1450423000,8935321000,homebase,2024,Leeds,RETAIL_OTHER_SUPERSTORES_AND_WAREHOUSES,655000.0,660000.0,
1450423000,8566447000,homebase,2024,Leeds,RETAIL_OTHER_SUPERSTORES_AND_WAREHOUSES,655000.0,640000.0,
1457640000,10325013000,poundworld,2018,Bradford,RETAIL_HIGH_STREET,96500.0,96500.0,
1457640000,194587241,poundworld,2018,Bradford,RETAIL_HIGH_STREET,96500.0,97000.0,
1457640000,250417241,poundworld,2018,Bradford,RETAIL_HIGH_STREET,96500.0,95500.0,
1468942000,10423630000,thomas cook,2019,Bradford,RETAIL_HIGH_STREET,21000.0,21000.0,
1468942000,12587665000,thomas cook,2019,Bradford,RETAIL_HIGH_STREET,21000.0,21000.0,
1468942000,7852908000,thomas cook,2019,Bradford,RETAIL_HIGH_STREET,21000.0,21000.0,
1490599000,1876826000,body shop,2024,Dorset,RETAIL_HIGH_STREET,19500.0,19500.0,
1490599000,5436899000,body shop,2024,Dorset,RETAIL_HIGH_STREET,19500.0,19500.0,
1490599000,14597029000,body shop,2024,Dorset,RETAIL_HIGH_STREET,19500.0,19500.0,
1509459000,569505162,debenhams,2020,Milton Keynes,RETAIL_OTHER_SUPERSTORES_AND_WAREHOUSES,1570000.0,1530000.0,
1509459000,13019274000,debenhams,2020,Milton Keynes,RETAIL_OTHER_SUPERSTORES_AND_WAREHOUSES,1570000.0,1640000.0,
1509459000,13269699000,debenhams,2020,Milton Keynes,RETAIL_OTHER_SUPERSTORES_AND_WAREHOUSES,1570000.0,1640000.0,
1514112000,187492186,homebase,2024,Somerset,RETAIL_OTHER_SUPERSTORES_AND_WAREHOUSES,367500.0,360000.0,
1514112000,13682033000,homebase,2024,Somerset,RETAIL_OTHER_SUPERSTORES_AND_WAREHOUSES,367500.0,357500.0,
1514112000,14606957000,homebase,2024,Somerset,RETAIL_OTHER_SUPERSTORES_AND_WAREHOUSES,367500.0,350000.0,
1516043000,8837420000,body shop,2024,Bedford,INDUSTRIAL_LIGHT,8500.0,8300.0,
1516043000,3865491000,body shop,2024,Bedford,INDUSTRIAL_LIGHT,8500.0,8700.0,
1516043000,1516441000,body shop,2024,Bedford,INDUSTRIAL_LIGHT,8500.0,8700.0,
1526597000,7873540000,prezzo,2018,Wiltshire,RETAIL_RESTAURANTS_AND_CAFES,48250.0,48250.0,
1526597000,538382176,prezzo,2018,Wiltshire,RETAIL_RESTAURANTS_AND_CAFES,48250.0,48250.0,
1526597000,8942892000,prezzo,2018,Wiltshire,RETAIL_RESTAURANTS_AND_CAFES,48250.0,48000.0,
1526791000,12378874000,thomas cook,2019,Bradford,RETAIL_HIGH_STREET,44000.0,44000.0,
1526791000,8848954000,thomas cook,2019,Bradford,RETAIL_HIGH_STREET,44000.0,44000.0,
1526791000,945715000,thomas cook,2019,Bradford,RETAIL_HIGH_STREET,44000.0,43750.0,
1527349000,7591487000,arcadia,2020,Swindon,RETAIL_HIGH_STREET,175000.0,174000.0,
1527349000,9486358000,arcadia,2020,Swindon,RETAIL_HIGH_STREET,175000.0,177000.0,
1527349000,36674216,arcadia,2020,Swindon,RETAIL_HIGH_STREET,175000.0,172000.0,
1533257000,102170124,wilko,2023,Cumberland,RETAIL_OTHER_SUPERSTORES_AND_WAREHOUSES,262500.0,260000.0,
1533257000,3899683000,wilko,2023,Cumberland,RETAIL_OTHER_SUPERSTORES_AND_WAREHOUSES,262500.0,260000.0,
1533257000,159269124,wilko,2023,Cumberland,RETAIL_OTHER_SUPERSTORES_AND_WAREHOUSES,262500.0,260000.0,
1539680000,10645614000,frankie&bennys,2020,East Staffordshire,RETAIL_RESTAURANTS_AND_CAFES,81000.0,79500.0,
1539680000,8033670000,frankie&bennys,2020,East Staffordshire,RETAIL_RESTAURANTS_AND_CAFES,81000.0,83500.0,
1539680000,8033660000,frankie&bennys,2020,East Staffordshire,RETAIL_RESTAURANTS_AND_CAFES,81000.0,83500.0,
1541640000,14329292000,thomas cook,2019,Southampton,RETAIL_HIGH_STREET,227000.0,228000.0,
1541640000,666328000,thomas cook,2019,Southampton,RETAIL_HIGH_STREET,227000.0,224000.0,
1541640000,6259147000,thomas cook,2019,Southampton,RETAIL_HIGH_STREET,227000.0,230000.0,
1541641000,1541644000,paperchase,2023,Southampton,RETAIL_HIGH_STREET,267500.0,270000.0,
1541641000,1541630000,paperchase,2023,Southampton,RETAIL_HIGH_STREET,267500.0,262500.0,
1541641000,1616838000,paperchase,2023,Southampton,RETAIL_HIGH_STREET,267500.0,272500.0,
1541643000,1541676000,cath kidston,2020,Southampton,RETAIL_HIGH_STREET,255000.0,255000.0,
1541643000,1541654000,cath kidston,2020,Southampton,RETAIL_HIGH_STREET,255000.0,252500.0,
1541643000,1833328000,cath kidston,2020,Southampton,RETAIL_HIGH_STREET,255000.0,257500.0,
1541714000,14016460000,body shop,2024,Southampton,RETAIL_HIGH_STREET,154000.0,152000.0,
1541714000,1541716000,body shop,2024,Southampton,RETAIL_HIGH_STREET,154000.0,150000.0,
1541714000,559181176,body shop,2024,Southampton,RETAIL_HIGH_STREET,154000.0,149000.0,
1551009000,208350017,mothercare,2019,Watford,INDUSTRIAL_GENERAL,720000.0,755000.0,
1551009000,9025586000,mothercare,2019,Watford,INDUSTRIAL_GENERAL,720000.0,600000.0,
1551009000,11713430000,mothercare,2019,Watford,INDUSTRIAL_GENERAL,720000.0,580000.0,
1551882000,115873012,wilko,2023,East Cambridgeshire,RETAIL_OTHER_SUPERSTORES_AND_WAREHOUSES,97500.0,99500.0,
1551882000,113586012,wilko,2023,East Cambridgeshire,RETAIL_OTHER_SUPERSTORES_AND_WAREHOUSES,97500.0,100000.0,
1551882000,6410216000,wilko,2023,East Cambridgeshire,RETAIL_OTHER_SUPERSTORES_AND_WAREHOUSES,97500.0,87500.0,
1571947000,12317750000,thomas cook,2019,"Bournemouth, Christchurch and Poole",RETAIL_HIGH_STREET,49250.0,49250.0,
1571947000,180813172,thomas cook,2019,"Bournemouth, Christchurch and Poole",RETAIL_HIGH_STREET,49250.0,49000.0,
1571947000,9520549000,thomas cook,2019,"Bournemouth, Christchurch and Poole",RETAIL_HIGH_STREET,49250.0,49000.0,
1580324000,34087036,toys r us,2018,Norwich,RETAIL_OTHER_SUPERSTORES_AND_WAREHOUSES,640000.0,525000.0,
1580324000,9405024000,toys r us,2018,Norwich,RETAIL_OTHER_SUPERSTORES_AND_WAREHOUSES,640000.0,525000.0,
1580324000,14940337000,toys r us,2018,Norwich,RETAIL_OTHER_SUPERSTORES_AND_WAREHOUSES,640000.0,515000.0,
1581506000,11901964000,wilko,2023,Dorset,WAREHOUSING_LARGE_SCALE_AND_HIGH_BAY,4500.0,4450.0,
1581506000,176118172,wilko,2023,Dorset,WAREHOUSING_LARGE_SCALE_AND_HIGH_BAY,4500.0,4450.0,
1581506000,1700811000,wilko,2023,Dorset,WAREHOUSING_LARGE_SCALE_AND_HIGH_BAY,4500.0,4550.0,
1596684000,318616172,wilko,2023,"Bournemouth, Christchurch and Poole",RETAIL_OTHER_SUPERSTORES_AND_WAREHOUSES,214000.0,215000.0,
1596684000,9986309000,wilko,2023,"Bournemouth, Christchurch and Poole",RETAIL_OTHER_SUPERSTORES_AND_WAREHOUSES,214000.0,212000.0,
1596684000,12562421000,wilko,2023,"Bournemouth, Christchurch and Poole",RETAIL_OTHER_SUPERSTORES_AND_WAREHOUSES,214000.0,219000.0,
1602166000,14940054000,debenhams,2020,Sunderland,RETAIL_OTHER_SUPERSTORES_AND_WAREHOUSES,785000.0,780000.0,
1602166000,8466242000,debenhams,2020,Sunderland,RETAIL_OTHER_SUPERSTORES_AND_WAREHOUSES,785000.0,705000.0,
1602166000,11300696000,debenhams,2020,Sunderland,RETAIL_OTHER_SUPERSTORES_AND_WAREHOUSES,785000.0,670000.0,
1605175000,8918659000,debenhams,2020,Cumberland,RETAIL_OTHER_SUPERSTORES_AND_WAREHOUSES,720000.0,740000.0,
1605175000,9334120000,debenhams,2020,Cumberland,RETAIL_OTHER_SUPERSTORES_AND_WAREHOUSES,720000.0,695000.0,
1605175000,3120587000,debenhams,2020,Cumberland,RETAIL_OTHER_SUPERSTORES_AND_WAREHOUSES,720000.0,690000.0,
1622086000,253938234,wilko,2023,Telford and Wrekin,RETAIL_OTHER_SUPERSTORES_AND_WAREHOUSES,153000.0,153000.0,
1622086000,2773566000,wilko,2023,Telford and Wrekin,RETAIL_OTHER_SUPERSTORES_AND_WAREHOUSES,153000.0,150000.0,
1622086000,1696862000,wilko,2023,Telford and Wrekin,RETAIL_OTHER_SUPERSTORES_AND_WAREHOUSES,153000.0,150000.0,
1633813000,14280475000,paperchase,2023,Camden,RETAIL_OTHER_SUPERSTORES_AND_WAREHOUSES,650000.0,650000.0,
1633813000,7157298000,paperchase,2023,Camden,RETAIL_OTHER_SUPERSTORES_AND_WAREHOUSES,650000.0,630000.0,
1633813000,13947444000,paperchase,2023,Camden,RETAIL_OTHER_SUPERSTORES_AND_WAREHOUSES,650000.0,630000.0,
1648355000,10686623000,maplin,2018,West Northamptonshire,RETAIL_OTHER_SUPERSTORES_AND_WAREHOUSES,92000.0,90500.0,
1648355000,2258350000,maplin,2018,West Northamptonshire,RETAIL_OTHER_SUPERSTORES_AND_WAREHOUSES,92000.0,90000.0,
1648355000,14705918000,maplin,2018,West Northamptonshire,RETAIL_OTHER_SUPERSTORES_AND_WAREHOUSES,92000.0,88000.0,
1661865000,449889162,frankie&bennys,2020,Buckinghamshire,RETAIL_RESTAURANTS_AND_CAFES,4600.0,4750.0,
1661865000,471108162,frankie&bennys,2020,Buckinghamshire,RETAIL_RESTAURANTS_AND_CAFES,4600.0,4800.0,
1661865000,128728162,frankie&bennys,2020,Buckinghamshire,RETAIL_RESTAURANTS_AND_CAFES,4600.0,4800.0,
1691183000,383115148,wilko,2023,Tunbridge Wells,RETAIL_HIGH_STREET,270000.0,238000.0,
1691183000,379350000,wilko,2023,Tunbridge Wells,RETAIL_HIGH_STREET,270000.0,236000.0,
1691183000,9623118000,wilko,2023,Tunbridge Wells,RETAIL_HIGH_STREET,270000.0,230000.0,
1702005000,10604983000,wilko,2023,Crawley,RETAIL_OTHER_SUPERSTORES_AND_WAREHOUSES,292500.0,292500.0,
1702005000,8785785000,wilko,2023,Crawley,RETAIL_OTHER_SUPERSTORES_AND_WAREHOUSES,292500.0,305000.0,
1702005000,347304141,wilko,2023,Crawley,RETAIL_OTHER_SUPERSTORES_AND_WAREHOUSES,292500.0,310000.0,
1738768000,210208113,poundworld,2018,Manchester,RETAIL_HIGH_STREET,46250.0,46250.0,
1738768000,9278865000,poundworld,2018,Manchester,RETAIL_HIGH_STREET,46250.0,46250.0,
1738768000,4924030000,poundworld,2018,Manchester,RETAIL_HIGH_STREET,46250.0,46250.0,
1772009000,13337700000,debenhams,2020,West Northamptonshire,WAREHOUSING_LARGE_SCALE_AND_HIGH_BAY,835000.0,830000.0,
1772009000,13002382000,debenhams,2020,West Northamptonshire,WAREHOUSING_LARGE_SCALE_AND_HIGH_BAY,835000.0,830000.0,
1772009000,10479296000,debenhams,2020,West Northamptonshire,WAREHOUSING_LARGE_SCALE_AND_HIGH_BAY,835000.0,845000.0,
1794489000,320640244,poundworld,2018,Leeds,RETAIL_HIGH_STREET,71500.0,71500.0,
1794489000,398784244,poundworld,2018,Leeds,RETAIL_HIGH_STREET,71500.0,71500.0,
1794489000,6643178000,poundworld,2018,Leeds,RETAIL_HIGH_STREET,71500.0,71500.0,
1795507000,11020087000,thomas cook,2019,Milton Keynes,RETAIL_HIGH_STREET,23500.0,23500.0,
1795507000,8830279000,thomas cook,2019,Milton Keynes,RETAIL_HIGH_STREET,23500.0,23500.0,
1795507000,1602629000,thomas cook,2019,Milton Keynes,RETAIL_HIGH_STREET,23500.0,23500.0,
1796277000,1592069000,wilko,2023,Leeds,RETAIL_HIGH_STREET,1500.0,1500.0,
1796277000,10891768000,wilko,2023,Leeds,RETAIL_HIGH_STREET,1500.0,1500.0,
1796277000,7119507000,wilko,2023,Leeds,RETAIL_HIGH_STREET,1500.0,1500.0,
1808939000,108248063,cafe rouge,2020,Camden,RETAIL_RESTAURANTS_AND_CAFES,80000.0,79500.0,
1808939000,44969063,cafe rouge,2020,Camden,RETAIL_RESTAURANTS_AND_CAFES,80000.0,79000.0,
1808939000,14562462000,cafe rouge,2020,Camden,RETAIL_RESTAURANTS_AND_CAFES,80000.0,79000.0,
1809558000,1809558000,paperchase,2023,Reading,RETAIL_HIGH_STREET,3600.0,3600.0,
1809558000,11309800000,paperchase,2023,Reading,RETAIL_HIGH_STREET,3600.0,3600.0,
1809558000,13861945000,paperchase,2023,Reading,RETAIL_HIGH_STREET,3600.0,3600.0,
1828759000,6773847000,paperchase,2023,Camden,OFFICE_GENERAL,207000.0,207000.0,
1828759000,11560264000,paperchase,2023,Camden,OFFICE_GENERAL,207000.0,207000.0,
1828759000,5028562000,paperchase,2023,Camden,OFFICE_GENERAL,207000.0,207000.0,
1836856000,3496274000,poundworld,2018,Coventry,RETAIL_OTHER_SUPERSTORES_AND_WAREHOUSES,161000.0,161000.0,
1836856000,1839521000,poundworld,2018,Coventry,RETAIL_OTHER_SUPERSTORES_AND_WAREHOUSES,161000.0,162000.0,
1836856000,10107091000,poundworld,2018,Coventry,RETAIL_OTHER_SUPERSTORES_AND_WAREHOUSES,161000.0,158000.0,
1837760000,5811165,body shop,2024,Reading,RETAIL_HIGH_STREET,128000.0,128000.0,
1837760000,14720774000,body shop,2024,Reading,RETAIL_HIGH_STREET,128000.0,127000.0,
1837760000,2853626000,body shop,2024,Reading,RETAIL_HIGH_STREET,128000.0,127000.0,
1842076000,4995951000,arcadia,2020,Birmingham,RETAIL_RESTAURANTS_AND_CAFES,48000.0,48000.0,
1842076000,3367792000,arcadia,2020,Birmingham,RETAIL_RESTAURANTS_AND_CAFES,48000.0,48000.0,
1842076000,14771643000,arcadia,2020,Birmingham,RETAIL_RESTAURANTS_AND_CAFES,48000.0,47500.0,
1922701000,1922701000,arcadia,2020,Thanet,RETAIL_RESTAURANTS_AND_CAFES,37000.0,37000.0,
1922701000,3181332000,arcadia,2020,Thanet,RETAIL_RESTAURANTS_AND_CAFES,37000.0,37250.0,
1922701000,12156583000,arcadia,2020,Thanet,RETAIL_RESTAURANTS_AND_CAFES,37000.0,36500.0,
1923605000,412855148,carluccios,2020,Tunbridge Wells,RETAIL_RESTAURANTS_AND_CAFES,105000.0,106350.0,
1923605000,411724148,carluccios,2020,Tunbridge Wells,RETAIL_RESTAURANTS_AND_CAFES,105000.0,109000.0,
1923605000,942397000,carluccios,2020,Tunbridge Wells,RETAIL_RESTAURANTS_AND_CAFES,105000.0,110000.0,
1927721000,2925036,homebase,2024,Norwich,RETAIL_OTHER_SUPERSTORES_AND_WAREHOUSES,940000.0,1020000.0,
1927721000,12480353000,homebase,2024,Norwich,RETAIL_OTHER_SUPERSTORES_AND_WAREHOUSES,940000.0,1020000.0,
1927721000,14754600000,homebase,2024,Norwich,RETAIL_OTHER_SUPERSTORES_AND_WAREHOUSES,940000.0,1030000.0,
1942264000,571264216,arcadia,2020,Wiltshire,RETAIL_HIGH_STREET,42500.0,42500.0,
1942264000,322071216,arcadia,2020,Wiltshire,RETAIL_HIGH_STREET,42500.0,42500.0,
1942264000,333638176,arcadia,2020,Wiltshire,RETAIL_HIGH_STREET,42500.0,42250.0,
1984064000,8183409000,arcadia,2020,North Yorkshire,RETAIL_HIGH_STREET,33250.0,33250.0,
1984064000,174171108,arcadia,2020,North Yorkshire,RETAIL_HIGH_STREET,33250.0,33250.0,
1984064000,173679108,arcadia,2020,North Yorkshire,RETAIL_HIGH_STREET,33250.0,33250.0,
1986414000,436786154,maplin,2018,Spelthorne,RETAIL_HIGH_STREET,121000.0,117000.0,
1986414000,13476451000,maplin,2018,Spelthorne,RETAIL_HIGH_STREET,121000.0,117000.0,
1986414000,13056957000,maplin,2018,Spelthorne,RETAIL_HIGH_STREET,121000.0,117000.0,
1987490000,6177441000,arcadia,2020,Leeds,OFFICE_GENERAL,297500.0,297500.0,
1987490000,377768244,arcadia,2020,Leeds,OFFICE_GENERAL,297500.0,297500.0,
1987490000,14233804000,arcadia,2020,Leeds,OFFICE_GENERAL,297500.0,297500.0,
1988718000,12255541000,debenhams,2020,Milton Keynes,INDUSTRIAL_GENERAL,94500.0,94500.0,
1988718000,3273308000,debenhams,2020,Milton Keynes,INDUSTRIAL_GENERAL,94500.0,94000.0,
1988718000,7663241000,debenhams,2020,Milton Keynes,INDUSTRIAL_GENERAL,94500.0,93500.0,
2002561000,5125593000,body shop,2024,Wiltshire,RETAIL_HIGH_STREET,43750.0,43750.0,
2002561000,4641332000,body shop,2024,Wiltshire,RETAIL_HIGH_STREET,43750.0,43500.0,
2002561000,323727176,body shop,2024,Wiltshire,RETAIL_HIGH_STREET,43750.0,44000.0,
2011383000,6115603000,bella italia,2020,Manchester,RETAIL_RESTAURANTS_AND_CAFES,106000.0,106000.0,
2011383000,278197113,bella italia,2020,Manchester,RETAIL_RESTAURANTS_AND_CAFES,106000.0,106000.0,
2011383000,2602395000,bella italia,2020,Manchester,RETAIL_RESTAURANTS_AND_CAFES,106000.0,105000.0,
2039402000,3403868000,poundworld,2018,Nottingham,RETAIL_OTHER_SUPERSTORES_AND_WAREHOUSES,117000.0,117000.0,
2039402000,4738055000,poundworld,2018,Nottingham,RETAIL_OTHER_SUPERSTORES_AND_WAREHOUSES,117000.0,125000.0,
2039402000,8789011000,poundworld,2018,Nottingham,RETAIL_OTHER_SUPERSTORES_AND_WAREHOUSES,117000.0,125000.0,
2069352000,7389642000,toys r us,2018,Plymouth,RETAIL_OTHER_SUPERSTORES_AND_WAREHOUSES,267500.0,270000.0,
2069352000,10767318000,toys r us,2018,Plymouth,RETAIL_OTHER_SUPERSTORES_AND_WAREHOUSES,267500.0,275000.0,
2069352000,183534184,toys r us,2018,Plymouth,RETAIL_OTHER_SUPERSTORES_AND_WAREHOUSES,267500.0,280000.0,
2101276000,9837276000,bella italia,2020,Nottingham,RETAIL_RESTAURANTS_AND_CAFES,59000.0,59000.0,
2101276000,10443223000,bella italia,2020,Nottingham,RETAIL_RESTAURANTS_AND_CAFES,59000.0,59000.0,
2101276000,14785330000,bella italia,2020,Nottingham,RETAIL_RESTAURANTS_AND_CAFES,59000.0,59500.0,
2117694000,354754141,homebase,2024,Crawley,RETAIL_OTHER_SUPERSTORES_AND_WAREHOUSES,90500.0,87500.0,
2117694000,8495055000,homebase,2024,Crawley,RETAIL_OTHER_SUPERSTORES_AND_WAREHOUSES,90500.0,87500.0,
2117694000,247785141,homebase,2024,Crawley,RETAIL_OTHER_SUPERSTORES_AND_WAREHOUSES,90500.0,97500.0,
2123579000,5309106000,mothercare,2019,Derby,RETAIL_OTHER_SUPERSTORES_AND_WAREHOUSES,247000.0,247000.0,
2123579000,14931860000,mothercare,2019,Derby,RETAIL_OTHER_SUPERSTORES_AND_WAREHOUSES,247000.0,249000.0,
2123579000,1269817000,mothercare,2019,Derby,RETAIL_OTHER_SUPERSTORES_AND_WAREHOUSES,247000.0,250000.0,
2135054000,12577033000,maplin,2018,Hammersmith and Fulham,RETAIL_HIGH_STREET,69000.0,69000.0,
2135054000,10906087000,maplin,2018,Hammersmith and Fulham,RETAIL_HIGH_STREET,69000.0,68500.0,
2135054000,13560023000,maplin,2018,Hammersmith and Fulham,RETAIL_HIGH_STREET,69000.0,68500.0,
2175649000,4066662000,wilko,2023,Manchester,RETAIL_OTHER_SUPERSTORES_AND_WAREHOUSES,385000.0,377500.0,
2175649000,11698266000,wilko,2023,Manchester,RETAIL_OTHER_SUPERSTORES_AND_WAREHOUSES,385000.0,392500.0,
2175649000,834942000,wilko,2023,Manchester,RETAIL_OTHER_SUPERSTORES_AND_WAREHOUSES,385000.0,375000.0,
2199366000,113565012,arcadia,2020,East Cambridgeshire,RETAIL_HIGH_STREET,35500.0,35500.0,
2199366000,113483012,arcadia,2020,East Cambridgeshire,RETAIL_HIGH_STREET,35500.0,35750.0,
2199366000,113561012,arcadia,2020,East Cambridgeshire,RETAIL_HIGH_STREET,35500.0,34500.0,
2209177000,107495124,poundworld,2018,Cumberland,RETAIL_OTHER_SUPERSTORES_AND_WAREHOUSES,59500.0,59000.0,
2209177000,10632328000,poundworld,2018,Cumberland,RETAIL_OTHER_SUPERSTORES_AND_WAREHOUSES,59500.0,61000.0,
2209177000,7573490000,poundworld,2018,Cumberland,RETAIL_OTHER_SUPERSTORES_AND_WAREHOUSES,59500.0,53000.0,
2210644000,9545308000,bhs,2016,Blackpool,RETAIL_OTHER_SUPERSTORES_AND_WAREHOUSES,392500.0,390000.0,
2210644000,3874125,bhs,2016,Blackpool,RETAIL_OTHER_SUPERSTORES_AND_WAREHOUSES,392500.0,397500.0,
2210644000,5022218000,bhs,2016,Blackpool,RETAIL_OTHER_SUPERSTORES_AND_WAREHOUSES,392500.0,402500.0,
2220092000,385135000,wilko,2023,"Bristol, City of",RETAIL_OTHER_SUPERSTORES_AND_WAREHOUSES,325000.0,325000.0,
2220092000,14216032000,wilko,2023,"Bristol, City of",RETAIL_OTHER_SUPERSTORES_AND_WAREHOUSES,325000.0,327500.0,
2220092000,12956927000,wilko,2023,"Bristol, City of",RETAIL_OTHER_SUPERSTORES_AND_WAREHOUSES,325000.0,315000.0,
2238252000,10315602000,poundworld,2018,Bradford,RETAIL_HIGH_STREET,124000.0,123000.0,
2238252000,3490277000,poundworld,2018,Bradford,RETAIL_HIGH_STREET,124000.0,121000.0,
2238252000,10326153000,poundworld,2018,Bradford,RETAIL_HIGH_STREET,124000.0,127000.0,
2239035000,35249222,thomas cook,2019,Coventry,RETAIL_HIGH_STREET,11250.0,11250.0,
2239035000,11285098000,thomas cook,2019,Coventry,RETAIL_HIGH_STREET,11250.0,11250.0,
2239035000,56637222,thomas cook,2019,Coventry,RETAIL_HIGH_STREET,11250.0,11250.0,
2244737000,12755945000,ted baker,2024,Brighton and Hove,RETAIL_HIGH_STREET,60500.0,60500.0,
2244737000,192141,ted baker,2024,Brighton and Hove,RETAIL_HIGH_STREET,60500.0,60000.0,
2244737000,3863963000,ted baker,2024,Brighton and Hove,RETAIL_HIGH_STREET,60500.0,60000.0,
2252812000,12123923000,carluccios,2020,Tower Hamlets,RETAIL_RESTAURANTS_AND_CAFES,131000.0,131000.0,
2252812000,15008480000,carluccios,2020,Tower Hamlets,RETAIL_RESTAURANTS_AND_CAFES,131000.0,130000.0,
2252812000,13798705000,carluccios,2020,Tower Hamlets,RETAIL_RESTAURANTS_AND_CAFES,131000.0,132000.0,
2268531000,1541806000,prezzo,2018,Southampton,RETAIL_RESTAURANTS_AND_CAFES,63500.0,64000.0,
2268531000,6832256000,prezzo,2018,Southampton,RETAIL_RESTAURANTS_AND_CAFES,63500.0,62500.0,
2268531000,7857527000,prezzo,2018,Southampton,RETAIL_RESTAURANTS_AND_CAFES,63500.0,62500.0,
2273220000,13906810000,arcadia,2020,Bromley,RETAIL_OTHER_SUPERSTORES_AND_WAREHOUSES,595000.0,565000.0,
2273220000,225250072,arcadia,2020,Bromley,RETAIL_OTHER_SUPERSTORES_AND_WAREHOUSES,595000.0,560000.0,
2273220000,7137107000,arcadia,2020,Bromley,RETAIL_OTHER_SUPERSTORES_AND_WAREHOUSES,595000.0,545000.0,
2273784000,6440805000,arcadia,2020,Hammersmith and Fulham,RETAIL_RESTAURANTS_AND_CAFES,59000.0,59000.0,
2273784000,2273784000,arcadia,2020,Hammersmith and Fulham,RETAIL_RESTAURANTS_AND_CAFES,59000.0,59000.0,
2273784000,4404694000,arcadia,2020,Hammersmith and Fulham,RETAIL_RESTAURANTS_AND_CAFES,59000.0,59000.0,
2291569000,673454000,ted baker,2024,Leeds,RETAIL_HIGH_STREET,205000.0,205000.0,
2291569000,5155235000,ted baker,2024,Leeds,RETAIL_HIGH_STREET,205000.0,204000.0,
2291569000,14930606000,ted baker,2024,Leeds,RETAIL_HIGH_STREET,205000.0,206000.0,
2298191000,212707017,poundworld,2018,Watford,RETAIL_HIGH_STREET,123000.0,123000.0,
2298191000,212609017,poundworld,2018,Watford,RETAIL_HIGH_STREET,123000.0,120000.0,
2298191000,212679017,poundworld,2018,Watford,RETAIL_HIGH_STREET,123000.0,119000.0,
2303335000,43126036,mothercare,2019,Norwich,RETAIL_OTHER_SUPERSTORES_AND_WAREHOUSES,236000.0,236000.0,
2303335000,8020470000,mothercare,2019,Norwich,RETAIL_OTHER_SUPERSTORES_AND_WAREHOUSES,236000.0,238000.0,
2303335000,43184036,mothercare,2019,Norwich,RETAIL_OTHER_SUPERSTORES_AND_WAREHOUSES,236000.0,227000.0,
2303883000,88919148,body shop,2024,Sevenoaks,RETAIL_HIGH_STREET,37000.0,37000.0,
2303883000,393783148,body shop,2024,Sevenoaks,RETAIL_HIGH_STREET,37000.0,37000.0,
2303883000,10172539000,body shop,2024,Sevenoaks,RETAIL_HIGH_STREET,37000.0,36750.0,
2326286000,113603192,thomas cook,2019,Cardiff,RETAIL_HIGH_STREET,16500.0,16500.0,
2326286000,11030454000,thomas cook,2019,Cardiff,RETAIL_HIGH_STREET,16500.0,16500.0,
2326286000,157332192,thomas cook,2019,Cardiff,RETAIL_HIGH_STREET,16500.0,16500.0,
2326289000,10452097000,thomas cook,2019,Cardiff,OFFICE_GENERAL,8600.0,8600.0,
2326289000,213529192,thomas cook,2019,Cardiff,OFFICE_GENERAL,8600.0,8600.0,
2326289000,218330192,thomas cook,2019,Cardiff,OFFICE_GENERAL,8600.0,8600.0,
2326568000,163765234,wilko,2023,Telford and Wrekin,WAREHOUSING_LARGE_SCALE_AND_HIGH_BAY,14250.0,14500.0,
2326568000,12307394000,wilko,2023,Telford and Wrekin,WAREHOUSING_LARGE_SCALE_AND_HIGH_BAY,14250.0,13750.0,
2326568000,9667430000,wilko,2023,Telford and Wrekin,WAREHOUSING_LARGE_SCALE_AND_HIGH_BAY,14250.0,14750.0,
2340783000,287550154,prezzo,2018,Spelthorne,RETAIL_HIGH_STREET,69000.0,68500.0,
2340783000,962381000,prezzo,2018,Spelthorne,RETAIL_HIGH_STREET,69000.0,69500.0,
2340783000,3776988000,prezzo,2018,Spelthorne,RETAIL_HIGH_STREET,69000.0,68000.0,
2354852000,299030037,wilko,2023,Nottingham,RETAIL_OTHER_SUPERSTORES_AND_WAREHOUSES,95000.0,95000.0,
2354852000,571013037,wilko,2023,Nottingham,RETAIL_OTHER_SUPERSTORES_AND_WAREHOUSES,95000.0,95500.0,
2354852000,2924526000,wilko,2023,Nottingham,RETAIL_OTHER_SUPERSTORES_AND_WAREHOUSES,95000.0,93500.0,
2371882000,120079000,carluccios,2020,City of London,RETAIL_RESTAURANTS_AND_CAFES,90000.0,90000.0,
2371882000,1349431000,carluccios,2020,City of London,RETAIL_RESTAURANTS_AND_CAFES,90000.0,90000.0,
2371882000,47038052,carluccios,2020,City of London,RETAIL_RESTAURANTS_AND_CAFES,90000.0,90000.0,
2373121000,12146291000,thomas cook,2019,Peterborough,OFFICE_GENERAL,206000.0,207000.0,
2373121000,6840412000,thomas cook,2019,Peterborough,OFFICE_GENERAL,206000.0,201000.0,
2373121000,9950646000,thomas cook,2019,Peterborough,OFFICE_GENERAL,206000.0,199000.0,
2379552000,4266489000,arcadia,2020,York,RETAIL_OTHER_SUPERSTORES_AND_WAREHOUSES,605000.0,615000.0,
2379552000,666293000,arcadia,2020,York,RETAIL_OTHER_SUPERSTORES_AND_WAREHOUSES,605000.0,655000.0,
2379552000,889041000,arcadia,2020,York,RETAIL_OTHER_SUPERSTORES_AND_WAREHOUSES,605000.0,660000.0,
2382968000,219474042,wilko,2023,Derby,RETAIL_OTHER_SUPERSTORES_AND_WAREHOUSES,52000.0,52000.0,
2382968000,8672165000,wilko,2023,Derby,RETAIL_OTHER_SUPERSTORES_AND_WAREHOUSES,52000.0,51500.0,
2382968000,3895546000,wilko,2023,Derby,RETAIL_OTHER_SUPERSTORES_AND_WAREHOUSES,52000.0,51500.0,
2441487000,11323929000,cath kidston,2020,Kensington and Chelsea,OFFICE_GENERAL,115000.0,115000.0,
2441487000,10612617000,cath kidston,2020,Kensington and Chelsea,OFFICE_GENERAL,115000.0,115000.0,
2441487000,31370082,cath kidston,2020,Kensington and Chelsea,OFFICE_GENERAL,115000.0,115000.0,
2441523000,299029184,homebase,2024,Plymouth,RETAIL_OTHER_SUPERSTORES_AND_WAREHOUSES,72000.0,74500.0,
2441523000,12557759000,homebase,2024,Plymouth,RETAIL_OTHER_SUPERSTORES_AND_WAREHOUSES,72000.0,75000.0,
2441523000,4571992000,homebase,2024,Plymouth,RETAIL_OTHER_SUPERSTORES_AND_WAREHOUSES,72000.0,75000.0,
2445076000,11654198000,body shop,2024,Central Bedfordshire,INDUSTRIAL_GENERAL,11000.0,11000.0,
2445076000,13991048000,body shop,2024,Central Bedfordshire,INDUSTRIAL_GENERAL,11000.0,11000.0,
2445076000,11789250000,body shop,2024,Central Bedfordshire,INDUSTRIAL_GENERAL,11000.0,11000.0,
2461064000,121053000,frankie&bennys,2020,Somerset,RETAIL_RESTAURANTS_AND_CAFES,76500.0,76000.0,
2461064000,13872227000,frankie&bennys,2020,Somerset,RETAIL_RESTAURANTS_AND_CAFES,76500.0,77000.0,
2461064000,1957660000,frankie&bennys,2020,Somerset,RETAIL_RESTAURANTS_AND_CAFES,76500.0,75500.0,
2462424023,13165734000,homebase,2024,Southend-on-Sea,RETAIL_OTHER_SUPERSTORES_AND_WAREHOUSES,620000.0,392500.0,
2462424023,1715518000,homebase,2024,Southend-on-Sea,RETAIL_OTHER_SUPERSTORES_AND_WAREHOUSES,620000.0,385000.0,
2462424023,14202519000,homebase,2024,Southend-on-Sea,RETAIL_OTHER_SUPERSTORES_AND_WAREHOUSES,620000.0,375000.0,
2463335023,1240461023,maplin,2018,Southend-on-Sea,RETAIL_HIGH_STREET,24750.0,24750.0,
2463335023,1123637023,maplin,2018,Southend-on-Sea,RETAIL_HIGH_STREET,24750.0,24750.0,
2463335023,5502019000,maplin,2018,Southend-on-Sea,RETAIL_HIGH_STREET,24750.0,24500.0,
2520835000,2520835000,arcadia,2020,Hartlepool,RETAIL_RESTAURANTS_AND_CAFES,13500.0,13500.0,
2520835000,234159102,arcadia,2020,Hartlepool,RETAIL_RESTAURANTS_AND_CAFES,13500.0,13250.0,
2520835000,7712737000,arcadia,2020,Hartlepool,RETAIL_RESTAURANTS_AND_CAFES,13500.0,13750.0,
2526034000,52607036,body shop,2024,Norwich,RETAIL_HIGH_STREET,15750.0,15750.0,
2526034000,64410036,body shop,2024,Norwich,RETAIL_HIGH_STREET,15750.0,15750.0,
2526034000,3745969000,body shop,2024,Norwich,RETAIL_HIGH_STREET,15750.0,15750.0,
2530034000,328395148,wilko,2023,Ashford,RETAIL_OTHER_SUPERSTORES_AND_WAREHOUSES,200000.0,200000.0,
2530034000,6094612000,wilko,2023,Ashford,RETAIL_OTHER_SUPERSTORES_AND_WAREHOUSES,200000.0,201000.0,
2530034000,9359183000,wilko,2023,Ashford,RETAIL_OTHER_SUPERSTORES_AND_WAREHOUSES,200000.0,193000.0,
2533776000,192261186,maplin,2018,Somerset,RETAIL_OTHER_SUPERSTORES_AND_WAREHOUSES,68500.0,68500.0,
2533776000,194002186,maplin,2018,Somerset,RETAIL_OTHER_SUPERSTORES_AND_WAREHOUSES,68500.0,68500.0,
2533776000,7918012000,maplin,2018,Somerset,RETAIL_OTHER_SUPERSTORES_AND_WAREHOUSES,68500.0,68500.0,
2537740000,11126742000,arcadia,2020,Bradford,INDUSTRIAL_GENERAL,103000.0,103000.0,
2537740000,12653955000,arcadia,2020,Bradford,INDUSTRIAL_GENERAL,103000.0,103000.0,
2537740000,6833923000,arcadia,2020,Bradford,INDUSTRIAL_GENERAL,103000.0,103000.0,
2544906000,9762541000,body shop,2024,Bedford,INDUSTRIAL_GENERAL,79000.0,78500.0,
2544906000,3777884000,body shop,2024,Bedford,INDUSTRIAL_GENERAL,79000.0,78500.0,
2544906000,12748272000,body shop,2024,Bedford,INDUSTRIAL_GENERAL,79000.0,79500.0,
2592493000,206013241,body shop,2024,Bradford,INDUSTRIAL_GENERAL,6200.0,6200.0,
2592493000,8703771000,body shop,2024,Bradford,INDUSTRIAL_GENERAL,6200.0,6200.0,
2592493000,2592492000,body shop,2024,Bradford,INDUSTRIAL_GENERAL,6200.0,6200.0,
2604341000,12013084000,arcadia,2020,"Bristol, City of",RETAIL_OTHER_SUPERSTORES_AND_WAREHOUSES,352500.0,352500.0,
2604341000,2604347000,arcadia,2020,"Bristol, City of",RETAIL_OTHER_SUPERSTORES_AND_WAREHOUSES,352500.0,352500.0,
2604341000,10143478000,arcadia,2020,"Bristol, City of",RETAIL_OTHER_SUPERSTORES_AND_WAREHOUSES,352500.0,350000.0,
2634691000,11315126000,homebase,2024,Peterborough,RETAIL_OTHER_SUPERSTORES_AND_WAREHOUSES,500000.0,477500.0,
2634691000,13072943000,homebase,2024,Peterborough,RETAIL_OTHER_SUPERSTORES_AND_WAREHOUSES,500000.0,470000.0,
2634691000,9688415000,homebase,2024,Peterborough,RETAIL_OTHER_SUPERSTORES_AND_WAREHOUSES,500000.0,545000.0,
2641176000,11852614000,poundworld,2018,Birmingham,RETAIL_HIGH_STREET,252500.0,252500.0,
2641176000,7506037000,poundworld,2018,Birmingham,RETAIL_HIGH_STREET,252500.0,252500.0,
2641176000,12169849000,poundworld,2018,Birmingham,RETAIL_HIGH_STREET,252500.0,252500.0,
2660919000,13906577000,homebase,2024,Colchester,RETAIL_OTHER_SUPERSTORES_AND_WAREHOUSES,740000.0,685000.0,
2660919000,10777023,homebase,2024,Colchester,RETAIL_OTHER_SUPERSTORES_AND_WAREHOUSES,740000.0,600000.0,
2660919000,15012874000,homebase,2024,Colchester,RETAIL_OTHER_SUPERSTORES_AND_WAREHOUSES,740000.0,570000.0,
2661852000,5764883000,poundworld,2018,Coventry,RETAIL_HIGH_STREET,144000.0,143000.0,
2661852000,231726222,poundworld,2018,Coventry,RETAIL_HIGH_STREET,144000.0,143000.0,
2661852000,3901817000,poundworld,2018,Coventry,RETAIL_HIGH_STREET,144000.0,142000.0,
2671661000,10946442000,mothercare,2019,Bradford,RETAIL_OTHER_SUPERSTORES_AND_WAREHOUSES,355000.0,350000.0,
2671661000,12086859000,mothercare,2019,Bradford,RETAIL_OTHER_SUPERSTORES_AND_WAREHOUSES,355000.0,342500.0,
2671661000,3848481000,mothercare,2019,Bradford,RETAIL_OTHER_SUPERSTORES_AND_WAREHOUSES,355000.0,342500.0,
2689514000,19021011,poundworld,2018,Bedford,RETAIL_HIGH_STREET,117000.0,115000.0,
2689514000,217681011,poundworld,2018,Bedford,RETAIL_HIGH_STREET,117000.0,125000.0,
2689514000,4082815000,poundworld,2018,Bedford,RETAIL_HIGH_STREET,117000.0,108000.0,
2700398000,83449171,bhs,2016,Basingstoke and Deane,RETAIL_OTHER_SUPERSTORES_AND_WAREHOUSES,595000.0,625000.0,
2700398000,10052234000,bhs,2016,Basingstoke and Deane,RETAIL_OTHER_SUPERSTORES_AND_WAREHOUSES,595000.0,625000.0,
2700398000,2695902000,bhs,2016,Basingstoke and Deane,RETAIL_OTHER_SUPERSTORES_AND_WAREHOUSES,595000.0,550000.0,
2701404000,11781339000,paperchase,2023,Hammersmith and Fulham,RETAIL_HIGH_STREET,99000.0,99000.0,
2701404000,11781228000,paperchase,2023,Hammersmith and Fulham,RETAIL_HIGH_STREET,99000.0,99000.0,
2701404000,6448406000,paperchase,2023,Hammersmith and Fulham,RETAIL_HIGH_STREET,99000.0,99000.0,
2711281000,2743604000,paperchase,2023,Basingstoke and Deane,RETAIL_HIGH_STREET,63000.0,62500.0,
2711281000,2696534000,paperchase,2023,Basingstoke and Deane,RETAIL_HIGH_STREET,63000.0,62500.0,
2711281000,6125694000,paperchase,2023,Basingstoke and Deane,RETAIL_HIGH_STREET,63000.0,62000.0,
2714463000,10399104,poundworld,2018,County Durham,RETAIL_HIGH_STREET,65500.0,65500.0,
2714463000,3052043000,poundworld,2018,County Durham,RETAIL_HIGH_STREET,65500.0,65500.0,
2714463000,12574104,poundworld,2018,County Durham,RETAIL_HIGH_STREET,65500.0,65500.0,
2714904000,74283192,thomas cook,2019,Cardiff,RETAIL_HIGH_STREET,10250.0,10250.0,
2714904000,223184192,thomas cook,2019,Cardiff,RETAIL_HIGH_STREET,10250.0,10250.0,
2714904000,15006879000,thomas cook,2019,Cardiff,RETAIL_HIGH_STREET,10250.0,10250.0,
2714906000,9868443000,thomas cook,2019,Cardiff,OFFICE_GENERAL,7900.0,7900.0,
2714906000,13981599000,thomas cook,2019,Cardiff,OFFICE_GENERAL,7900.0,7900.0,
2714906000,14597948000,thomas cook,2019,Cardiff,OFFICE_GENERAL,7900.0,7900.0,
2715888000,10086942000,maplin,2018,Telford and Wrekin,RETAIL_OTHER_SUPERSTORES_AND_WAREHOUSES,106000.0,106000.0,
2715888000,12054535000,maplin,2018,Telford and Wrekin,RETAIL_OTHER_SUPERSTORES_AND_WAREHOUSES,106000.0,105000.0,
2715888000,14883877000,maplin,2018,Telford and Wrekin,RETAIL_OTHER_SUPERSTORES_AND_WAREHOUSES,106000.0,101000.0,
2716506000,146493124,wilko,2023,Cumberland,RETAIL_OTHER_SUPERSTORES_AND_WAREHOUSES,194000.0,194000.0,
2716506000,10363104000,wilko,2023,Cumberland,RETAIL_OTHER_SUPERSTORES_AND_WAREHOUSES,194000.0,190000.0,
2716506000,9607027000,wilko,2023,Cumberland,RETAIL_OTHER_SUPERSTORES_AND_WAREHOUSES,194000.0,199000.0,
2731776000,8422898000,wilko,2023,County Durham,RETAIL_OTHER_SUPERSTORES_AND_WAREHOUSES,200000.0,196000.0,
2731776000,4846511000,wilko,2023,County Durham,RETAIL_OTHER_SUPERSTORES_AND_WAREHOUSES,200000.0,206000.0,
2731776000,11016980000,wilko,2023,County Durham,RETAIL_OTHER_SUPERSTORES_AND_WAREHOUSES,200000.0,206000.0,
2734460000,328056244,debenhams,2020,Leeds,RETAIL_OTHER_SUPERSTORES_AND_WAREHOUSES,1370000.0,1390000.0,
2734460000,14765311000,debenhams,2020,Leeds,RETAIL_OTHER_SUPERSTORES_AND_WAREHOUSES,1370000.0,1390000.0,
2734460000,257820244,debenhams,2020,Leeds,RETAIL_OTHER_SUPERSTORES_AND_WAREHOUSES,1370000.0,1330000.0,
2734657000,449911221,wilko,2023,Birmingham,RETAIL_OTHER_SUPERSTORES_AND_WAREHOUSES,175000.0,175000.0,
2734657000,8827197000,wilko,2023,Birmingham,RETAIL_OTHER_SUPERSTORES_AND_WAREHOUSES,175000.0,175000.0,
2734657000,3364976000,wilko,2023,Birmingham,RETAIL_OTHER_SUPERSTORES_AND_WAREHOUSES,175000.0,174000.0,
2741278000,5372173000,arcadia,2020,Hartlepool,RETAIL_HIGH_STREET,6100.0,6100.0,
2741278000,327194102,arcadia,2020,Hartlepool,RETAIL_HIGH_STREET,6100.0,6100.0,
2741278000,2741278000,arcadia,2020,Hartlepool,RETAIL_HIGH_STREET,6100.0,6100.0,
2747920000,2747918000,body shop,2024,Basingstoke and Deane,RETAIL_HIGH_STREET,82000.0,82000.0,
2747920000,2747908000,body shop,2024,Basingstoke and Deane,RETAIL_HIGH_STREET,82000.0,80000.0,
2747920000,193154171,body shop,2024,Basingstoke and Deane,RETAIL_HIGH_STREET,82000.0,84000.0,
2762494000,40932044,homebase,2024,Leicester,RETAIL_OTHER_SUPERSTORES_AND_WAREHOUSES,372500.0,377500.0,
2762494000,6105158000,homebase,2024,Leicester,RETAIL_OTHER_SUPERSTORES_AND_WAREHOUSES,372500.0,352500.0,
2762494000,12149674000,homebase,2024,Leicester,RETAIL_OTHER_SUPERSTORES_AND_WAREHOUSES,372500.0,337500.0,
2770559000,3715750000,prezzo,2018,Braintree,RETAIL_RESTAURANTS_AND_CAFES,76500.0,76000.0,
2770559000,194337023,prezzo,2018,Braintree,RETAIL_RESTAURANTS_AND_CAFES,76500.0,74500.0,
2770559000,8076874000,prezzo,2018,Braintree,RETAIL_RESTAURANTS_AND_CAFES,76500.0,78500.0,
2770800000,11347729000,mothercare,2019,"Bristol, City of",RETAIL_OTHER_SUPERSTORES_AND_WAREHOUSES,360000.0,367500.0,
2770800000,3042275000,mothercare,2019,"Bristol, City of",RETAIL_OTHER_SUPERSTORES_AND_WAREHOUSES,360000.0,372500.0,
2770800000,143031212,mothercare,2019,"Bristol, City of",RETAIL_OTHER_SUPERSTORES_AND_WAREHOUSES,360000.0,375000.0,
2771295000,5054179000,cath kidston,2020,Kensington and Chelsea,OFFICE_GENERAL,45500.0,45500.0,
2771295000,10328319000,cath kidston,2020,Kensington and Chelsea,OFFICE_GENERAL,45500.0,45500.0,
2771295000,13877724000,cath kidston,2020,Kensington and Chelsea,OFFICE_GENERAL,45500.0,45250.0,
2773728000,139150216,homebase,2024,Swindon,RETAIL_OTHER_SUPERSTORES_AND_WAREHOUSES,805000.0,875000.0,
2773728000,6248649000,homebase,2024,Swindon,RETAIL_OTHER_SUPERSTORES_AND_WAREHOUSES,805000.0,625000.0,
2773728000,355919216,homebase,2024,Swindon,RETAIL_OTHER_SUPERSTORES_AND_WAREHOUSES,805000.0,580000.0,
2787566000,184304148,homebase,2024,Tunbridge Wells,RETAIL_HIGH_STREET,56500.0,57000.0,
2787566000,623047000,homebase,2024,Tunbridge Wells,RETAIL_HIGH_STREET,56500.0,57000.0,
2787566000,3276681000,homebase,2024,Tunbridge Wells,RETAIL_HIGH_STREET,56500.0,57000.0,
2787877000,8329214000,poundworld,2018,Chelmsford,RETAIL_OTHER_SUPERSTORES_AND_WAREHOUSES,192000.0,185000.0,
2787877000,191114022,poundworld,2018,Chelmsford,RETAIL_OTHER_SUPERSTORES_AND_WAREHOUSES,192000.0,199000.0,
2787877000,12213826000,poundworld,2018,Chelmsford,RETAIL_OTHER_SUPERSTORES_AND_WAREHOUSES,192000.0,177000.0,
2809887000,11491636000,wilko,2023,Plymouth,RETAIL_OTHER_SUPERSTORES_AND_WAREHOUSES,217000.0,214000.0,
2809887000,11344055000,wilko,2023,Plymouth,RETAIL_OTHER_SUPERSTORES_AND_WAREHOUSES,217000.0,207000.0,
2809887000,6363967000,wilko,2023,Plymouth,RETAIL_OTHER_SUPERSTORES_AND_WAREHOUSES,217000.0,229000.0,
2820431000,6482973000,poundworld,2018,Sunderland,RETAIL_OTHER_SUPERSTORES_AND_WAREHOUSES,163000.0,165000.0,
2820431000,25331000,poundworld,2018,Sunderland,RETAIL_OTHER_SUPERSTORES_AND_WAREHOUSES,163000.0,165000.0,
2820431000,1991467000,poundworld,2018,Sunderland,RETAIL_OTHER_SUPERSTORES_AND_WAREHOUSES,163000.0,166000.0,
2846891000,11041978000,body shop,2024,Leeds,OTHER_COMMERCIAL,1475.0,1475.0,
2846891000,311744244,body shop,2024,Leeds,OTHER_COMMERCIAL,1475.0,1475.0,
2846891000,11041988000,body shop,2024,Leeds,OTHER_COMMERCIAL,1475.0,1475.0,
2853636000,9206776000,maplin,2018,Camden,RETAIL_HIGH_STREET,241000.0,242000.0,
2853636000,180707063,maplin,2018,Camden,RETAIL_HIGH_STREET,241000.0,242000.0,
2853636000,1368304000,maplin,2018,Camden,RETAIL_HIGH_STREET,241000.0,239000.0,
2859831000,9169310000,arcadia,2020,Watford,RETAIL_HIGH_STREET,347500.0,332500.0,
2859831000,265924017,arcadia,2020,Watford,RETAIL_HIGH_STREET,347500.0,367500.0,
2859831000,243394017,arcadia,2020,Watford,RETAIL_HIGH_STREET,347500.0,325000.0,
2861745000,8830143000,thomas cook,2019,Cannock Chase,RETAIL_HIGH_STREET,25000.0,25000.0,
2861745000,13381423000,thomas cook,2019,Cannock Chase,RETAIL_HIGH_STREET,25000.0,25250.0,
2861745000,156247226,thomas cook,2019,Cannock Chase,RETAIL_HIGH_STREET,25000.0,25250.0,
2871554000,680880000,wilko,2023,West Northamptonshire,RETAIL_OTHER_SUPERSTORES_AND_WAREHOUSES,210000.0,210000.0,
2871554000,263531045,wilko,2023,West Northamptonshire,RETAIL_OTHER_SUPERSTORES_AND_WAREHOUSES,210000.0,210000.0,
2871554000,266351045,wilko,2023,West Northamptonshire,RETAIL_OTHER_SUPERSTORES_AND_WAREHOUSES,210000.0,212000.0,
2893626000,17582178,thomas cook,2019,Isle of Wight,RETAIL_HIGH_STREET,37250.0,37000.0,
2893626000,11373454000,thomas cook,2019,Isle of Wight,RETAIL_HIGH_STREET,37250.0,36750.0,
2893626000,28483178,thomas cook,2019,Isle of Wight,RETAIL_HIGH_STREET,37250.0,36000.0,
2929383000,13586316000,maplin,2018,Cambridge,RETAIL_HIGH_STREET,46750.0,46750.0,
2929383000,35573012,maplin,2018,Cambridge,RETAIL_HIGH_STREET,46750.0,47000.0,
2929383000,117330012,maplin,2018,Cambridge,RETAIL_HIGH_STREET,46750.0,46250.0,
2931626000,11522543000,wilko,2023,Basingstoke and Deane,RETAIL_OTHER_SUPERSTORES_AND_WAREHOUSES,295000.0,295000.0,
2931626000,5218774000,wilko,2023,Basingstoke and Deane,RETAIL_OTHER_SUPERSTORES_AND_WAREHOUSES,295000.0,292500.0,
2931626000,10870161000,wilko,2023,Basingstoke and Deane,RETAIL_OTHER_SUPERSTORES_AND_WAREHOUSES,295000.0,312500.0,
2943585000,6971929000,body shop,2024,West Northamptonshire,OFFICE_GENERAL,14000.0,14000.0,
2943585000,205587045,body shop,2024,West Northamptonshire,OFFICE_GENERAL,14000.0,14000.0,
2943585000,5317227000,body shop,2024,West Northamptonshire,OFFICE_GENERAL,14000.0,14000.0,
2992479000,10380184000,wilko,2023,Rugby,RETAIL_OTHER_SUPERSTORES_AND_WAREHOUSES,153000.0,151000.0,
2992479000,9861736000,wilko,2023,Rugby,RETAIL_OTHER_SUPERSTORES_AND_WAREHOUSES,153000.0,150000.0,
2992479000,1800716000,wilko,2023,Rugby,RETAIL_OTHER_SUPERSTORES_AND_WAREHOUSES,153000.0,150000.0,
2993471000,9504245000,thomas cook,2019,Rugby,RETAIL_HIGH_STREET,44250.0,44000.0,
2993471000,4845068000,thomas cook,2019,Rugby,RETAIL_HIGH_STREET,44250.0,44000.0,
2993471000,2995408000,thomas cook,2019,Rugby,RETAIL_HIGH_STREET,44250.0,43750.0,
3007347000,3121559000,body shop,2024,County Durham,RETAIL_HIGH_STREET,23750.0,23600.0,
3007347000,7017373000,body shop,2024,County Durham,RETAIL_HIGH_STREET,23750.0,23500.0,
3007347000,76215104,body shop,2024,County Durham,RETAIL_HIGH_STREET,23750.0,23500.0,
3032508000,1366533000,body shop,2024,Manchester,RETAIL_HIGH_STREET,129000.0,128000.0,
3032508000,5077671000,body shop,2024,Manchester,RETAIL_HIGH_STREET,129000.0,128000.0,
3032508000,6860338000,body shop,2024,Manchester,RETAIL_HIGH_STREET,129000.0,130000.0,
3041906000,9204766000,debenhams,2020,Preston,RETAIL_OTHER_SUPERSTORES_AND_WAREHOUSES,925000.0,905000.0,
3041906000,14596175000,debenhams,2020,Preston,RETAIL_OTHER_SUPERSTORES_AND_WAREHOUSES,925000.0,1250000.0,
3041906000,13967656000,debenhams,2020,Preston,RETAIL_OTHER_SUPERSTORES_AND_WAREHOUSES,925000.0,570000.0,
3046501000,10689757000,poundworld,2018,Manchester,RETAIL_HIGH_STREET,92500.0,92500.0,
3046501000,13638134000,poundworld,2018,Manchester,RETAIL_HIGH_STREET,92500.0,92000.0,
3046501000,14604845000,poundworld,2018,Manchester,RETAIL_HIGH_STREET,92500.0,93000.0,
3053915000,2695331000,homebase,2024,Birmingham,RETAIL_OTHER_SUPERSTORES_AND_WAREHOUSES,760000.0,755000.0,
3053915000,12479198000,homebase,2024,Birmingham,RETAIL_OTHER_SUPERSTORES_AND_WAREHOUSES,760000.0,805000.0,
3053915000,3077155000,homebase,2024,Birmingham,RETAIL_OTHER_SUPERSTORES_AND_WAREHOUSES,760000.0,805000.0,
3069761000,3263478000,strada,2018,Tunbridge Wells,RETAIL_RESTAURANTS_AND_CAFES,51500.0,52000.0,
3069761000,410554148,strada,2018,Tunbridge Wells,RETAIL_RESTAURANTS_AND_CAFES,51500.0,52000.0,
3069761000,178660148,strada,2018,Tunbridge Wells,RETAIL_RESTAURANTS_AND_CAFES,51500.0,50000.0,
3076705000,8993216000,debenhams,2020,Birmingham,RETAIL_OTHER_SUPERSTORES_AND_WAREHOUSES,2470000.0,2420000.0,
3076705000,13641148000,debenhams,2020,Birmingham,RETAIL_OTHER_SUPERSTORES_AND_WAREHOUSES,2470000.0,2390000.0,
3076705000,14090221000,debenhams,2020,Birmingham,RETAIL_OTHER_SUPERSTORES_AND_WAREHOUSES,2470000.0,2560000.0,
3077205000,2679230000,cafe rouge,2020,Birmingham,RETAIL_RESTAURANTS_AND_CAFES,83000.0,83000.0,
3077205000,11370429000,cafe rouge,2020,Birmingham,RETAIL_RESTAURANTS_AND_CAFES,83000.0,82500.0,
3077205000,7651103000,cafe rouge,2020,Birmingham,RETAIL_RESTAURANTS_AND_CAFES,83000.0,83500.0,
3077283000,1197083000,body shop,2024,Birmingham,RETAIL_HIGH_STREET,162000.0,162000.0,
3077283000,3076813000,body shop,2024,Birmingham,RETAIL_HIGH_STREET,162000.0,161000.0,
3077283000,3077382000,body shop,2024,Birmingham,RETAIL_HIGH_STREET,162000.0,161000.0,
3078128000,14806423000,arcadia,2020,Birmingham,RETAIL_OTHER_SUPERSTORES_AND_WAREHOUSES,785000.0,830000.0,
3078128000,276353221,arcadia,2020,Birmingham,RETAIL_OTHER_SUPERSTORES_AND_WAREHOUSES,785000.0,705000.0,
3078128000,8425364000,arcadia,2020,Birmingham,RETAIL_OTHER_SUPERSTORES_AND_WAREHOUSES,785000.0,865000.0,
3105168000,332575176,arcadia,2020,Wiltshire,RETAIL_HIGH_STREET,56500.0,56500.0,
3105168000,564864216,arcadia,2020,Wiltshire,RETAIL_HIGH_STREET,56500.0,56500.0,
3105168000,248629216,arcadia,2020,Wiltshire,RETAIL_HIGH_STREET,56500.0,56500.0,
3124530000,8691732000,arcadia,2020,Birmingham,RETAIL_HIGH_STREET,470000.0,452500.0,
3124530000,10246699000,arcadia,2020,Birmingham,RETAIL_HIGH_STREET,470000.0,452500.0,
3124530000,8153372000,arcadia,2020,Birmingham,RETAIL_HIGH_STREET,470000.0,452500.0,
3152932000,3152932000,arcadia,2020,Cardiff,OFFICE_GENERAL,770.0,770.0,
3152932000,3152940000,arcadia,2020,Cardiff,OFFICE_GENERAL,770.0,770.0,
3152932000,10470157000,arcadia,2020,Cardiff,OFFICE_GENERAL,770.0,770.0,
3153879000,13380984000,wilko,2023,Cannock Chase,RETAIL_HIGH_STREET,73000.0,72500.0,
3153879000,13381325000,wilko,2023,Cannock Chase,RETAIL_HIGH_STREET,73000.0,73500.0,
3153879000,13249668000,wilko,2023,Cannock Chase,RETAIL_HIGH_STREET,73000.0,73500.0,
3155282000,259021037,homebase,2024,Nottingham,RETAIL_OTHER_SUPERSTORES_AND_WAREHOUSES,1100000.0,1130000.0,
3155282000,14764155000,homebase,2024,Nottingham,RETAIL_OTHER_SUPERSTORES_AND_WAREHOUSES,1100000.0,1170000.0,
3155282000,12977414000,homebase,2024,Nottingham,RETAIL_OTHER_SUPERSTORES_AND_WAREHOUSES,1100000.0,1000000.0,
3156265000,212437045,prezzo,2018,West Northamptonshire,INDUSTRIAL_GENERAL,22750.0,22750.0,
3156265000,5175496000,prezzo,2018,West Northamptonshire,INDUSTRIAL_GENERAL,22750.0,22750.0,
3156265000,3998053000,prezzo,2018,West Northamptonshire,INDUSTRIAL_GENERAL,22750.0,22750.0,
3162032000,7810163000,arcadia,2020,Stockton-on-Tees,RETAIL_HIGH_STREET,83000.0,84000.0,
3162032000,7719687000,arcadia,2020,Stockton-on-Tees,RETAIL_HIGH_STREET,83000.0,80500.0,
3162032000,8084983000,arcadia,2020,Stockton-on-Tees,RETAIL_HIGH_STREET,83000.0,79500.0,
3181987000,108746186,paperchase,2023,Somerset,RETAIL_HIGH_STREET,58000.0,58000.0,
3181987000,7315572000,paperchase,2023,Somerset,RETAIL_HIGH_STREET,58000.0,58000.0,
3181987000,272566186,paperchase,2023,Somerset,RETAIL_HIGH_STREET,58000.0,58000.0,
3182003000,263277186,body shop,2024,Somerset,RETAIL_HIGH_STREET,60000.0,60000.0,
3182003000,178082186,body shop,2024,Somerset,RETAIL_HIGH_STREET,60000.0,60000.0,
3182003000,178086186,body shop,2024,Somerset,RETAIL_HIGH_STREET,60000.0,60000.0,
3191801000,11340001000,arcadia,2020,Wiltshire,OFFICE_GENERAL,4150.0,4150.0,
3191801000,14990668000,arcadia,2020,Wiltshire,OFFICE_GENERAL,4150.0,4150.0,
3191801000,360094216,arcadia,2020,Wiltshire,OFFICE_GENERAL,4150.0,4150.0,
3203625000,331814176,body shop,2024,Wiltshire,RETAIL_HIGH_STREET,27250.0,27250.0,
3203625000,9686206000,body shop,2024,Wiltshire,RETAIL_HIGH_STREET,27250.0,27250.0,
3203625000,128183216,body shop,2024,Wiltshire,RETAIL_HIGH_STREET,27250.0,27250.0,
3217980000,206376232,arcadia,2020,East Staffordshire,RETAIL_HIGH_STREET,87500.0,89000.0,
3217980000,105682232,arcadia,2020,East Staffordshire,RETAIL_HIGH_STREET,87500.0,83000.0,
3217980000,3218032000,arcadia,2020,East Staffordshire,RETAIL_HIGH_STREET,87500.0,82000.0,
3218022000,105669232,arcadia,2020,East Staffordshire,RETAIL_HIGH_STREET,80000.0,80000.0,
3218022000,263151232,arcadia,2020,East Staffordshire,RETAIL_HIGH_STREET,80000.0,79000.0,
3218022000,3217962000,arcadia,2020,East Staffordshire,RETAIL_HIGH_STREET,80000.0,79000.0,
3241062000,10797394000,paperchase,2023,Cheshire West and Chester,RETAIL_HIGH_STREET,189000.0,189000.0,
3241062000,8939444000,paperchase,2023,Cheshire West and Chester,RETAIL_HIGH_STREET,189000.0,188000.0,
3241062000,1658270000,paperchase,2023,Cheshire West and Chester,RETAIL_HIGH_STREET,189000.0,190000.0,
3248237000,14791339000,arcadia,2020,Maidstone,INDUSTRIAL_GENERAL,19500.0,19500.0,
3248237000,10789727000,arcadia,2020,Maidstone,INDUSTRIAL_GENERAL,19500.0,19500.0,
3248237000,3248237000,arcadia,2020,Maidstone,INDUSTRIAL_GENERAL,19500.0,19500.0,
3248819000,14248834000,paperchase,2023,Tower Hamlets,RETAIL_HIGH_STREET,96500.0,97000.0,
3248819000,4926245000,paperchase,2023,Tower Hamlets,RETAIL_HIGH_STREET,96500.0,97500.0,
3248819000,13138649000,paperchase,2023,Tower Hamlets,RETAIL_HIGH_STREET,96500.0,95000.0,
3248840000,13650450000,body shop,2024,Tower Hamlets,RETAIL_HIGH_STREET,91500.0,91500.0,
3248840000,9077548000,body shop,2024,Tower Hamlets,RETAIL_HIGH_STREET,91500.0,91500.0,
3248840000,12345238000,body shop,2024,Tower Hamlets,RETAIL_HIGH_STREET,91500.0,91500.0,
3250949000,7609943000,homebase,2024,Milton Keynes,OFFICE_GENERAL,277500.0,277500.0,
3250949000,14739440000,homebase,2024,Milton Keynes,OFFICE_GENERAL,277500.0,277500.0,
3250949000,3250953000,homebase,2024,Milton Keynes,OFFICE_GENERAL,277500.0,277500.0,
3253042000,14288068000,wilko,2023,Chelmsford,RETAIL_OTHER_SUPERSTORES_AND_WAREHOUSES,297500.0,292500.0,
3253042000,11224614000,wilko,2023,Chelmsford,RETAIL_OTHER_SUPERSTORES_AND_WAREHOUSES,297500.0,290000.0,
3253042000,895996022,wilko,2023,Chelmsford,RETAIL_OTHER_SUPERSTORES_AND_WAREHOUSES,297500.0,305000.0,
3255365000,2856521000,body shop,2024,Hammersmith and Fulham,INDUSTRIAL_GENERAL,20750.0,20750.0,
3255365000,640450082,body shop,2024,Hammersmith and Fulham,INDUSTRIAL_GENERAL,20750.0,20750.0,
3255365000,9784704000,body shop,2024,Hammersmith and Fulham,INDUSTRIAL_GENERAL,20750.0,20750.0,
3259743000,309770244,body shop,2024,Leeds,RETAIL_HIGH_STREET,144000.0,144000.0,
3259743000,398789244,body shop,2024,Leeds,RETAIL_HIGH_STREET,144000.0,144000.0,
3259743000,9867847000,body shop,2024,Leeds,RETAIL_HIGH_STREET,144000.0,143000.0,
3280017000,10107583000,debenhams,2020,Dudley,INDUSTRIAL_GENERAL,68500.0,68500.0,
3280017000,12319218000,debenhams,2020,Dudley,INDUSTRIAL_GENERAL,68500.0,68500.0,
3280017000,7014460000,debenhams,2020,Dudley,INDUSTRIAL_GENERAL,68500.0,68500.0,
3295638000,3295653000,arcadia,2020,"Bournemouth, Christchurch and Poole",RETAIL_HIGH_STREET,395000.0,385000.0,
3295638000,3295651000,arcadia,2020,"Bournemouth, Christchurch and Poole",RETAIL_HIGH_STREET,395000.0,367500.0,
3295638000,3295645000,arcadia,2020,"Bournemouth, Christchurch and Poole",RETAIL_HIGH_STREET,395000.0,367500.0,
3297207000,12995506000,frankie&bennys,2020,Leicester,RETAIL_HIGH_STREET,6400.0,6400.0,
3297207000,9682295000,frankie&bennys,2020,Leicester,RETAIL_HIGH_STREET,6400.0,6400.0,
3297207000,111592044,frankie&bennys,2020,Leicester,RETAIL_HIGH_STREET,6400.0,6400.0,
3298324000,5069506000,ted baker,2024,Manchester,RETAIL_HIGH_STREET,272500.0,272500.0,
3298324000,11047304000,ted baker,2024,Manchester,RETAIL_HIGH_STREET,272500.0,270000.0,
3298324000,117091113,ted baker,2024,Manchester,RETAIL_HIGH_STREET,272500.0,267500.0,
3301145000,9326984000,arcadia,2020,Leeds,OFFICE_GENERAL,6200.0,6200.0,
3301145000,311448244,arcadia,2020,Leeds,OFFICE_GENERAL,6200.0,6200.0,
3301145000,10076501000,arcadia,2020,Leeds,OFFICE_GENERAL,6200.0,6200.0,
3304603000,15326108,paperchase,2023,York,RETAIL_HIGH_STREET,173000.0,172000.0,
3304603000,16842108,paperchase,2023,York,RETAIL_HIGH_STREET,173000.0,171000.0,
3304603000,1123391000,paperchase,2023,York,RETAIL_HIGH_STREET,173000.0,175000.0,
3304695000,9447106000,arcadia,2020,"Bournemouth, Christchurch and Poole",RETAIL_HIGH_STREET,377500.0,365000.0,
3304695000,180716172,arcadia,2020,"Bournemouth, Christchurch and Poole",RETAIL_HIGH_STREET,377500.0,362500.0,
3304695000,1838346000,arcadia,2020,"Bournemouth, Christchurch and Poole",RETAIL_HIGH_STREET,377500.0,360000.0,
3330896000,10616239000,wilko,2023,County Durham,RETAIL_OTHER_SUPERSTORES_AND_WAREHOUSES,220000.0,220000.0,
3330896000,14533318000,wilko,2023,County Durham,RETAIL_OTHER_SUPERSTORES_AND_WAREHOUSES,220000.0,217000.0,
3330896000,728958104,wilko,2023,County Durham,RETAIL_OTHER_SUPERSTORES_AND_WAREHOUSES,220000.0,224000.0,
3331912000,8694625000,arcadia,2020,Birmingham,RETAIL_HIGH_STREET,1450.0,1450.0,
3331912000,429242221,arcadia,2020,Birmingham,RETAIL_HIGH_STREET,1450.0,1450.0,
3331912000,12672699000,arcadia,2020,Birmingham,RETAIL_HIGH_STREET,1450.0,1450.0,
3337960000,452527045,strada,2018,West Northamptonshire,RETAIL_RESTAURANTS_AND_CAFES,16500.0,16500.0,
3337960000,9691433000,strada,2018,West Northamptonshire,RETAIL_RESTAURANTS_AND_CAFES,16500.0,16500.0,
3337960000,10904170000,strada,2018,West Northamptonshire,RETAIL_RESTAURANTS_AND_CAFES,16500.0,16500.0,
3361063000,241036234,arcadia,2020,Telford and Wrekin,RETAIL_HIGH_STREET,108000.0,108000.0,
3361063000,11489736000,arcadia,2020,Telford and Wrekin,RETAIL_HIGH_STREET,108000.0,108000.0,
3361063000,241081234,arcadia,2020,Telford and Wrekin,RETAIL_HIGH_STREET,108000.0,107000.0,
3378144000,8834520000,homebase,2024,Buckinghamshire,RETAIL_OTHER_SUPERSTORES_AND_WAREHOUSES,695000.0,685000.0,
3378144000,7525712000,homebase,2024,Buckinghamshire,RETAIL_OTHER_SUPERSTORES_AND_WAREHOUSES,695000.0,715000.0,
3378144000,8921646000,homebase,2024,Buckinghamshire,RETAIL_OTHER_SUPERSTORES_AND_WAREHOUSES,695000.0,720000.0,
3396343000,15042277000,homebase,2024,North Yorkshire,RETAIL_OTHER_SUPERSTORES_AND_WAREHOUSES,317500.0,315000.0,
3396343000,15072576000,homebase,2024,North Yorkshire,RETAIL_OTHER_SUPERSTORES_AND_WAREHOUSES,317500.0,320000.0,
3396343000,5949151000,homebase,2024,North Yorkshire,RETAIL_OTHER_SUPERSTORES_AND_WAREHOUSES,317500.0,305000.0,
3415685000,5130881000,arcadia,2020,Southampton,OFFICE_GENERAL,0.0,0.0,
3415685000,5130930000,arcadia,2020,Southampton,OFFICE_GENERAL,0.0,0.0,
3415685000,5130937000,arcadia,2020,Southampton,OFFICE_GENERAL,0.0,0.0,
3416488000,220429214,homebase,2024,Gloucester,RETAIL_OTHER_SUPERSTORES_AND_WAREHOUSES,635000.0,560000.0,
3416488000,10796339000,homebase,2024,Gloucester,RETAIL_OTHER_SUPERSTORES_AND_WAREHOUSES,635000.0,545000.0,
3416488000,220445214,homebase,2024,Gloucester,RETAIL_OTHER_SUPERSTORES_AND_WAREHOUSES,635000.0,540000.0,
3437256000,2306745000,body shop,2024,Sevenoaks,INDUSTRIAL_GENERAL,59500.0,59500.0,
3437256000,6683129000,body shop,2024,Sevenoaks,INDUSTRIAL_GENERAL,59500.0,59000.0,
3437256000,7956232000,body shop,2024,Sevenoaks,INDUSTRIAL_GENERAL,59500.0,59000.0,
3437551000,11173396000,mothercare,2019,Thurrock,RETAIL_OTHER_SUPERSTORES_AND_WAREHOUSES,247000.0,248000.0,
3437551000,11615974000,mothercare,2019,Thurrock,RETAIL_OTHER_SUPERSTORES_AND_WAREHOUSES,247000.0,255000.0,
3437551000,14607798000,mothercare,2019,Thurrock,RETAIL_OTHER_SUPERSTORES_AND_WAREHOUSES,247000.0,255000.0,
3443925000,14046921000,maplin,2018,Isle of Wight,INDUSTRIAL_GENERAL,14000.0,14000.0,
3443925000,8062263000,maplin,2018,Isle of Wight,INDUSTRIAL_GENERAL,14000.0,14000.0,
3443925000,80716178,maplin,2018,Isle of Wight,INDUSTRIAL_GENERAL,14000.0,14000.0,
3456466000,677443000,body shop,2024,Leeds,RETAIL_HIGH_STREET,39250.0,39250.0,
3456466000,2829827000,body shop,2024,Leeds,RETAIL_HIGH_STREET,39250.0,39250.0,
3456466000,5927244,body shop,2024,Leeds,RETAIL_HIGH_STREET,39250.0,39250.0,
3491610000,8061694000,paperchase,2023,Buckinghamshire,INDUSTRIAL_GENERAL,9200.0,9200.0,
3491610000,8366750000,paperchase,2023,Buckinghamshire,INDUSTRIAL_GENERAL,9200.0,9200.0,
3491610000,589435162,paperchase,2023,Buckinghamshire,INDUSTRIAL_GENERAL,9200.0,9200.0,
3494904000,4914178,maplin,2018,Isle of Wight,RETAIL_OTHER_SUPERSTORES_AND_WAREHOUSES,70500.0,73000.0,
3494904000,108678000,maplin,2018,Isle of Wight,RETAIL_OTHER_SUPERSTORES_AND_WAREHOUSES,70500.0,65500.0,
3494904000,3150807000,maplin,2018,Isle of Wight,RETAIL_OTHER_SUPERSTORES_AND_WAREHOUSES,70500.0,78500.0,
3499029000,14824101000,wilko,2023,Leicester,RETAIL_OTHER_SUPERSTORES_AND_WAREHOUSES,260000.0,255000.0,
3499029000,12485286000,wilko,2023,Leicester,RETAIL_OTHER_SUPERSTORES_AND_WAREHOUSES,260000.0,240000.0,
3499029000,156044,wilko,2023,Leicester,RETAIL_OTHER_SUPERSTORES_AND_WAREHOUSES,260000.0,239000.0,
3500094000,3333733000,homebase,2024,Cambridge,RETAIL_OTHER_SUPERSTORES_AND_WAREHOUSES,1360000.0,1230000.0,
3500094000,14933682000,homebase,2024,Cambridge,RETAIL_OTHER_SUPERSTORES_AND_WAREHOUSES,1360000.0,1490000.0,
3500094000,1597517000,homebase,2024,Cambridge,RETAIL_OTHER_SUPERSTORES_AND_WAREHOUSES,1360000.0,1180000.0,
3500243000,47679023,prezzo,2018,Braintree,RETAIL_RESTAURANTS_AND_CAFES,16250.0,16000.0,
3500243000,80759023,prezzo,2018,Braintree,RETAIL_RESTAURANTS_AND_CAFES,16250.0,16000.0,
3500243000,192534023,prezzo,2018,Braintree,RETAIL_RESTAURANTS_AND_CAFES,16250.0,16000.0,
3500547000,15037635000,prezzo,2018,Reading,RETAIL_RESTAURANTS_AND_CAFES,73500.0,74000.0,
3500547000,8728463000,prezzo,2018,Reading,RETAIL_RESTAURANTS_AND_CAFES,73500.0,75000.0,
3500547000,13317495000,prezzo,2018,Reading,RETAIL_RESTAURANTS_AND_CAFES,73500.0,75000.0,
3507164000,13127406000,arcadia,2020,Milton Keynes,WAREHOUSING_LARGE_SCALE_AND_HIGH_BAY,1270000.0,1280000.0,
3507164000,575509162,arcadia,2020,Milton Keynes,WAREHOUSING_LARGE_SCALE_AND_HIGH_BAY,1270000.0,1280000.0,
3507164000,12985545000,arcadia,2020,Milton Keynes,WAREHOUSING_LARGE_SCALE_AND_HIGH_BAY,1270000.0,1200000.0,
3518095000,10471117000,arcadia,2020,Southampton,OFFICE_GENERAL,0.0,0.0,
3518095000,5130940000,arcadia,2020,Southampton,OFFICE_GENERAL,0.0,0.0,
3518095000,1945042000,arcadia,2020,Southampton,OFFICE_GENERAL,0.0,0.0,
3542441000,81815236,arcadia,2020,Stoke-on-Trent,RETAIL_HIGH_STREET,16500.0,16500.0,
3542441000,239370236,arcadia,2020,Stoke-on-Trent,RETAIL_HIGH_STREET,16500.0,16500.0,
3542441000,45475000,arcadia,2020,Stoke-on-Trent,RETAIL_HIGH_STREET,16500.0,16500.0,
3542743000,12414812000,arcadia,2020,Tower Hamlets,RETAIL_HIGH_STREET,26000.0,26000.0,
3542743000,13926980000,arcadia,2020,Tower Hamlets,RETAIL_HIGH_STREET,26000.0,26000.0,
3542743000,2837463000,arcadia,2020,Tower Hamlets,RETAIL_HIGH_STREET,26000.0,26000.0,
3543155000,153145145,body shop,2024,Canterbury,RETAIL_HIGH_STREET,100000.0,99500.0,
3543155000,2220951000,body shop,2024,Canterbury,RETAIL_HIGH_STREET,100000.0,101000.0,
3543155000,153162145,body shop,2024,Canterbury,RETAIL_HIGH_STREET,100000.0,102000.0,
3548391000,378326133,wilko,2023,Cheshire West and Chester,RETAIL_OTHER_SUPERSTORES_AND_WAREHOUSES,153000.0,153000.0,
3548391000,44728132,wilko,2023,Cheshire West and Chester,RETAIL_OTHER_SUPERSTORES_AND_WAREHOUSES,153000.0,154000.0,
3548391000,229658132,wilko,2023,Cheshire West and Chester,RETAIL_OTHER_SUPERSTORES_AND_WAREHOUSES,153000.0,154000.0,
3559245000,4610012,maplin,2018,Cambridge,RETAIL_OTHER_SUPERSTORES_AND_WAREHOUSES,96000.0,101000.0,
3559245000,112530012,maplin,2018,Cambridge,RETAIL_OTHER_SUPERSTORES_AND_WAREHOUSES,96000.0,101000.0,
3559245000,1192012,maplin,2018,Cambridge,RETAIL_OTHER_SUPERSTORES_AND_WAREHOUSES,96000.0,88500.0,
3580680000,11400627000,frankie&bennys,2020,Buckinghamshire,RETAIL_RESTAURANTS_AND_CAFES,90000.0,89500.0,
3580680000,2355220000,frankie&bennys,2020,Buckinghamshire,RETAIL_RESTAURANTS_AND_CAFES,90000.0,90500.0,
3580680000,210792162,frankie&bennys,2020,Buckinghamshire,RETAIL_RESTAURANTS_AND_CAFES,90000.0,89000.0,
3593772000,3506658000,wilko,2023,North Hertfordshire,OTHER_COMMERCIAL,480.0,480.0,
3593772000,3506659000,wilko,2023,North Hertfordshire,OTHER_COMMERCIAL,480.0,480.0,
3593772000,3671339000,wilko,2023,North Hertfordshire,OTHER_COMMERCIAL,480.0,480.0,
3628473000,13531694000,wilko,2023,Canterbury,RETAIL_OTHER_SUPERSTORES_AND_WAREHOUSES,352500.0,377500.0,
3628473000,12958021000,wilko,2023,Canterbury,RETAIL_OTHER_SUPERSTORES_AND_WAREHOUSES,352500.0,382500.0,
3628473000,3601010000,wilko,2023,Canterbury,RETAIL_OTHER_SUPERSTORES_AND_WAREHOUSES,352500.0,387500.0,
3643770000,8956611000,poundworld,2018,Birmingham,RETAIL_HIGH_STREET,124000.0,123000.0,
3643770000,12187072000,poundworld,2018,Birmingham,RETAIL_HIGH_STREET,124000.0,125000.0,
3643770000,3077638000,poundworld,2018,Birmingham,RETAIL_HIGH_STREET,124000.0,125000.0,
3643773000,8543593000,arcadia,2020,Birmingham,RETAIL_HIGH_STREET,97000.0,97000.0,
3643773000,448020221,arcadia,2020,Birmingham,RETAIL_HIGH_STREET,97000.0,96500.0,
3643773000,436232221,arcadia,2020,Birmingham,RETAIL_HIGH_STREET,97000.0,96500.0,
3653662000,215009162,prezzo,2018,Buckinghamshire,RETAIL_RESTAURANTS_AND_CAFES,38750.0,38750.0,
3653662000,14984665000,prezzo,2018,Buckinghamshire,RETAIL_RESTAURANTS_AND_CAFES,38750.0,38500.0,
3653662000,9399130000,prezzo,2018,Buckinghamshire,RETAIL_RESTAURANTS_AND_CAFES,38750.0,38500.0,
3661780000,194718125,poundworld,2018,Blackpool,RETAIL_HIGH_STREET,162000.0,163000.0,
3661780000,6959135000,poundworld,2018,Blackpool,RETAIL_HIGH_STREET,162000.0,165000.0,
3661780000,3661786000,poundworld,2018,Blackpool,RETAIL_HIGH_STREET,162000.0,158000.0,
3690080000,168661234,arcadia,2020,Telford and Wrekin,RETAIL_OTHER_SUPERSTORES_AND_WAREHOUSES,310000.0,307500.0,
3690080000,169385234,arcadia,2020,Telford and Wrekin,RETAIL_OTHER_SUPERSTORES_AND_WAREHOUSES,310000.0,312500.0,
3690080000,3948404000,arcadia,2020,Telford and Wrekin,RETAIL_OTHER_SUPERSTORES_AND_WAREHOUSES,310000.0,315000.0,
3694547000,760432000,homebase,2024,Dorset,RETAIL_OTHER_SUPERSTORES_AND_WAREHOUSES,247500.0,245000.0,
3694547000,159681173,homebase,2024,Dorset,RETAIL_OTHER_SUPERSTORES_AND_WAREHOUSES,247500.0,237000.0,
3694547000,12625505000,homebase,2024,Dorset,RETAIL_OTHER_SUPERSTORES_AND_WAREHOUSES,247500.0,272500.0,
3695292000,12801943000,paperchase,2023,Brighton and Hove,RETAIL_HIGH_STREET,51000.0,51000.0,
3695292000,249425141,paperchase,2023,Brighton and Hove,RETAIL_HIGH_STREET,51000.0,51000.0,
3695292000,5429954000,paperchase,2023,Brighton and Hove,RETAIL_HIGH_STREET,51000.0,51000.0,
3722848000,3722842000,poundworld,2018,Harlow,RETAIL_OTHER_SUPERSTORES_AND_WAREHOUSES,171000.0,171000.0,
3722848000,10587243000,poundworld,2018,Harlow,RETAIL_OTHER_SUPERSTORES_AND_WAREHOUSES,171000.0,170000.0,
3722848000,12905294000,poundworld,2018,Harlow,RETAIL_OTHER_SUPERSTORES_AND_WAREHOUSES,171000.0,172000.0,
3724004000,8236461000,thomas cook,2019,Peterborough,WAREHOUSING_LARGE_SCALE_AND_HIGH_BAY,21500.0,21500.0,
3724004000,5886219000,thomas cook,2019,Peterborough,WAREHOUSING_LARGE_SCALE_AND_HIGH_BAY,21500.0,21000.0,
3724004000,13459809000,thomas cook,2019,Peterborough,WAREHOUSING_LARGE_SCALE_AND_HIGH_BAY,21500.0,21000.0,
3753078000,280952094,thomas cook,2019,Sunderland,RETAIL_HIGH_STREET,101000.0,102000.0,
3753078000,290797094,thomas cook,2019,Sunderland,RETAIL_HIGH_STREET,101000.0,105000.0,
3753078000,1602189000,thomas cook,2019,Sunderland,RETAIL_HIGH_STREET,101000.0,96500.0,
3771026000,14876291000,arcadia,2020,Derby,INDUSTRIAL_GENERAL,7700.0,7700.0,
3771026000,29943042,arcadia,2020,Derby,INDUSTRIAL_GENERAL,7700.0,7700.0,
3771026000,216054042,arcadia,2020,Derby,INDUSTRIAL_GENERAL,7700.0,7700.0,
3777368000,242000175,wilko,2023,Fareham,RETAIL_OTHER_SUPERSTORES_AND_WAREHOUSES,280000.0,270000.0,
3777368000,261777175,wilko,2023,Fareham,RETAIL_OTHER_SUPERSTORES_AND_WAREHOUSES,280000.0,300000.0,
3777368000,10254457000,wilko,2023,Fareham,RETAIL_OTHER_SUPERSTORES_AND_WAREHOUSES,280000.0,255000.0,
3794917000,180697163,prezzo,2018,South Oxfordshire,RETAIL_RESTAURANTS_AND_CAFES,25750.0,25750.0,
3794917000,3772620000,prezzo,2018,South Oxfordshire,RETAIL_RESTAURANTS_AND_CAFES,25750.0,25500.0,
3794917000,180822163,prezzo,2018,South Oxfordshire,RETAIL_RESTAURANTS_AND_CAFES,25750.0,25500.0,
3802265000,2245402000,bhs,2016,North Northamptonshire,INDUSTRIAL_GENERAL,13000.0,13000.0,
3802265000,4400569000,bhs,2016,North Northamptonshire,INDUSTRIAL_GENERAL,13000.0,13000.0,
3802265000,921173000,bhs,2016,North Northamptonshire,INDUSTRIAL_GENERAL,13000.0,13000.0,
3802956000,1709850000,carluccios,2020,Kensington and Chelsea,RETAIL_RESTAURANTS_AND_CAFES,184000.0,184000.0,
3802956000,5285927000,carluccios,2020,Kensington and Chelsea,RETAIL_RESTAURANTS_AND_CAFES,184000.0,183000.0,
3802956000,11728839000,carluccios,2020,Kensington and Chelsea,RETAIL_RESTAURANTS_AND_CAFES,184000.0,185000.0,
3810849000,3408329000,toys r us,2018,Cambridge,RETAIL_OTHER_SUPERSTORES_AND_WAREHOUSES,430000.0,427500.0,
3810849000,1840674000,toys r us,2018,Cambridge,RETAIL_OTHER_SUPERSTORES_AND_WAREHOUSES,430000.0,437500.0,
3810849000,12603064000,toys r us,2018,Cambridge,RETAIL_OTHER_SUPERSTORES_AND_WAREHOUSES,430000.0,450000.0,
3819618000,3819616000,maplin,2018,Rushmoor,RETAIL_OTHER_SUPERSTORES_AND_WAREHOUSES,160000.0,161000.0,
3819618000,3850472000,maplin,2018,Rushmoor,RETAIL_OTHER_SUPERSTORES_AND_WAREHOUSES,160000.0,162000.0,
3819618000,6478604000,maplin,2018,Rushmoor,RETAIL_OTHER_SUPERSTORES_AND_WAREHOUSES,160000.0,156000.0,
3845859000,10136240000,arcadia,2020,Buckinghamshire,OFFICE_GENERAL,35250.0,35250.0,
3845859000,2794878000,arcadia,2020,Buckinghamshire,OFFICE_GENERAL,35250.0,35250.0,
3845859000,10051387000,arcadia,2020,Buckinghamshire,OFFICE_GENERAL,35250.0,35250.0,
3848654000,6560895000,wilko,2023,Thanet,RETAIL_OTHER_SUPERSTORES_AND_WAREHOUSES,128000.0,132000.0,
3848654000,9558694000,wilko,2023,Thanet,RETAIL_OTHER_SUPERSTORES_AND_WAREHOUSES,128000.0,133000.0,
3848654000,6885886000,wilko,2023,Thanet,RETAIL_OTHER_SUPERSTORES_AND_WAREHOUSES,128000.0,119000.0,
3871377000,12190018000,arcadia,2020,"Bournemouth, Christchurch and Poole",RETAIL_HIGH_STREET,220000.0,221000.0,
3871377000,3871382000,arcadia,2020,"Bournemouth, Christchurch and Poole",RETAIL_HIGH_STREET,220000.0,221000.0,
3871377000,3304737000,arcadia,2020,"Bournemouth, Christchurch and Poole",RETAIL_HIGH_STREET,220000.0,217000.0,
3878910000,4097053000,chiquito,2020,Cardiff,RETAIL_RESTAURANTS_AND_CAFES,80500.0,80900.0,
3878910000,6922431000,chiquito,2020,Cardiff,RETAIL_RESTAURANTS_AND_CAFES,80500.0,80000.0,
3878910000,1143659000,chiquito,2020,Cardiff,RETAIL_RESTAURANTS_AND_CAFES,80500.0,80000.0,
3880611000,11904706000,homebase,2024,Central Bedfordshire,RETAIL_OTHER_SUPERSTORES_AND_WAREHOUSES,335000.0,357500.0,
3880611000,9820243000,homebase,2024,Central Bedfordshire,RETAIL_OTHER_SUPERSTORES_AND_WAREHOUSES,335000.0,360000.0,
3880611000,4958203000,homebase,2024,Central Bedfordshire,RETAIL_OTHER_SUPERSTORES_AND_WAREHOUSES,335000.0,297500.0,
3886075000,11364835000,arcadia,2020,Milton Keynes,OFFICE_GENERAL,12000.0,12000.0,
3886075000,14952571000,arcadia,2020,Milton Keynes,OFFICE_GENERAL,12000.0,12000.0,
3886075000,14398440000,arcadia,2020,Milton Keynes,OFFICE_GENERAL,12000.0,12000.0,
3888126000,11017826000,wilko,2023,Cardiff,RETAIL_HIGH_STREET,590000.0,590000.0,
3888126000,6922291000,wilko,2023,Cardiff,RETAIL_HIGH_STREET,590000.0,595000.0,
3888126000,164719192,wilko,2023,Cardiff,RETAIL_HIGH_STREET,590000.0,580000.0,
3914237000,13718022,debenhams,2020,Chelmsford,RETAIL_OTHER_SUPERSTORES_AND_WAREHOUSES,700000.0,660000.0,
3914237000,9183377000,debenhams,2020,Chelmsford,RETAIL_OTHER_SUPERSTORES_AND_WAREHOUSES,700000.0,630000.0,
3914237000,9243518000,debenhams,2020,Chelmsford,RETAIL_OTHER_SUPERSTORES_AND_WAREHOUSES,700000.0,620000.0,
3917674000,7850823000,poundworld,2018,East Riding of Yorkshire,RETAIL_HIGH_STREET,21000.0,21000.0,
3917674000,3446177000,poundworld,2018,East Riding of Yorkshire,RETAIL_HIGH_STREET,21000.0,21000.0,
3917674000,4315230000,poundworld,2018,East Riding of Yorkshire,RETAIL_HIGH_STREET,21000.0,21000.0,
3922109000,10024041000,thomas cook,2019,Birmingham,RETAIL_HIGH_STREET,155000.0,156000.0,
3922109000,3077375000,thomas cook,2019,Birmingham,RETAIL_HIGH_STREET,155000.0,156000.0,
3922109000,10135483000,thomas cook,2019,Birmingham,RETAIL_HIGH_STREET,155000.0,153000.0,
3922793000,2274217000,frankie&bennys,2020,Dudley,RETAIL_RESTAURANTS_AND_CAFES,73000.0,73500.0,
3922793000,4733705000,frankie&bennys,2020,Dudley,RETAIL_RESTAURANTS_AND_CAFES,73000.0,72000.0,
3922793000,7014495000,frankie&bennys,2020,Dudley,RETAIL_RESTAURANTS_AND_CAFES,73000.0,74500.0,
3930803000,3930803000,paperchase,2023,Brighton and Hove,RETAIL_HIGH_STREET,131000.0,131000.0,
3930803000,8786825000,paperchase,2023,Brighton and Hove,RETAIL_HIGH_STREET,131000.0,131000.0,
3930803000,603961000,paperchase,2023,Brighton and Hove,RETAIL_HIGH_STREET,131000.0,130000.0,
3930805000,14475269000,arcadia,2020,Brighton and Hove,RETAIL_HIGH_STREET,467500.0,472500.0,
3930805000,560514000,arcadia,2020,Brighton and Hove,RETAIL_HIGH_STREET,467500.0,475000.0,
3930805000,629660000,arcadia,2020,Brighton and Hove,RETAIL_HIGH_STREET,467500.0,477500.0,
3933389000,8193658000,maplin,2018,Swindon,RETAIL_OTHER_SUPERSTORES_AND_WAREHOUSES,111000.0,111000.0,
3933389000,3933382000,maplin,2018,Swindon,RETAIL_OTHER_SUPERSTORES_AND_WAREHOUSES,111000.0,112000.0,
3933389000,9812383000,maplin,2018,Swindon,RETAIL_OTHER_SUPERSTORES_AND_WAREHOUSES,111000.0,109000.0,
3939999000,197958022,arcadia,2020,Harlow,RETAIL_OTHER_SUPERSTORES_AND_WAREHOUSES,138000.0,141000.0,
3939999000,10542801000,arcadia,2020,Harlow,RETAIL_OTHER_SUPERSTORES_AND_WAREHOUSES,138000.0,134000.0,
3939999000,3932532000,arcadia,2020,Harlow,RETAIL_OTHER_SUPERSTORES_AND_WAREHOUSES,138000.0,142000.0,
3941287000,196224044,wilko,2023,Leicester,RETAIL_OTHER_SUPERSTORES_AND_WAREHOUSES,220000.0,216000.0,
3941287000,6388062000,wilko,2023,Leicester,RETAIL_OTHER_SUPERSTORES_AND_WAREHOUSES,220000.0,224000.0,
3941287000,9779148000,wilko,2023,Leicester,RETAIL_OTHER_SUPERSTORES_AND_WAREHOUSES,220000.0,212000.0,
3942015000,235770141,body shop,2024,Brighton and Hove,RETAIL_HIGH_STREET,93500.0,94000.0,
3942015000,234705141,body shop,2024,Brighton and Hove,RETAIL_HIGH_STREET,93500.0,95000.0,
3942015000,3997696000,body shop,2024,Brighton and Hove,RETAIL_HIGH_STREET,93500.0,95000.0,
3947182000,5091324000,mothercare,2019,Manchester,RETAIL_OTHER_SUPERSTORES_AND_WAREHOUSES,497500.0,500000.0,
3947182000,291016113,mothercare,2019,Manchester,RETAIL_OTHER_SUPERSTORES_AND_WAREHOUSES,497500.0,487500.0,
3947182000,10464765000,mothercare,2019,Manchester,RETAIL_OTHER_SUPERSTORES_AND_WAREHOUSES,497500.0,457500.0,
3947311000,275632113,maplin,2018,Manchester,RETAIL_OTHER_SUPERSTORES_AND_WAREHOUSES,122000.0,122000.0,
3947311000,14884888000,maplin,2018,Manchester,RETAIL_OTHER_SUPERSTORES_AND_WAREHOUSES,122000.0,119000.0,
3947311000,14433030000,maplin,2018,Manchester,RETAIL_OTHER_SUPERSTORES_AND_WAREHOUSES,122000.0,125000.0,
3947384000,3459442000,poundworld,2018,Manchester,RETAIL_OTHER_SUPERSTORES_AND_WAREHOUSES,166000.0,164000.0,
3947384000,14259930000,poundworld,2018,Manchester,RETAIL_OTHER_SUPERSTORES_AND_WAREHOUSES,166000.0,164000.0,
3947384000,835000000,poundworld,2018,Manchester,RETAIL_OTHER_SUPERSTORES_AND_WAREHOUSES,166000.0,168000.0,
3948487000,24845012,cafe rouge,2020,Cambridge,RETAIL_RESTAURANTS_AND_CAFES,62000.0,62000.0,
3948487000,15016353000,cafe rouge,2020,Cambridge,RETAIL_RESTAURANTS_AND_CAFES,62000.0,61500.0,
3948487000,13207247000,cafe rouge,2020,Cambridge,RETAIL_RESTAURANTS_AND_CAFES,62000.0,61000.0,
3948654000,8395959000,thomas cook,2019,West Northamptonshire,RETAIL_HIGH_STREET,22250.0,22250.0,
3948654000,12881602000,thomas cook,2019,West Northamptonshire,RETAIL_HIGH_STREET,22250.0,22250.0,
3948654000,9118698000,thomas cook,2019,West Northamptonshire,RETAIL_HIGH_STREET,22250.0,22250.0,
3972607000,1127401000,wilko,2023,Thurrock,RETAIL_OTHER_SUPERSTORES_AND_WAREHOUSES,0.0,0.0,
3972607000,1398431000,wilko,2023,Thurrock,RETAIL_OTHER_SUPERSTORES_AND_WAREHOUSES,0.0,2475.0,
3972607000,13199959000,wilko,2023,Thurrock,RETAIL_OTHER_SUPERSTORES_AND_WAREHOUSES,0.0,4950.0,
3992459000,14477093000,debenhams,2020,Canterbury,RETAIL_OTHER_SUPERSTORES_AND_WAREHOUSES,415000.0,420000.0,
3992459000,538573145,debenhams,2020,Canterbury,RETAIL_OTHER_SUPERSTORES_AND_WAREHOUSES,415000.0,402500.0,
3992459000,295248145,debenhams,2020,Canterbury,RETAIL_OTHER_SUPERSTORES_AND_WAREHOUSES,415000.0,432500.0,
4005081000,39111094,frankie&bennys,2020,Sunderland,RETAIL_RESTAURANTS_AND_CAFES,63500.0,63000.0,
4005081000,13721035000,frankie&bennys,2020,Sunderland,RETAIL_RESTAURANTS_AND_CAFES,63500.0,64000.0,
4005081000,3408707000,frankie&bennys,2020,Sunderland,RETAIL_RESTAURANTS_AND_CAFES,63500.0,62500.0,
4005634000,14377739000,wilko,2023,Gloucester,OFFICE_GENERAL,2175.0,2175.0,
4005634000,14377738000,wilko,2023,Gloucester,OFFICE_GENERAL,2175.0,2175.0,
4005634000,10878387000,wilko,2023,Gloucester,OFFICE_GENERAL,2175.0,2150.0,
4011710000,298168000,carluccios,2020,Manchester,RETAIL_RESTAURANTS_AND_CAFES,36500.0,36500.0,
4011710000,12864836000,carluccios,2020,Manchester,RETAIL_RESTAURANTS_AND_CAFES,36500.0,36500.0,
4011710000,14429635000,carluccios,2020,Manchester,RETAIL_RESTAURANTS_AND_CAFES,36500.0,36500.0,
4015800000,818209022,frankie&bennys,2020,Thurrock,RETAIL_RESTAURANTS_AND_CAFES,117000.0,118000.0,
4015800000,12293822000,frankie&bennys,2020,Thurrock,RETAIL_RESTAURANTS_AND_CAFES,117000.0,113000.0,
4015800000,12414229000,frankie&bennys,2020,Thurrock,RETAIL_RESTAURANTS_AND_CAFES,117000.0,112000.0,
4036029000,97663063,carluccios,2020,Camden,RETAIL_RESTAURANTS_AND_CAFES,84000.0,84000.0,
4036029000,107040063,carluccios,2020,Camden,RETAIL_RESTAURANTS_AND_CAFES,84000.0,83500.0,
4036029000,11186076000,carluccios,2020,Camden,RETAIL_RESTAURANTS_AND_CAFES,84000.0,83500.0,
4044009000,14940179000,wilko,2023,North Hertfordshire,RETAIL_OTHER_SUPERSTORES_AND_WAREHOUSES,136000.0,146000.0,
4044009000,8989922000,wilko,2023,North Hertfordshire,RETAIL_OTHER_SUPERSTORES_AND_WAREHOUSES,136000.0,122000.0,
4044009000,254925013,wilko,2023,North Hertfordshire,RETAIL_OTHER_SUPERSTORES_AND_WAREHOUSES,136000.0,111000.0,
4054913000,12813819000,poundworld,2018,West Northamptonshire,OFFICE_GENERAL,3950.0,3950.0,
4054913000,4647508000,poundworld,2018,West Northamptonshire,OFFICE_GENERAL,3950.0,3950.0,
4054913000,13777513000,poundworld,2018,West Northamptonshire,OFFICE_GENERAL,3950.0,3950.0,
4063912000,3323496000,ted baker,2024,Dudley,RETAIL_HIGH_STREET,198000.0,200000.0,
4063912000,960248000,ted baker,2024,Dudley,RETAIL_HIGH_STREET,198000.0,202000.0,
4063912000,258785239,ted baker,2024,Dudley,RETAIL_HIGH_STREET,198000.0,192000.0,
4067057000,10682665000,debenhams,2020,Stoke-on-Trent,RETAIL_OTHER_SUPERSTORES_AND_WAREHOUSES,1180000.0,1150000.0,
4067057000,12602932000,debenhams,2020,Stoke-on-Trent,RETAIL_OTHER_SUPERSTORES_AND_WAREHOUSES,1180000.0,1140000.0,
4067057000,10705114000,debenhams,2020,Stoke-on-Trent,RETAIL_OTHER_SUPERSTORES_AND_WAREHOUSES,1180000.0,1220000.0,
4070050000,10584526000,prezzo,2018,Maidstone,RETAIL_RESTAURANTS_AND_CAFES,43000.0,43250.0,
4070050000,24847148,prezzo,2018,Maidstone,RETAIL_RESTAURANTS_AND_CAFES,43000.0,43250.0,
4070050000,67736148,prezzo,2018,Maidstone,RETAIL_RESTAURANTS_AND_CAFES,43000.0,43500.0,
4073859000,14735707000,homebase,2024,Warwick,RETAIL_OTHER_SUPERSTORES_AND_WAREHOUSES,482500.0,477500.0,
4073859000,172796237,homebase,2024,Warwick,RETAIL_OTHER_SUPERSTORES_AND_WAREHOUSES,482500.0,477500.0,
4073859000,14938810000,homebase,2024,Warwick,RETAIL_OTHER_SUPERSTORES_AND_WAREHOUSES,482500.0,500000.0,
4114014000,1354881000,wilko,2023,East Riding of Yorkshire,RETAIL_HIGH_STREET,75500.0,75000.0,
4114014000,353338254,wilko,2023,East Riding of Yorkshire,RETAIL_HIGH_STREET,75500.0,75000.0,
4114014000,239990254,wilko,2023,East Riding of Yorkshire,RETAIL_HIGH_STREET,75500.0,76000.0,
4138838000,3582194000,bella italia,2020,Cambridge,RETAIL_RESTAURANTS_AND_CAFES,104000.0,105000.0,
4138838000,622834000,bella italia,2020,Cambridge,RETAIL_RESTAURANTS_AND_CAFES,104000.0,102000.0,
4138838000,27091012,bella italia,2020,Cambridge,RETAIL_RESTAURANTS_AND_CAFES,104000.0,101000.0,
4141914000,8281247000,arcadia,2020,Kensington and Chelsea,OFFICE_GENERAL,137000.0,137000.0,
4141914000,77663082,arcadia,2020,Kensington and Chelsea,OFFICE_GENERAL,137000.0,137000.0,
4141914000,289438082,arcadia,2020,Kensington and Chelsea,OFFICE_GENERAL,137000.0,137000.0,
4148494000,6080993000,maplin,2018,"Bournemouth, Christchurch and Poole",RETAIL_OTHER_SUPERSTORES_AND_WAREHOUSES,89000.0,88500.0,
4148494000,9869165000,maplin,2018,"Bournemouth, Christchurch and Poole",RETAIL_OTHER_SUPERSTORES_AND_WAREHOUSES,89000.0,89500.0,
4148494000,9717350000,maplin,2018,"Bournemouth, Christchurch and Poole",RETAIL_OTHER_SUPERSTORES_AND_WAREHOUSES,89000.0,89500.0,
4155763000,10855918000,arcadia,2020,City of London,OFFICE_GENERAL,5800.0,5800.0,
4155763000,10372287000,arcadia,2020,City of London,OFFICE_GENERAL,5800.0,5800.0,
4155763000,14639618000,arcadia,2020,City of London,OFFICE_GENERAL,5800.0,5800.0,
4156140000,389941145,body shop,2024,Thanet,RETAIL_HIGH_STREET,46750.0,46750.0,
4156140000,10997475000,body shop,2024,Thanet,RETAIL_HIGH_STREET,46750.0,46000.0,
4156140000,372075145,body shop,2024,Thanet,RETAIL_HIGH_STREET,46750.0,44500.0,
4156489000,4157283000,poundworld,2018,Thanet,RETAIL_HIGH_STREET,124000.0,125000.0,
4156489000,13637090000,poundworld,2018,Thanet,RETAIL_HIGH_STREET,124000.0,127000.0,
4156489000,4156174000,poundworld,2018,Thanet,RETAIL_HIGH_STREET,124000.0,120000.0,
4156558000,4157610000,wilko,2023,Thanet,RETAIL_HIGH_STREET,222000.0,226000.0,
4156558000,7264860000,wilko,2023,Thanet,RETAIL_HIGH_STREET,222000.0,205000.0,
4156558000,4157358000,wilko,2023,Thanet,RETAIL_HIGH_STREET,222000.0,297500.0,
4157057000,4157509000,debenhams,2020,Thanet,RETAIL_OTHER_SUPERSTORES_AND_WAREHOUSES,530000.0,525000.0,
4157057000,7571721000,debenhams,2020,Thanet,RETAIL_OTHER_SUPERSTORES_AND_WAREHOUSES,530000.0,520000.0,
4157057000,12017569000,debenhams,2020,Thanet,RETAIL_OTHER_SUPERSTORES_AND_WAREHOUSES,530000.0,490000.0,
4158492000,194194013,wilko,2023,North Hertfordshire,RETAIL_OTHER_SUPERSTORES_AND_WAREHOUSES,135000.0,109000.0,
4158492000,6018515000,wilko,2023,North Hertfordshire,RETAIL_OTHER_SUPERSTORES_AND_WAREHOUSES,135000.0,104000.0,
4158492000,254924013,wilko,2023,North Hertfordshire,RETAIL_OTHER_SUPERSTORES_AND_WAREHOUSES,135000.0,102000.0,
4166851000,12841694000,arcadia,2020,Bradford,RETAIL_OTHER_SUPERSTORES_AND_WAREHOUSES,262500.0,262500.0,
4166851000,252484241,arcadia,2020,Bradford,RETAIL_OTHER_SUPERSTORES_AND_WAREHOUSES,262500.0,262500.0,
4166851000,1218869000,arcadia,2020,Bradford,RETAIL_OTHER_SUPERSTORES_AND_WAREHOUSES,262500.0,262500.0,
4168009000,4326102000,thomas cook,2019,Maidstone,RETAIL_HIGH_STREET,99500.0,99000.0,
4168009000,333091148,thomas cook,2019,Maidstone,RETAIL_HIGH_STREET,99500.0,99000.0,
4168009000,12190862000,thomas cook,2019,Maidstone,RETAIL_HIGH_STREET,99500.0,100000.0,
4170735000,2285826000,prezzo,2018,Maidstone,RETAIL_RESTAURANTS_AND_CAFES,63500.0,63500.0,
4170735000,898128000,prezzo,2018,Maidstone,RETAIL_RESTAURANTS_AND_CAFES,63500.0,63000.0,
4170735000,4326884000,prezzo,2018,Maidstone,RETAIL_RESTAURANTS_AND_CAFES,63500.0,63000.0,
4174957000,86419046,poundworld,2018,Charnwood,RETAIL_HIGH_STREET,58000.0,58000.0,
4174957000,9575881000,poundworld,2018,Charnwood,RETAIL_HIGH_STREET,58000.0,56000.0,
4174957000,159846046,poundworld,2018,Charnwood,RETAIL_HIGH_STREET,58000.0,55500.0,
4214022000,5188596000,maplin,2018,"Bristol, City of",RETAIL_OTHER_SUPERSTORES_AND_WAREHOUSES,175000.0,174000.0,
4214022000,62961000,maplin,2018,"Bristol, City of",RETAIL_OTHER_SUPERSTORES_AND_WAREHOUSES,175000.0,174000.0,
4214022000,261542212,maplin,2018,"Bristol, City of",RETAIL_OTHER_SUPERSTORES_AND_WAREHOUSES,175000.0,173000.0,
4215137000,4215137000,arcadia,2020,Ashford,LEISURE_SPORTS_CENTRES_AND_PRIVATE_CLUBS,73500.0,73500.0,
4215137000,211195148,arcadia,2020,Ashford,LEISURE_SPORTS_CENTRES_AND_PRIVATE_CLUBS,73500.0,59000.0,
4215137000,322413148,arcadia,2020,Ashford,LEISURE_SPORTS_CENTRES_AND_PRIVATE_CLUBS,73500.0,55000.0,
4218094000,8566432000,frankie&bennys,2020,Leeds,RETAIL_RESTAURANTS_AND_CAFES,74000.0,74000.0,
4218094000,304375244,frankie&bennys,2020,Leeds,RETAIL_RESTAURANTS_AND_CAFES,74000.0,74000.0,
4218094000,7996881000,frankie&bennys,2020,Leeds,RETAIL_RESTAURANTS_AND_CAFES,74000.0,74000.0,
4221038000,324041141,arcadia,2020,Crawley,RETAIL_HIGH_STREET,141000.0,141000.0,
4221038000,323849141,arcadia,2020,Crawley,RETAIL_HIGH_STREET,141000.0,142000.0,
4221038000,323867141,arcadia,2020,Crawley,RETAIL_HIGH_STREET,141000.0,139000.0,
4221157000,9799888000,bella italia,2020,Plymouth,RETAIL_RESTAURANTS_AND_CAFES,78000.0,76500.0,
4221157000,5096400000,bella italia,2020,Plymouth,RETAIL_RESTAURANTS_AND_CAFES,78000.0,80000.0,
4221157000,6476444000,bella italia,2020,Plymouth,RETAIL_RESTAURANTS_AND_CAFES,78000.0,80000.0,
4224673000,52399148,paperchase,2023,Maidstone,RETAIL_HIGH_STREET,118000.0,116000.0,
4224673000,13907143000,paperchase,2023,Maidstone,RETAIL_HIGH_STREET,118000.0,115000.0,
4224673000,4326683000,paperchase,2023,Maidstone,RETAIL_HIGH_STREET,118000.0,121000.0,
4252187000,9950110000,homebase,2024,Harlow,RETAIL_OTHER_SUPERSTORES_AND_WAREHOUSES,1150000.0,1080000.0,
4252187000,12473062000,homebase,2024,Harlow,RETAIL_OTHER_SUPERSTORES_AND_WAREHOUSES,1150000.0,1460000.0,
4252187000,5450385000,homebase,2024,Harlow,RETAIL_OTHER_SUPERSTORES_AND_WAREHOUSES,1150000.0,800000.0,
4266501000,13223320000,mothercare,2019,York,RETAIL_OTHER_SUPERSTORES_AND_WAREHOUSES,355000.0,350000.0,
4266501000,4288066000,mothercare,2019,York,RETAIL_OTHER_SUPERSTORES_AND_WAREHOUSES,355000.0,345000.0,
4266501000,4266498000,mothercare,2019,York,RETAIL_OTHER_SUPERSTORES_AND_WAREHOUSES,355000.0,342500.0,
4270197000,11760586000,thomas cook,2019,Peterborough,OFFICE_GENERAL,835000.0,905000.0,
4270197000,8541329000,thomas cook,2019,Peterborough,OFFICE_GENERAL,835000.0,945000.0,
4270197000,14493519000,thomas cook,2019,Peterborough,OFFICE_GENERAL,835000.0,720000.0,
4271046000,8657246000,prezzo,2018,Dorset,RETAIL_RESTAURANTS_AND_CAFES,61000.0,61000.0,
4271046000,33952173,prezzo,2018,Dorset,RETAIL_RESTAURANTS_AND_CAFES,61000.0,61250.0,
4271046000,14319356000,prezzo,2018,Dorset,RETAIL_RESTAURANTS_AND_CAFES,61000.0,61500.0,
4278646000,11680803000,prezzo,2018,Colchester,RETAIL_RESTAURANTS_AND_CAFES,41500.0,43000.0,
4278646000,17252023,prezzo,2018,Colchester,RETAIL_RESTAURANTS_AND_CAFES,41500.0,43500.0,
4278646000,10791023,prezzo,2018,Colchester,RETAIL_RESTAURANTS_AND_CAFES,41500.0,44000.0,
4287285000,12374883000,thomas cook,2019,York,RETAIL_HIGH_STREET,44500.0,44500.0,
4287285000,11369717000,thomas cook,2019,York,RETAIL_HIGH_STREET,44500.0,44500.0,
4287285000,9732456000,thomas cook,2019,York,RETAIL_HIGH_STREET,44500.0,44250.0,
4287292000,181434148,body shop,2024,Maidstone,RETAIL_HIGH_STREET,95500.0,95500.0,
4287292000,48479148,body shop,2024,Maidstone,RETAIL_HIGH_STREET,95500.0,95500.0,
4287292000,14596800000,body shop,2024,Maidstone,RETAIL_HIGH_STREET,95500.0,95000.0,
4288057000,2309274000,wilko,2023,York,RETAIL_OTHER_SUPERSTORES_AND_WAREHOUSES,490000.0,490000.0,
4288057000,2379554000,wilko,2023,York,RETAIL_OTHER_SUPERSTORES_AND_WAREHOUSES,490000.0,492500.0,
4288057000,11765157000,wilko,2023,York,RETAIL_OTHER_SUPERSTORES_AND_WAREHOUSES,490000.0,485000.0,
4290027000,215414162,homebase,2024,Milton Keynes,RETAIL_OTHER_SUPERSTORES_AND_WAREHOUSES,1130000.0,1150000.0,
4290027000,9641640000,homebase,2024,Milton Keynes,RETAIL_OTHER_SUPERSTORES_AND_WAREHOUSES,1130000.0,1030000.0,
4290027000,31806162,homebase,2024,Milton Keynes,RETAIL_OTHER_SUPERSTORES_AND_WAREHOUSES,1130000.0,1250000.0,
4322281000,25372165,homebase,2024,Reading,RETAIL_OTHER_SUPERSTORES_AND_WAREHOUSES,39500.0,41750.0,
4322281000,196250165,homebase,2024,Reading,RETAIL_OTHER_SUPERSTORES_AND_WAREHOUSES,39500.0,42000.0,
4322281000,1689765000,homebase,2024,Reading,RETAIL_OTHER_SUPERSTORES_AND_WAREHOUSES,39500.0,36750.0,
4326573000,4287281000,arcadia,2020,Maidstone,RETAIL_HIGH_STREET,267500.0,244000.0,
4326573000,4287284000,arcadia,2020,Maidstone,RETAIL_HIGH_STREET,267500.0,307500.0,
4326573000,4326263000,arcadia,2020,Maidstone,RETAIL_HIGH_STREET,267500.0,315000.0,
4328426000,7358563000,cafe rouge,2020,Canterbury,RETAIL_RESTAURANTS_AND_CAFES,183000.0,176000.0,
4328426000,6611424000,cafe rouge,2020,Canterbury,RETAIL_RESTAURANTS_AND_CAFES,183000.0,200000.0,
4328426000,280293145,cafe rouge,2020,Canterbury,RETAIL_RESTAURANTS_AND_CAFES,183000.0,140000.0,
4348629000,5928134000,wilko,2023,Manchester,RETAIL_OTHER_SUPERSTORES_AND_WAREHOUSES,168000.0,169000.0,
4348629000,286619113,wilko,2023,Manchester,RETAIL_OTHER_SUPERSTORES_AND_WAREHOUSES,168000.0,170000.0,
4348629000,11228942000,wilko,2023,Manchester,RETAIL_OTHER_SUPERSTORES_AND_WAREHOUSES,168000.0,170000.0,
4355706000,1268863000,wilko,2023,South Oxfordshire,RETAIL_OTHER_SUPERSTORES_AND_WAREHOUSES,131000.0,131000.0,
4355706000,182086163,wilko,2023,South Oxfordshire,RETAIL_OTHER_SUPERSTORES_AND_WAREHOUSES,131000.0,137000.0,
4355706000,14507044000,wilko,2023,South Oxfordshire,RETAIL_OTHER_SUPERSTORES_AND_WAREHOUSES,131000.0,138000.0,
4370929000,13193847000,arcadia,2020,Cambridge,RETAIL_OTHER_SUPERSTORES_AND_WAREHOUSES,315000.0,315000.0,
4370929000,1726709000,arcadia,2020,Cambridge,RETAIL_OTHER_SUPERSTORES_AND_WAREHOUSES,315000.0,312500.0,
4370929000,458934012,arcadia,2020,Cambridge,RETAIL_OTHER_SUPERSTORES_AND_WAREHOUSES,315000.0,310000.0,
4376880000,3682260000,arcadia,2020,Somerset,OFFICE_GENERAL,6300.0,6300.0,
4376880000,9497442000,arcadia,2020,Somerset,OFFICE_GENERAL,6300.0,6300.0,
4376880000,3685498000,arcadia,2020,Somerset,OFFICE_GENERAL,6300.0,6300.0,
4376881000,12098942000,arcadia,2020,Somerset,OFFICE_GENERAL,13250.0,13250.0,
4376881000,242379186,arcadia,2020,Somerset,OFFICE_GENERAL,13250.0,13250.0,
4376881000,7601253000,arcadia,2020,Somerset,OFFICE_GENERAL,13250.0,13250.0,
4414622000,8625564000,prezzo,2018,Dorset,RETAIL_RESTAURANTS_AND_CAFES,48000.0,48000.0,
4414622000,12448937000,prezzo,2018,Dorset,RETAIL_RESTAURANTS_AND_CAFES,48000.0,48000.0,
4414622000,187683172,prezzo,2018,Dorset,RETAIL_RESTAURANTS_AND_CAFES,48000.0,47500.0,
4415103000,7985990000,wilko,2023,Leeds,RETAIL_OTHER_SUPERSTORES_AND_WAREHOUSES,158000.0,158000.0,
4415103000,388935244,wilko,2023,Leeds,RETAIL_OTHER_SUPERSTORES_AND_WAREHOUSES,158000.0,154000.0,
4415103000,11878242000,wilko,2023,Leeds,RETAIL_OTHER_SUPERSTORES_AND_WAREHOUSES,158000.0,164000.0,
4416682000,7168505000,cath kidston,2020,Brighton and Hove,RETAIL_HIGH_STREET,146000.0,145000.0,
4416682000,395543000,cath kidston,2020,Brighton and Hove,RETAIL_HIGH_STREET,146000.0,145000.0,
4416682000,14971865000,cath kidston,2020,Brighton and Hove,RETAIL_HIGH_STREET,146000.0,144000.0,
4427401000,11934423000,prezzo,2018,"Bournemouth, Christchurch and Poole",RETAIL_RESTAURANTS_AND_CAFES,55000.0,55000.0,
4427401000,13377178000,prezzo,2018,"Bournemouth, Christchurch and Poole",RETAIL_RESTAURANTS_AND_CAFES,55000.0,54500.0,
4427401000,100461000,prezzo,2018,"Bournemouth, Christchurch and Poole",RETAIL_RESTAURANTS_AND_CAFES,55000.0,55500.0,
4445617000,3371125000,wilko,2023,"Bristol, City of",RETAIL_OTHER_SUPERSTORES_AND_WAREHOUSES,136000.0,138000.0,
4445617000,13994979000,wilko,2023,"Bristol, City of",RETAIL_OTHER_SUPERSTORES_AND_WAREHOUSES,136000.0,133000.0,
4445617000,9472631000,wilko,2023,"Bristol, City of",RETAIL_OTHER_SUPERSTORES_AND_WAREHOUSES,136000.0,141000.0,
4445762000,13671901000,debenhams,2020,Peterborough,WAREHOUSING_LARGE_SCALE_AND_HIGH_BAY,2880000.0,2860000.0,
4445762000,8410395000,debenhams,2020,Peterborough,WAREHOUSING_LARGE_SCALE_AND_HIGH_BAY,2880000.0,3230000.0,
4445762000,13368845000,debenhams,2020,Peterborough,WAREHOUSING_LARGE_SCALE_AND_HIGH_BAY,2880000.0,2500000.0,
4446244000,1903546000,prezzo,2018,Nottingham,RETAIL_RESTAURANTS_AND_CAFES,42250.0,42250.0,
4446244000,5013464000,prezzo,2018,Nottingham,RETAIL_RESTAURANTS_AND_CAFES,42250.0,42250.0,
4446244000,250854037,prezzo,2018,Nottingham,RETAIL_RESTAURANTS_AND_CAFES,42250.0,42250.0,
4454752000,90111244,poundworld,2018,Leeds,RETAIL_HIGH_STREET,75000.0,75000.0,
4454752000,7410482000,poundworld,2018,Leeds,RETAIL_HIGH_STREET,75000.0,75000.0,
4454752000,8402718000,poundworld,2018,Leeds,RETAIL_HIGH_STREET,75000.0,74500.0,
4457510000,11140333000,arcadia,2020,Cheshire West and Chester,RETAIL_HIGH_STREET,375000.0,375000.0,
4457510000,1619319000,arcadia,2020,Cheshire West and Chester,RETAIL_HIGH_STREET,375000.0,362500.0,
4457510000,1850800000,arcadia,2020,Cheshire West and Chester,RETAIL_HIGH_STREET,375000.0,360000.0,
4460995000,15061172000,mothercare,2019,West Northamptonshire,WAREHOUSING_LARGE_SCALE_AND_HIGH_BAY,1690000.0,1660000.0,
4460995000,13872927000,mothercare,2019,West Northamptonshire,WAREHOUSING_LARGE_SCALE_AND_HIGH_BAY,1690000.0,1730000.0,
4460995000,461187045,mothercare,2019,West Northamptonshire,WAREHOUSING_LARGE_SCALE_AND_HIGH_BAY,1690000.0,1640000.0,
4495531000,177301126,wilko,2023,Preston,RETAIL_OTHER_SUPERSTORES_AND_WAREHOUSES,480000.0,465000.0,
4495531000,895325000,wilko,2023,Preston,RETAIL_OTHER_SUPERSTORES_AND_WAREHOUSES,480000.0,465000.0,
4495531000,5531411000,wilko,2023,Preston,RETAIL_OTHER_SUPERSTORES_AND_WAREHOUSES,480000.0,452500.0,
4498755000,10263173000,prezzo,2018,Gloucester,RETAIL_RESTAURANTS_AND_CAFES,31000.0,30000.0,
4498755000,13241556000,prezzo,2018,Gloucester,RETAIL_RESTAURANTS_AND_CAFES,31000.0,32000.0,
4498755000,13389453000,prezzo,2018,Gloucester,RETAIL_RESTAURANTS_AND_CAFES,31000.0,29750.0,
4502626000,11074390000,wilko,2023,North Northamptonshire,RETAIL_OTHER_SUPERSTORES_AND_WAREHOUSES,202000.0,199000.0,
4502626000,10891175000,wilko,2023,North Northamptonshire,RETAIL_OTHER_SUPERSTORES_AND_WAREHOUSES,202000.0,196000.0,
4502626000,7030143000,wilko,2023,North Northamptonshire,RETAIL_OTHER_SUPERSTORES_AND_WAREHOUSES,202000.0,193000.0,
4511948000,111456000,wilko,2023,Derby,RETAIL_OTHER_SUPERSTORES_AND_WAREHOUSES,137000.0,139000.0,
4511948000,9303663000,wilko,2023,Derby,RETAIL_OTHER_SUPERSTORES_AND_WAREHOUSES,137000.0,140000.0,
4511948000,5770730000,wilko,2023,Derby,RETAIL_OTHER_SUPERSTORES_AND_WAREHOUSES,137000.0,142000.0,
4515934000,23756178,prezzo,2018,Isle of Wight,RETAIL_RESTAURANTS_AND_CAFES,66000.0,64000.0,
4515934000,55764178,prezzo,2018,Isle of Wight,RETAIL_RESTAURANTS_AND_CAFES,66000.0,63500.0,
4515934000,36400178,prezzo,2018,Isle of Wight,RETAIL_RESTAURANTS_AND_CAFES,66000.0,68500.0,
4515940000,260544175,prezzo,2018,Isle of Wight,RETAIL_HIGH_STREET,5000.0,5000.0,
4515940000,82012178,prezzo,2018,Isle of Wight,RETAIL_HIGH_STREET,5000.0,5000.0,
4515940000,79854178,prezzo,2018,Isle of Wight,RETAIL_HIGH_STREET,5000.0,5000.0,
4530841000,257378037,arcadia,2020,Nottingham,RETAIL_OTHER_SUPERSTORES_AND_WAREHOUSES,720000.0,750000.0,
4530841000,9719839000,arcadia,2020,Nottingham,RETAIL_OTHER_SUPERSTORES_AND_WAREHOUSES,720000.0,675000.0,
4530841000,7742444000,arcadia,2020,Nottingham,RETAIL_OTHER_SUPERSTORES_AND_WAREHOUSES,720000.0,655000.0,
4535952000,8833411000,homebase,2024,North Devon,RETAIL_OTHER_SUPERSTORES_AND_WAREHOUSES,555000.0,560000.0,
4535952000,8791697000,homebase,2024,North Devon,RETAIL_OTHER_SUPERSTORES_AND_WAREHOUSES,555000.0,545000.0,
4535952000,108864183,homebase,2024,North Devon,RETAIL_OTHER_SUPERSTORES_AND_WAREHOUSES,555000.0,407500.0,
4555250000,7539507000,poundworld,2018,Cumberland,RETAIL_HIGH_STREET,64500.0,64500.0,
4555250000,102947124,poundworld,2018,Cumberland,RETAIL_HIGH_STREET,64500.0,65000.0,
4555250000,102946124,poundworld,2018,Cumberland,RETAIL_HIGH_STREET,64500.0,65000.0,
4556494000,13493175000,prezzo,2018,Peterborough,RETAIL_RESTAURANTS_AND_CAFES,48250.0,48500.0,
4556494000,7192373000,prezzo,2018,Peterborough,RETAIL_RESTAURANTS_AND_CAFES,48250.0,47750.0,
4556494000,3801286000,prezzo,2018,Peterborough,RETAIL_RESTAURANTS_AND_CAFES,48250.0,47500.0,
4563896000,323837141,poundworld,2018,Crawley,RETAIL_HIGH_STREET,159000.0,157000.0,
4563896000,370696141,poundworld,2018,Crawley,RETAIL_HIGH_STREET,159000.0,161000.0,
4563896000,369877141,poundworld,2018,Crawley,RETAIL_HIGH_STREET,159000.0,155000.0,
4574200000,8519493000,toys r us,2018,Milton Keynes,RETAIL_OTHER_SUPERSTORES_AND_WAREHOUSES,720000.0,730000.0,
4574200000,215406162,toys r us,2018,Milton Keynes,RETAIL_OTHER_SUPERSTORES_AND_WAREHOUSES,720000.0,705000.0,
4574200000,8854187000,toys r us,2018,Milton Keynes,RETAIL_OTHER_SUPERSTORES_AND_WAREHOUSES,720000.0,700000.0,
4580555000,13255491000,poundworld,2018,Leeds,RETAIL_OTHER_SUPERSTORES_AND_WAREHOUSES,50500.0,50500.0,
4580555000,374582244,poundworld,2018,Leeds,RETAIL_OTHER_SUPERSTORES_AND_WAREHOUSES,50500.0,50500.0,
4580555000,10101220000,poundworld,2018,Leeds,RETAIL_OTHER_SUPERSTORES_AND_WAREHOUSES,50500.0,50000.0,
4585303000,12816182000,thomas cook,2019,Somerset,RETAIL_HIGH_STREET,13500.0,13500.0,
4585303000,14194434000,thomas cook,2019,Somerset,RETAIL_HIGH_STREET,13500.0,13500.0,
4585303000,7238997000,thomas cook,2019,Somerset,RETAIL_HIGH_STREET,13500.0,13500.0,
4619033000,9234485000,arcadia,2020,Bradford,RETAIL_HIGH_STREET,65500.0,65500.0,
4619033000,9313798000,arcadia,2020,Bradford,RETAIL_HIGH_STREET,65500.0,65500.0,
4619033000,11644525000,arcadia,2020,Bradford,RETAIL_HIGH_STREET,65500.0,65500.0,
4638128000,8127397000,wilko,2023,"Bristol, City of",WAREHOUSING_LARGE_SCALE_AND_HIGH_BAY,1975.0,1950.0,
4638128000,247139212,wilko,2023,"Bristol, City of",WAREHOUSING_LARGE_SCALE_AND_HIGH_BAY,1975.0,2025.0,
4638128000,13508202000,wilko,2023,"Bristol, City of",WAREHOUSING_LARGE_SCALE_AND_HIGH_BAY,1975.0,2100.0,
4647892000,13429969000,homebase,2024,Cardiff,RETAIL_OTHER_SUPERSTORES_AND_WAREHOUSES,790000.0,800000.0,
4647892000,6922346000,homebase,2024,Cardiff,RETAIL_OTHER_SUPERSTORES_AND_WAREHOUSES,790000.0,745000.0,
4647892000,14842597000,homebase,2024,Cardiff,RETAIL_OTHER_SUPERSTORES_AND_WAREHOUSES,790000.0,735000.0,
4654983000,2178796000,arcadia,2020,Eastbourne,RETAIL_HIGH_STREET,312500.0,255000.0,
4654983000,12428098000,arcadia,2020,Eastbourne,RETAIL_HIGH_STREET,312500.0,232000.0,
4654983000,8428621000,arcadia,2020,Eastbourne,RETAIL_HIGH_STREET,312500.0,224000.0,
4658992000,12860469000,arcadia,2020,Charnwood,RETAIL_OTHER_SUPERSTORES_AND_WAREHOUSES,238000.0,233000.0,
4658992000,13525291000,arcadia,2020,Charnwood,RETAIL_OTHER_SUPERSTORES_AND_WAREHOUSES,238000.0,228000.0,
4658992000,4659001000,arcadia,2020,Charnwood,RETAIL_OTHER_SUPERSTORES_AND_WAREHOUSES,238000.0,226000.0,
4660118000,751862000,arcadia,2020,Blackpool,OFFICE_GENERAL,6100.0,6100.0,
4660118000,8319148000,arcadia,2020,Blackpool,OFFICE_GENERAL,6100.0,6100.0,
4660118000,5309554000,arcadia,2020,Blackpool,OFFICE_GENERAL,6100.0,6100.0,
4663702000,1543192000,wilko,2023,Milton Keynes,RETAIL_OTHER_SUPERSTORES_AND_WAREHOUSES,199000.0,197000.0,
4663702000,6898704000,wilko,2023,Milton Keynes,RETAIL_OTHER_SUPERSTORES_AND_WAREHOUSES,199000.0,202000.0,
4663702000,215971162,wilko,2023,Milton Keynes,RETAIL_OTHER_SUPERSTORES_AND_WAREHOUSES,199000.0,195000.0,
4697440000,12235918000,arcadia,2020,Leeds,INDUSTRIAL_LIGHT,745000.0,755000.0,
4697440000,14589555000,arcadia,2020,Leeds,INDUSTRIAL_LIGHT,745000.0,760000.0,
4697440000,7214807000,arcadia,2020,Leeds,INDUSTRIAL_LIGHT,745000.0,670000.0,
4714411000,197955022,arcadia,2020,Harlow,RETAIL_OTHER_SUPERSTORES_AND_WAREHOUSES,214000.0,210000.0,
4714411000,198714022,arcadia,2020,Harlow,RETAIL_OTHER_SUPERSTORES_AND_WAREHOUSES,214000.0,210000.0,
4714411000,8830899000,arcadia,2020,Harlow,RETAIL_OTHER_SUPERSTORES_AND_WAREHOUSES,214000.0,220000.0,
4725879000,190868022,homebase,2024,Chelmsford,RETAIL_OTHER_SUPERSTORES_AND_WAREHOUSES,765000.0,835000.0,
4725879000,10543710000,homebase,2024,Chelmsford,RETAIL_OTHER_SUPERSTORES_AND_WAREHOUSES,765000.0,850000.0,
4725879000,9923983000,homebase,2024,Chelmsford,RETAIL_OTHER_SUPERSTORES_AND_WAREHOUSES,765000.0,880000.0,
4732685000,128778000,carluccios,2020,Reading,RETAIL_RESTAURANTS_AND_CAFES,42250.0,42000.0,
4732685000,10609458000,carluccios,2020,Reading,RETAIL_RESTAURANTS_AND_CAFES,42250.0,43250.0,
4732685000,12624209000,carluccios,2020,Reading,RETAIL_RESTAURANTS_AND_CAFES,42250.0,40800.0,
4745853000,182773186,prezzo,2018,Somerset,RETAIL_RESTAURANTS_AND_CAFES,73000.0,73000.0,
4745853000,291272186,prezzo,2018,Somerset,RETAIL_RESTAURANTS_AND_CAFES,73000.0,73000.0,
4745853000,13297319000,prezzo,2018,Somerset,RETAIL_RESTAURANTS_AND_CAFES,73000.0,73000.0,
4746500000,4794735000,wilko,2023,Spelthorne,RETAIL_OTHER_SUPERSTORES_AND_WAREHOUSES,267500.0,265000.0,
4746500000,14024553000,wilko,2023,Spelthorne,RETAIL_OTHER_SUPERSTORES_AND_WAREHOUSES,267500.0,260000.0,
4746500000,14332692000,wilko,2023,Spelthorne,RETAIL_OTHER_SUPERSTORES_AND_WAREHOUSES,267500.0,250000.0,
4758535000,7231315000,carluccios,2020,Kensington and Chelsea,RETAIL_RESTAURANTS_AND_CAFES,191000.0,192000.0,
4758535000,12334044000,carluccios,2020,Kensington and Chelsea,RETAIL_RESTAURANTS_AND_CAFES,191000.0,188000.0,
4758535000,20712082,carluccios,2020,Kensington and Chelsea,RETAIL_RESTAURANTS_AND_CAFES,191000.0,187000.0,
4762117000,1624940000,wilko,2023,"Bristol, City of",RETAIL_OTHER_SUPERSTORES_AND_WAREHOUSES,120000.0,121000.0,
4762117000,14357641000,wilko,2023,"Bristol, City of",RETAIL_OTHER_SUPERSTORES_AND_WAREHOUSES,120000.0,121000.0,
4762117000,503605000,wilko,2023,"Bristol, City of",RETAIL_OTHER_SUPERSTORES_AND_WAREHOUSES,120000.0,118000.0,
4767681000,11782059000,strada,2018,Southwark,RETAIL_RESTAURANTS_AND_CAFES,127000.0,127000.0,
4767681000,166489075,strada,2018,Southwark,RETAIL_RESTAURANTS_AND_CAFES,127000.0,128000.0,
4767681000,12444304000,strada,2018,Southwark,RETAIL_RESTAURANTS_AND_CAFES,127000.0,128000.0,
4797472000,8973919000,mothercare,2019,Gloucester,RETAIL_OTHER_SUPERSTORES_AND_WAREHOUSES,169000.0,168000.0,
4797472000,329180214,mothercare,2019,Gloucester,RETAIL_OTHER_SUPERSTORES_AND_WAREHOUSES,169000.0,167000.0,
4797472000,330195214,mothercare,2019,Gloucester,RETAIL_OTHER_SUPERSTORES_AND_WAREHOUSES,169000.0,167000.0,
4814430000,12891855000,carluccios,2020,Brighton and Hove,RETAIL_RESTAURANTS_AND_CAFES,99500.0,99500.0,
4814430000,88566141,carluccios,2020,Brighton and Hove,RETAIL_RESTAURANTS_AND_CAFES,99500.0,99800.0,
4814430000,234848141,carluccios,2020,Brighton and Hove,RETAIL_RESTAURANTS_AND_CAFES,99500.0,99000.0,
4814892000,174679237,prezzo,2018,Warwick,RETAIL_RESTAURANTS_AND_CAFES,30250.0,30250.0,
4814892000,9611275000,prezzo,2018,Warwick,RETAIL_RESTAURANTS_AND_CAFES,30250.0,30000.0,
4814892000,3403401000,prezzo,2018,Warwick,RETAIL_RESTAURANTS_AND_CAFES,30250.0,30000.0,
4820368000,354958133,body shop,2024,Cheshire West and Chester,INDUSTRIAL_LIGHT,10250.0,10000.0,
4820368000,254511133,body shop,2024,Cheshire West and Chester,INDUSTRIAL_LIGHT,10250.0,10000.0,
4820368000,228458132,body shop,2024,Cheshire West and Chester,INDUSTRIAL_LIGHT,10250.0,10500.0,
4828948000,4326736000,thomas cook,2019,Maidstone,RETAIL_HIGH_STREET,96000.0,96000.0,
4828948000,48393148,thomas cook,2019,Maidstone,RETAIL_HIGH_STREET,96000.0,96000.0,
4828948000,48408148,thomas cook,2019,Maidstone,RETAIL_HIGH_STREET,96000.0,94500.0,
4830805000,10334385000,frankie&bennys,2020,Bradford,RETAIL_RESTAURANTS_AND_CAFES,80500.0,80000.0,
4830805000,256163241,frankie&bennys,2020,Bradford,RETAIL_RESTAURANTS_AND_CAFES,80500.0,81000.0,
4830805000,11271171000,frankie&bennys,2020,Bradford,RETAIL_RESTAURANTS_AND_CAFES,80500.0,79500.0,
4835944000,67482241,wilko,2023,Bradford,RETAIL_OTHER_SUPERSTORES_AND_WAREHOUSES,310000.0,315000.0,
4835944000,3133246000,wilko,2023,Bradford,RETAIL_OTHER_SUPERSTORES_AND_WAREHOUSES,310000.0,317500.0,
4835944000,12618937000,wilko,2023,Bradford,RETAIL_OTHER_SUPERSTORES_AND_WAREHOUSES,310000.0,317500.0,
4836655000,11712828000,wilko,2023,Charnwood,RETAIL_OTHER_SUPERSTORES_AND_WAREHOUSES,250000.0,257500.0,
4836655000,8301002000,wilko,2023,Charnwood,RETAIL_OTHER_SUPERSTORES_AND_WAREHOUSES,250000.0,262500.0,
4836655000,7394825000,wilko,2023,Charnwood,RETAIL_OTHER_SUPERSTORES_AND_WAREHOUSES,250000.0,221000.0,
4838905000,9804905000,arcadia,2020,Manchester,RETAIL_OTHER_SUPERSTORES_AND_WAREHOUSES,1090000.0,1050000.0,
4838905000,11577649000,arcadia,2020,Manchester,RETAIL_OTHER_SUPERSTORES_AND_WAREHOUSES,1090000.0,1050000.0,
4838905000,9169253000,arcadia,2020,Manchester,RETAIL_OTHER_SUPERSTORES_AND_WAREHOUSES,1090000.0,1020000.0,
4846512000,10402656000,poundworld,2018,County Durham,RETAIL_OTHER_SUPERSTORES_AND_WAREHOUSES,103000.0,105000.0,
4846512000,8975272000,poundworld,2018,County Durham,RETAIL_OTHER_SUPERSTORES_AND_WAREHOUSES,103000.0,107000.0,
4846512000,9559646000,poundworld,2018,County Durham,RETAIL_OTHER_SUPERSTORES_AND_WAREHOUSES,103000.0,98000.0,
4871829000,11426812000,wilko,2023,Stoke-on-Trent,RETAIL_OTHER_SUPERSTORES_AND_WAREHOUSES,128000.0,128000.0,
4871829000,4112433000,wilko,2023,Stoke-on-Trent,RETAIL_OTHER_SUPERSTORES_AND_WAREHOUSES,128000.0,130000.0,
4871829000,3450521000,wilko,2023,Stoke-on-Trent,RETAIL_OTHER_SUPERSTORES_AND_WAREHOUSES,128000.0,123000.0,
4874367000,84714023,homebase,2024,Braintree,RETAIL_OTHER_SUPERSTORES_AND_WAREHOUSES,43750.0,43250.0,
4874367000,12445060000,homebase,2024,Braintree,RETAIL_OTHER_SUPERSTORES_AND_WAREHOUSES,43750.0,44250.0,
4874367000,7792190000,homebase,2024,Braintree,RETAIL_OTHER_SUPERSTORES_AND_WAREHOUSES,43750.0,43000.0,
4879962000,1808612000,body shop,2024,Manchester,RETAIL_HIGH_STREET,111000.0,111000.0,
4879962000,213443113,body shop,2024,Manchester,RETAIL_HIGH_STREET,111000.0,110000.0,
4879962000,9788113,body shop,2024,Manchester,RETAIL_HIGH_STREET,111000.0,110000.0,
4893355000,11909785000,debenhams,2020,Bromley,RETAIL_OTHER_SUPERSTORES_AND_WAREHOUSES,247000.0,252500.0,
4893355000,737166072,debenhams,2020,Bromley,RETAIL_OTHER_SUPERSTORES_AND_WAREHOUSES,247000.0,240000.0,
4893355000,14015562000,debenhams,2020,Bromley,RETAIL_OTHER_SUPERSTORES_AND_WAREHOUSES,247000.0,262500.0,
4893392000,165378072,mothercare,2019,Bromley,RETAIL_OTHER_SUPERSTORES_AND_WAREHOUSES,200000.0,199000.0,
4893392000,8320582000,mothercare,2019,Bromley,RETAIL_OTHER_SUPERSTORES_AND_WAREHOUSES,200000.0,203000.0,
4893392000,7218963000,mothercare,2019,Bromley,RETAIL_OTHER_SUPERSTORES_AND_WAREHOUSES,200000.0,196000.0,
4897993000,185722186,prezzo,2018,Somerset,RETAIL_RESTAURANTS_AND_CAFES,40000.0,40000.0,
4897993000,187600186,prezzo,2018,Somerset,RETAIL_RESTAURANTS_AND_CAFES,40000.0,40000.0,
4897993000,185762186,prezzo,2018,Somerset,RETAIL_RESTAURANTS_AND_CAFES,40000.0,40000.0,
4900668000,10715044,prezzo,2018,Leicester,RETAIL_HIGH_STREET,45250.0,45250.0,
4900668000,10229368000,prezzo,2018,Leicester,RETAIL_HIGH_STREET,45250.0,45000.0,
4900668000,10137820000,prezzo,2018,Leicester,RETAIL_HIGH_STREET,45250.0,45000.0,
4920127000,92804212,toys r us,2018,"Bristol, City of",RETAIL_OTHER_SUPERSTORES_AND_WAREHOUSES,525000.0,515000.0,
4920127000,2598171000,toys r us,2018,"Bristol, City of",RETAIL_OTHER_SUPERSTORES_AND_WAREHOUSES,525000.0,505000.0,
4920127000,251008212,toys r us,2018,"Bristol, City of",RETAIL_OTHER_SUPERSTORES_AND_WAREHOUSES,525000.0,500000.0,
4929049000,14062484000,maplin,2018,Cumberland,RETAIL_OTHER_SUPERSTORES_AND_WAREHOUSES,110000.0,107000.0,
4929049000,8641131000,maplin,2018,Cumberland,RETAIL_OTHER_SUPERSTORES_AND_WAREHOUSES,110000.0,113000.0,
4929049000,7267522000,maplin,2018,Cumberland,RETAIL_OTHER_SUPERSTORES_AND_WAREHOUSES,110000.0,106000.0,
4929081000,8814700000,body shop,2024,Rugby,RETAIL_HIGH_STREET,36750.0,36750.0,
4929081000,9504290000,body shop,2024,Rugby,RETAIL_HIGH_STREET,36750.0,36500.0,
4929081000,8481829000,body shop,2024,Rugby,RETAIL_HIGH_STREET,36750.0,36500.0,
4933379000,14520446000,homebase,2024,County Durham,RETAIL_OTHER_SUPERSTORES_AND_WAREHOUSES,292500.0,292500.0,
4933379000,8883164000,homebase,2024,County Durham,RETAIL_OTHER_SUPERSTORES_AND_WAREHOUSES,292500.0,295000.0,
4933379000,278392104,homebase,2024,County Durham,RETAIL_OTHER_SUPERSTORES_AND_WAREHOUSES,292500.0,295000.0,
4944643000,184127186,strada,2018,Somerset,RETAIL_RESTAURANTS_AND_CAFES,13000.0,13000.0,
4944643000,179389186,strada,2018,Somerset,RETAIL_RESTAURANTS_AND_CAFES,13000.0,13000.0,
4944643000,188360186,strada,2018,Somerset,RETAIL_RESTAURANTS_AND_CAFES,13000.0,13000.0,
4985602000,6513041000,arcadia,2020,Charnwood,LEISURE_AMUSEMENT_AND_ENTERTAINMENT_CENTRES,9300.0,9100.0,
4985602000,2032640000,arcadia,2020,Charnwood,LEISURE_AMUSEMENT_AND_ENTERTAINMENT_CENTRES,9300.0,10000.0,
4985602000,7347107000,arcadia,2020,Charnwood,LEISURE_AMUSEMENT_AND_ENTERTAINMENT_CENTRES,9300.0,10250.0,
5001093000,3313951000,thomas cook,2019,Manchester,OFFICE_GENERAL,81500.0,81500.0,
5001093000,9136494000,thomas cook,2019,Manchester,OFFICE_GENERAL,81500.0,81500.0,
5001093000,9136487000,thomas cook,2019,Manchester,OFFICE_GENERAL,81500.0,81500.0,
5002619000,11485536000,byron,2020,Cambridge,RETAIL_RESTAURANTS_AND_CAFES,93500.0,93500.0,
5002619000,3682651000,byron,2020,Cambridge,RETAIL_RESTAURANTS_AND_CAFES,93500.0,93500.0,
5002619000,14600988000,byron,2020,Cambridge,RETAIL_RESTAURANTS_AND_CAFES,93500.0,93000.0,
5021320000,565346032,prezzo,2018,Lincoln,RETAIL_RESTAURANTS_AND_CAFES,70000.0,71000.0,
5021320000,9959681000,prezzo,2018,Lincoln,RETAIL_RESTAURANTS_AND_CAFES,70000.0,67500.0,
5021320000,1935577000,prezzo,2018,Lincoln,RETAIL_RESTAURANTS_AND_CAFES,70000.0,66000.0,
5022557000,12041854000,debenhams,2020,Cumberland,RETAIL_OTHER_SUPERSTORES_AND_WAREHOUSES,432500.0,430000.0,
5022557000,14992707000,debenhams,2020,Cumberland,RETAIL_OTHER_SUPERSTORES_AND_WAREHOUSES,432500.0,390000.0,
5022557000,24689124,debenhams,2020,Cumberland,RETAIL_OTHER_SUPERSTORES_AND_WAREHOUSES,432500.0,387500.0,
5033711000,1089000,frankie&bennys,2020,South Gloucestershire,RETAIL_RESTAURANTS_AND_CAFES,89500.0,88000.0,
5033711000,144644000,frankie&bennys,2020,South Gloucestershire,RETAIL_RESTAURANTS_AND_CAFES,89500.0,88000.0,
5033711000,144701000,frankie&bennys,2020,South Gloucestershire,RETAIL_RESTAURANTS_AND_CAFES,89500.0,87500.0,
5056332000,4748694000,chiquito,2020,Dudley,RETAIL_RESTAURANTS_AND_CAFES,68500.0,68900.0,
5056332000,7014487000,chiquito,2020,Dudley,RETAIL_RESTAURANTS_AND_CAFES,68500.0,67500.0,
5056332000,203728239,chiquito,2020,Dudley,RETAIL_RESTAURANTS_AND_CAFES,68500.0,70000.0,
5093853000,5093853000,arcadia,2020,Manchester,RETAIL_OTHER_SUPERSTORES_AND_WAREHOUSES,8100.0,8100.0,
5093853000,213055113,arcadia,2020,Manchester,RETAIL_OTHER_SUPERSTORES_AND_WAREHOUSES,8100.0,8100.0,
5093853000,15054245000,arcadia,2020,Manchester,RETAIL_OTHER_SUPERSTORES_AND_WAREHOUSES,8100.0,8100.0,
5096347000,303092184,mothercare,2019,Plymouth,RETAIL_HIGH_STREET,277500.0,260000.0,
5096347000,13383031000,mothercare,2019,Plymouth,RETAIL_HIGH_STREET,277500.0,295000.0,
5096347000,5096337000,mothercare,2019,Plymouth,RETAIL_HIGH_STREET,277500.0,255000.0,
5096360000,55848184,cath kidston,2020,Plymouth,RETAIL_HIGH_STREET,90500.0,90500.0,
5096360000,183516184,cath kidston,2020,Plymouth,RETAIL_HIGH_STREET,90500.0,91500.0,
5096360000,5136986000,cath kidston,2020,Plymouth,RETAIL_HIGH_STREET,90500.0,89000.0,
5096361000,5096334000,paperchase,2023,Plymouth,RETAIL_HIGH_STREET,143000.0,142000.0,
5096361000,55847184,paperchase,2023,Plymouth,RETAIL_HIGH_STREET,143000.0,145000.0,
5096361000,5224943000,paperchase,2023,Plymouth,RETAIL_HIGH_STREET,143000.0,140000.0,
5097490000,980848000,poundworld,2018,Reading,RETAIL_HIGH_STREET,140000.0,139000.0,
5097490000,980860000,poundworld,2018,Reading,RETAIL_HIGH_STREET,140000.0,141000.0,
5097490000,1221484000,poundworld,2018,Reading,RETAIL_HIGH_STREET,140000.0,141000.0,
5100392000,2358537000,arcadia,2020,West Northamptonshire,RETAIL_HIGH_STREET,18000.0,18000.0,
5100392000,2912268000,arcadia,2020,West Northamptonshire,RETAIL_HIGH_STREET,18000.0,18000.0,
5100392000,126130045,arcadia,2020,West Northamptonshire,RETAIL_HIGH_STREET,18000.0,18000.0,
5100461000,9577033000,toys r us,2018,Dudley,RETAIL_OTHER_SUPERSTORES_AND_WAREHOUSES,550000.0,550000.0,
5100461000,12092914000,toys r us,2018,Dudley,RETAIL_OTHER_SUPERSTORES_AND_WAREHOUSES,550000.0,555000.0,
5100461000,7295836000,toys r us,2018,Dudley,RETAIL_OTHER_SUPERSTORES_AND_WAREHOUSES,550000.0,565000.0,
5106398000,30322141,arcadia,2020,Brighton and Hove,RETAIL_HIGH_STREET,16750.0,16750.0,
5106398000,51960141,arcadia,2020,Brighton and Hove,RETAIL_HIGH_STREET,16750.0,16750.0,
5106398000,22739141,arcadia,2020,Brighton and Hove,RETAIL_HIGH_STREET,16750.0,16750.0,
5115750000,196639165,maplin,2018,Reading,RETAIL_OTHER_SUPERSTORES_AND_WAREHOUSES,115000.0,106000.0,
5115750000,862181000,maplin,2018,Reading,RETAIL_OTHER_SUPERSTORES_AND_WAREHOUSES,115000.0,124000.0,
5115750000,12667559000,maplin,2018,Reading,RETAIL_OTHER_SUPERSTORES_AND_WAREHOUSES,115000.0,105000.0,
5116457000,14135541000,carluccios,2020,Camden,RETAIL_HIGH_STREET,89500.0,89500.0,
5116457000,206069000,carluccios,2020,Camden,RETAIL_HIGH_STREET,89500.0,89500.0,
5116457000,46668052,carluccios,2020,Camden,RETAIL_HIGH_STREET,89500.0,89000.0,
5128611000,253312239,poundworld,2018,Dudley,RETAIL_HIGH_STREET,192000.0,190000.0,
5128611000,253418239,poundworld,2018,Dudley,RETAIL_HIGH_STREET,192000.0,190000.0,
5128611000,264252239,poundworld,2018,Dudley,RETAIL_HIGH_STREET,192000.0,189000.0,
5130856000,6022672000,arcadia,2020,Southampton,OFFICE_GENERAL,0.0,0.0,
5130856000,1942107000,arcadia,2020,Southampton,OFFICE_GENERAL,0.0,0.0,
5130856000,1941763000,arcadia,2020,Southampton,OFFICE_GENERAL,0.0,0.0,
5130864000,1585194000,arcadia,2020,Southampton,OFFICE_GENERAL,0.0,0.0,
5130864000,6080748000,arcadia,2020,Southampton,OFFICE_GENERAL,0.0,0.0,
5130864000,58851176,arcadia,2020,Southampton,OFFICE_GENERAL,0.0,0.0,
5130872000,58850176,arcadia,2020,Southampton,OFFICE_GENERAL,0.0,0.0,
5130872000,2016980000,arcadia,2020,Southampton,OFFICE_GENERAL,0.0,0.0,
5130872000,2897313000,arcadia,2020,Southampton,OFFICE_GENERAL,0.0,0.0,
5130873000,4840387000,arcadia,2020,Southampton,OFFICE_GENERAL,0.0,0.0,
5130873000,2099156000,arcadia,2020,Southampton,OFFICE_GENERAL,0.0,0.0,
5130873000,198504176,arcadia,2020,Southampton,OFFICE_GENERAL,0.0,0.0,
5130922000,2718189000,arcadia,2020,Southampton,OFFICE_GENERAL,0.0,0.0,
5130922000,198711176,arcadia,2020,Southampton,OFFICE_GENERAL,0.0,0.0,
5130922000,2534593000,arcadia,2020,Southampton,OFFICE_GENERAL,0.0,0.0,
5130923000,2468783000,arcadia,2020,Southampton,OFFICE_GENERAL,0.0,0.0,
5130923000,2468374000,arcadia,2020,Southampton,OFFICE_GENERAL,0.0,0.0,
5130923000,2468355000,arcadia,2020,Southampton,OFFICE_GENERAL,0.0,0.0,
5130928000,2104874000,arcadia,2020,Southampton,OFFICE_GENERAL,0.0,0.0,
5130928000,4840384000,arcadia,2020,Southampton,OFFICE_GENERAL,0.0,0.0,
5130928000,475234176,arcadia,2020,Southampton,OFFICE_GENERAL,0.0,0.0,
5130933000,2100897000,arcadia,2020,Southampton,OFFICE_GENERAL,0.0,0.0,
5130933000,2100889000,arcadia,2020,Southampton,OFFICE_GENERAL,0.0,0.0,
5130933000,4259735000,arcadia,2020,Southampton,OFFICE_GENERAL,0.0,0.0,
5136487000,14837691000,maplin,2018,Camden,RETAIL_HIGH_STREET,155000.0,155000.0,
5136487000,472982000,maplin,2018,Camden,RETAIL_HIGH_STREET,155000.0,155000.0,
5136487000,12119562000,maplin,2018,Camden,RETAIL_HIGH_STREET,155000.0,154000.0,
5145182000,457221045,frankie&bennys,2020,West Northamptonshire,INDUSTRIAL_GENERAL,14000.0,14000.0,
5145182000,100800045,frankie&bennys,2020,West Northamptonshire,INDUSTRIAL_GENERAL,14000.0,14000.0,
5145182000,42962045,frankie&bennys,2020,West Northamptonshire,INDUSTRIAL_GENERAL,14000.0,14000.0,
5153599000,6505458000,maplin,2018,Milton Keynes,RETAIL_OTHER_SUPERSTORES_AND_WAREHOUSES,86000.0,85500.0,
5153599000,5838924000,maplin,2018,Milton Keynes,RETAIL_OTHER_SUPERSTORES_AND_WAREHOUSES,86000.0,85000.0,
5153599000,8424991000,maplin,2018,Milton Keynes,RETAIL_OTHER_SUPERSTORES_AND_WAREHOUSES,86000.0,87000.0,
5156455000,1778356000,wilko,2023,Leeds,RETAIL_OTHER_SUPERSTORES_AND_WAREHOUSES,300000.0,302500.0,
5156455000,342674244,wilko,2023,Leeds,RETAIL_OTHER_SUPERSTORES_AND_WAREHOUSES,300000.0,302500.0,
5156455000,6755332000,wilko,2023,Leeds,RETAIL_OTHER_SUPERSTORES_AND_WAREHOUSES,300000.0,292500.0,
5167970000,12981923000,maplin,2018,Basingstoke and Deane,RETAIL_OTHER_SUPERSTORES_AND_WAREHOUSES,65000.0,64000.0,
5167970000,8437484000,maplin,2018,Basingstoke and Deane,RETAIL_OTHER_SUPERSTORES_AND_WAREHOUSES,65000.0,69000.0,
5167970000,1840508000,maplin,2018,Basingstoke and Deane,RETAIL_OTHER_SUPERSTORES_AND_WAREHOUSES,65000.0,72250.0,
5171508000,455517045,mothercare,2019,West Northamptonshire,RETAIL_OTHER_SUPERSTORES_AND_WAREHOUSES,165000.0,166000.0,
5171508000,266354045,mothercare,2019,West Northamptonshire,RETAIL_OTHER_SUPERSTORES_AND_WAREHOUSES,165000.0,163000.0,
5171508000,8896207000,mothercare,2019,West Northamptonshire,RETAIL_OTHER_SUPERSTORES_AND_WAREHOUSES,165000.0,161000.0,
5191550000,206971017,toys r us,2018,Watford,RETAIL_OTHER_SUPERSTORES_AND_WAREHOUSES,735000.0,740000.0,
5191550000,14032587000,toys r us,2018,Watford,RETAIL_OTHER_SUPERSTORES_AND_WAREHOUSES,735000.0,750000.0,
5191550000,1425153000,toys r us,2018,Watford,RETAIL_OTHER_SUPERSTORES_AND_WAREHOUSES,735000.0,710000.0,
5202244000,492782108,paperchase,2023,York,RETAIL_HIGH_STREET,78000.0,78500.0,
5202244000,46993108,paperchase,2023,York,RETAIL_HIGH_STREET,78000.0,79000.0,
5202244000,15324108,paperchase,2023,York,RETAIL_HIGH_STREET,78000.0,79000.0,
5203063000,8462953000,paperchase,2023,York,RETAIL_HIGH_STREET,57000.0,57000.0,
5203063000,165475108,paperchase,2023,York,RETAIL_HIGH_STREET,57000.0,57000.0,
5203063000,31952108,paperchase,2023,York,RETAIL_HIGH_STREET,57000.0,57000.0,
5203094000,28688108,body shop,2024,York,RETAIL_HIGH_STREET,59000.0,59000.0,
5203094000,165278108,body shop,2024,York,RETAIL_HIGH_STREET,59000.0,59000.0,
5203094000,11617999000,body shop,2024,York,RETAIL_HIGH_STREET,59000.0,59000.0,
5203098000,1388043000,cath kidston,2020,York,RETAIL_HIGH_STREET,89000.0,88500.0,
5203098000,11326758000,cath kidston,2020,York,RETAIL_HIGH_STREET,89000.0,89500.0,
5203098000,15096108,cath kidston,2020,York,RETAIL_HIGH_STREET,89000.0,89500.0,
5203223000,5203223000,ted baker,2024,York,RETAIL_HIGH_STREET,91000.0,91000.0,
5203223000,4287276000,ted baker,2024,York,RETAIL_HIGH_STREET,91000.0,91000.0,
5203223000,14375108,ted baker,2024,York,RETAIL_HIGH_STREET,91000.0,91000.0,
5203225000,5203225000,ted baker,2024,York,RETAIL_HIGH_STREET,44000.0,44000.0,
5203225000,15303108,ted baker,2024,York,RETAIL_HIGH_STREET,44000.0,44000.0,
5203225000,5202241000,ted baker,2024,York,RETAIL_HIGH_STREET,44000.0,44000.0,
5211141000,4530404000,chiquito,2020,"Bournemouth, Christchurch and Poole",RETAIL_RESTAURANTS_AND_CAFES,90500.0,90500.0,
5211141000,3676058000,chiquito,2020,"Bournemouth, Christchurch and Poole",RETAIL_RESTAURANTS_AND_CAFES,90500.0,90500.0,
5211141000,8598996000,chiquito,2020,"Bournemouth, Christchurch and Poole",RETAIL_RESTAURANTS_AND_CAFES,90500.0,90000.0,
5213608000,442240000,chiquito,2020,County Durham,RETAIL_RESTAURANTS_AND_CAFES,72000.0,72000.0,
5213608000,7940933000,chiquito,2020,County Durham,RETAIL_RESTAURANTS_AND_CAFES,72000.0,72000.0,
5213608000,13344700000,chiquito,2020,County Durham,RETAIL_RESTAURANTS_AND_CAFES,72000.0,73000.0,
5218512000,9088858000,wilko,2023,Somerset,RETAIL_OTHER_SUPERSTORES_AND_WAREHOUSES,412500.0,415000.0,
5218512000,2213349000,wilko,2023,Somerset,RETAIL_OTHER_SUPERSTORES_AND_WAREHOUSES,412500.0,417500.0,
5218512000,182291186,wilko,2023,Somerset,RETAIL_OTHER_SUPERSTORES_AND_WAREHOUSES,412500.0,427500.0,
5240513000,2589119000,prezzo,2018,Torbay,RETAIL_RESTAURANTS_AND_CAFES,74000.0,75750.0,
5240513000,9823705000,prezzo,2018,Torbay,RETAIL_RESTAURANTS_AND_CAFES,74000.0,76500.0,
5240513000,212919182,prezzo,2018,Torbay,RETAIL_RESTAURANTS_AND_CAFES,74000.0,78000.0,
5264503000,14227452000,body shop,2024,North Yorkshire,RETAIL_HIGH_STREET,66500.0,66500.0,
5264503000,78109105,body shop,2024,North Yorkshire,RETAIL_HIGH_STREET,66500.0,66500.0,
5264503000,171423108,body shop,2024,North Yorkshire,RETAIL_HIGH_STREET,66500.0,66500.0,
5282587000,2288557000,body shop,2024,Bromley,INDUSTRIAL_GENERAL,101000.0,101000.0,
5282587000,13214549000,body shop,2024,Bromley,INDUSTRIAL_GENERAL,101000.0,100000.0,
5282587000,7287964000,body shop,2024,Bromley,INDUSTRIAL_GENERAL,101000.0,103000.0,
5293115000,7430237000,poundworld,2018,Darlington,RETAIL_OTHER_SUPERSTORES_AND_WAREHOUSES,45250.0,47000.0,
5293115000,546138104,poundworld,2018,Darlington,RETAIL_OTHER_SUPERSTORES_AND_WAREHOUSES,45250.0,48500.0,
5293115000,720961000,poundworld,2018,Darlington,RETAIL_OTHER_SUPERSTORES_AND_WAREHOUSES,45250.0,49000.0,
5298849000,586766000,frankie&bennys,2020,Crawley,RETAIL_RESTAURANTS_AND_CAFES,105000.0,105000.0,
5298849000,7965629000,frankie&bennys,2020,Crawley,RETAIL_RESTAURANTS_AND_CAFES,105000.0,103000.0,
5298849000,14950210000,frankie&bennys,2020,Crawley,RETAIL_RESTAURANTS_AND_CAFES,105000.0,102000.0,
5309251000,247967234,body shop,2024,Telford and Wrekin,RETAIL_HIGH_STREET,89000.0,88500.0,
5309251000,11917187000,body shop,2024,Telford and Wrekin,RETAIL_HIGH_STREET,89000.0,89500.0,
5309251000,249393234,body shop,2024,Telford and Wrekin,RETAIL_HIGH_STREET,89000.0,87500.0,
5310634000,5801221000,thomas cook,2019,Crawley,INDUSTRIAL_GENERAL,15500.0,15500.0,
5310634000,246525141,thomas cook,2019,Crawley,INDUSTRIAL_GENERAL,15500.0,15500.0,
5310634000,166544141,thomas cook,2019,Crawley,INDUSTRIAL_GENERAL,15500.0,15500.0,
5341906000,112778172,body shop,2024,"Bournemouth, Christchurch and Poole",INDUSTRIAL_GENERAL,10500.0,10500.0,
5341906000,5880426000,body shop,2024,"Bournemouth, Christchurch and Poole",INDUSTRIAL_GENERAL,10500.0,10500.0,
5341906000,314951172,body shop,2024,"Bournemouth, Christchurch and Poole",INDUSTRIAL_GENERAL,10500.0,10500.0,
5357109000,218025211,frankie&bennys,2020,South Gloucestershire,RETAIL_HIGH_STREET,1225.0,1250.0,
5357109000,10142991000,frankie&bennys,2020,South Gloucestershire,RETAIL_HIGH_STREET,1225.0,1250.0,
5357109000,156400211,frankie&bennys,2020,South Gloucestershire,RETAIL_HIGH_STREET,1225.0,1250.0,
5364676000,67797045,arcadia,2020,West Northamptonshire,RETAIL_HIGH_STREET,107000.0,107000.0,
5364676000,453869045,arcadia,2020,West Northamptonshire,RETAIL_HIGH_STREET,107000.0,109000.0,
5364676000,394397000,arcadia,2020,West Northamptonshire,RETAIL_HIGH_STREET,107000.0,109000.0,
5390810000,298673172,toys r us,2018,"Bournemouth, Christchurch and Poole",RETAIL_OTHER_SUPERSTORES_AND_WAREHOUSES,430000.0,430000.0,
5390810000,5446569000,toys r us,2018,"Bournemouth, Christchurch and Poole",RETAIL_OTHER_SUPERSTORES_AND_WAREHOUSES,430000.0,445000.0,
5390810000,13599849000,toys r us,2018,"Bournemouth, Christchurch and Poole",RETAIL_OTHER_SUPERSTORES_AND_WAREHOUSES,430000.0,457500.0,
5391966000,9402148000,arcadia,2020,Norwich,RETAIL_OTHER_SUPERSTORES_AND_WAREHOUSES,347500.0,347500.0,
5391966000,2303140000,arcadia,2020,Norwich,RETAIL_OTHER_SUPERSTORES_AND_WAREHOUSES,347500.0,342500.0,
5391966000,14121170000,arcadia,2020,Norwich,RETAIL_OTHER_SUPERSTORES_AND_WAREHOUSES,347500.0,362500.0,
5408000000,13817172000,prezzo,2018,Buckinghamshire,RETAIL_RESTAURANTS_AND_CAFES,39750.0,39750.0,
5408000000,473210162,prezzo,2018,Buckinghamshire,RETAIL_RESTAURANTS_AND_CAFES,39750.0,39750.0,
5408000000,11357260000,prezzo,2018,Buckinghamshire,RETAIL_RESTAURANTS_AND_CAFES,39750.0,39750.0,
5432241000,2318486000,wilko,2023,Lincoln,RETAIL_OTHER_SUPERSTORES_AND_WAREHOUSES,265000.0,262500.0,
5432241000,8603047000,wilko,2023,Lincoln,RETAIL_OTHER_SUPERSTORES_AND_WAREHOUSES,265000.0,275000.0,
5432241000,4087086000,wilko,2023,Lincoln,RETAIL_OTHER_SUPERSTORES_AND_WAREHOUSES,265000.0,275000.0,
5444353000,11740817000,maplin,2018,Maidstone,RETAIL_HIGH_STREET,87000.0,86500.0,
5444353000,48480148,maplin,2018,Maidstone,RETAIL_HIGH_STREET,87000.0,87500.0,
5444353000,199438148,maplin,2018,Maidstone,RETAIL_HIGH_STREET,87000.0,86000.0,
5445363000,10256306000,homebase,2024,Dartford,RETAIL_OTHER_SUPERSTORES_AND_WAREHOUSES,490000.0,525000.0,
5445363000,67204000,homebase,2024,Dartford,RETAIL_OTHER_SUPERSTORES_AND_WAREHOUSES,490000.0,432500.0,
5445363000,3697774000,homebase,2024,Dartford,RETAIL_OTHER_SUPERSTORES_AND_WAREHOUSES,490000.0,570000.0,
5467051000,6402813000,maplin,2018,Guildford,RETAIL_HIGH_STREET,69500.0,69500.0,
5467051000,344236152,maplin,2018,Guildford,RETAIL_HIGH_STREET,69500.0,69000.0,
5467051000,10647963000,maplin,2018,Guildford,RETAIL_HIGH_STREET,69500.0,70000.0,
5473967000,417538162,homebase,2024,Buckinghamshire,RETAIL_HIGH_STREET,58500.0,58000.0,
5473967000,208956162,homebase,2024,Buckinghamshire,RETAIL_HIGH_STREET,58500.0,58000.0,
5473967000,571635162,homebase,2024,Buckinghamshire,RETAIL_HIGH_STREET,58500.0,59000.0,
5475236000,181079172,homebase,2024,"Bournemouth, Christchurch and Poole",RETAIL_OTHER_SUPERSTORES_AND_WAREHOUSES,685000.0,675000.0,
5475236000,7007427000,homebase,2024,"Bournemouth, Christchurch and Poole",RETAIL_OTHER_SUPERSTORES_AND_WAREHOUSES,685000.0,620000.0,
5475236000,97202172,homebase,2024,"Bournemouth, Christchurch and Poole",RETAIL_OTHER_SUPERSTORES_AND_WAREHOUSES,685000.0,520000.0,
5475695000,515320145,prezzo,2018,Canterbury,RETAIL_RESTAURANTS_AND_CAFES,146000.0,131000.0,
5475695000,153157145,prezzo,2018,Canterbury,RETAIL_RESTAURANTS_AND_CAFES,146000.0,126000.0,
5475695000,14481385000,prezzo,2018,Canterbury,RETAIL_RESTAURANTS_AND_CAFES,146000.0,125000.0,
5482382000,9525428000,prezzo,2018,West Northamptonshire,OTHER_PUBLIC,2500.0,2500.0,
5482382000,14711025000,prezzo,2018,West Northamptonshire,OTHER_PUBLIC,2500.0,2500.0,
5482382000,5482374000,prezzo,2018,West Northamptonshire,OTHER_PUBLIC,2500.0,2500.0,
5492268000,8572080000,arcadia,2020,Leeds,RETAIL_HIGH_STREET,895000.0,790000.0,
5492268000,4635566000,arcadia,2020,Leeds,RETAIL_HIGH_STREET,895000.0,725000.0,
5492268000,10724795000,arcadia,2020,Leeds,RETAIL_HIGH_STREET,895000.0,695000.0,
5498877000,5498876000,arcadia,2020,Cheshire West and Chester,RETAIL_OTHER_SUPERSTORES_AND_WAREHOUSES,250000.0,252500.0,
5498877000,10780336000,arcadia,2020,Cheshire West and Chester,RETAIL_OTHER_SUPERSTORES_AND_WAREHOUSES,250000.0,247000.0,
5498877000,14153005000,arcadia,2020,Cheshire West and Chester,RETAIL_OTHER_SUPERSTORES_AND_WAREHOUSES,250000.0,247000.0,
5536571000,818250022,prezzo,2018,Chelmsford,RETAIL_RESTAURANTS_AND_CAFES,79000.0,79000.0,
5536571000,13719022,prezzo,2018,Chelmsford,RETAIL_RESTAURANTS_AND_CAFES,79000.0,79500.0,
5536571000,10740151000,prezzo,2018,Chelmsford,RETAIL_RESTAURANTS_AND_CAFES,79000.0,80500.0,
5544425000,8181340000,maplin,2018,Eastbourne,RETAIL_OTHER_SUPERSTORES_AND_WAREHOUSES,55000.0,64500.0,
5544425000,3852650000,maplin,2018,Eastbourne,RETAIL_OTHER_SUPERSTORES_AND_WAREHOUSES,55000.0,44750.0,
5544425000,50111144,maplin,2018,Eastbourne,RETAIL_OTHER_SUPERSTORES_AND_WAREHOUSES,55000.0,66500.0,
5561060000,5561044000,strada,2018,Thurrock,RETAIL_RESTAURANTS_AND_CAFES,85000.0,84500.0,
5561060000,774910022,strada,2018,Thurrock,RETAIL_RESTAURANTS_AND_CAFES,85000.0,85500.0,
5561060000,817352022,strada,2018,Thurrock,RETAIL_RESTAURANTS_AND_CAFES,85000.0,85500.0,
5561077000,13699853000,prezzo,2018,Thurrock,RETAIL_RESTAURANTS_AND_CAFES,113000.0,109000.0,
5561077000,9937431000,prezzo,2018,Thurrock,RETAIL_RESTAURANTS_AND_CAFES,113000.0,109000.0,
5561077000,5561072000,prezzo,2018,Thurrock,RETAIL_RESTAURANTS_AND_CAFES,113000.0,106000.0,
5563471000,8273688000,chiquito,2020,West Northamptonshire,OTHER_PUBLIC,87500.0,87500.0,
5563471000,11358305000,chiquito,2020,West Northamptonshire,OTHER_PUBLIC,87500.0,87500.0,
5563471000,11695201000,chiquito,2020,West Northamptonshire,OTHER_PUBLIC,87500.0,89000.0,
5568340000,10624230000,arcadia,2020,City of London,OFFICE_GENERAL,101000.0,101000.0,
5568340000,11913533000,arcadia,2020,City of London,OFFICE_GENERAL,101000.0,101000.0,
5568340000,12592121000,arcadia,2020,City of London,OFFICE_GENERAL,101000.0,101000.0,
5574106000,9290036,maplin,2018,Norwich,RETAIL_OTHER_SUPERSTORES_AND_WAREHOUSES,78000.0,79000.0,
5574106000,9942726000,maplin,2018,Norwich,RETAIL_OTHER_SUPERSTORES_AND_WAREHOUSES,78000.0,72500.0,
5574106000,4686394000,maplin,2018,Norwich,RETAIL_OTHER_SUPERSTORES_AND_WAREHOUSES,78000.0,84000.0,
5574969000,248026212,thomas cook,2019,"Bristol, City of",RETAIL_HIGH_STREET,14500.0,14500.0,
5574969000,321887212,thomas cook,2019,"Bristol, City of",RETAIL_HIGH_STREET,14500.0,14500.0,
5574969000,7706235000,thomas cook,2019,"Bristol, City of",RETAIL_HIGH_STREET,14500.0,14500.0,
5578969000,9596598000,arcadia,2020,Derby,OFFICE_GENERAL,2600.0,2600.0,
5578969000,8082658000,arcadia,2020,Derby,OFFICE_GENERAL,2600.0,2600.0,
5578969000,216738042,arcadia,2020,Derby,OFFICE_GENERAL,2600.0,2600.0,
5584067000,8917768000,frankie&bennys,2020,Stoke-on-Trent,RETAIL_RESTAURANTS_AND_CAFES,126000.0,126000.0,
5584067000,9220839000,frankie&bennys,2020,Stoke-on-Trent,RETAIL_RESTAURANTS_AND_CAFES,126000.0,126000.0,
5584067000,8353374000,frankie&bennys,2020,Stoke-on-Trent,RETAIL_RESTAURANTS_AND_CAFES,126000.0,125000.0,
5597999000,13369176000,wilko,2023,Peterborough,RETAIL_OTHER_SUPERSTORES_AND_WAREHOUSES,302500.0,300000.0,
5597999000,11243038000,wilko,2023,Peterborough,RETAIL_OTHER_SUPERSTORES_AND_WAREHOUSES,302500.0,300000.0,
5597999000,2468253000,wilko,2023,Peterborough,RETAIL_OTHER_SUPERSTORES_AND_WAREHOUSES,302500.0,307500.0,
5606832000,9150444000,wilko,2023,North Yorkshire,RETAIL_OTHER_SUPERSTORES_AND_WAREHOUSES,184000.0,184000.0,
5606832000,2239880000,wilko,2023,North Yorkshire,RETAIL_OTHER_SUPERSTORES_AND_WAREHOUSES,184000.0,184500.0,
5606832000,4857025000,wilko,2023,North Yorkshire,RETAIL_OTHER_SUPERSTORES_AND_WAREHOUSES,184000.0,183000.0,
5632910000,1713443000,frankie&bennys,2020,East Staffordshire,RETAIL_RESTAURANTS_AND_CAFES,66500.0,68000.0,
5632910000,262650232,frankie&bennys,2020,East Staffordshire,RETAIL_RESTAURANTS_AND_CAFES,66500.0,64000.0,
5632910000,84218000,frankie&bennys,2020,East Staffordshire,RETAIL_RESTAURANTS_AND_CAFES,66500.0,69000.0,
5634875000,1298582000,mothercare,2019,Watford,RETAIL_OTHER_SUPERSTORES_AND_WAREHOUSES,520000.0,515000.0,
5634875000,11501761000,mothercare,2019,Watford,RETAIL_OTHER_SUPERSTORES_AND_WAREHOUSES,520000.0,530000.0,
5634875000,2785859000,mothercare,2019,Watford,RETAIL_OTHER_SUPERSTORES_AND_WAREHOUSES,520000.0,530000.0,
5665603000,5881629000,bhs,2016,Lincoln,RETAIL_OTHER_SUPERSTORES_AND_WAREHOUSES,362500.0,372500.0,
5665603000,10924958000,bhs,2016,Lincoln,RETAIL_OTHER_SUPERSTORES_AND_WAREHOUSES,362500.0,335000.0,
5665603000,14152204000,bhs,2016,Lincoln,RETAIL_OTHER_SUPERSTORES_AND_WAREHOUSES,362500.0,315000.0,
5665604000,3914346000,maplin,2018,Lincoln,RETAIL_OTHER_SUPERSTORES_AND_WAREHOUSES,82500.0,86000.0,
5665604000,9008770000,maplin,2018,Lincoln,RETAIL_OTHER_SUPERSTORES_AND_WAREHOUSES,82500.0,78500.0,
5665604000,590496032,maplin,2018,Lincoln,RETAIL_OTHER_SUPERSTORES_AND_WAREHOUSES,82500.0,78000.0,
5682769000,11634671000,mothercare,2019,Cardiff,RETAIL_OTHER_SUPERSTORES_AND_WAREHOUSES,325000.0,325000.0,
5682769000,220774192,mothercare,2019,Cardiff,RETAIL_OTHER_SUPERSTORES_AND_WAREHOUSES,325000.0,320000.0,
5682769000,5255690000,mothercare,2019,Cardiff,RETAIL_OTHER_SUPERSTORES_AND_WAREHOUSES,325000.0,330000.0,
5686010000,14004847000,maplin,2018,Cardiff,RETAIL_OTHER_SUPERSTORES_AND_WAREHOUSES,116000.0,116000.0,
5686010000,6288914000,maplin,2018,Cardiff,RETAIL_OTHER_SUPERSTORES_AND_WAREHOUSES,116000.0,116000.0,
5686010000,5983305000,maplin,2018,Cardiff,RETAIL_OTHER_SUPERSTORES_AND_WAREHOUSES,116000.0,117000.0,
5693254000,2018208000,maplin,2018,Thanet,RETAIL_OTHER_SUPERSTORES_AND_WAREHOUSES,72500.0,75000.0,
5693254000,6694262000,maplin,2018,Thanet,RETAIL_OTHER_SUPERSTORES_AND_WAREHOUSES,72500.0,69000.0,
5693254000,5565366000,maplin,2018,Thanet,RETAIL_OTHER_SUPERSTORES_AND_WAREHOUSES,72500.0,76000.0,
5700038000,3248866000,carluccios,2020,Tower Hamlets,RETAIL_RESTAURANTS_AND_CAFES,105000.0,105000.0,
5700038000,3318790000,carluccios,2020,Tower Hamlets,RETAIL_RESTAURANTS_AND_CAFES,105000.0,105000.0,
5700038000,181872058,carluccios,2020,Tower Hamlets,RETAIL_RESTAURANTS_AND_CAFES,105000.0,104000.0,
5703491000,10207602000,homebase,2024,North Northamptonshire,WAREHOUSING_LARGE_SCALE_AND_HIGH_BAY,1350000.0,1340000.0,
5703491000,14513895000,homebase,2024,North Northamptonshire,WAREHOUSING_LARGE_SCALE_AND_HIGH_BAY,1350000.0,1340000.0,
5703491000,15051698000,homebase,2024,North Northamptonshire,WAREHOUSING_LARGE_SCALE_AND_HIGH_BAY,1350000.0,1440000.0,
5713252000,383643148,toys r us,2018,Tunbridge Wells,RETAIL_OTHER_SUPERSTORES_AND_WAREHOUSES,655000.0,665000.0,
5713252000,351587148,toys r us,2018,Tunbridge Wells,RETAIL_OTHER_SUPERSTORES_AND_WAREHOUSES,655000.0,695000.0,
5713252000,363610148,toys r us,2018,Tunbridge Wells,RETAIL_OTHER_SUPERSTORES_AND_WAREHOUSES,655000.0,715000.0,
5716452000,3737659000,cafe rouge,2020,Milton Keynes,RETAIL_RESTAURANTS_AND_CAFES,69000.0,69250.0,
5716452000,569492162,cafe rouge,2020,Milton Keynes,RETAIL_RESTAURANTS_AND_CAFES,69000.0,68500.0,
5716452000,569497162,cafe rouge,2020,Milton Keynes,RETAIL_RESTAURANTS_AND_CAFES,69000.0,68500.0,
5721837000,5721837000,arcadia,2020,Cardiff,RETAIL_OTHER_SUPERSTORES_AND_WAREHOUSES,930000.0,930000.0,
5721837000,14784131000,arcadia,2020,Cardiff,RETAIL_OTHER_SUPERSTORES_AND_WAREHOUSES,930000.0,925000.0,
5721837000,13389462000,arcadia,2020,Cardiff,RETAIL_OTHER_SUPERSTORES_AND_WAREHOUSES,930000.0,905000.0,
5745585000,1086696000,cath kidston,2020,Brighton and Hove,RETAIL_HIGH_STREET,84000.0,84500.0,
5745585000,4294018000,cath kidston,2020,Brighton and Hove,RETAIL_HIGH_STREET,84000.0,83000.0,
5745585000,235210141,cath kidston,2020,Brighton and Hove,RETAIL_HIGH_STREET,84000.0,83000.0,
5748054000,14908673000,prezzo,2018,Cheshire West and Chester,RETAIL_RESTAURANTS_AND_CAFES,82500.0,81500.0,
5748054000,14735099000,prezzo,2018,Cheshire West and Chester,RETAIL_RESTAURANTS_AND_CAFES,82500.0,84000.0,
5748054000,5122042000,prezzo,2018,Cheshire West and Chester,RETAIL_RESTAURANTS_AND_CAFES,82500.0,84500.0,
5758464000,216195042,prezzo,2018,Derby,RETAIL_RESTAURANTS_AND_CAFES,29250.0,29250.0,
5758464000,7084423000,prezzo,2018,Derby,RETAIL_RESTAURANTS_AND_CAFES,29250.0,29250.0,
5758464000,238898042,prezzo,2018,Derby,RETAIL_RESTAURANTS_AND_CAFES,29250.0,29000.0,
5776970000,11317519000,homebase,2024,Bradford,RETAIL_OTHER_SUPERSTORES_AND_WAREHOUSES,265000.0,260000.0,
5776970000,10487160000,homebase,2024,Bradford,RETAIL_OTHER_SUPERSTORES_AND_WAREHOUSES,265000.0,260000.0,
5776970000,681377000,homebase,2024,Bradford,RETAIL_OTHER_SUPERSTORES_AND_WAREHOUSES,265000.0,270000.0,
5779550000,14421568000,frankie&bennys,2020,Thanet,RETAIL_RESTAURANTS_AND_CAFES,89500.0,89500.0,
5779550000,520530145,frankie&bennys,2020,Thanet,RETAIL_RESTAURANTS_AND_CAFES,89500.0,87500.0,
5779550000,9458916000,frankie&bennys,2020,Thanet,RETAIL_RESTAURANTS_AND_CAFES,89500.0,93000.0,
5779566000,5874190000,chiquito,2020,Thanet,RETAIL_RESTAURANTS_AND_CAFES,88000.0,93500.0,
5779566000,8177409000,chiquito,2020,Thanet,RETAIL_RESTAURANTS_AND_CAFES,88000.0,96500.0,
5779566000,7377866000,chiquito,2020,Thanet,RETAIL_RESTAURANTS_AND_CAFES,88000.0,75000.0,
5781335000,9817533000,wilko,2023,County Durham,RETAIL_HIGH_STREET,130000.0,130000.0,
5781335000,13944675000,wilko,2023,County Durham,RETAIL_HIGH_STREET,130000.0,130000.0,
5781335000,13947207000,wilko,2023,County Durham,RETAIL_HIGH_STREET,130000.0,131000.0,
5797376000,189366022,maplin,2018,Harlow,RETAIL_OTHER_SUPERSTORES_AND_WAREHOUSES,108000.0,113000.0,
5797376000,1505533000,maplin,2018,Harlow,RETAIL_OTHER_SUPERSTORES_AND_WAREHOUSES,108000.0,113000.0,
5797376000,899046022,maplin,2018,Harlow,RETAIL_OTHER_SUPERSTORES_AND_WAREHOUSES,108000.0,100000.0,
5809657000,14969701000,carluccios,2020,Manchester,RETAIL_RESTAURANTS_AND_CAFES,60000.0,60000.0,
5809657000,382138000,carluccios,2020,Manchester,RETAIL_RESTAURANTS_AND_CAFES,60000.0,60000.0,
5809657000,6748313000,carluccios,2020,Manchester,RETAIL_RESTAURANTS_AND_CAFES,60000.0,60000.0,
5812943000,7930415000,homebase,2024,South Oxfordshire,RETAIL_HIGH_STREET,5700.0,5700.0,
5812943000,483422163,homebase,2024,South Oxfordshire,RETAIL_HIGH_STREET,5700.0,5700.0,
5812943000,7681933000,homebase,2024,South Oxfordshire,RETAIL_HIGH_STREET,5700.0,5700.0,
5827267000,8421726000,arcadia,2020,North Northamptonshire,RETAIL_HIGH_STREET,144000.0,143000.0,
5827267000,11074526000,arcadia,2020,North Northamptonshire,RETAIL_HIGH_STREET,144000.0,148000.0,
5827267000,5821625000,arcadia,2020,North Northamptonshire,RETAIL_HIGH_STREET,144000.0,135000.0,
5831085000,33201178,arcadia,2020,Isle of Wight,LEISURE_AMUSEMENT_AND_ENTERTAINMENT_CENTRES,21250.0,21000.0,
5831085000,78909178,arcadia,2020,Isle of Wight,LEISURE_AMUSEMENT_AND_ENTERTAINMENT_CENTRES,21250.0,20000.0,
5831085000,17211178,arcadia,2020,Isle of Wight,LEISURE_AMUSEMENT_AND_ENTERTAINMENT_CENTRES,21250.0,19750.0,
5836682000,8933970000,debenhams,2020,Derby,RETAIL_OTHER_SUPERSTORES_AND_WAREHOUSES,815000.0,795000.0,
5836682000,14206296000,debenhams,2020,Derby,RETAIL_OTHER_SUPERSTORES_AND_WAREHOUSES,815000.0,775000.0,
5836682000,9745645000,debenhams,2020,Derby,RETAIL_OTHER_SUPERSTORES_AND_WAREHOUSES,815000.0,770000.0,
5862750000,93099162,body shop,2024,Buckinghamshire,RETAIL_HIGH_STREET,55000.0,55000.0,
5862750000,13180466000,body shop,2024,Buckinghamshire,RETAIL_HIGH_STREET,55000.0,55000.0,
5862750000,5862800000,body shop,2024,Buckinghamshire,RETAIL_HIGH_STREET,55000.0,55000.0,
5862795000,5862777000,toys r us,2018,Buckinghamshire,RETAIL_HIGH_STREET,193000.0,196000.0,
5862795000,8059404000,toys r us,2018,Buckinghamshire,RETAIL_HIGH_STREET,193000.0,197000.0,
5862795000,3053833000,toys r us,2018,Buckinghamshire,RETAIL_HIGH_STREET,193000.0,184000.0,
5862874000,107579162,frankie&bennys,2020,Buckinghamshire,RETAIL_RESTAURANTS_AND_CAFES,84500.0,84500.0,
5862874000,14761192000,frankie&bennys,2020,Buckinghamshire,RETAIL_RESTAURANTS_AND_CAFES,84500.0,85000.0,
5862874000,83599162,frankie&bennys,2020,Buckinghamshire,RETAIL_RESTAURANTS_AND_CAFES,84500.0,83500.0,
5874948000,80894023,thomas cook,2019,Braintree,RETAIL_HIGH_STREET,23000.0,23000.0,
5874948000,177725023,thomas cook,2019,Braintree,RETAIL_HIGH_STREET,23000.0,23000.0,
5874948000,11407960000,thomas cook,2019,Braintree,RETAIL_HIGH_STREET,23000.0,23000.0,
5882343000,177591126,poundworld,2018,Preston,RETAIL_HIGH_STREET,138000.0,139000.0,
5882343000,4423986000,poundworld,2018,Preston,RETAIL_HIGH_STREET,138000.0,140000.0,
5882343000,6638180000,poundworld,2018,Preston,RETAIL_HIGH_STREET,138000.0,135000.0,
5895009000,8385496000,body shop,2024,North Northamptonshire,RETAIL_HIGH_STREET,37000.0,36750.0,
5895009000,15081544000,body shop,2024,North Northamptonshire,RETAIL_HIGH_STREET,37000.0,37250.0,
5895009000,143030045,body shop,2024,North Northamptonshire,RETAIL_HIGH_STREET,37000.0,37250.0,
5899955000,7836335000,frankie&bennys,2020,Cardiff,RETAIL_RESTAURANTS_AND_CAFES,69500.0,69600.0,
5899955000,161725192,frankie&bennys,2020,Cardiff,RETAIL_RESTAURANTS_AND_CAFES,69500.0,69250.0,
5899955000,14373379000,frankie&bennys,2020,Cardiff,RETAIL_RESTAURANTS_AND_CAFES,69500.0,69000.0,
5903205000,1689173000,wilko,2023,Birmingham,RETAIL_HIGH_STREET,51500.0,51500.0,
5903205000,559796221,wilko,2023,Birmingham,RETAIL_HIGH_STREET,51500.0,51500.0,
5903205000,452546221,wilko,2023,Birmingham,RETAIL_HIGH_STREET,51500.0,51500.0,
5911292000,1454904000,maplin,2018,Cannock Chase,RETAIL_OTHER_SUPERSTORES_AND_WAREHOUSES,58500.0,58500.0,
5911292000,5911296000,maplin,2018,Cannock Chase,RETAIL_OTHER_SUPERSTORES_AND_WAREHOUSES,58500.0,59500.0,
5911292000,189800226,maplin,2018,Cannock Chase,RETAIL_OTHER_SUPERSTORES_AND_WAREHOUSES,58500.0,56500.0,
5928285000,67695172,bhs,2016,"Bournemouth, Christchurch and Poole",RETAIL_OTHER_SUPERSTORES_AND_WAREHOUSES,375000.0,375000.0,
5928285000,306123172,bhs,2016,"Bournemouth, Christchurch and Poole",RETAIL_OTHER_SUPERSTORES_AND_WAREHOUSES,375000.0,372500.0,
5928285000,10660787000,bhs,2016,"Bournemouth, Christchurch and Poole",RETAIL_OTHER_SUPERSTORES_AND_WAREHOUSES,375000.0,377500.0,
5945956000,6636496000,paperchase,2023,Camden,RETAIL_HIGH_STREET,57000.0,57000.0,
5945956000,99789063,paperchase,2023,Camden,RETAIL_HIGH_STREET,57000.0,57000.0,
5945956000,2910986000,paperchase,2023,Camden,RETAIL_HIGH_STREET,57000.0,57000.0,
5963883000,186668104,arcadia,2020,County Durham,RETAIL_HIGH_STREET,3200.0,3200.0,
5963883000,11427240000,arcadia,2020,County Durham,RETAIL_HIGH_STREET,3200.0,3200.0,
5963883000,122973104,arcadia,2020,County Durham,RETAIL_HIGH_STREET,3200.0,3200.0,
5986801000,239824254,prezzo,2018,East Riding of Yorkshire,RETAIL_RESTAURANTS_AND_CAFES,41500.0,41500.0,
5986801000,5375777000,prezzo,2018,East Riding of Yorkshire,RETAIL_RESTAURANTS_AND_CAFES,41500.0,41750.0,
5986801000,14339222000,prezzo,2018,East Riding of Yorkshire,RETAIL_RESTAURANTS_AND_CAFES,41500.0,41750.0,
5990852000,6457167000,carluccios,2020,Cardiff,RETAIL_RESTAURANTS_AND_CAFES,86500.0,86000.0,
5990852000,161604192,carluccios,2020,Cardiff,RETAIL_RESTAURANTS_AND_CAFES,86500.0,87000.0,
5990852000,171637192,carluccios,2020,Cardiff,RETAIL_RESTAURANTS_AND_CAFES,86500.0,85000.0,
6015138000,157231192,prezzo,2018,Cardiff,RETAIL_RESTAURANTS_AND_CAFES,54000.0,54000.0,
6015138000,7464197000,prezzo,2018,Cardiff,RETAIL_RESTAURANTS_AND_CAFES,54000.0,54000.0,
6015138000,13265502000,prezzo,2018,Cardiff,RETAIL_RESTAURANTS_AND_CAFES,54000.0,54000.0,
6016576000,4412920000,thomas cook,2019,North Yorkshire,RETAIL_HIGH_STREET,10250.0,10250.0,
6016576000,68872105,thomas cook,2019,North Yorkshire,RETAIL_HIGH_STREET,10250.0,10250.0,
6016576000,91404108,thomas cook,2019,North Yorkshire,RETAIL_HIGH_STREET,10250.0,10250.0,
6032516000,579907162,prezzo,2018,Buckinghamshire,RETAIL_RESTAURANTS_AND_CAFES,56000.0,56000.0,
6032516000,545869162,prezzo,2018,Buckinghamshire,RETAIL_RESTAURANTS_AND_CAFES,56000.0,56500.0,
6032516000,8393160000,prezzo,2018,Buckinghamshire,RETAIL_RESTAURANTS_AND_CAFES,56000.0,55000.0,
6042800000,6441640000,poundworld,2018,Hammersmith and Fulham,RETAIL_HIGH_STREET,191000.0,191000.0,
6042800000,6444854000,poundworld,2018,Hammersmith and Fulham,RETAIL_HIGH_STREET,191000.0,191000.0,
6042800000,11781250000,poundworld,2018,Hammersmith and Fulham,RETAIL_HIGH_STREET,191000.0,191000.0,
6047013000,475956000,maplin,2018,Canterbury,RETAIL_OTHER_SUPERSTORES_AND_WAREHOUSES,157000.0,156500.0,
6047013000,11611598000,maplin,2018,Canterbury,RETAIL_OTHER_SUPERSTORES_AND_WAREHOUSES,157000.0,156000.0,
6047013000,538572145,maplin,2018,Canterbury,RETAIL_OTHER_SUPERSTORES_AND_WAREHOUSES,157000.0,155000.0,
6064379000,8163022000,arcadia,2020,Plymouth,RETAIL_OTHER_SUPERSTORES_AND_WAREHOUSES,347500.0,355000.0,
6064379000,11713060000,arcadia,2020,Plymouth,RETAIL_OTHER_SUPERSTORES_AND_WAREHOUSES,347500.0,327500.0,
6064379000,11345021000,arcadia,2020,Plymouth,RETAIL_OTHER_SUPERSTORES_AND_WAREHOUSES,347500.0,327500.0,
6073691000,14992508000,arcadia,2020,Cambridge,RETAIL_HIGH_STREET,153000.0,152000.0,
6073691000,12460359000,arcadia,2020,Cambridge,RETAIL_HIGH_STREET,153000.0,155000.0,
6073691000,31166012,arcadia,2020,Cambridge,RETAIL_HIGH_STREET,153000.0,155000.0,
6073950000,35108012,ted baker,2024,Cambridge,RETAIL_HIGH_STREET,262500.0,262500.0,
6073950000,9014681000,ted baker,2024,Cambridge,RETAIL_HIGH_STREET,262500.0,260000.0,
6073950000,6073521000,ted baker,2024,Cambridge,RETAIL_HIGH_STREET,262500.0,265000.0,
6081115000,8366806000,wilko,2023,"Bournemouth, Christchurch and Poole",RETAIL_OTHER_SUPERSTORES_AND_WAREHOUSES,137000.0,136000.0,
6081115000,5103006000,wilko,2023,"Bournemouth, Christchurch and Poole",RETAIL_OTHER_SUPERSTORES_AND_WAREHOUSES,137000.0,136000.0,
6081115000,7354781000,wilko,2023,"Bournemouth, Christchurch and Poole",RETAIL_OTHER_SUPERSTORES_AND_WAREHOUSES,137000.0,138000.0,
6094478000,7041915000,debenhams,2020,Ashford,RETAIL_OTHER_SUPERSTORES_AND_WAREHOUSES,485000.0,472500.0,
6094478000,13954776000,debenhams,2020,Ashford,RETAIL_OTHER_SUPERSTORES_AND_WAREHOUSES,485000.0,467500.0,
6094478000,9651444000,debenhams,2020,Ashford,RETAIL_OTHER_SUPERSTORES_AND_WAREHOUSES,485000.0,555000.0,
6096342000,35619042,wilko,2023,Derby,RETAIL_HIGH_STREET,55000.0,55000.0,
6096342000,9245691000,wilko,2023,Derby,RETAIL_HIGH_STREET,55000.0,55000.0,
6096342000,12821062000,wilko,2023,Derby,RETAIL_HIGH_STREET,55000.0,54500.0,
6096673000,186612125,poundworld,2018,Lancaster,RETAIL_HIGH_STREET,50500.0,49500.0,
6096673000,258163125,poundworld,2018,Lancaster,RETAIL_HIGH_STREET,50500.0,49000.0,
6096673000,104135125,poundworld,2018,Lancaster,RETAIL_HIGH_STREET,50500.0,48750.0,
6107443000,40912044,body shop,2024,Leicester,RETAIL_HIGH_STREET,59000.0,59000.0,
6107443000,6667655000,body shop,2024,Leicester,RETAIL_HIGH_STREET,59000.0,59000.0,
6107443000,10916296000,body shop,2024,Leicester,RETAIL_HIGH_STREET,59000.0,59500.0,
6115409000,296639172,homebase,2024,"Bournemouth, Christchurch and Poole",RETAIL_OTHER_SUPERSTORES_AND_WAREHOUSES,750000.0,850000.0,
6115409000,9091487000,homebase,2024,"Bournemouth, Christchurch and Poole",RETAIL_OTHER_SUPERSTORES_AND_WAREHOUSES,750000.0,910000.0,
6115409000,2069283000,homebase,2024,"Bournemouth, Christchurch and Poole",RETAIL_OTHER_SUPERSTORES_AND_WAREHOUSES,750000.0,940000.0,
6140242000,5955887000,ted baker,2024,City of London,RETAIL_HIGH_STREET,282500.0,282500.0,
6140242000,27911052,ted baker,2024,City of London,RETAIL_HIGH_STREET,282500.0,280000.0,
6140242000,8042815000,ted baker,2024,City of London,RETAIL_HIGH_STREET,282500.0,280000.0,
6155172000,10033142000,homebase,2024,Cardiff,RETAIL_OTHER_SUPERSTORES_AND_WAREHOUSES,492500.0,487500.0,
6155172000,11558385000,homebase,2024,Cardiff,RETAIL_OTHER_SUPERSTORES_AND_WAREHOUSES,492500.0,485000.0,
6155172000,6922527000,homebase,2024,Cardiff,RETAIL_OTHER_SUPERSTORES_AND_WAREHOUSES,492500.0,500000.0,
6161607000,537823145,cafe rouge,2020,Ashford,RETAIL_RESTAURANTS_AND_CAFES,75000.0,74750.0,
6161607000,5055641000,cafe rouge,2020,Ashford,RETAIL_RESTAURANTS_AND_CAFES,75000.0,73600.0,
6161607000,7379731000,cafe rouge,2020,Ashford,RETAIL_RESTAURANTS_AND_CAFES,75000.0,71000.0,
6162276000,187933000,homebase,2024,Lancaster,RETAIL_OTHER_SUPERSTORES_AND_WAREHOUSES,350000.0,342500.0,
6162276000,9635061000,homebase,2024,Lancaster,RETAIL_OTHER_SUPERSTORES_AND_WAREHOUSES,350000.0,342500.0,
6162276000,195391125,homebase,2024,Lancaster,RETAIL_OTHER_SUPERSTORES_AND_WAREHOUSES,350000.0,365000.0,
6163123000,245265045,frankie&bennys,2020,West Northamptonshire,OFFICE_GENERAL,4050.0,4050.0,
6163123000,4647501000,frankie&bennys,2020,West Northamptonshire,OFFICE_GENERAL,4050.0,4050.0,
6163123000,7166067000,frankie&bennys,2020,West Northamptonshire,OFFICE_GENERAL,4050.0,4050.0,
6164612000,242532126,poundworld,2018,Preston,RETAIL_OTHER_SUPERSTORES_AND_WAREHOUSES,287500.0,285000.0,
6164612000,14704769000,poundworld,2018,Preston,RETAIL_OTHER_SUPERSTORES_AND_WAREHOUSES,287500.0,280000.0,
6164612000,12319777000,poundworld,2018,Preston,RETAIL_OTHER_SUPERSTORES_AND_WAREHOUSES,287500.0,295000.0,
6176821000,7758815000,homebase,2024,"Bristol, City of",RETAIL_HIGH_STREET,29000.0,29000.0,
6176821000,247108212,homebase,2024,"Bristol, City of",RETAIL_HIGH_STREET,29000.0,29000.0,
6176821000,97501212,homebase,2024,"Bristol, City of",RETAIL_HIGH_STREET,29000.0,29000.0,
6199192000,6105852000,maplin,2018,Coventry,RETAIL_OTHER_SUPERSTORES_AND_WAREHOUSES,105000.0,105000.0,
6199192000,6199193000,maplin,2018,Coventry,RETAIL_OTHER_SUPERSTORES_AND_WAREHOUSES,105000.0,103000.0,
6199192000,8640039000,maplin,2018,Coventry,RETAIL_OTHER_SUPERSTORES_AND_WAREHOUSES,105000.0,108000.0,
6203155000,7879705000,bella italia,2020,Southend-on-Sea,RETAIL_RESTAURANTS_AND_CAFES,70500.0,71500.0,
6203155000,11096890000,bella italia,2020,Southend-on-Sea,RETAIL_RESTAURANTS_AND_CAFES,70500.0,68500.0,
6203155000,2852831000,bella italia,2020,Southend-on-Sea,RETAIL_RESTAURANTS_AND_CAFES,70500.0,72500.0,
6204262000,90773236,wilko,2023,Stoke-on-Trent,RETAIL_RESTAURANTS_AND_CAFES,17500.0,17500.0,
6204262000,10252412000,wilko,2023,Stoke-on-Trent,RETAIL_RESTAURANTS_AND_CAFES,17500.0,17500.0,
6204262000,99602236,wilko,2023,Stoke-on-Trent,RETAIL_RESTAURANTS_AND_CAFES,17500.0,17500.0,
6227420000,11876028000,wilko,2023,Torbay,RETAIL_OTHER_SUPERSTORES_AND_WAREHOUSES,315000.0,317500.0,
6227420000,298072182,wilko,2023,Torbay,RETAIL_OTHER_SUPERSTORES_AND_WAREHOUSES,315000.0,317500.0,
6227420000,8992300000,wilko,2023,Torbay,RETAIL_OTHER_SUPERSTORES_AND_WAREHOUSES,315000.0,330000.0,
6230869000,7004308000,body shop,2024,Gloucester,OFFICE_GENERAL,700.0,700.0,
6230869000,10210134000,body shop,2024,Gloucester,OFFICE_GENERAL,700.0,700.0,
6230869000,9394864000,body shop,2024,Gloucester,OFFICE_GENERAL,700.0,700.0,
6249947000,9684299000,prezzo,2018,Wiltshire,RETAIL_RESTAURANTS_AND_CAFES,53000.0,53250.0,
6249947000,8942890000,prezzo,2018,Wiltshire,RETAIL_RESTAURANTS_AND_CAFES,53000.0,52500.0,
6249947000,10412731000,prezzo,2018,Wiltshire,RETAIL_RESTAURANTS_AND_CAFES,53000.0,52500.0,
6259152000,12762190000,body shop,2024,Southampton,INDUSTRIAL_GENERAL,41500.0,41500.0,
6259152000,199842176,body shop,2024,Southampton,INDUSTRIAL_GENERAL,41500.0,41750.0,
6259152000,12379564000,body shop,2024,Southampton,INDUSTRIAL_GENERAL,41500.0,41750.0,
6264432000,4112062000,bhs,2016,Stoke-on-Trent,RETAIL_OTHER_SUPERSTORES_AND_WAREHOUSES,412500.0,410000.0,
6264432000,4253877000,bhs,2016,Stoke-on-Trent,RETAIL_OTHER_SUPERSTORES_AND_WAREHOUSES,412500.0,407500.0,
6264432000,5782590000,bhs,2016,Stoke-on-Trent,RETAIL_OTHER_SUPERSTORES_AND_WAREHOUSES,412500.0,405000.0,
6276766000,158844046,body shop,2024,Charnwood,INDUSTRIAL_GENERAL,2900.0,2900.0,
6276766000,6667475000,body shop,2024,Charnwood,INDUSTRIAL_GENERAL,2900.0,2900.0,
6276766000,158820046,body shop,2024,Charnwood,INDUSTRIAL_GENERAL,2900.0,2900.0,
6295429000,166579104,wilko,2023,County Durham,RETAIL_OTHER_SUPERSTORES_AND_WAREHOUSES,147000.0,148000.0,
6295429000,13780149000,wilko,2023,County Durham,RETAIL_OTHER_SUPERSTORES_AND_WAREHOUSES,147000.0,145000.0,
6295429000,14598807000,wilko,2023,County Durham,RETAIL_OTHER_SUPERSTORES_AND_WAREHOUSES,147000.0,149000.0,
6297308000,9181743000,strada,2018,Tower Hamlets,RETAIL_RESTAURANTS_AND_CAFES,70500.0,70000.0,
6297308000,8177967000,strada,2018,Tower Hamlets,RETAIL_RESTAURANTS_AND_CAFES,70500.0,70000.0,
6297308000,253264058,strada,2018,Tower Hamlets,RETAIL_RESTAURANTS_AND_CAFES,70500.0,70000.0,
6306148000,185574126,arcadia,2020,Preston,RETAIL_HIGH_STREET,156000.0,157000.0,
6306148000,178780126,arcadia,2020,Preston,RETAIL_HIGH_STREET,156000.0,154000.0,
6306148000,7193126,arcadia,2020,Preston,RETAIL_HIGH_STREET,156000.0,158000.0,
6316014000,6665592000,wilko,2023,Bromley,RETAIL_OTHER_SUPERSTORES_AND_WAREHOUSES,147000.0,148000.0,
6316014000,234750072,wilko,2023,Bromley,RETAIL_OTHER_SUPERSTORES_AND_WAREHOUSES,147000.0,143000.0,
6316014000,4893351000,wilko,2023,Bromley,RETAIL_OTHER_SUPERSTORES_AND_WAREHOUSES,147000.0,151000.0,
6325678000,6325689000,debenhams,2020,Hammersmith and Fulham,RETAIL_OTHER_SUPERSTORES_AND_WAREHOUSES,1220000.0,1210000.0,
6325678000,6436493000,debenhams,2020,Hammersmith and Fulham,RETAIL_OTHER_SUPERSTORES_AND_WAREHOUSES,1220000.0,1200000.0,
6325678000,3942474000,debenhams,2020,Hammersmith and Fulham,RETAIL_OTHER_SUPERSTORES_AND_WAREHOUSES,1220000.0,1150000.0,
6329743000,12869526000,cath kidston,2020,Camden,RETAIL_HIGH_STREET,41000.0,41000.0,
6329743000,12086993000,cath kidston,2020,Camden,RETAIL_HIGH_STREET,41000.0,41000.0,
6329743000,8594902000,cath kidston,2020,Camden,RETAIL_HIGH_STREET,41000.0,41000.0,
6331349000,1630917000,chiquito,2020,Norwich,RETAIL_RESTAURANTS_AND_CAFES,83000.0,83000.0,
6331349000,2525949000,chiquito,2020,Norwich,RETAIL_RESTAURANTS_AND_CAFES,83000.0,82500.0,
6331349000,10516306000,chiquito,2020,Norwich,RETAIL_RESTAURANTS_AND_CAFES,83000.0,84000.0,
6331353000,14182092000,bella italia,2020,Norwich,RETAIL_RESTAURANTS_AND_CAFES,66000.0,66500.0,
6331353000,10103844000,bella italia,2020,Norwich,RETAIL_RESTAURANTS_AND_CAFES,66000.0,65000.0,
6331353000,8051757000,bella italia,2020,Norwich,RETAIL_RESTAURANTS_AND_CAFES,66000.0,67000.0,
6336688000,6336688000,arcadia,2020,Buckinghamshire,RETAIL_HIGH_STREET,128000.0,128000.0,
6336688000,5862817000,arcadia,2020,Buckinghamshire,RETAIL_HIGH_STREET,128000.0,128000.0,
6336688000,12068137000,arcadia,2020,Buckinghamshire,RETAIL_HIGH_STREET,128000.0,127000.0,
6354004000,11314343000,maplin,2018,South Gloucestershire,RETAIL_OTHER_SUPERSTORES_AND_WAREHOUSES,146000.0,145000.0,
6354004000,4710000,maplin,2018,South Gloucestershire,RETAIL_OTHER_SUPERSTORES_AND_WAREHOUSES,146000.0,145000.0,
6354004000,10032911000,maplin,2018,South Gloucestershire,RETAIL_OTHER_SUPERSTORES_AND_WAREHOUSES,146000.0,142000.0,
6374813000,12768875000,debenhams,2020,Blackpool,RETAIL_OTHER_SUPERSTORES_AND_WAREHOUSES,685000.0,670000.0,
6374813000,8936992000,debenhams,2020,Blackpool,RETAIL_OTHER_SUPERSTORES_AND_WAREHOUSES,685000.0,670000.0,
6374813000,14641551000,debenhams,2020,Blackpool,RETAIL_OTHER_SUPERSTORES_AND_WAREHOUSES,685000.0,650000.0,
6386549000,3819614000,wilko,2023,Rushmoor,RETAIL_OTHER_SUPERSTORES_AND_WAREHOUSES,226000.0,227000.0,
6386549000,3819615000,wilko,2023,Rushmoor,RETAIL_OTHER_SUPERSTORES_AND_WAREHOUSES,226000.0,218000.0,
6386549000,6478602000,wilko,2023,Rushmoor,RETAIL_OTHER_SUPERSTORES_AND_WAREHOUSES,226000.0,234000.0,
6387198000,460619045,paperchase,2023,North Northamptonshire,WAREHOUSING_LARGE_SCALE_AND_HIGH_BAY,560000.0,560000.0,
6387198000,3999745000,paperchase,2023,North Northamptonshire,WAREHOUSING_LARGE_SCALE_AND_HIGH_BAY,560000.0,565000.0,
6387198000,4953185000,paperchase,2023,North Northamptonshire,WAREHOUSING_LARGE_SCALE_AND_HIGH_BAY,560000.0,565000.0,
6391809000,6656664000,carluccios,2020,Camden,RETAIL_RESTAURANTS_AND_CAFES,88000.0,88000.0,
6391809000,62391063,carluccios,2020,Camden,RETAIL_RESTAURANTS_AND_CAFES,88000.0,88000.0,
6391809000,832934000,carluccios,2020,Camden,RETAIL_RESTAURANTS_AND_CAFES,88000.0,88000.0,
6394346000,6394295000,arcadia,2020,"Bristol, City of",RETAIL_HIGH_STREET,225000.0,221000.0,
6394346000,6394733000,arcadia,2020,"Bristol, City of",RETAIL_HIGH_STREET,225000.0,221000.0,
6394346000,11763639000,arcadia,2020,"Bristol, City of",RETAIL_HIGH_STREET,225000.0,221000.0,
6394436000,6394436000,arcadia,2020,"Bristol, City of",RETAIL_OTHER_SUPERSTORES_AND_WAREHOUSES,565000.0,565000.0,
6394436000,6395702000,arcadia,2020,"Bristol, City of",RETAIL_OTHER_SUPERSTORES_AND_WAREHOUSES,565000.0,580000.0,
6394436000,10894570000,arcadia,2020,"Bristol, City of",RETAIL_OTHER_SUPERSTORES_AND_WAREHOUSES,565000.0,595000.0,
6394442000,249910212,body shop,2024,"Bristol, City of",RETAIL_HIGH_STREET,141000.0,141000.0,
6394442000,6395156000,body shop,2024,"Bristol, City of",RETAIL_HIGH_STREET,141000.0,141000.0,
6394442000,6394277000,body shop,2024,"Bristol, City of",RETAIL_HIGH_STREET,141000.0,142000.0,
6394699000,623585000,arcadia,2020,"Bristol, City of",RETAIL_OTHER_SUPERSTORES_AND_WAREHOUSES,490000.0,490000.0,
6394699000,333991212,arcadia,2020,"Bristol, City of",RETAIL_OTHER_SUPERSTORES_AND_WAREHOUSES,490000.0,495000.0,
6394699000,333995212,arcadia,2020,"Bristol, City of",RETAIL_OTHER_SUPERSTORES_AND_WAREHOUSES,490000.0,470000.0,
6394779000,6394282000,ted baker,2024,"Bristol, City of",RETAIL_HIGH_STREET,162000.0,162000.0,
6394779000,6394779000,ted baker,2024,"Bristol, City of",RETAIL_HIGH_STREET,162000.0,162000.0,
6394779000,344152212,ted baker,2024,"Bristol, City of",RETAIL_HIGH_STREET,162000.0,162000.0,
6394807000,5424507000,carluccios,2020,"Bristol, City of",RETAIL_RESTAURANTS_AND_CAFES,104000.0,103000.0,
6394807000,13558851000,carluccios,2020,"Bristol, City of",RETAIL_RESTAURANTS_AND_CAFES,104000.0,103000.0,
6394807000,7468976000,carluccios,2020,"Bristol, City of",RETAIL_RESTAURANTS_AND_CAFES,104000.0,103000.0,
6394959000,493790000,bella italia,2020,"Bristol, City of",RETAIL_RESTAURANTS_AND_CAFES,78000.0,78000.0,
6394959000,9708305000,bella italia,2020,"Bristol, City of",RETAIL_RESTAURANTS_AND_CAFES,78000.0,78000.0,
6394959000,11104930000,bella italia,2020,"Bristol, City of",RETAIL_RESTAURANTS_AND_CAFES,78000.0,77750.0,
6394969000,15004378000,frankie&bennys,2020,"Bristol, City of",RETAIL_RESTAURANTS_AND_CAFES,108000.0,108000.0,
6394969000,10792576000,frankie&bennys,2020,"Bristol, City of",RETAIL_RESTAURANTS_AND_CAFES,108000.0,107000.0,
6394969000,6394731000,frankie&bennys,2020,"Bristol, City of",RETAIL_RESTAURANTS_AND_CAFES,108000.0,107000.0,
6394973000,13445851000,prezzo,2018,"Bristol, City of",RETAIL_RESTAURANTS_AND_CAFES,92500.0,92500.0,
6394973000,330580212,prezzo,2018,"Bristol, City of",RETAIL_RESTAURANTS_AND_CAFES,92500.0,93000.0,
6394973000,347141212,prezzo,2018,"Bristol, City of",RETAIL_RESTAURANTS_AND_CAFES,92500.0,91500.0,
6399299000,14324160000,byron,2020,Leicester,RETAIL_RESTAURANTS_AND_CAFES,82500.0,82000.0,
6399299000,7071411000,byron,2020,Leicester,RETAIL_RESTAURANTS_AND_CAFES,82500.0,81500.0,
6399299000,9616891000,byron,2020,Leicester,RETAIL_RESTAURANTS_AND_CAFES,82500.0,81500.0,
6399308000,11287239000,prezzo,2018,Leicester,RETAIL_RESTAURANTS_AND_CAFES,61000.0,61000.0,
6399308000,14723068000,prezzo,2018,Leicester,RETAIL_RESTAURANTS_AND_CAFES,61000.0,61500.0,
6399308000,5519884000,prezzo,2018,Leicester,RETAIL_RESTAURANTS_AND_CAFES,61000.0,61500.0,
6409933000,6425121000,cath kidston,2020,Leicester,RETAIL_HIGH_STREET,126000.0,126000.0,
6409933000,40920044,cath kidston,2020,Leicester,RETAIL_HIGH_STREET,126000.0,127000.0,
6409933000,194438044,cath kidston,2020,Leicester,RETAIL_HIGH_STREET,126000.0,127000.0,
6409937000,6425133000,arcadia,2020,Leicester,RETAIL_HIGH_STREET,515000.0,510000.0,
6409937000,6409924000,arcadia,2020,Leicester,RETAIL_HIGH_STREET,515000.0,490000.0,
6409937000,6425144000,arcadia,2020,Leicester,RETAIL_HIGH_STREET,515000.0,555000.0,
6409941000,6425138000,paperchase,2023,Leicester,RETAIL_HIGH_STREET,117000.0,117000.0,
6409941000,9723059000,paperchase,2023,Leicester,RETAIL_HIGH_STREET,117000.0,117000.0,
6409941000,6611721000,paperchase,2023,Leicester,RETAIL_HIGH_STREET,117000.0,116000.0,
6410738000,161325234,prezzo,2018,Telford and Wrekin,RETAIL_HIGH_STREET,3700.0,3700.0,
6410738000,162683234,prezzo,2018,Telford and Wrekin,RETAIL_HIGH_STREET,3700.0,3700.0,
6410738000,146016234,prezzo,2018,Telford and Wrekin,RETAIL_HIGH_STREET,3700.0,3700.0,
6411361000,10058409000,maplin,2018,Bedford,RETAIL_OTHER_SUPERSTORES_AND_WAREHOUSES,78000.0,77000.0,
6411361000,29978011,maplin,2018,Bedford,RETAIL_OTHER_SUPERSTORES_AND_WAREHOUSES,78000.0,72000.0,
6411361000,14997340000,maplin,2018,Bedford,RETAIL_OTHER_SUPERSTORES_AND_WAREHOUSES,78000.0,70000.0,
6414202000,15018922000,body shop,2024,South Oxfordshire,RETAIL_HIGH_STREET,22750.0,22750.0,
6414202000,3280468000,body shop,2024,South Oxfordshire,RETAIL_HIGH_STREET,22750.0,22750.0,
6414202000,5016938000,body shop,2024,South Oxfordshire,RETAIL_HIGH_STREET,22750.0,22750.0,
6421883000,10052242000,debenhams,2020,Basingstoke and Deane,RETAIL_OTHER_SUPERSTORES_AND_WAREHOUSES,890000.0,675000.0,
6421883000,13085016000,debenhams,2020,Basingstoke and Deane,RETAIL_OTHER_SUPERSTORES_AND_WAREHOUSES,890000.0,1240000.0,
6421883000,2695890000,debenhams,2020,Basingstoke and Deane,RETAIL_OTHER_SUPERSTORES_AND_WAREHOUSES,890000.0,525000.0,
6423710000,945678000,arcadia,2020,Hammersmith and Fulham,OFFICE_GENERAL,0.0,0.0,
6423710000,2524831000,arcadia,2020,Hammersmith and Fulham,OFFICE_GENERAL,0.0,0.0,
6423710000,2524838000,arcadia,2020,Hammersmith and Fulham,OFFICE_GENERAL,0.0,0.0,
6425151000,101400000,body shop,2024,Leicester,RETAIL_HIGH_STREET,101000.0,101000.0,
6425151000,6871367000,body shop,2024,Leicester,RETAIL_HIGH_STREET,101000.0,100000.0,
6425151000,1237543000,body shop,2024,Leicester,RETAIL_HIGH_STREET,101000.0,102000.0,
6432545000,190144072,maplin,2018,Bromley,RETAIL_OTHER_SUPERSTORES_AND_WAREHOUSES,150000.0,151000.0,
6432545000,729699072,maplin,2018,Bromley,RETAIL_OTHER_SUPERSTORES_AND_WAREHOUSES,150000.0,142000.0,
6432545000,4893326000,maplin,2018,Bromley,RETAIL_OTHER_SUPERSTORES_AND_WAREHOUSES,150000.0,159000.0,
6437208000,172168082,carluccios,2020,Hammersmith and Fulham,RETAIL_RESTAURANTS_AND_CAFES,55000.0,55000.0,
6437208000,222792082,carluccios,2020,Hammersmith and Fulham,RETAIL_RESTAURANTS_AND_CAFES,55000.0,55000.0,
6437208000,14005059000,carluccios,2020,Hammersmith and Fulham,RETAIL_RESTAURANTS_AND_CAFES,55000.0,55000.0,
6442500000,6463427000,arcadia,2020,Cardiff,RETAIL_OTHER_SUPERSTORES_AND_WAREHOUSES,197000.0,196000.0,
6442500000,6579904000,arcadia,2020,Cardiff,RETAIL_OTHER_SUPERSTORES_AND_WAREHOUSES,197000.0,198000.0,
6442500000,554595000,arcadia,2020,Cardiff,RETAIL_OTHER_SUPERSTORES_AND_WAREHOUSES,197000.0,199000.0,
6444754000,6446367000,ted baker,2024,Hammersmith and Fulham,RETAIL_HIGH_STREET,204000.0,204000.0,
6444754000,6802528000,ted baker,2024,Hammersmith and Fulham,RETAIL_HIGH_STREET,204000.0,204000.0,
6444754000,12604264000,ted baker,2024,Hammersmith and Fulham,RETAIL_HIGH_STREET,204000.0,204000.0,
6444924000,11039540000,mothercare,2019,Hammersmith and Fulham,RETAIL_HIGH_STREET,133000.0,133000.0,
6444924000,2232258000,mothercare,2019,Hammersmith and Fulham,RETAIL_HIGH_STREET,133000.0,132000.0,
6444924000,6446510000,mothercare,2019,Hammersmith and Fulham,RETAIL_HIGH_STREET,133000.0,132000.0,
6445123000,6448225000,cath kidston,2020,Hammersmith and Fulham,RETAIL_HIGH_STREET,224000.0,224000.0,
6445123000,11781357000,cath kidston,2020,Hammersmith and Fulham,RETAIL_HIGH_STREET,224000.0,223000.0,
6445123000,6445126000,cath kidston,2020,Hammersmith and Fulham,RETAIL_HIGH_STREET,224000.0,225000.0,
6448424000,648255082,ted baker,2024,Hammersmith and Fulham,RETAIL_HIGH_STREET,65000.0,65000.0,
6448424000,349867082,ted baker,2024,Hammersmith and Fulham,RETAIL_HIGH_STREET,65000.0,65000.0,
6448424000,8292401000,ted baker,2024,Hammersmith and Fulham,RETAIL_HIGH_STREET,65000.0,65000.0,
6451278000,222596082,byron,2020,Hammersmith and Fulham,RETAIL_RESTAURANTS_AND_CAFES,161000.0,162500.0,
6451278000,11051716000,byron,2020,Hammersmith and Fulham,RETAIL_RESTAURANTS_AND_CAFES,161000.0,157000.0,
6451278000,7244156000,byron,2020,Hammersmith and Fulham,RETAIL_RESTAURANTS_AND_CAFES,161000.0,165000.0,
6461732000,9127245000,carluccios,2020,Leicester,RETAIL_RESTAURANTS_AND_CAFES,64500.0,63500.0,
6461732000,6227954000,carluccios,2020,Leicester,RETAIL_RESTAURANTS_AND_CAFES,64500.0,63000.0,
6461732000,6399363000,carluccios,2020,Leicester,RETAIL_RESTAURANTS_AND_CAFES,64500.0,62500.0,
6488791000,215409162,cath kidston,2020,Milton Keynes,RETAIL_HIGH_STREET,125000.0,125000.0,
6488791000,215422162,cath kidston,2020,Milton Keynes,RETAIL_HIGH_STREET,125000.0,127000.0,
6488791000,6488787000,cath kidston,2020,Milton Keynes,RETAIL_HIGH_STREET,125000.0,127000.0,
6488812000,7581000000,chiquito,2020,York,RETAIL_RESTAURANTS_AND_CAFES,100000.0,100000.0,
6488812000,5202272000,chiquito,2020,York,RETAIL_RESTAURANTS_AND_CAFES,100000.0,103000.0,
6488812000,7665264000,chiquito,2020,York,RETAIL_RESTAURANTS_AND_CAFES,100000.0,96000.0,
6494776000,11836036000,bhs,2016,Sunderland,RETAIL_OTHER_SUPERSTORES_AND_WAREHOUSES,352500.0,352500.0,
6494776000,10586330000,bhs,2016,Sunderland,RETAIL_OTHER_SUPERSTORES_AND_WAREHOUSES,352500.0,367500.0,
6494776000,2369429000,bhs,2016,Sunderland,RETAIL_OTHER_SUPERSTORES_AND_WAREHOUSES,352500.0,370000.0,
6510098000,208289011,wilko,2023,Central Bedfordshire,RETAIL_HIGH_STREET,87000.0,84500.0,
6510098000,1764582000,wilko,2023,Central Bedfordshire,RETAIL_HIGH_STREET,87000.0,96500.0,
6510098000,7318507000,wilko,2023,Central Bedfordshire,RETAIL_HIGH_STREET,87000.0,98000.0,
6519092000,930755000,maplin,2018,Leeds,RETAIL_HIGH_STREET,66000.0,66000.0,
6519092000,12821929000,maplin,2018,Leeds,RETAIL_HIGH_STREET,66000.0,66000.0,
6519092000,2892989000,maplin,2018,Leeds,RETAIL_HIGH_STREET,66000.0,66000.0,
6527181000,37160212,bella italia,2020,"Bristol, City of",RETAIL_HIGH_STREET,8200.0,8200.0,
6527181000,63842212,bella italia,2020,"Bristol, City of",RETAIL_HIGH_STREET,8200.0,8200.0,
6527181000,15019865000,bella italia,2020,"Bristol, City of",RETAIL_HIGH_STREET,8200.0,8200.0,
6531474000,6874440000,body shop,2024,Tower Hamlets,RETAIL_HIGH_STREET,115000.0,115000.0,
6531474000,6202287000,body shop,2024,Tower Hamlets,RETAIL_HIGH_STREET,115000.0,114000.0,
6531474000,14294557000,body shop,2024,Tower Hamlets,RETAIL_HIGH_STREET,115000.0,114000.0,
6567762000,206214175,arcadia,2020,Fareham,INDUSTRIAL_GENERAL,4150.0,4150.0,
6567762000,6567762000,arcadia,2020,Fareham,INDUSTRIAL_GENERAL,4150.0,4150.0,
6567762000,206294175,arcadia,2020,Fareham,INDUSTRIAL_GENERAL,4150.0,4150.0,
6574391000,3388944000,homebase,2024,York,RETAIL_OTHER_SUPERSTORES_AND_WAREHOUSES,575000.0,525000.0,
6574391000,10638490000,homebase,2024,York,RETAIL_OTHER_SUPERSTORES_AND_WAREHOUSES,575000.0,670000.0,
6574391000,935875000,homebase,2024,York,RETAIL_OTHER_SUPERSTORES_AND_WAREHOUSES,575000.0,670000.0,
6592261000,8364112000,homebase,2024,Wiltshire,WAREHOUSING_LARGE_SCALE_AND_HIGH_BAY,1510000.0,700000.0,
6592261000,15008804000,homebase,2024,Wiltshire,WAREHOUSING_LARGE_SCALE_AND_HIGH_BAY,1510000.0,630000.0,
6592261000,452490176,homebase,2024,Wiltshire,WAREHOUSING_LARGE_SCALE_AND_HIGH_BAY,1510000.0,625000.0,
6611606000,7927742000,arcadia,2020,Blackpool,OFFICE_GENERAL,7100.0,7100.0,
6611606000,253446125,arcadia,2020,Blackpool,OFFICE_GENERAL,7100.0,7100.0,
6611606000,12777730000,arcadia,2020,Blackpool,OFFICE_GENERAL,7100.0,7100.0,
6611612000,6425129000,thomas cook,2019,Leicester,RETAIL_HIGH_STREET,123000.0,123000.0,
6611612000,6667306000,thomas cook,2019,Leicester,RETAIL_HIGH_STREET,123000.0,122000.0,
6611612000,6611556000,thomas cook,2019,Leicester,RETAIL_HIGH_STREET,123000.0,122000.0,
6611653000,6611639000,toys r us,2018,Leicester,RETAIL_HIGH_STREET,140000.0,140000.0,
6611653000,6614010000,toys r us,2018,Leicester,RETAIL_HIGH_STREET,140000.0,140000.0,
6611653000,6613767000,toys r us,2018,Leicester,RETAIL_HIGH_STREET,140000.0,139000.0,
6617664000,432903221,wilko,2023,Birmingham,RETAIL_HIGH_STREET,108000.0,108000.0,
6617664000,10024119000,wilko,2023,Birmingham,RETAIL_HIGH_STREET,108000.0,108000.0,
6617664000,8399276000,wilko,2023,Birmingham,RETAIL_HIGH_STREET,108000.0,107000.0,
6623268000,10724954000,bella italia,2020,Surrey Heath,RETAIL_RESTAURANTS_AND_CAFES,58500.0,59000.0,
6623268000,3123083000,bella italia,2020,Surrey Heath,RETAIL_RESTAURANTS_AND_CAFES,58500.0,59700.0,
6623268000,748326000,bella italia,2020,Surrey Heath,RETAIL_RESTAURANTS_AND_CAFES,58500.0,59950.0,
6623384000,153297152,frankie&bennys,2020,Surrey Heath,RETAIL_RESTAURANTS_AND_CAFES,74500.0,75000.0,
6623384000,13764652000,frankie&bennys,2020,Surrey Heath,RETAIL_RESTAURANTS_AND_CAFES,74500.0,72600.0,
6623384000,10712823000,frankie&bennys,2020,Surrey Heath,RETAIL_RESTAURANTS_AND_CAFES,74500.0,77000.0,
6627597000,11140658000,wilko,2023,Leeds,RETAIL_OTHER_SUPERSTORES_AND_WAREHOUSES,525000.0,520000.0,
6627597000,14004219000,wilko,2023,Leeds,RETAIL_OTHER_SUPERSTORES_AND_WAREHOUSES,525000.0,530000.0,
6627597000,373712244,wilko,2023,Leeds,RETAIL_OTHER_SUPERSTORES_AND_WAREHOUSES,525000.0,510000.0,
6629012000,179007016,wilko,2023,Peterborough,RETAIL_OTHER_SUPERSTORES_AND_WAREHOUSES,83500.0,86500.0,
6629012000,183446016,wilko,2023,Peterborough,RETAIL_OTHER_SUPERSTORES_AND_WAREHOUSES,83500.0,86500.0,
6629012000,8939790000,wilko,2023,Peterborough,RETAIL_OTHER_SUPERSTORES_AND_WAREHOUSES,83500.0,79000.0,
6629375000,4663757000,prezzo,2018,Crawley,RETAIL_RESTAURANTS_AND_CAFES,39000.0,39000.0,
6629375000,174005141,prezzo,2018,Crawley,RETAIL_RESTAURANTS_AND_CAFES,39000.0,38750.0,
6629375000,13251713000,prezzo,2018,Crawley,RETAIL_RESTAURANTS_AND_CAFES,39000.0,38500.0,
6631992000,168444152,chiquito,2020,Surrey Heath,RETAIL_RESTAURANTS_AND_CAFES,54500.0,54000.0,
6631992000,9393881000,chiquito,2020,Surrey Heath,RETAIL_RESTAURANTS_AND_CAFES,54500.0,55500.0,
6631992000,6059228000,chiquito,2020,Surrey Heath,RETAIL_RESTAURANTS_AND_CAFES,54500.0,55600.0,
6635878000,9551318000,prezzo,2018,Surrey Heath,RETAIL_RESTAURANTS_AND_CAFES,62000.0,60500.0,
6635878000,342424152,prezzo,2018,Surrey Heath,RETAIL_RESTAURANTS_AND_CAFES,62000.0,63500.0,
6635878000,2518485000,prezzo,2018,Surrey Heath,RETAIL_RESTAURANTS_AND_CAFES,62000.0,65000.0,
6638424000,6463426000,wilko,2023,Cardiff,RETAIL_OTHER_SUPERSTORES_AND_WAREHOUSES,325000.0,317500.0,
6638424000,10687003000,wilko,2023,Cardiff,RETAIL_OTHER_SUPERSTORES_AND_WAREHOUSES,325000.0,332500.0,
6638424000,3888137000,wilko,2023,Cardiff,RETAIL_OTHER_SUPERSTORES_AND_WAREHOUSES,325000.0,337500.0,
6651895000,1834601000,frankie&bennys,2020,Guildford,RETAIL_RESTAURANTS_AND_CAFES,92000.0,91500.0,
6651895000,99095152,frankie&bennys,2020,Guildford,RETAIL_RESTAURANTS_AND_CAFES,92000.0,90000.0,
6651895000,80156152,frankie&bennys,2020,Guildford,RETAIL_RESTAURANTS_AND_CAFES,92000.0,90000.0,
6669744000,9272493000,frankie&bennys,2020,Camden,RETAIL_HIGH_STREET,19750.0,19750.0,
6669744000,6177815000,frankie&bennys,2020,Camden,RETAIL_HIGH_STREET,19750.0,19750.0,
6669744000,87105063,frankie&bennys,2020,Camden,RETAIL_HIGH_STREET,19750.0,19750.0,
6674795000,15071309000,frankie&bennys,2020,Canterbury,OFFICE_GENERAL,3600.0,3600.0,
6674795000,7846662000,frankie&bennys,2020,Canterbury,OFFICE_GENERAL,3600.0,3600.0,
6674795000,10604528000,frankie&bennys,2020,Canterbury,OFFICE_GENERAL,3600.0,3600.0,
6694027000,175005152,wilko,2023,Surrey Heath,RETAIL_OTHER_SUPERSTORES_AND_WAREHOUSES,126000.0,126000.0,
6694027000,6635271000,wilko,2023,Surrey Heath,RETAIL_OTHER_SUPERSTORES_AND_WAREHOUSES,126000.0,124000.0,
6694027000,168913152,wilko,2023,Surrey Heath,RETAIL_OTHER_SUPERSTORES_AND_WAREHOUSES,126000.0,118000.0,
6705751000,13902632000,arcadia,2020,Somerset,OFFICE_GENERAL,4850.0,4850.0,
6705751000,12871082000,arcadia,2020,Somerset,OFFICE_GENERAL,4850.0,4850.0,
6705751000,8291891000,arcadia,2020,Somerset,OFFICE_GENERAL,4850.0,4850.0,
6708381000,212151102,poundworld,2018,Stockton-on-Tees,RETAIL_HIGH_STREET,72000.0,72000.0,
6708381000,234814102,poundworld,2018,Stockton-on-Tees,RETAIL_HIGH_STREET,72000.0,71500.0,
6708381000,194148102,poundworld,2018,Stockton-on-Tees,RETAIL_HIGH_STREET,72000.0,71500.0,
6712421000,10328326000,cath kidston,2020,Kensington and Chelsea,OFFICE_GENERAL,95500.0,95500.0,
6712421000,4973799000,cath kidston,2020,Kensington and Chelsea,OFFICE_GENERAL,95500.0,95500.0,
6712421000,5100067000,cath kidston,2020,Kensington and Chelsea,OFFICE_GENERAL,95500.0,95500.0,
6712426000,13865546000,cath kidston,2020,Kensington and Chelsea,OFFICE_GENERAL,201000.0,201000.0,
6712426000,56551082,cath kidston,2020,Kensington and Chelsea,OFFICE_GENERAL,201000.0,200000.0,
6712426000,90914082,cath kidston,2020,Kensington and Chelsea,OFFICE_GENERAL,201000.0,200000.0,
6715444000,649249082,cath kidston,2020,Kensington and Chelsea,OFFICE_GENERAL,265000.0,265000.0,
6715444000,14938600000,cath kidston,2020,Kensington and Chelsea,OFFICE_GENERAL,265000.0,265000.0,
6715444000,6120756000,cath kidston,2020,Kensington and Chelsea,OFFICE_GENERAL,265000.0,262500.0,
6733603000,4683297000,wilko,2023,Charnwood,RETAIL_OTHER_SUPERSTORES_AND_WAREHOUSES,97000.0,99000.0,
6733603000,165507046,wilko,2023,Charnwood,RETAIL_OTHER_SUPERSTORES_AND_WAREHOUSES,97000.0,100000.0,
6733603000,1109896000,wilko,2023,Charnwood,RETAIL_OTHER_SUPERSTORES_AND_WAREHOUSES,97000.0,93500.0,
6737260000,159872145,prezzo,2018,Canterbury,RETAIL_RESTAURANTS_AND_CAFES,53000.0,53000.0,
6737260000,8805771000,prezzo,2018,Canterbury,RETAIL_RESTAURANTS_AND_CAFES,53000.0,53000.0,
6737260000,174118145,prezzo,2018,Canterbury,RETAIL_RESTAURANTS_AND_CAFES,53000.0,52500.0,
6747798000,205427045,homebase,2024,West Northamptonshire,RETAIL_OTHER_SUPERSTORES_AND_WAREHOUSES,270000.0,262500.0,
6747798000,2643861000,homebase,2024,West Northamptonshire,RETAIL_OTHER_SUPERSTORES_AND_WAREHOUSES,270000.0,260000.0,
6747798000,795576000,homebase,2024,West Northamptonshire,RETAIL_OTHER_SUPERSTORES_AND_WAREHOUSES,270000.0,280000.0,
6758030000,190196186,mothercare,2019,Somerset,RETAIL_OTHER_SUPERSTORES_AND_WAREHOUSES,165000.0,166000.0,
6758030000,192458186,mothercare,2019,Somerset,RETAIL_OTHER_SUPERSTORES_AND_WAREHOUSES,165000.0,166000.0,
6758030000,10961148000,mothercare,2019,Somerset,RETAIL_OTHER_SUPERSTORES_AND_WAREHOUSES,165000.0,167000.0,
6762908000,14415285000,cath kidston,2020,Gloucester,RETAIL_HIGH_STREET,25750.0,25750.0,
6762908000,6762905000,cath kidston,2020,Gloucester,RETAIL_HIGH_STREET,25750.0,25750.0,
6762908000,6762903000,cath kidston,2020,Gloucester,RETAIL_HIGH_STREET,25750.0,25750.0,
6766895000,10146614000,wilko,2023,Stockton-on-Tees,RETAIL_OTHER_SUPERSTORES_AND_WAREHOUSES,150000.0,150000.0,
6766895000,3882453000,wilko,2023,Stockton-on-Tees,RETAIL_OTHER_SUPERSTORES_AND_WAREHOUSES,150000.0,150000.0,
6766895000,10152197000,wilko,2023,Stockton-on-Tees,RETAIL_OTHER_SUPERSTORES_AND_WAREHOUSES,150000.0,150000.0,
6770164000,306885152,byron,2020,Surrey Heath,RETAIL_RESTAURANTS_AND_CAFES,49750.0,49500.0,
6770164000,25712152,byron,2020,Surrey Heath,RETAIL_RESTAURANTS_AND_CAFES,49750.0,49300.0,
6770164000,168609152,byron,2020,Surrey Heath,RETAIL_RESTAURANTS_AND_CAFES,49750.0,50200.0,
6775523000,6804777000,arcadia,2020,Hammersmith and Fulham,RETAIL_OTHER_SUPERSTORES_AND_WAREHOUSES,1100000.0,1100000.0,
6775523000,10471415000,arcadia,2020,Hammersmith and Fulham,RETAIL_OTHER_SUPERSTORES_AND_WAREHOUSES,1100000.0,1080000.0,
6775523000,12804969000,arcadia,2020,Hammersmith and Fulham,RETAIL_OTHER_SUPERSTORES_AND_WAREHOUSES,1100000.0,1010000.0,
6775636000,9644296000,carluccios,2020,Cambridge,RETAIL_RESTAURANTS_AND_CAFES,107000.0,107500.0,
6775636000,35115012,carluccios,2020,Cambridge,RETAIL_RESTAURANTS_AND_CAFES,107000.0,109000.0,
6775636000,112881012,carluccios,2020,Cambridge,RETAIL_RESTAURANTS_AND_CAFES,107000.0,112000.0,
6793826000,15077106000,mothercare,2019,Stoke-on-Trent,RETAIL_OTHER_SUPERSTORES_AND_WAREHOUSES,525000.0,497500.0,
6793826000,132282236,mothercare,2019,Stoke-on-Trent,RETAIL_OTHER_SUPERSTORES_AND_WAREHOUSES,525000.0,490000.0,
6793826000,5118283000,mothercare,2019,Stoke-on-Trent,RETAIL_OTHER_SUPERSTORES_AND_WAREHOUSES,525000.0,487500.0,
6797748000,2363673000,body shop,2024,Leeds,INDUSTRIAL_GENERAL,6800.0,6800.0,
6797748000,11017897000,body shop,2024,Leeds,INDUSTRIAL_GENERAL,6800.0,6800.0,
6797748000,10896572000,body shop,2024,Leeds,INDUSTRIAL_GENERAL,6800.0,6800.0,
6807969000,8238957000,paperchase,2023,Hammersmith and Fulham,RETAIL_HIGH_STREET,492500.0,497500.0,
6807969000,6446363000,paperchase,2023,Hammersmith and Fulham,RETAIL_HIGH_STREET,492500.0,485000.0,
6807969000,11781363000,paperchase,2023,Hammersmith and Fulham,RETAIL_HIGH_STREET,492500.0,500000.0,
6810383000,10200534000,mothercare,2019,Reading,RETAIL_OTHER_SUPERSTORES_AND_WAREHOUSES,265000.0,262500.0,
6810383000,8800880000,mothercare,2019,Reading,RETAIL_OTHER_SUPERSTORES_AND_WAREHOUSES,265000.0,270000.0,
6810383000,9636890000,mothercare,2019,Reading,RETAIL_OTHER_SUPERSTORES_AND_WAREHOUSES,265000.0,252500.0,
6812401000,6812401000,arcadia,2020,Somerset,INDUSTRIAL_GENERAL,1725.0,1725.0,
6812401000,11969976000,arcadia,2020,Somerset,INDUSTRIAL_GENERAL,1725.0,1725.0,
6812401000,15035817000,arcadia,2020,Somerset,INDUSTRIAL_GENERAL,1725.0,1700.0,
6828958000,3105293000,frankie&bennys,2020,Colchester,RETAIL_RESTAURANTS_AND_CAFES,85000.0,85000.0,
6828958000,14832416000,frankie&bennys,2020,Colchester,RETAIL_RESTAURANTS_AND_CAFES,85000.0,84000.0,
6828958000,190281023,frankie&bennys,2020,Colchester,RETAIL_RESTAURANTS_AND_CAFES,85000.0,82000.0,
6847105000,11781360000,arcadia,2020,Hammersmith and Fulham,RETAIL_HIGH_STREET,885000.0,925000.0,
6847105000,11781346000,arcadia,2020,Hammersmith and Fulham,RETAIL_HIGH_STREET,885000.0,975000.0,
6847105000,11781314000,arcadia,2020,Hammersmith and Fulham,RETAIL_HIGH_STREET,885000.0,1000000.0,
6847146000,6611642000,poundworld,2018,Leicester,RETAIL_HIGH_STREET,128000.0,128000.0,
6847146000,6611712000,poundworld,2018,Leicester,RETAIL_HIGH_STREET,128000.0,128000.0,
6847146000,40918044,poundworld,2018,Leicester,RETAIL_HIGH_STREET,128000.0,127000.0,
6873444000,14990607000,paperchase,2023,Leeds,RETAIL_HIGH_STREET,29250.0,29250.0,
6873444000,12408367000,paperchase,2023,Leeds,RETAIL_HIGH_STREET,29250.0,29250.0,
6873444000,326947244,paperchase,2023,Leeds,RETAIL_HIGH_STREET,29250.0,29250.0,
6893812000,9645779000,maplin,2018,York,RETAIL_OTHER_SUPERSTORES_AND_WAREHOUSES,94000.0,94000.0,
6893812000,8040408000,maplin,2018,York,RETAIL_OTHER_SUPERSTORES_AND_WAREHOUSES,94000.0,96000.0,
6893812000,4266538000,maplin,2018,York,RETAIL_OTHER_SUPERSTORES_AND_WAREHOUSES,94000.0,98500.0,
6901876000,1830129000,prezzo,2018,Dorset,OFFICE_GENERAL,11500.0,11500.0,
6901876000,10912336000,prezzo,2018,Dorset,OFFICE_GENERAL,11500.0,11500.0,
6901876000,4017781000,prezzo,2018,Dorset,OFFICE_GENERAL,11500.0,11500.0,
6903250000,10050787000,poundworld,2018,Leeds,RETAIL_OTHER_SUPERSTORES_AND_WAREHOUSES,151000.0,148000.0,
6903250000,8993339000,poundworld,2018,Leeds,RETAIL_OTHER_SUPERSTORES_AND_WAREHOUSES,151000.0,146000.0,
6903250000,3845739000,poundworld,2018,Leeds,RETAIL_OTHER_SUPERSTORES_AND_WAREHOUSES,151000.0,144000.0,
6905054000,6905054000,arcadia,2020,Dorset,OFFICE_GENERAL,4000.0,4000.0,
6905054000,10899542000,arcadia,2020,Dorset,OFFICE_GENERAL,4000.0,4000.0,
6905054000,547917000,arcadia,2020,Dorset,OFFICE_GENERAL,4000.0,4000.0,
6917193000,99641173,wilko,2023,Dorset,RETAIL_HIGH_STREET,86000.0,87000.0,
6917193000,8139078000,wilko,2023,Dorset,RETAIL_HIGH_STREET,86000.0,84500.0,
6917193000,113287173,wilko,2023,Dorset,RETAIL_HIGH_STREET,86000.0,84500.0,
6919206000,7072970000,wilko,2023,Bromley,RETAIL_OTHER_SUPERSTORES_AND_WAREHOUSES,167000.0,169000.0,
6919206000,5015861000,wilko,2023,Bromley,RETAIL_OTHER_SUPERSTORES_AND_WAREHOUSES,167000.0,164000.0,
6919206000,3195427000,wilko,2023,Bromley,RETAIL_OTHER_SUPERSTORES_AND_WAREHOUSES,167000.0,170000.0,
6922193000,9533011000,cath kidston,2020,Cardiff,RETAIL_HIGH_STREET,186000.0,186000.0,
6922193000,6922210000,cath kidston,2020,Cardiff,RETAIL_HIGH_STREET,186000.0,186000.0,
6922193000,14024124000,cath kidston,2020,Cardiff,RETAIL_HIGH_STREET,186000.0,186000.0,
6922237000,12938405000,thomas cook,2019,Cardiff,RETAIL_HIGH_STREET,195000.0,195000.0,
6922237000,3406841000,thomas cook,2019,Cardiff,RETAIL_HIGH_STREET,195000.0,195000.0,
6922237000,7373478000,thomas cook,2019,Cardiff,RETAIL_HIGH_STREET,195000.0,195000.0,
6922268000,6922212000,byron,2020,Cardiff,RETAIL_HIGH_STREET,190000.0,191000.0,
6922268000,10563944000,byron,2020,Cardiff,RETAIL_HIGH_STREET,190000.0,192000.0,
6922268000,6922208000,byron,2020,Cardiff,RETAIL_HIGH_STREET,190000.0,187000.0,
6922314000,6922238000,paperchase,2023,Cardiff,RETAIL_HIGH_STREET,199000.0,199000.0,
6922314000,2658894000,paperchase,2023,Cardiff,RETAIL_HIGH_STREET,199000.0,199000.0,
6922314000,6922325000,paperchase,2023,Cardiff,RETAIL_HIGH_STREET,199000.0,198000.0,
6922425000,13361030000,cafe rouge,2020,Cardiff,RETAIL_RESTAURANTS_AND_CAFES,76500.0,76500.0,
6922425000,12376939000,cafe rouge,2020,Cardiff,RETAIL_RESTAURANTS_AND_CAFES,76500.0,77000.0,
6922425000,6922415000,cafe rouge,2020,Cardiff,RETAIL_RESTAURANTS_AND_CAFES,76500.0,77000.0,
6922426000,11531567000,prezzo,2018,Cardiff,RETAIL_RESTAURANTS_AND_CAFES,82000.0,81500.0,
6922426000,368025192,prezzo,2018,Cardiff,RETAIL_RESTAURANTS_AND_CAFES,82000.0,82500.0,
6922426000,1782728000,prezzo,2018,Cardiff,RETAIL_RESTAURANTS_AND_CAFES,82000.0,82500.0,
6922432000,7984929000,frankie&bennys,2020,Cardiff,RETAIL_RESTAURANTS_AND_CAFES,125000.0,125000.0,
6922432000,5698317000,frankie&bennys,2020,Cardiff,RETAIL_RESTAURANTS_AND_CAFES,125000.0,125000.0,
6922432000,14941485000,frankie&bennys,2020,Cardiff,RETAIL_RESTAURANTS_AND_CAFES,125000.0,126000.0,
6922508000,6922328000,body shop,2024,Cardiff,RETAIL_HIGH_STREET,197000.0,197000.0,
6922508000,6922509000,body shop,2024,Cardiff,RETAIL_HIGH_STREET,197000.0,197000.0,
6922508000,6922307000,body shop,2024,Cardiff,RETAIL_HIGH_STREET,197000.0,198000.0,
6924010000,3678925000,arcadia,2020,Cannock Chase,INDUSTRIAL_GENERAL,42750.0,42750.0,
6924010000,6924010000,arcadia,2020,Cannock Chase,INDUSTRIAL_GENERAL,42750.0,42750.0,
6924010000,1379647000,arcadia,2020,Cannock Chase,INDUSTRIAL_GENERAL,42750.0,43000.0,
6931641000,7666115000,carluccios,2020,South Gloucestershire,RETAIL_RESTAURANTS_AND_CAFES,100000.0,100000.0,
6931641000,3324010000,carluccios,2020,South Gloucestershire,RETAIL_RESTAURANTS_AND_CAFES,100000.0,100000.0,
6931641000,13352121000,carluccios,2020,South Gloucestershire,RETAIL_RESTAURANTS_AND_CAFES,100000.0,101000.0,
6934338000,90946000,mothercare,2019,"Bournemouth, Christchurch and Poole",RETAIL_OTHER_SUPERSTORES_AND_WAREHOUSES,172000.0,170500.0,
6934338000,190065172,mothercare,2019,"Bournemouth, Christchurch and Poole",RETAIL_OTHER_SUPERSTORES_AND_WAREHOUSES,172000.0,174000.0,
6934338000,179829172,mothercare,2019,"Bournemouth, Christchurch and Poole",RETAIL_OTHER_SUPERSTORES_AND_WAREHOUSES,172000.0,174000.0,
6943601000,9938392000,prezzo,2018,West Northamptonshire,RETAIL_RESTAURANTS_AND_CAFES,43750.0,43250.0,
6943601000,6929041000,prezzo,2018,West Northamptonshire,RETAIL_RESTAURANTS_AND_CAFES,43750.0,43000.0,
6943601000,102705000,prezzo,2018,West Northamptonshire,RETAIL_RESTAURANTS_AND_CAFES,43750.0,44500.0,
6946456000,37524017,bhs,2016,Watford,RETAIL_HIGH_STREET,9800.0,9800.0,
6946456000,11626185000,bhs,2016,Watford,RETAIL_HIGH_STREET,9800.0,9800.0,
6946456000,12834251000,bhs,2016,Watford,RETAIL_HIGH_STREET,9800.0,9800.0,
6946461000,13628362000,bhs,2016,Watford,RETAIL_HIGH_STREET,10500.0,10500.0,
6946461000,8298569000,bhs,2016,Watford,RETAIL_HIGH_STREET,10500.0,10500.0,
6946461000,4196759000,bhs,2016,Watford,RETAIL_HIGH_STREET,10500.0,10500.0,
6946474000,33133017,bhs,2016,Watford,RETAIL_HIGH_STREET,16000.0,16000.0,
6946474000,17583017,bhs,2016,Watford,RETAIL_HIGH_STREET,16000.0,16000.0,
6946474000,13359017,bhs,2016,Watford,RETAIL_HIGH_STREET,16000.0,15750.0,
6946476000,8076017,bhs,2016,Watford,RETAIL_HIGH_STREET,12500.0,12500.0,
6946476000,210482017,bhs,2016,Watford,RETAIL_HIGH_STREET,12500.0,12500.0,
6946476000,206222017,bhs,2016,Watford,RETAIL_HIGH_STREET,12500.0,12500.0,
6946931000,10789301000,cafe rouge,2020,Camden,RETAIL_RESTAURANTS_AND_CAFES,112000.0,112000.0,
6946931000,7062101000,cafe rouge,2020,Camden,RETAIL_RESTAURANTS_AND_CAFES,112000.0,112000.0,
6946931000,198132063,cafe rouge,2020,Camden,RETAIL_RESTAURANTS_AND_CAFES,112000.0,112000.0,
6947935000,8325048000,arcadia,2020,Stoke-on-Trent,RETAIL_OTHER_SUPERSTORES_AND_WAREHOUSES,410000.0,437500.0,
6947935000,5742748000,arcadia,2020,Stoke-on-Trent,RETAIL_OTHER_SUPERSTORES_AND_WAREHOUSES,410000.0,442500.0,
6947935000,9806489000,arcadia,2020,Stoke-on-Trent,RETAIL_OTHER_SUPERSTORES_AND_WAREHOUSES,410000.0,375000.0,
6955541000,12678618000,body shop,2024,"Bournemouth, Christchurch and Poole",INDUSTRIAL_GENERAL,9800.0,9800.0,
6955541000,8728132000,body shop,2024,"Bournemouth, Christchurch and Poole",INDUSTRIAL_GENERAL,9800.0,9800.0,
6955541000,8417532000,body shop,2024,"Bournemouth, Christchurch and Poole",INDUSTRIAL_GENERAL,9800.0,9800.0,
6956728000,9952830000,maplin,2018,North Northamptonshire,RETAIL_OTHER_SUPERSTORES_AND_WAREHOUSES,48500.0,49000.0,
6956728000,15043935000,maplin,2018,North Northamptonshire,RETAIL_OTHER_SUPERSTORES_AND_WAREHOUSES,48500.0,50000.0,
6956728000,213543045,maplin,2018,North Northamptonshire,RETAIL_OTHER_SUPERSTORES_AND_WAREHOUSES,48500.0,46500.0,
6970817000,9381022,bella italia,2020,Chelmsford,RETAIL_HIGH_STREET,0.0,0.0,
6970817000,907716022,bella italia,2020,Chelmsford,RETAIL_HIGH_STREET,0.0,0.0,
6970817000,10667897000,bella italia,2020,Chelmsford,RETAIL_HIGH_STREET,0.0,167.0,
6970842000,3137022,bhs,2016,Chelmsford,RETAIL_HIGH_STREET,6900.0,6900.0,
6970842000,54616022,bhs,2016,Chelmsford,RETAIL_HIGH_STREET,6900.0,6900.0,
6970842000,4671022,bhs,2016,Chelmsford,RETAIL_HIGH_STREET,6900.0,6900.0,
6985446000,8898436000,maplin,2018,City of London,RETAIL_HIGH_STREET,140000.0,140000.0,
6985446000,14504707000,maplin,2018,City of London,RETAIL_HIGH_STREET,140000.0,140000.0,
6985446000,14298093000,maplin,2018,City of London,RETAIL_HIGH_STREET,140000.0,140000.0,
7004191000,1484648000,cafe rouge,2020,Cheshire West and Chester,RETAIL_HIGH_STREET,109000.0,109000.0,
7004191000,18823132,cafe rouge,2020,Cheshire West and Chester,RETAIL_HIGH_STREET,109000.0,108000.0,
7004191000,271248132,cafe rouge,2020,Cheshire West and Chester,RETAIL_HIGH_STREET,109000.0,108000.0,
7013127000,659542000,cafe rouge,2020,South Gloucestershire,RETAIL_RESTAURANTS_AND_CAFES,87500.0,85000.0,
7013127000,144606000,cafe rouge,2020,South Gloucestershire,RETAIL_RESTAURANTS_AND_CAFES,87500.0,84500.0,
7013127000,659566000,cafe rouge,2020,South Gloucestershire,RETAIL_RESTAURANTS_AND_CAFES,87500.0,84350.0,
7013309000,4795000,poundworld,2018,South Gloucestershire,RETAIL_OTHER_SUPERSTORES_AND_WAREHOUSES,141000.0,140000.0,
7013309000,206590211,poundworld,2018,South Gloucestershire,RETAIL_OTHER_SUPERSTORES_AND_WAREHOUSES,141000.0,140000.0,
7013309000,1659073000,poundworld,2018,South Gloucestershire,RETAIL_OTHER_SUPERSTORES_AND_WAREHOUSES,141000.0,139000.0,
7021787000,4417308000,arcadia,2020,Gloucester,RETAIL_HIGH_STREET,190000.0,192000.0,
7021787000,5459193000,arcadia,2020,Gloucester,RETAIL_HIGH_STREET,190000.0,185000.0,
7021787000,4776924000,arcadia,2020,Gloucester,RETAIL_HIGH_STREET,190000.0,180000.0,
7029873000,242541236,arcadia,2020,Stoke-on-Trent,RETAIL_HIGH_STREET,2475.0,2475.0,
7029873000,6461252000,arcadia,2020,Stoke-on-Trent,RETAIL_HIGH_STREET,2475.0,2475.0,
7029873000,8820153000,arcadia,2020,Stoke-on-Trent,RETAIL_HIGH_STREET,2475.0,2475.0,
7037281000,13059339000,wilko,2023,County Durham,RETAIL_OTHER_SUPERSTORES_AND_WAREHOUSES,144000.0,143000.0,
7037281000,9190785000,wilko,2023,County Durham,RETAIL_OTHER_SUPERSTORES_AND_WAREHOUSES,144000.0,142000.0,
7037281000,13971302000,wilko,2023,County Durham,RETAIL_OTHER_SUPERSTORES_AND_WAREHOUSES,144000.0,142000.0,
7049044000,1636185000,arcadia,2020,"Bristol, City of",OFFICE_GENERAL,2800.0,2800.0,
7049044000,326988212,arcadia,2020,"Bristol, City of",OFFICE_GENERAL,2800.0,2800.0,
7049044000,11075691000,arcadia,2020,"Bristol, City of",OFFICE_GENERAL,2800.0,2800.0,
7058172000,4564686000,strada,2018,South Oxfordshire,RETAIL_HIGH_STREET,79500.0,79500.0,
7058172000,12852176000,strada,2018,South Oxfordshire,RETAIL_HIGH_STREET,79500.0,83500.0,
7058172000,4324490000,strada,2018,South Oxfordshire,RETAIL_HIGH_STREET,79500.0,83500.0,
7079597000,327308212,paperchase,2023,"Bristol, City of",RETAIL_HIGH_STREET,56500.0,56500.0,
7079597000,12407200000,paperchase,2023,"Bristol, City of",RETAIL_HIGH_STREET,56500.0,56000.0,
7079597000,246801212,paperchase,2023,"Bristol, City of",RETAIL_HIGH_STREET,56500.0,56000.0,
7087512000,4314237000,arcadia,2020,Southampton,OFFICE_GENERAL,0.0,0.0,
7087512000,2100888000,arcadia,2020,Southampton,OFFICE_GENERAL,0.0,0.0,
7087512000,197149176,arcadia,2020,Southampton,OFFICE_GENERAL,0.0,0.0,
7087565000,4537962000,arcadia,2020,Southampton,OFFICE_GENERAL,0.0,0.0,
7087565000,4628394000,arcadia,2020,Southampton,OFFICE_GENERAL,0.0,0.0,
7087565000,3939013000,arcadia,2020,Southampton,OFFICE_GENERAL,0.0,0.0,
7087715000,10029435000,poundworld,2018,Buckinghamshire,RETAIL_OTHER_SUPERSTORES_AND_WAREHOUSES,163000.0,163000.0,
7087715000,11304229000,poundworld,2018,Buckinghamshire,RETAIL_OTHER_SUPERSTORES_AND_WAREHOUSES,163000.0,169000.0,
7087715000,7525727000,poundworld,2018,Buckinghamshire,RETAIL_OTHER_SUPERSTORES_AND_WAREHOUSES,163000.0,155000.0,
7118364000,5871008000,arcadia,2020,Tunbridge Wells,RETAIL_OTHER_SUPERSTORES_AND_WAREHOUSES,312500.0,310000.0,
7118364000,5870999000,arcadia,2020,Tunbridge Wells,RETAIL_OTHER_SUPERSTORES_AND_WAREHOUSES,312500.0,315000.0,
7118364000,5871005000,arcadia,2020,Tunbridge Wells,RETAIL_OTHER_SUPERSTORES_AND_WAREHOUSES,312500.0,317500.0,
7122494000,13564753000,toys r us,2018,Nottingham,RETAIL_HIGH_STREET,136000.0,136000.0,
7122494000,1441037,toys r us,2018,Nottingham,RETAIL_HIGH_STREET,136000.0,136000.0,
7122494000,69102037,toys r us,2018,Nottingham,RETAIL_HIGH_STREET,136000.0,135000.0,
7126776000,1232949023,maplin,2018,Southend-on-Sea,RETAIL_OTHER_SUPERSTORES_AND_WAREHOUSES,117000.0,110000.0,
7126776000,897668023,maplin,2018,Southend-on-Sea,RETAIL_OTHER_SUPERSTORES_AND_WAREHOUSES,117000.0,110000.0,
7126776000,7701183000,maplin,2018,Southend-on-Sea,RETAIL_OTHER_SUPERSTORES_AND_WAREHOUSES,117000.0,125000.0,
7153962000,1111793000,wilko,2023,Brent,RETAIL_OTHER_SUPERSTORES_AND_WAREHOUSES,224000.0,224000.0,
7153962000,3811466000,wilko,2023,Brent,RETAIL_OTHER_SUPERSTORES_AND_WAREHOUSES,224000.0,222000.0,
7153962000,7801416000,wilko,2023,Brent,RETAIL_OTHER_SUPERSTORES_AND_WAREHOUSES,224000.0,211000.0,
7154843000,11553430000,prezzo,2018,Peterborough,RETAIL_RESTAURANTS_AND_CAFES,67500.0,67500.0,
7154843000,4433142000,prezzo,2018,Peterborough,RETAIL_RESTAURANTS_AND_CAFES,67500.0,67500.0,
7154843000,179454016,prezzo,2018,Peterborough,RETAIL_RESTAURANTS_AND_CAFES,67500.0,68000.0,
7163951000,3337468000,carluccios,2020,Cardiff,RETAIL_RESTAURANTS_AND_CAFES,94000.0,94000.0,
7163951000,159790192,carluccios,2020,Cardiff,RETAIL_RESTAURANTS_AND_CAFES,94000.0,93700.0,
7163951000,11661225000,carluccios,2020,Cardiff,RETAIL_RESTAURANTS_AND_CAFES,94000.0,94500.0,
7195500000,11951870000,prezzo,2018,Manchester,RETAIL_RESTAURANTS_AND_CAFES,153000.0,153000.0,
7195500000,1824050000,prezzo,2018,Manchester,RETAIL_RESTAURANTS_AND_CAFES,153000.0,152000.0,
7195500000,214998113,prezzo,2018,Manchester,RETAIL_RESTAURANTS_AND_CAFES,153000.0,150000.0,
7195565000,10918410000,poundworld,2018,"Bristol, City of",RETAIL_HIGH_STREET,226000.0,220000.0,
7195565000,245721212,poundworld,2018,"Bristol, City of",RETAIL_HIGH_STREET,226000.0,232000.0,
7195565000,336766212,poundworld,2018,"Bristol, City of",RETAIL_HIGH_STREET,226000.0,233000.0,
7222342000,986592000,frankie&bennys,2020,Sunderland,RETAIL_RESTAURANTS_AND_CAFES,83000.0,81000.0,
7222342000,10268307000,frankie&bennys,2020,Sunderland,RETAIL_RESTAURANTS_AND_CAFES,83000.0,85000.0,
7222342000,14825246000,frankie&bennys,2020,Sunderland,RETAIL_RESTAURANTS_AND_CAFES,83000.0,85000.0,
7255777000,4715972000,paperchase,2023,City of London,RETAIL_HIGH_STREET,209000.0,208000.0,
7255777000,44104052,paperchase,2023,City of London,RETAIL_HIGH_STREET,209000.0,205000.0,
7255777000,21911052,paperchase,2023,City of London,RETAIL_HIGH_STREET,209000.0,213000.0,
7258120000,277339254,body shop,2024,East Riding of Yorkshire,INDUSTRIAL_GENERAL,3500.0,3500.0,
7258120000,338569254,body shop,2024,East Riding of Yorkshire,INDUSTRIAL_GENERAL,3500.0,3500.0,
7258120000,14098864000,body shop,2024,East Riding of Yorkshire,INDUSTRIAL_GENERAL,3500.0,3500.0,
7273518000,100805045,homebase,2024,West Northamptonshire,INDUSTRIAL_GENERAL,8700.0,8700.0,
7273518000,100802045,homebase,2024,West Northamptonshire,INDUSTRIAL_GENERAL,8700.0,8700.0,
7273518000,2141546000,homebase,2024,West Northamptonshire,INDUSTRIAL_GENERAL,8700.0,8700.0,
7275944000,6819049000,arcadia,2020,Nottingham,INDUSTRIAL_GENERAL,49500.0,49500.0,
7275944000,7275944000,arcadia,2020,Nottingham,INDUSTRIAL_GENERAL,49500.0,49500.0,
7275944000,1168239000,arcadia,2020,Nottingham,INDUSTRIAL_GENERAL,49500.0,49500.0,
7285972000,52575000,cafe rouge,2020,Leicester,RETAIL_RESTAURANTS_AND_CAFES,80000.0,78000.0,
7285972000,6399136000,cafe rouge,2020,Leicester,RETAIL_RESTAURANTS_AND_CAFES,80000.0,78000.0,
7285972000,11330052000,cafe rouge,2020,Leicester,RETAIL_RESTAURANTS_AND_CAFES,80000.0,77000.0,
7287040000,3209875000,bhs,2016,Dudley,INDUSTRIAL_GENERAL,32000.0,32000.0,
7287040000,252021239,bhs,2016,Dudley,INDUSTRIAL_GENERAL,32000.0,32000.0,
7287040000,1703969000,bhs,2016,Dudley,INDUSTRIAL_GENERAL,32000.0,32000.0,
7302928000,12982779000,body shop,2024,Bradford,INDUSTRIAL_GENERAL,10750.0,10750.0,
7302928000,11182590000,body shop,2024,Bradford,INDUSTRIAL_GENERAL,10750.0,10750.0,
7302928000,194626241,body shop,2024,Bradford,INDUSTRIAL_GENERAL,10750.0,10750.0,
7305295000,4481058000,byron,2020,Tower Hamlets,RETAIL_RESTAURANTS_AND_CAFES,110000.0,110000.0,
7305295000,7257675000,byron,2020,Tower Hamlets,RETAIL_RESTAURANTS_AND_CAFES,110000.0,111000.0,
7305295000,162346058,byron,2020,Tower Hamlets,RETAIL_RESTAURANTS_AND_CAFES,110000.0,108000.0,
7321343000,659902000,arcadia,2020,Chelmsford,RETAIL_OTHER_SUPERSTORES_AND_WAREHOUSES,360000.0,342500.0,
7321343000,1383919000,arcadia,2020,Chelmsford,RETAIL_OTHER_SUPERSTORES_AND_WAREHOUSES,360000.0,342500.0,
7321343000,895110022,arcadia,2020,Chelmsford,RETAIL_OTHER_SUPERSTORES_AND_WAREHOUSES,360000.0,325000.0,
7338375000,3425993000,prezzo,2018,South Oxfordshire,RETAIL_RESTAURANTS_AND_CAFES,43250.0,43000.0,
7338375000,508863163,prezzo,2018,South Oxfordshire,RETAIL_RESTAURANTS_AND_CAFES,43250.0,43500.0,
7338375000,180661163,prezzo,2018,South Oxfordshire,RETAIL_RESTAURANTS_AND_CAFES,43250.0,43500.0,
7341616000,196872072,prezzo,2018,Bromley,RETAIL_HIGH_STREET,50000.0,50000.0,
7341616000,14747635000,prezzo,2018,Bromley,RETAIL_HIGH_STREET,50000.0,49750.0,
7341616000,165162072,prezzo,2018,Bromley,RETAIL_HIGH_STREET,50000.0,49750.0,
7344730000,6080750000,arcadia,2020,Southampton,OFFICE_GENERAL,0.0,0.0,
7344730000,2890849000,arcadia,2020,Southampton,OFFICE_GENERAL,0.0,0.0,
7344730000,6080753000,arcadia,2020,Southampton,OFFICE_GENERAL,0.0,0.0,
7344732000,7486788000,arcadia,2020,Southampton,OFFICE_GENERAL,0.0,0.0,
7344732000,7768109000,arcadia,2020,Southampton,OFFICE_GENERAL,0.0,0.0,
7344732000,6080751000,arcadia,2020,Southampton,OFFICE_GENERAL,0.0,0.0,
7346798000,315820172,wilko,2023,"Bournemouth, Christchurch and Poole",RETAIL_OTHER_SUPERSTORES_AND_WAREHOUSES,163000.0,163000.0,
7346798000,897107000,wilko,2023,"Bournemouth, Christchurch and Poole",RETAIL_OTHER_SUPERSTORES_AND_WAREHOUSES,163000.0,164000.0,
7346798000,125741000,wilko,2023,"Bournemouth, Christchurch and Poole",RETAIL_OTHER_SUPERSTORES_AND_WAREHOUSES,163000.0,164000.0,
7348213000,9105283000,arcadia,2020,Southampton,OFFICE_GENERAL,0.0,0.0,
7348213000,9105282000,arcadia,2020,Southampton,OFFICE_GENERAL,0.0,0.0,
7348213000,9105280000,arcadia,2020,Southampton,OFFICE_GENERAL,0.0,0.0,
7348214000,7483523000,arcadia,2020,Southampton,OFFICE_GENERAL,0.0,0.0,
7348214000,7962382000,arcadia,2020,Southampton,OFFICE_GENERAL,0.0,0.0,
7348214000,12088174000,arcadia,2020,Southampton,OFFICE_GENERAL,0.0,0.0,
7349806000,296355172,cath kidston,2020,"Bournemouth, Christchurch and Poole",RETAIL_HIGH_STREET,98500.0,98500.0,
7349806000,180840172,cath kidston,2020,"Bournemouth, Christchurch and Poole",RETAIL_HIGH_STREET,98500.0,97500.0,
7349806000,5780404000,cath kidston,2020,"Bournemouth, Christchurch and Poole",RETAIL_HIGH_STREET,98500.0,97500.0,
7350425000,328378148,frankie&bennys,2020,Ashford,RETAIL_RESTAURANTS_AND_CAFES,95000.0,97000.0,
7350425000,8275393000,frankie&bennys,2020,Ashford,RETAIL_RESTAURANTS_AND_CAFES,95000.0,102000.0,
7350425000,12452027000,frankie&bennys,2020,Ashford,RETAIL_RESTAURANTS_AND_CAFES,95000.0,85000.0,
7351429000,1959006000,byron,2020,Tower Hamlets,RETAIL_RESTAURANTS_AND_CAFES,115000.0,116000.0,
7351429000,8557187000,byron,2020,Tower Hamlets,RETAIL_RESTAURANTS_AND_CAFES,115000.0,113000.0,
7351429000,8051702000,byron,2020,Tower Hamlets,RETAIL_RESTAURANTS_AND_CAFES,115000.0,117000.0,
7355081000,6505922000,body shop,2024,Leeds,INDUSTRIAL_GENERAL,10000.0,10000.0,
7355081000,14847458000,body shop,2024,Leeds,INDUSTRIAL_GENERAL,10000.0,10000.0,
7355081000,15014858000,body shop,2024,Leeds,INDUSTRIAL_GENERAL,10000.0,10000.0,
7365795000,11277197000,prezzo,2018,Dorset,RETAIL_HIGH_STREET,29250.0,29250.0,
7365795000,185189000,prezzo,2018,Dorset,RETAIL_HIGH_STREET,29250.0,29250.0,
7365795000,293448172,prezzo,2018,Dorset,RETAIL_HIGH_STREET,29250.0,29250.0,
7372354000,3964756000,maplin,2018,Crawley,RETAIL_HIGH_STREET,110000.0,109000.0,
7372354000,323690141,maplin,2018,Crawley,RETAIL_HIGH_STREET,110000.0,107000.0,
7372354000,335346141,maplin,2018,Crawley,RETAIL_HIGH_STREET,110000.0,106000.0,
7377584000,14788476000,poundworld,2018,"Bristol, City of",RETAIL_OTHER_SUPERSTORES_AND_WAREHOUSES,173000.0,172000.0,
7377584000,1233986000,poundworld,2018,"Bristol, City of",RETAIL_OTHER_SUPERSTORES_AND_WAREHOUSES,173000.0,170000.0,
7377584000,6568796000,poundworld,2018,"Bristol, City of",RETAIL_OTHER_SUPERSTORES_AND_WAREHOUSES,173000.0,170000.0,
7380446000,5250439000,maplin,2018,Cheshire West and Chester,RETAIL_OTHER_SUPERSTORES_AND_WAREHOUSES,88000.0,88500.0,
7380446000,5202768000,maplin,2018,Cheshire West and Chester,RETAIL_OTHER_SUPERSTORES_AND_WAREHOUSES,88000.0,87000.0,
7380446000,10004877000,maplin,2018,Cheshire West and Chester,RETAIL_OTHER_SUPERSTORES_AND_WAREHOUSES,88000.0,86000.0,
7390490000,9548666000,maplin,2018,Kensington and Chelsea,RETAIL_HIGH_STREET,182000.0,181000.0,
7390490000,11080098000,maplin,2018,Kensington and Chelsea,RETAIL_HIGH_STREET,182000.0,183000.0,
7390490000,6941944000,maplin,2018,Kensington and Chelsea,RETAIL_HIGH_STREET,182000.0,183000.0,
7400133000,4534442000,poundworld,2018,Telford and Wrekin,RETAIL_OTHER_SUPERSTORES_AND_WAREHOUSES,86500.0,86000.0,
7400133000,163392234,poundworld,2018,Telford and Wrekin,RETAIL_OTHER_SUPERSTORES_AND_WAREHOUSES,86500.0,85500.0,
7400133000,7015000,poundworld,2018,Telford and Wrekin,RETAIL_OTHER_SUPERSTORES_AND_WAREHOUSES,86500.0,84000.0,
7424602000,205789175,arcadia,2020,Fareham,RETAIL_HIGH_STREET,175000.0,167000.0,
7424602000,202625175,arcadia,2020,Fareham,RETAIL_HIGH_STREET,175000.0,163000.0,
7424602000,195616000,arcadia,2020,Fareham,RETAIL_HIGH_STREET,175000.0,191000.0,
7427938000,7014800000,wilko,2023,Sevenoaks,RETAIL_OTHER_SUPERSTORES_AND_WAREHOUSES,50000.0,50000.0,
7427938000,94900148,wilko,2023,Sevenoaks,RETAIL_OTHER_SUPERSTORES_AND_WAREHOUSES,50000.0,49000.0,
7427938000,12833795000,wilko,2023,Sevenoaks,RETAIL_OTHER_SUPERSTORES_AND_WAREHOUSES,50000.0,52500.0,
7431105000,9538514000,carluccios,2020,Milton Keynes,RETAIL_RESTAURANTS_AND_CAFES,101000.0,101000.0,
7431105000,14583735000,carluccios,2020,Milton Keynes,RETAIL_RESTAURANTS_AND_CAFES,101000.0,100000.0,
7431105000,1752037000,carluccios,2020,Milton Keynes,RETAIL_RESTAURANTS_AND_CAFES,101000.0,100000.0,
7432166000,13161118000,body shop,2024,Southwark,OFFICE_GENERAL,585000.0,585000.0,
7432166000,8405691000,body shop,2024,Southwark,OFFICE_GENERAL,585000.0,580000.0,
7432166000,14607949000,body shop,2024,Southwark,OFFICE_GENERAL,585000.0,580000.0,
7461652000,666301000,debenhams,2020,York,RETAIL_OTHER_SUPERSTORES_AND_WAREHOUSES,595000.0,470000.0,
7461652000,164137108,debenhams,2020,York,RETAIL_OTHER_SUPERSTORES_AND_WAREHOUSES,595000.0,465000.0,
7461652000,4266503000,debenhams,2020,York,RETAIL_OTHER_SUPERSTORES_AND_WAREHOUSES,595000.0,457500.0,
7463568000,234624241,toys r us,2018,Bradford,RETAIL_OTHER_SUPERSTORES_AND_WAREHOUSES,169000.0,168000.0,
7463568000,6501113000,toys r us,2018,Bradford,RETAIL_OTHER_SUPERSTORES_AND_WAREHOUSES,169000.0,170000.0,
7463568000,11316735000,toys r us,2018,Bradford,RETAIL_OTHER_SUPERSTORES_AND_WAREHOUSES,169000.0,167000.0,
7468000000,109517063,paperchase,2023,Camden,OFFICE_GENERAL,193000.0,193000.0,
7468000000,5708351000,paperchase,2023,Camden,OFFICE_GENERAL,193000.0,193000.0,
7468000000,1224009000,paperchase,2023,Camden,OFFICE_GENERAL,193000.0,192000.0,
7472829000,21944052,paperchase,2023,City of London,RETAIL_HIGH_STREET,197000.0,197000.0,
7472829000,7137449000,paperchase,2023,City of London,RETAIL_HIGH_STREET,197000.0,197000.0,
7472829000,225688000,paperchase,2023,City of London,RETAIL_HIGH_STREET,197000.0,197000.0,
7487018000,25864173,thomas cook,2019,Dorset,RETAIL_HIGH_STREET,22000.0,22000.0,
7487018000,107570173,thomas cook,2019,Dorset,RETAIL_HIGH_STREET,22000.0,22000.0,
7487018000,5671545000,thomas cook,2019,Dorset,RETAIL_HIGH_STREET,22000.0,22000.0,
7493882000,3019680000,wilko,2023,"Bournemouth, Christchurch and Poole",RETAIL_OTHER_SUPERSTORES_AND_WAREHOUSES,277500.0,285000.0,
7493882000,3516858000,wilko,2023,"Bournemouth, Christchurch and Poole",RETAIL_OTHER_SUPERSTORES_AND_WAREHOUSES,277500.0,285000.0,
7493882000,185629172,wilko,2023,"Bournemouth, Christchurch and Poole",RETAIL_OTHER_SUPERSTORES_AND_WAREHOUSES,277500.0,267500.0,
7525793000,11304228000,maplin,2018,Buckinghamshire,RETAIL_OTHER_SUPERSTORES_AND_WAREHOUSES,104000.0,104000.0,
7525793000,472319162,maplin,2018,Buckinghamshire,RETAIL_OTHER_SUPERSTORES_AND_WAREHOUSES,104000.0,107000.0,
7525793000,5944751000,maplin,2018,Buckinghamshire,RETAIL_OTHER_SUPERSTORES_AND_WAREHOUSES,104000.0,99500.0,
7532355000,5862773000,arcadia,2020,Buckinghamshire,RETAIL_HIGH_STREET,300000.0,300000.0,
7532355000,6336650000,arcadia,2020,Buckinghamshire,RETAIL_HIGH_STREET,300000.0,272500.0,
7532355000,5862813000,arcadia,2020,Buckinghamshire,RETAIL_HIGH_STREET,300000.0,332500.0,
7532610000,6922182000,frankie&bennys,2020,Cardiff,RETAIL_RESTAURANTS_AND_CAFES,99000.0,99000.0,
7532610000,8628878000,frankie&bennys,2020,Cardiff,RETAIL_RESTAURANTS_AND_CAFES,99000.0,99000.0,
7532610000,6991535000,frankie&bennys,2020,Cardiff,RETAIL_RESTAURANTS_AND_CAFES,99000.0,99500.0,
7554306000,14782830000,wilko,2023,Wiltshire,RETAIL_OTHER_SUPERSTORES_AND_WAREHOUSES,202000.0,204000.0,
7554306000,8901960000,wilko,2023,Wiltshire,RETAIL_OTHER_SUPERSTORES_AND_WAREHOUSES,202000.0,199000.0,
7554306000,10513605000,wilko,2023,Wiltshire,RETAIL_OTHER_SUPERSTORES_AND_WAREHOUSES,202000.0,205000.0,
7560851000,8472267000,chiquito,2020,Peterborough,RETAIL_RESTAURANTS_AND_CAFES,92500.0,92000.0,
7560851000,10397413000,chiquito,2020,Peterborough,RETAIL_RESTAURANTS_AND_CAFES,92500.0,93000.0,
7560851000,14402215000,chiquito,2020,Peterborough,RETAIL_RESTAURANTS_AND_CAFES,92500.0,93000.0,
7560864000,176903016,frankie&bennys,2020,Peterborough,RETAIL_RESTAURANTS_AND_CAFES,90500.0,90600.0,
7560864000,13341352000,frankie&bennys,2020,Peterborough,RETAIL_RESTAURANTS_AND_CAFES,90500.0,90000.0,
7560864000,14934943000,frankie&bennys,2020,Peterborough,RETAIL_RESTAURANTS_AND_CAFES,90500.0,93500.0,
7582019000,2957275000,maplin,2018,Rugby,RETAIL_OTHER_SUPERSTORES_AND_WAREHOUSES,62500.0,64500.0,
7582019000,11858331000,maplin,2018,Rugby,RETAIL_OTHER_SUPERSTORES_AND_WAREHOUSES,62500.0,60000.0,
7582019000,14160279000,maplin,2018,Rugby,RETAIL_OTHER_SUPERSTORES_AND_WAREHOUSES,62500.0,60000.0,
7583618000,7801644000,wilko,2023,Reading,RETAIL_OTHER_SUPERSTORES_AND_WAREHOUSES,172000.0,170000.0,
7583618000,7177210000,wilko,2023,Reading,RETAIL_OTHER_SUPERSTORES_AND_WAREHOUSES,172000.0,170000.0,
7583618000,12304756000,wilko,2023,Reading,RETAIL_OTHER_SUPERSTORES_AND_WAREHOUSES,172000.0,174000.0,
7586403000,361195141,chiquito,2020,Crawley,RETAIL_RESTAURANTS_AND_CAFES,106000.0,110000.0,
7586403000,245619141,chiquito,2020,Crawley,RETAIL_RESTAURANTS_AND_CAFES,106000.0,114000.0,
7586403000,3721930000,chiquito,2020,Crawley,RETAIL_RESTAURANTS_AND_CAFES,106000.0,117000.0,
7599135000,649236082,byron,2020,Kensington and Chelsea,RETAIL_RESTAURANTS_AND_CAFES,127000.0,127000.0,
7599135000,13559843000,byron,2020,Kensington and Chelsea,RETAIL_RESTAURANTS_AND_CAFES,127000.0,127000.0,
7599135000,11052539000,byron,2020,Kensington and Chelsea,RETAIL_RESTAURANTS_AND_CAFES,127000.0,127500.0,
7610614000,5992716000,mothercare,2019,Wiltshire,RETAIL_OTHER_SUPERSTORES_AND_WAREHOUSES,106000.0,107000.0,
7610614000,6421222000,mothercare,2019,Wiltshire,RETAIL_OTHER_SUPERSTORES_AND_WAREHOUSES,106000.0,103000.0,
7610614000,11039806000,mothercare,2019,Wiltshire,RETAIL_OTHER_SUPERSTORES_AND_WAREHOUSES,106000.0,109000.0,
7625550000,236115141,cath kidston,2020,Brighton and Hove,RETAIL_HIGH_STREET,43000.0,43000.0,
7625550000,11141536000,cath kidston,2020,Brighton and Hove,RETAIL_HIGH_STREET,43000.0,43000.0,
7625550000,9042120000,cath kidston,2020,Brighton and Hove,RETAIL_HIGH_STREET,43000.0,43000.0,
7626093000,2395045,arcadia,2020,West Northamptonshire,RETAIL_HIGH_STREET,36750.0,37000.0,
7626093000,13046121000,arcadia,2020,West Northamptonshire,RETAIL_HIGH_STREET,36750.0,37000.0,
7626093000,5738579000,arcadia,2020,West Northamptonshire,RETAIL_HIGH_STREET,36750.0,36000.0,
7626150000,27536045,arcadia,2020,West Northamptonshire,RETAIL_HIGH_STREET,38750.0,38750.0,
7626150000,204299045,arcadia,2020,West Northamptonshire,RETAIL_HIGH_STREET,38750.0,38750.0,
7626150000,204324045,arcadia,2020,West Northamptonshire,RETAIL_HIGH_STREET,38750.0,38750.0,
7630264000,7630264000,arcadia,2020,Ashford,OTHER_PUBLIC,510000.0,510000.0,
7630264000,7892227000,arcadia,2020,Ashford,OTHER_PUBLIC,510000.0,550000.0,
7630264000,222224148,arcadia,2020,Ashford,OTHER_PUBLIC,510000.0,405000.0,
7633833000,10496441000,bella italia,2020,Coventry,RETAIL_RESTAURANTS_AND_CAFES,27750.0,27750.0,
7633833000,11000802000,bella italia,2020,Coventry,RETAIL_RESTAURANTS_AND_CAFES,27750.0,27500.0,
7633833000,14985860000,bella italia,2020,Coventry,RETAIL_RESTAURANTS_AND_CAFES,27750.0,27500.0,
7635902000,7635910000,maplin,2018,Blackpool,RETAIL_OTHER_SUPERSTORES_AND_WAREHOUSES,132000.0,132000.0,
7635902000,8986146000,maplin,2018,Blackpool,RETAIL_OTHER_SUPERSTORES_AND_WAREHOUSES,132000.0,123000.0,
7635902000,254767125,maplin,2018,Blackpool,RETAIL_OTHER_SUPERSTORES_AND_WAREHOUSES,132000.0,141000.0,
7651632000,9344263000,arcadia,2020,Colchester,RETAIL_OTHER_SUPERSTORES_AND_WAREHOUSES,450000.0,455000.0,
7651632000,11658552000,arcadia,2020,Colchester,RETAIL_OTHER_SUPERSTORES_AND_WAREHOUSES,450000.0,460000.0,
7651632000,10733782000,arcadia,2020,Colchester,RETAIL_OTHER_SUPERSTORES_AND_WAREHOUSES,450000.0,430000.0,
7660782000,62968141,debenhams,2020,Brighton and Hove,RETAIL_OTHER_SUPERSTORES_AND_WAREHOUSES,930000.0,890000.0,
7660782000,246494141,debenhams,2020,Brighton and Hove,RETAIL_OTHER_SUPERSTORES_AND_WAREHOUSES,930000.0,985000.0,
7660782000,236237141,debenhams,2020,Brighton and Hove,RETAIL_OTHER_SUPERSTORES_AND_WAREHOUSES,930000.0,990000.0,
7666911000,8497779000,arcadia,2020,Warwick,RETAIL_OTHER_SUPERSTORES_AND_WAREHOUSES,241000.0,236000.0,
7666911000,14463624000,arcadia,2020,Warwick,RETAIL_OTHER_SUPERSTORES_AND_WAREHOUSES,241000.0,249000.0,
7666911000,7666901000,arcadia,2020,Warwick,RETAIL_OTHER_SUPERSTORES_AND_WAREHOUSES,241000.0,252500.0,
7667503000,6338219000,debenhams,2020,Warwick,RETAIL_OTHER_SUPERSTORES_AND_WAREHOUSES,730000.0,760000.0,
7667503000,172800237,debenhams,2020,Warwick,RETAIL_OTHER_SUPERSTORES_AND_WAREHOUSES,730000.0,635000.0,
7667503000,8788982000,debenhams,2020,Warwick,RETAIL_OTHER_SUPERSTORES_AND_WAREHOUSES,730000.0,555000.0,
7673106000,355750094,maplin,2018,Sunderland,RETAIL_HIGH_STREET,183000.0,182000.0,
7673106000,1602168000,maplin,2018,Sunderland,RETAIL_HIGH_STREET,183000.0,179000.0,
7673106000,10495955000,maplin,2018,Sunderland,RETAIL_HIGH_STREET,183000.0,179000.0,
7675816000,10957347000,arcadia,2020,Hammersmith and Fulham,OTHER_COMMERCIAL,1750.0,1750.0,
7675816000,10957341000,arcadia,2020,Hammersmith and Fulham,OTHER_COMMERCIAL,1750.0,1750.0,
7675816000,10957349000,arcadia,2020,Hammersmith and Fulham,OTHER_COMMERCIAL,1750.0,1750.0,
7693479000,4438448000,cath kidston,2020,Canterbury,RETAIL_HIGH_STREET,153000.0,155000.0,
7693479000,162594145,cath kidston,2020,Canterbury,RETAIL_HIGH_STREET,153000.0,157000.0,
7693479000,3900089000,cath kidston,2020,Canterbury,RETAIL_HIGH_STREET,153000.0,159000.0,
7694574000,526969176,maplin,2018,Wiltshire,RETAIL_OTHER_SUPERSTORES_AND_WAREHOUSES,99500.0,100000.0,
7694574000,526970176,maplin,2018,Wiltshire,RETAIL_OTHER_SUPERSTORES_AND_WAREHOUSES,99500.0,96000.0,
7694574000,5295986000,maplin,2018,Wiltshire,RETAIL_OTHER_SUPERSTORES_AND_WAREHOUSES,99500.0,95500.0,
7702040000,140388216,strada,2018,Wiltshire,RETAIL_RESTAURANTS_AND_CAFES,13500.0,13500.0,
7702040000,12440279000,strada,2018,Wiltshire,RETAIL_RESTAURANTS_AND_CAFES,13500.0,13500.0,
7702040000,10805536000,strada,2018,Wiltshire,RETAIL_RESTAURANTS_AND_CAFES,13500.0,13500.0,
7706638000,263216037,poundworld,2018,Nottingham,RETAIL_OTHER_SUPERSTORES_AND_WAREHOUSES,55500.0,55000.0,
7706638000,6861439000,poundworld,2018,Nottingham,RETAIL_OTHER_SUPERSTORES_AND_WAREHOUSES,55500.0,57000.0,
7706638000,326350037,poundworld,2018,Nottingham,RETAIL_OTHER_SUPERSTORES_AND_WAREHOUSES,55500.0,57000.0,
7711609000,39466052,maplin,2018,City of London,RETAIL_HIGH_STREET,312500.0,310000.0,
7711609000,8042741000,maplin,2018,City of London,RETAIL_HIGH_STREET,312500.0,315000.0,
7711609000,6207184000,maplin,2018,City of London,RETAIL_HIGH_STREET,312500.0,320000.0,
7738947000,7165313000,prezzo,2018,Plymouth,RETAIL_RESTAURANTS_AND_CAFES,28250.0,28250.0,
7738947000,12829572000,prezzo,2018,Plymouth,RETAIL_RESTAURANTS_AND_CAFES,28250.0,28250.0,
7738947000,18371184,prezzo,2018,Plymouth,RETAIL_RESTAURANTS_AND_CAFES,28250.0,28000.0,
7754179000,214048182,thomas cook,2019,Torbay,RETAIL_HIGH_STREET,48000.0,48000.0,
7754179000,9838517000,thomas cook,2019,Torbay,RETAIL_HIGH_STREET,48000.0,48000.0,
7754179000,451758000,thomas cook,2019,Torbay,RETAIL_HIGH_STREET,48000.0,47500.0,
7754183000,212540182,thomas cook,2019,Torbay,OTHER_COMMERCIAL,11250.0,11500.0,
7754183000,212845182,thomas cook,2019,Torbay,OTHER_COMMERCIAL,11250.0,11500.0,
7754183000,187539182,thomas cook,2019,Torbay,OTHER_COMMERCIAL,11250.0,10750.0,
7772368000,7046047000,paperchase,2023,City of London,RETAIL_HIGH_STREET,5300.0,5300.0,
7772368000,36222052,paperchase,2023,City of London,RETAIL_HIGH_STREET,5300.0,5300.0,
7772368000,9178118000,paperchase,2023,City of London,RETAIL_HIGH_STREET,5300.0,5300.0,
7780067000,13976473000,bhs,2016,Swindon,RETAIL_OTHER_SUPERSTORES_AND_WAREHOUSES,555000.0,550000.0,
7780067000,3472139000,bhs,2016,Swindon,RETAIL_OTHER_SUPERSTORES_AND_WAREHOUSES,555000.0,575000.0,
7780067000,14587723000,bhs,2016,Swindon,RETAIL_OTHER_SUPERSTORES_AND_WAREHOUSES,555000.0,580000.0,
7783990000,290803094,poundworld,2018,Sunderland,RETAIL_HIGH_STREET,232000.0,232000.0,
7783990000,2168823000,poundworld,2018,Sunderland,RETAIL_HIGH_STREET,232000.0,226000.0,
7783990000,1602164000,poundworld,2018,Sunderland,RETAIL_HIGH_STREET,232000.0,223000.0,
7784032000,445074221,arcadia,2020,Birmingham,RETAIL_HIGH_STREET,26750.0,26750.0,
7784032000,10670247000,arcadia,2020,Birmingham,RETAIL_HIGH_STREET,26750.0,26750.0,
7784032000,10674787000,arcadia,2020,Birmingham,RETAIL_HIGH_STREET,26750.0,26750.0,
7785162000,1592444000,debenhams,2020,North Yorkshire,WAREHOUSING_LARGE_SCALE_AND_HIGH_BAY,2620000.0,2070000.0,
7785162000,430412105,debenhams,2020,North Yorkshire,WAREHOUSING_LARGE_SCALE_AND_HIGH_BAY,2620000.0,1750000.0,
7785162000,4459336000,debenhams,2020,North Yorkshire,WAREHOUSING_LARGE_SCALE_AND_HIGH_BAY,2620000.0,1370000.0,
7793687000,7098580000,bhs,2016,Birmingham,INDUSTRIAL_GENERAL,4400.0,4400.0,
7793687000,13549561000,bhs,2016,Birmingham,INDUSTRIAL_GENERAL,4400.0,4400.0,
7793687000,38756221,bhs,2016,Birmingham,INDUSTRIAL_GENERAL,4400.0,4400.0,
7798339000,11789841000,wilko,2023,Somerset,RETAIL_OTHER_SUPERSTORES_AND_WAREHOUSES,252500.0,252500.0,
7798339000,4666525000,wilko,2023,Somerset,RETAIL_OTHER_SUPERSTORES_AND_WAREHOUSES,252500.0,250000.0,
7798339000,9254390000,wilko,2023,Somerset,RETAIL_OTHER_SUPERSTORES_AND_WAREHOUSES,252500.0,250000.0,
7799082000,10290061000,debenhams,2020,Fareham,RETAIL_OTHER_SUPERSTORES_AND_WAREHOUSES,282500.0,310000.0,
7799082000,10698713000,debenhams,2020,Fareham,RETAIL_OTHER_SUPERSTORES_AND_WAREHOUSES,282500.0,240000.0,
7799082000,203033175,debenhams,2020,Fareham,RETAIL_OTHER_SUPERSTORES_AND_WAREHOUSES,282500.0,238000.0,
7801174000,4323611000,wilko,2023,Warwick,RETAIL_OTHER_SUPERSTORES_AND_WAREHOUSES,97000.0,95500.0,
7801174000,183854237,wilko,2023,Warwick,RETAIL_OTHER_SUPERSTORES_AND_WAREHOUSES,97000.0,100000.0,
7801174000,13458597000,wilko,2023,Warwick,RETAIL_OTHER_SUPERSTORES_AND_WAREHOUSES,97000.0,91000.0,
7812724000,85418192,maplin,2018,Cardiff,RETAIL_HIGH_STREET,103000.0,103000.0,
7812724000,6922185000,maplin,2018,Cardiff,RETAIL_HIGH_STREET,103000.0,103000.0,
7812724000,77907192,maplin,2018,Cardiff,RETAIL_HIGH_STREET,103000.0,102000.0,
7819235000,187214172,body shop,2024,Dorset,INDUSTRIAL_GENERAL,7200.0,7200.0,
7819235000,6172371000,body shop,2024,Dorset,INDUSTRIAL_GENERAL,7200.0,7200.0,
7819235000,13946530000,body shop,2024,Dorset,INDUSTRIAL_GENERAL,7200.0,7200.0,
7823720000,11148878000,chiquito,2020,South Gloucestershire,RETAIL_RESTAURANTS_AND_CAFES,99500.0,97500.0,
7823720000,13452928000,chiquito,2020,South Gloucestershire,RETAIL_RESTAURANTS_AND_CAFES,99500.0,97000.0,
7823720000,14664456000,chiquito,2020,South Gloucestershire,RETAIL_RESTAURANTS_AND_CAFES,99500.0,96000.0,
7828255000,5938608000,body shop,2024,Dudley,INDUSTRIAL_GENERAL,4500.0,4500.0,
7828255000,201957239,body shop,2024,Dudley,INDUSTRIAL_GENERAL,4500.0,4500.0,
7828255000,253837239,body shop,2024,Dudley,INDUSTRIAL_GENERAL,4500.0,4500.0,
7848286000,3152352000,carluccios,2020,Nottingham,RETAIL_RESTAURANTS_AND_CAFES,63000.0,62000.0,
7848286000,264411037,carluccios,2020,Nottingham,RETAIL_RESTAURANTS_AND_CAFES,63000.0,64000.0,
7848286000,13509661000,carluccios,2020,Nottingham,RETAIL_RESTAURANTS_AND_CAFES,63000.0,61500.0,
7854940000,8698920000,arcadia,2020,North Northamptonshire,OFFICE_GENERAL,5000.0,5000.0,
7854940000,11705777000,arcadia,2020,North Northamptonshire,OFFICE_GENERAL,5000.0,5000.0,
7854940000,212672045,arcadia,2020,North Northamptonshire,OFFICE_GENERAL,5000.0,5000.0,
7861947000,12723607000,carluccios,2020,Leeds,RETAIL_RESTAURANTS_AND_CAFES,85000.0,85000.0,
7861947000,6701963000,carluccios,2020,Leeds,RETAIL_RESTAURANTS_AND_CAFES,85000.0,85000.0,
7861947000,8667770000,carluccios,2020,Leeds,RETAIL_RESTAURANTS_AND_CAFES,85000.0,84500.0,
7893372000,35123012,arcadia,2020,Cambridge,RETAIL_HIGH_STREET,181000.0,179000.0,
7893372000,12077412000,arcadia,2020,Cambridge,RETAIL_HIGH_STREET,181000.0,178000.0,
7893372000,5821304000,arcadia,2020,Cambridge,RETAIL_HIGH_STREET,181000.0,187000.0,
7897250000,1606570000,cath kidston,2020,Cambridge,RETAIL_HIGH_STREET,218000.0,217000.0,
7897250000,8564561000,cath kidston,2020,Cambridge,RETAIL_HIGH_STREET,218000.0,219000.0,
7897250000,24304012,cath kidston,2020,Cambridge,RETAIL_HIGH_STREET,218000.0,210000.0,
7898503000,3521020000,poundworld,2018,Stockton-on-Tees,RETAIL_OTHER_SUPERSTORES_AND_WAREHOUSES,124000.0,124000.0,
7898503000,3923914000,poundworld,2018,Stockton-on-Tees,RETAIL_OTHER_SUPERSTORES_AND_WAREHOUSES,124000.0,124000.0,
7898503000,12592443000,poundworld,2018,Stockton-on-Tees,RETAIL_OTHER_SUPERSTORES_AND_WAREHOUSES,124000.0,126000.0,
7900955000,7310407000,maplin,2018,Gloucester,RETAIL_OTHER_SUPERSTORES_AND_WAREHOUSES,75000.0,71500.0,
7900955000,6639239000,maplin,2018,Gloucester,RETAIL_OTHER_SUPERSTORES_AND_WAREHOUSES,75000.0,78500.0,
7900955000,2990288000,maplin,2018,Gloucester,RETAIL_OTHER_SUPERSTORES_AND_WAREHOUSES,75000.0,86000.0,
7906804000,207648176,arcadia,2020,Southampton,OFFICE_GENERAL,0.0,0.0,
7906804000,225680000,arcadia,2020,Southampton,OFFICE_GENERAL,0.0,0.0,
7906804000,8617839000,arcadia,2020,Southampton,OFFICE_GENERAL,0.0,0.0,
7908266000,8967577000,arcadia,2020,Guildford,RETAIL_OTHER_SUPERSTORES_AND_WAREHOUSES,485000.0,480000.0,
7908266000,1727664000,arcadia,2020,Guildford,RETAIL_OTHER_SUPERSTORES_AND_WAREHOUSES,485000.0,475000.0,
7908266000,7586656000,arcadia,2020,Guildford,RETAIL_OTHER_SUPERSTORES_AND_WAREHOUSES,485000.0,500000.0,
7939095000,8223778000,maplin,2018,Tower Hamlets,RETAIL_HIGH_STREET,154000.0,153000.0,
7939095000,9405336000,maplin,2018,Tower Hamlets,RETAIL_HIGH_STREET,154000.0,155000.0,
7939095000,14466703000,maplin,2018,Tower Hamlets,RETAIL_HIGH_STREET,154000.0,152000.0,
7942465000,415643000,thomas cook,2019,Sunderland,RETAIL_HIGH_STREET,13500.0,13500.0,
7942465000,303876094,thomas cook,2019,Sunderland,RETAIL_HIGH_STREET,13500.0,13500.0,
7942465000,283620094,thomas cook,2019,Sunderland,RETAIL_HIGH_STREET,13500.0,13500.0,
7955407000,14549154000,homebase,2024,Cheshire West and Chester,RETAIL_OTHER_SUPERSTORES_AND_WAREHOUSES,695000.0,610000.0,
7955407000,9499198000,homebase,2024,Cheshire West and Chester,RETAIL_OTHER_SUPERSTORES_AND_WAREHOUSES,695000.0,780000.0,
7955407000,11772062000,homebase,2024,Cheshire West and Chester,RETAIL_OTHER_SUPERSTORES_AND_WAREHOUSES,695000.0,605000.0,
7957324000,8851699000,arcadia,2020,Cheshire West and Chester,OFFICE_GENERAL,5900.0,5900.0,
7957324000,12845093000,arcadia,2020,Cheshire West and Chester,OFFICE_GENERAL,5900.0,5900.0,
7957324000,10870429000,arcadia,2020,Cheshire West and Chester,OFFICE_GENERAL,5900.0,5900.0,
7967570000,14661315000,arcadia,2020,Wiltshire,RETAIL_HIGH_STREET,300000.0,277500.0,
7967570000,555542176,arcadia,2020,Wiltshire,RETAIL_HIGH_STREET,300000.0,260000.0,
7967570000,7004863000,arcadia,2020,Wiltshire,RETAIL_HIGH_STREET,300000.0,188000.0,
7972313000,108677000,mothercare,2019,Isle of Wight,RETAIL_OTHER_SUPERSTORES_AND_WAREHOUSES,85500.0,89000.0,
7972313000,14200420000,mothercare,2019,Isle of Wight,RETAIL_OTHER_SUPERSTORES_AND_WAREHOUSES,85500.0,93000.0,
7972313000,17841178,mothercare,2019,Isle of Wight,RETAIL_OTHER_SUPERSTORES_AND_WAREHOUSES,85500.0,99000.0,
7994137000,672943000,body shop,2024,West Northamptonshire,INDUSTRIAL_GENERAL,5800.0,5800.0,
7994137000,212480045,body shop,2024,West Northamptonshire,INDUSTRIAL_GENERAL,5800.0,5800.0,
7994137000,12720070000,body shop,2024,West Northamptonshire,INDUSTRIAL_GENERAL,5800.0,5800.0,
8004010000,2482000,arcadia,2020,Hartlepool,RETAIL_OTHER_SUPERSTORES_AND_WAREHOUSES,327500.0,320000.0,
8004010000,11727963000,arcadia,2020,Hartlepool,RETAIL_OTHER_SUPERSTORES_AND_WAREHOUSES,327500.0,317500.0,
8004010000,233719102,arcadia,2020,Hartlepool,RETAIL_OTHER_SUPERSTORES_AND_WAREHOUSES,327500.0,315000.0,
8004393000,106894063,byron,2020,Camden,RETAIL_RESTAURANTS_AND_CAFES,108000.0,108000.0,
8004393000,2969654000,byron,2020,Camden,RETAIL_RESTAURANTS_AND_CAFES,108000.0,107000.0,
8004393000,6577382000,byron,2020,Camden,RETAIL_RESTAURANTS_AND_CAFES,108000.0,107000.0,
8015763000,210169239,bella italia,2020,Dudley,RETAIL_RESTAURANTS_AND_CAFES,87500.0,88500.0,
8015763000,14183243000,bella italia,2020,Dudley,RETAIL_RESTAURANTS_AND_CAFES,87500.0,86000.0,
8015763000,243836239,bella italia,2020,Dudley,RETAIL_RESTAURANTS_AND_CAFES,87500.0,90500.0,
8034076000,8033921000,prezzo,2018,Watford,RETAIL_HIGH_STREET,0.0,0.0,
8034076000,8034091000,prezzo,2018,Watford,RETAIL_HIGH_STREET,0.0,0.0,
8034076000,8034090000,prezzo,2018,Watford,RETAIL_HIGH_STREET,0.0,0.0,
8035693000,12889894000,prezzo,2018,Braintree,RETAIL_RESTAURANTS_AND_CAFES,86000.0,87500.0,
8035693000,10526388000,prezzo,2018,Braintree,RETAIL_RESTAURANTS_AND_CAFES,86000.0,84000.0,
8035693000,5320905000,prezzo,2018,Braintree,RETAIL_RESTAURANTS_AND_CAFES,86000.0,83000.0,
8041118000,3747360000,body shop,2024,Swindon,RETAIL_HIGH_STREET,56500.0,56500.0,
8041118000,11342102000,body shop,2024,Swindon,RETAIL_HIGH_STREET,56500.0,56500.0,
8041118000,567843216,body shop,2024,Swindon,RETAIL_HIGH_STREET,56500.0,56500.0,
8042735000,7166064000,arcadia,2020,City of London,RETAIL_HIGH_STREET,520000.0,540000.0,
8042735000,7080631000,arcadia,2020,City of London,RETAIL_HIGH_STREET,520000.0,460000.0,
8042735000,4486902000,arcadia,2020,City of London,RETAIL_HIGH_STREET,520000.0,585000.0,
8042767000,9360965000,byron,2020,City of London,RETAIL_RESTAURANTS_AND_CAFES,86500.0,86500.0,
8042767000,413519000,byron,2020,City of London,RETAIL_RESTAURANTS_AND_CAFES,86500.0,86000.0,
8042767000,12986460000,byron,2020,City of London,RETAIL_RESTAURANTS_AND_CAFES,86500.0,87000.0,
8047834000,574931162,prezzo,2018,Milton Keynes,RETAIL_RESTAURANTS_AND_CAFES,74500.0,74500.0,
8047834000,13127407000,prezzo,2018,Milton Keynes,RETAIL_RESTAURANTS_AND_CAFES,74500.0,75000.0,
8047834000,580880162,prezzo,2018,Milton Keynes,RETAIL_RESTAURANTS_AND_CAFES,74500.0,75000.0,
8051639000,8289977000,wilko,2023,Manchester,RETAIL_OTHER_SUPERSTORES_AND_WAREHOUSES,179000.0,179000.0,
8051639000,11716259000,wilko,2023,Manchester,RETAIL_OTHER_SUPERSTORES_AND_WAREHOUSES,179000.0,178000.0,
8051639000,8668320000,wilko,2023,Manchester,RETAIL_OTHER_SUPERSTORES_AND_WAREHOUSES,179000.0,180000.0,
8076636000,2027820000,cafe rouge,2020,Brighton and Hove,RETAIL_RESTAURANTS_AND_CAFES,52000.0,52000.0,
8076636000,235219141,cafe rouge,2020,Brighton and Hove,RETAIL_RESTAURANTS_AND_CAFES,52000.0,52000.0,
8076636000,352206141,cafe rouge,2020,Brighton and Hove,RETAIL_RESTAURANTS_AND_CAFES,52000.0,52000.0,
8076657000,103494141,prezzo,2018,Brighton and Hove,RETAIL_RESTAURANTS_AND_CAFES,46750.0,46750.0,
8076657000,50384141,prezzo,2018,Brighton and Hove,RETAIL_RESTAURANTS_AND_CAFES,46750.0,46500.0,
8076657000,4143218000,prezzo,2018,Brighton and Hove,RETAIL_RESTAURANTS_AND_CAFES,46750.0,46500.0,
8084019000,7237625000,arcadia,2020,Hammersmith and Fulham,INDUSTRIAL_GENERAL,1950.0,2025.0,
8084019000,8084029000,arcadia,2020,Hammersmith and Fulham,INDUSTRIAL_GENERAL,1950.0,1850.0,
8084019000,4091632000,arcadia,2020,Hammersmith and Fulham,INDUSTRIAL_GENERAL,1950.0,1825.0,
8088720000,9115617000,poundworld,2018,Leeds,RETAIL_HIGH_STREET,62500.0,62500.0,
8088720000,9115619000,poundworld,2018,Leeds,RETAIL_HIGH_STREET,62500.0,62500.0,
8088720000,7529336000,poundworld,2018,Leeds,RETAIL_HIGH_STREET,62500.0,62500.0,
8093262000,13982787000,frankie&bennys,2020,Birmingham,RETAIL_RESTAURANTS_AND_CAFES,98000.0,98000.0,
8093262000,9558054000,frankie&bennys,2020,Birmingham,RETAIL_RESTAURANTS_AND_CAFES,98000.0,97500.0,
8093262000,12617935000,frankie&bennys,2020,Birmingham,RETAIL_RESTAURANTS_AND_CAFES,98000.0,98500.0,
8093787000,6004537000,arcadia,2020,Blackpool,OFFICE_GENERAL,3200.0,3200.0,
8093787000,6004568000,arcadia,2020,Blackpool,OFFICE_GENERAL,3200.0,3200.0,
8093787000,6004556000,arcadia,2020,Blackpool,OFFICE_GENERAL,3200.0,3200.0,
8110506000,10024244000,poundworld,2018,Birmingham,RETAIL_HIGH_STREET,46000.0,46000.0,
8110506000,449940221,poundworld,2018,Birmingham,RETAIL_HIGH_STREET,46000.0,46000.0,
8110506000,575332221,poundworld,2018,Birmingham,RETAIL_HIGH_STREET,46000.0,46000.0,
8115942000,1107891000,wilko,2023,Blackpool,RETAIL_OTHER_SUPERSTORES_AND_WAREHOUSES,310000.0,310000.0,
8115942000,6291320000,wilko,2023,Blackpool,RETAIL_OTHER_SUPERSTORES_AND_WAREHOUSES,310000.0,305000.0,
8115942000,6374971000,wilko,2023,Blackpool,RETAIL_OTHER_SUPERSTORES_AND_WAREHOUSES,310000.0,302500.0,
8117841000,10255957000,poundworld,2018,Southend-on-Sea,RETAIL_HIGH_STREET,340000.0,199000.0,
8117841000,6755682000,poundworld,2018,Southend-on-Sea,RETAIL_HIGH_STREET,340000.0,193000.0,
8117841000,1211037023,poundworld,2018,Southend-on-Sea,RETAIL_HIGH_STREET,340000.0,190000.0,
8124486000,8746483000,toys r us,2018,Chesterfield,RETAIL_OTHER_SUPERSTORES_AND_WAREHOUSES,300000.0,295000.0,
8124486000,6436682000,toys r us,2018,Chesterfield,RETAIL_OTHER_SUPERSTORES_AND_WAREHOUSES,300000.0,315000.0,
8124486000,11206452000,toys r us,2018,Chesterfield,RETAIL_OTHER_SUPERSTORES_AND_WAREHOUSES,300000.0,315000.0,
8138511000,2430056000,maplin,2018,Derby,RETAIL_OTHER_SUPERSTORES_AND_WAREHOUSES,79000.0,78000.0,
8138511000,221919042,maplin,2018,Derby,RETAIL_OTHER_SUPERSTORES_AND_WAREHOUSES,79000.0,81000.0,
8138511000,264109042,maplin,2018,Derby,RETAIL_OTHER_SUPERSTORES_AND_WAREHOUSES,79000.0,76500.0,
8139080000,99493173,arcadia,2020,Dorset,RETAIL_HIGH_STREET,83500.0,83500.0,
8139080000,28373173,arcadia,2020,Dorset,RETAIL_HIGH_STREET,83500.0,83000.0,
8139080000,14538771000,arcadia,2020,Dorset,RETAIL_HIGH_STREET,83500.0,81500.0,
8146033000,8146035000,thomas cook,2019,Maidstone,INDUSTRIAL_GENERAL,11000.0,11000.0,
8146033000,8146037000,thomas cook,2019,Maidstone,INDUSTRIAL_GENERAL,11000.0,11000.0,
8146033000,13610896000,thomas cook,2019,Maidstone,INDUSTRIAL_GENERAL,11000.0,11000.0,
8149364000,12214283000,homebase,2024,Harlow,RETAIL_OTHER_SUPERSTORES_AND_WAREHOUSES,80000.0,82500.0,
8149364000,10301757000,homebase,2024,Harlow,RETAIL_OTHER_SUPERSTORES_AND_WAREHOUSES,80000.0,73000.0,
8149364000,13678046000,homebase,2024,Harlow,RETAIL_OTHER_SUPERSTORES_AND_WAREHOUSES,80000.0,73000.0,
8155181000,8794573000,arcadia,2020,Basingstoke and Deane,RETAIL_HIGH_STREET,287500.0,295000.0,
8155181000,4533047000,arcadia,2020,Basingstoke and Deane,RETAIL_HIGH_STREET,287500.0,317500.0,
8155181000,5206126000,arcadia,2020,Basingstoke and Deane,RETAIL_HIGH_STREET,287500.0,320000.0,
8160499000,104967063,paperchase,2023,Camden,RETAIL_HIGH_STREET,85500.0,85500.0,
8160499000,14667063,paperchase,2023,Camden,RETAIL_HIGH_STREET,85500.0,85500.0,
8160499000,222426063,paperchase,2023,Camden,RETAIL_HIGH_STREET,85500.0,85000.0,
8172779000,6657071000,prezzo,2018,Bromley,RETAIL_RESTAURANTS_AND_CAFES,82000.0,82000.0,
8172779000,10440158000,prezzo,2018,Bromley,RETAIL_RESTAURANTS_AND_CAFES,82000.0,82500.0,
8172779000,8043391000,prezzo,2018,Bromley,RETAIL_RESTAURANTS_AND_CAFES,82000.0,79500.0,
8176076000,9166238000,cafe rouge,2020,Coventry,RETAIL_RESTAURANTS_AND_CAFES,53500.0,53000.0,
8176076000,10407996000,cafe rouge,2020,Coventry,RETAIL_RESTAURANTS_AND_CAFES,53500.0,54000.0,
8176076000,137914222,cafe rouge,2020,Coventry,RETAIL_RESTAURANTS_AND_CAFES,53500.0,52500.0,
8178086000,113241063,byron,2020,Camden,RETAIL_RESTAURANTS_AND_CAFES,106000.0,106000.0,
8178086000,108304063,byron,2020,Camden,RETAIL_RESTAURANTS_AND_CAFES,106000.0,105500.0,
8178086000,6825704000,byron,2020,Camden,RETAIL_RESTAURANTS_AND_CAFES,106000.0,105000.0,
8178526000,12533330000,arcadia,2020,Thurrock,RETAIL_OTHER_SUPERSTORES_AND_WAREHOUSES,1000000.0,1030000.0,
8178526000,14393741000,arcadia,2020,Thurrock,RETAIL_OTHER_SUPERSTORES_AND_WAREHOUSES,1000000.0,960000.0,
8178526000,14440503000,arcadia,2020,Thurrock,RETAIL_OTHER_SUPERSTORES_AND_WAREHOUSES,1000000.0,1050000.0,
8182617000,6173819000,body shop,2024,West Northamptonshire,INDUSTRIAL_GENERAL,26500.0,26500.0,
8182617000,7216930000,body shop,2024,West Northamptonshire,INDUSTRIAL_GENERAL,26500.0,26500.0,
8182617000,6996467000,body shop,2024,West Northamptonshire,INDUSTRIAL_GENERAL,26500.0,26500.0,
8187464000,6954964000,prezzo,2018,Camden,RETAIL_RESTAURANTS_AND_CAFES,110000.0,110000.0,
8187464000,101015063,prezzo,2018,Camden,RETAIL_RESTAURANTS_AND_CAFES,110000.0,110000.0,
8187464000,220067063,prezzo,2018,Camden,RETAIL_RESTAURANTS_AND_CAFES,110000.0,110000.0,
8203969000,6922194000,poundworld,2018,Cardiff,RETAIL_HIGH_STREET,106000.0,106000.0,
8203969000,217193192,poundworld,2018,Cardiff,RETAIL_HIGH_STREET,106000.0,105000.0,
8203969000,5067299000,poundworld,2018,Cardiff,RETAIL_HIGH_STREET,106000.0,105000.0,
8219098000,3029313000,poundworld,2018,Swindon,RETAIL_OTHER_SUPERSTORES_AND_WAREHOUSES,402500.0,400000.0,
8219098000,9088993000,poundworld,2018,Swindon,RETAIL_OTHER_SUPERSTORES_AND_WAREHOUSES,402500.0,405000.0,
8219098000,11036627000,poundworld,2018,Swindon,RETAIL_OTHER_SUPERSTORES_AND_WAREHOUSES,402500.0,420000.0,
8223722000,120930045,arcadia,2020,North Northamptonshire,RETAIL_HIGH_STREET,5300.0,5300.0,
8223722000,8223722000,arcadia,2020,North Northamptonshire,RETAIL_HIGH_STREET,5300.0,5300.0,
8223722000,647396000,arcadia,2020,North Northamptonshire,RETAIL_HIGH_STREET,5300.0,5300.0,
8225315000,398768244,arcadia,2020,Leeds,RETAIL_HIGH_STREET,335000.0,335000.0,
8225315000,4910634000,arcadia,2020,Leeds,RETAIL_HIGH_STREET,335000.0,335000.0,
8225315000,320661244,arcadia,2020,Leeds,RETAIL_HIGH_STREET,335000.0,332500.0,
8235102000,6272268000,poundworld,2018,Leeds,RETAIL_RESTAURANTS_AND_CAFES,3000.0,3000.0,
8235102000,307461244,poundworld,2018,Leeds,RETAIL_RESTAURANTS_AND_CAFES,3000.0,3000.0,
8235102000,102832244,poundworld,2018,Leeds,RETAIL_RESTAURANTS_AND_CAFES,3000.0,2950.0,
8256201000,13192954000,wilko,2023,Norwich,RETAIL_OTHER_SUPERSTORES_AND_WAREHOUSES,357500.0,362500.0,
8256201000,616240036,wilko,2023,Norwich,RETAIL_OTHER_SUPERSTORES_AND_WAREHOUSES,357500.0,382500.0,
8256201000,14349167000,wilko,2023,Norwich,RETAIL_OTHER_SUPERSTORES_AND_WAREHOUSES,357500.0,327500.0,
8261013000,9144571000,carluccios,2020,Peterborough,RETAIL_RESTAURANTS_AND_CAFES,61000.0,61500.0,
8261013000,152170016,carluccios,2020,Peterborough,RETAIL_RESTAURANTS_AND_CAFES,61000.0,60000.0,
8261013000,8383771000,carluccios,2020,Peterborough,RETAIL_RESTAURANTS_AND_CAFES,61000.0,59500.0,
8272341000,11881562000,wilko,2023,Birmingham,RETAIL_OTHER_SUPERSTORES_AND_WAREHOUSES,342500.0,342500.0,
8272341000,583097221,wilko,2023,Birmingham,RETAIL_OTHER_SUPERSTORES_AND_WAREHOUSES,342500.0,342500.0,
8272341000,14917114000,wilko,2023,Birmingham,RETAIL_OTHER_SUPERSTORES_AND_WAREHOUSES,342500.0,340000.0,
8275398000,537548145,chiquito,2020,Ashford,RETAIL_RESTAURANTS_AND_CAFES,111000.0,126000.0,
8275398000,7068733000,chiquito,2020,Ashford,RETAIL_RESTAURANTS_AND_CAFES,111000.0,128000.0,
8275398000,7356266000,chiquito,2020,Ashford,RETAIL_RESTAURANTS_AND_CAFES,111000.0,80000.0,
8276029000,8276029000,arcadia,2020,Maidstone,OTHER_PUBLIC,765000.0,765000.0,
8276029000,445846000,arcadia,2020,Maidstone,OTHER_PUBLIC,765000.0,750000.0,
8276029000,9420082000,arcadia,2020,Maidstone,OTHER_PUBLIC,765000.0,725000.0,
8282438000,10511416000,homebase,2024,"Bournemouth, Christchurch and Poole",RETAIL_OTHER_SUPERSTORES_AND_WAREHOUSES,347500.0,337500.0,
8282438000,320754172,homebase,2024,"Bournemouth, Christchurch and Poole",RETAIL_OTHER_SUPERSTORES_AND_WAREHOUSES,347500.0,360000.0,
8282438000,13362380000,homebase,2024,"Bournemouth, Christchurch and Poole",RETAIL_OTHER_SUPERSTORES_AND_WAREHOUSES,347500.0,332500.0,
8292815000,212392045,homebase,2024,West Northamptonshire,INDUSTRIAL_GENERAL,5000.0,5000.0,
8292815000,12558930000,homebase,2024,West Northamptonshire,INDUSTRIAL_GENERAL,5000.0,5000.0,
8292815000,125570045,homebase,2024,West Northamptonshire,INDUSTRIAL_GENERAL,5000.0,5000.0,
8304347000,7511759000,prezzo,2018,Crawley,RETAIL_RESTAURANTS_AND_CAFES,54000.0,52200.0,
8304347000,9625913000,prezzo,2018,Crawley,RETAIL_RESTAURANTS_AND_CAFES,54000.0,56000.0,
8304347000,10001005000,prezzo,2018,Crawley,RETAIL_RESTAURANTS_AND_CAFES,54000.0,51500.0,
8309822000,347072094,wilko,2023,Sunderland,RETAIL_OTHER_SUPERSTORES_AND_WAREHOUSES,280000.0,277500.0,
8309822000,356116094,wilko,2023,Sunderland,RETAIL_OTHER_SUPERSTORES_AND_WAREHOUSES,280000.0,272500.0,
8309822000,2820426000,wilko,2023,Sunderland,RETAIL_OTHER_SUPERSTORES_AND_WAREHOUSES,280000.0,290000.0,
8309967000,13905013000,wilko,2023,Telford and Wrekin,RETAIL_OTHER_SUPERSTORES_AND_WAREHOUSES,193000.0,193000.0,
8309967000,118918000,wilko,2023,Telford and Wrekin,RETAIL_OTHER_SUPERSTORES_AND_WAREHOUSES,193000.0,196000.0,
8309967000,277414234,wilko,2023,Telford and Wrekin,RETAIL_OTHER_SUPERSTORES_AND_WAREHOUSES,193000.0,189000.0,
8316145000,4836565000,strada,2018,Chesterfield,RETAIL_HIGH_STREET,8200.0,8200.0,
8316145000,12415366000,strada,2018,Chesterfield,RETAIL_HIGH_STREET,8200.0,8200.0,
8316145000,246191033,strada,2018,Chesterfield,RETAIL_HIGH_STREET,8200.0,8200.0,
8330026000,239611036,cafe rouge,2020,Norwich,RETAIL_RESTAURANTS_AND_CAFES,109000.0,109000.0,
8330026000,15043269000,cafe rouge,2020,Norwich,RETAIL_RESTAURANTS_AND_CAFES,109000.0,108000.0,
8330026000,3111305000,cafe rouge,2020,Norwich,RETAIL_RESTAURANTS_AND_CAFES,109000.0,110000.0,
8333059000,11106691000,prezzo,2018,Somerset,RETAIL_HIGH_STREET,85000.0,85000.0,
8333059000,13604186,prezzo,2018,Somerset,RETAIL_HIGH_STREET,85000.0,84500.0,
8333059000,273659186,prezzo,2018,Somerset,RETAIL_HIGH_STREET,85000.0,85500.0,
8335047000,2327170000,frankie&bennys,2020,West Northamptonshire,RETAIL_RESTAURANTS_AND_CAFES,93000.0,92500.0,
8335047000,85027045,frankie&bennys,2020,West Northamptonshire,RETAIL_RESTAURANTS_AND_CAFES,93000.0,91500.0,
8335047000,2665683000,frankie&bennys,2020,West Northamptonshire,RETAIL_RESTAURANTS_AND_CAFES,93000.0,91500.0,
8340920000,8249950000,maplin,2018,Chesterfield,RETAIL_OTHER_SUPERSTORES_AND_WAREHOUSES,73000.0,72500.0,
8340920000,312201033,maplin,2018,Chesterfield,RETAIL_OTHER_SUPERSTORES_AND_WAREHOUSES,73000.0,73500.0,
8340920000,547925033,maplin,2018,Chesterfield,RETAIL_OTHER_SUPERSTORES_AND_WAREHOUSES,73000.0,75000.0,
8343289000,13599186,maplin,2018,Somerset,RETAIL_HIGH_STREET,55000.0,55000.0,
8343289000,161465186,maplin,2018,Somerset,RETAIL_HIGH_STREET,55000.0,55000.0,
8343289000,13746556000,maplin,2018,Somerset,RETAIL_HIGH_STREET,55000.0,55000.0,
8344226000,11906824000,frankie&bennys,2020,Somerset,RETAIL_HIGH_STREET,121000.0,120000.0,
8344226000,243546186,frankie&bennys,2020,Somerset,RETAIL_HIGH_STREET,121000.0,120000.0,
8344226000,187555186,frankie&bennys,2020,Somerset,RETAIL_HIGH_STREET,121000.0,122000.0,
8346662000,11206454000,debenhams,2020,Chesterfield,RETAIL_OTHER_SUPERSTORES_AND_WAREHOUSES,565000.0,630000.0,
8346662000,8072287000,debenhams,2020,Chesterfield,RETAIL_OTHER_SUPERSTORES_AND_WAREHOUSES,565000.0,630000.0,
8346662000,553370033,debenhams,2020,Chesterfield,RETAIL_OTHER_SUPERSTORES_AND_WAREHOUSES,565000.0,472500.0,
8385239000,11210490000,prezzo,2018,North Northamptonshire,RETAIL_RESTAURANTS_AND_CAFES,33500.0,33000.0,
8385239000,121610045,prezzo,2018,North Northamptonshire,RETAIL_RESTAURANTS_AND_CAFES,33500.0,33000.0,
8385239000,208916045,prezzo,2018,North Northamptonshire,RETAIL_RESTAURANTS_AND_CAFES,33500.0,33000.0,
8398388000,14246330000,arcadia,2020,Peterborough,RETAIL_OTHER_SUPERSTORES_AND_WAREHOUSES,270000.0,270000.0,
8398388000,5853762000,arcadia,2020,Peterborough,RETAIL_OTHER_SUPERSTORES_AND_WAREHOUSES,270000.0,267500.0,
8398388000,12479355000,arcadia,2020,Peterborough,RETAIL_OTHER_SUPERSTORES_AND_WAREHOUSES,270000.0,272500.0,
8404464000,10611799000,arcadia,2020,Sunderland,RETAIL_HIGH_STREET,407500.0,405000.0,
8404464000,10076953000,arcadia,2020,Sunderland,RETAIL_HIGH_STREET,407500.0,355000.0,
8404464000,12928983000,arcadia,2020,Sunderland,RETAIL_HIGH_STREET,407500.0,335000.0,
8420372000,398836244,arcadia,2020,Leeds,RETAIL_OTHER_SUPERSTORES_AND_WAREHOUSES,1250000.0,1240000.0,
8420372000,12731796000,arcadia,2020,Leeds,RETAIL_OTHER_SUPERSTORES_AND_WAREHOUSES,1250000.0,1260000.0,
8420372000,11978058000,arcadia,2020,Leeds,RETAIL_OTHER_SUPERSTORES_AND_WAREHOUSES,1250000.0,1230000.0,
8437009000,655188000,arcadia,2020,Peterborough,RETAIL_HIGH_STREET,495000.0,427500.0,
8437009000,178639016,arcadia,2020,Peterborough,RETAIL_HIGH_STREET,495000.0,345000.0,
8437009000,448222016,arcadia,2020,Peterborough,RETAIL_HIGH_STREET,495000.0,337500.0,
8455919000,31122162,mothercare,2019,Milton Keynes,RETAIL_HIGH_STREET,320000.0,317500.0,
8455919000,9133324000,mothercare,2019,Milton Keynes,RETAIL_HIGH_STREET,320000.0,315000.0,
8455919000,12079201000,mothercare,2019,Milton Keynes,RETAIL_HIGH_STREET,320000.0,332500.0,
8501696000,8567993000,prezzo,2018,Rushmoor,RETAIL_RESTAURANTS_AND_CAFES,61500.0,59500.0,
8501696000,8680044000,prezzo,2018,Rushmoor,RETAIL_RESTAURANTS_AND_CAFES,61500.0,59500.0,
8501696000,195395171,prezzo,2018,Rushmoor,RETAIL_RESTAURANTS_AND_CAFES,61500.0,63500.0,
8501698000,8485538000,frankie&bennys,2020,Rushmoor,RETAIL_RESTAURANTS_AND_CAFES,76000.0,78000.0,
8501698000,8612624000,frankie&bennys,2020,Rushmoor,RETAIL_RESTAURANTS_AND_CAFES,76000.0,82000.0,
8501698000,8501702000,frankie&bennys,2020,Rushmoor,RETAIL_RESTAURANTS_AND_CAFES,76000.0,82500.0,
8507005000,105788063,byron,2020,Camden,RETAIL_RESTAURANTS_AND_CAFES,44750.0,44500.0,
8507005000,178266063,byron,2020,Camden,RETAIL_RESTAURANTS_AND_CAFES,44750.0,44500.0,
8507005000,222811063,byron,2020,Camden,RETAIL_RESTAURANTS_AND_CAFES,44750.0,44500.0,
8519498000,1827945000,arcadia,2020,Milton Keynes,RETAIL_OTHER_SUPERSTORES_AND_WAREHOUSES,445000.0,442500.0,
8519498000,7879337000,arcadia,2020,Milton Keynes,RETAIL_OTHER_SUPERSTORES_AND_WAREHOUSES,445000.0,442500.0,
8519498000,3372706000,arcadia,2020,Milton Keynes,RETAIL_OTHER_SUPERSTORES_AND_WAREHOUSES,445000.0,435000.0,
8527204000,20775017,prezzo,2018,Watford,RETAIL_RESTAURANTS_AND_CAFES,100000.0,100000.0,
8527204000,14706107000,prezzo,2018,Watford,RETAIL_RESTAURANTS_AND_CAFES,100000.0,100000.0,
8527204000,8530367000,prezzo,2018,Watford,RETAIL_RESTAURANTS_AND_CAFES,100000.0,98000.0,
8527238000,1223351000,bella italia,2020,Watford,RETAIL_RESTAURANTS_AND_CAFES,91500.0,90000.0,
8527238000,208693017,bella italia,2020,Watford,RETAIL_RESTAURANTS_AND_CAFES,91500.0,94000.0,
8527238000,212633017,bella italia,2020,Watford,RETAIL_RESTAURANTS_AND_CAFES,91500.0,88500.0,
8550345000,8361767000,poundworld,2018,Coventry,RETAIL_OTHER_SUPERSTORES_AND_WAREHOUSES,84500.0,83500.0,
8550345000,6932906000,poundworld,2018,Coventry,RETAIL_OTHER_SUPERSTORES_AND_WAREHOUSES,84500.0,82500.0,
8550345000,10955646000,poundworld,2018,Coventry,RETAIL_OTHER_SUPERSTORES_AND_WAREHOUSES,84500.0,81000.0,
8561198000,425294221,arcadia,2020,Birmingham,RETAIL_RESTAURANTS_AND_CAFES,48000.0,47500.0,
8561198000,10024249000,arcadia,2020,Birmingham,RETAIL_RESTAURANTS_AND_CAFES,48000.0,48500.0,
8561198000,8361020000,arcadia,2020,Birmingham,RETAIL_RESTAURANTS_AND_CAFES,48000.0,48500.0,
8561199000,14541668000,arcadia,2020,Birmingham,RETAIL_RESTAURANTS_AND_CAFES,19750.0,19750.0,
8561199000,9188784000,arcadia,2020,Birmingham,RETAIL_RESTAURANTS_AND_CAFES,19750.0,19750.0,
8561199000,14488231000,arcadia,2020,Birmingham,RETAIL_RESTAURANTS_AND_CAFES,19750.0,19750.0,
8563298000,14453233000,arcadia,2020,Warwick,RETAIL_HIGH_STREET,320000.0,217000.0,
8563298000,5170377000,arcadia,2020,Warwick,RETAIL_HIGH_STREET,320000.0,202000.0,
8563298000,5317235000,arcadia,2020,Warwick,RETAIL_HIGH_STREET,320000.0,185000.0,
8566393000,12711597000,carluccios,2020,Leeds,RETAIL_RESTAURANTS_AND_CAFES,112000.0,111000.0,
8566393000,1334728000,carluccios,2020,Leeds,RETAIL_RESTAURANTS_AND_CAFES,112000.0,113000.0,
8566393000,4982248000,carluccios,2020,Leeds,RETAIL_RESTAURANTS_AND_CAFES,112000.0,110000.0,
8568497000,11307345000,arcadia,2020,Dartford,RETAIL_HIGH_STREET,1660000.0,1340000.0,
8568497000,9132830000,arcadia,2020,Dartford,RETAIL_HIGH_STREET,1660000.0,1320000.0,
8568497000,650973000,arcadia,2020,Dartford,RETAIL_HIGH_STREET,1660000.0,1290000.0,
8582594000,5942717000,homebase,2024,Canterbury,RETAIL_OTHER_SUPERSTORES_AND_WAREHOUSES,367500.0,302500.0,
8582594000,14595009000,homebase,2024,Canterbury,RETAIL_OTHER_SUPERSTORES_AND_WAREHOUSES,367500.0,287500.0,
8582594000,9536469000,homebase,2024,Canterbury,RETAIL_OTHER_SUPERSTORES_AND_WAREHOUSES,367500.0,450000.0,
8594902000,6017620000,paperchase,2023,Camden,RETAIL_HIGH_STREET,41000.0,40750.0,
8594902000,6457092000,paperchase,2023,Camden,RETAIL_HIGH_STREET,41000.0,40750.0,
8594902000,94441063,paperchase,2023,Camden,RETAIL_HIGH_STREET,41000.0,40750.0,
8622330000,8622330000,arcadia,2020,Wiltshire,RETAIL_HIGH_STREET,16500.0,16500.0,
8622330000,96597216,arcadia,2020,Wiltshire,RETAIL_HIGH_STREET,16500.0,16500.0,
8622330000,123489216,arcadia,2020,Wiltshire,RETAIL_HIGH_STREET,16500.0,16500.0,
8625563000,107759173,carluccios,2020,Dorset,RETAIL_RESTAURANTS_AND_CAFES,66500.0,67500.0,
8625563000,10623637000,carluccios,2020,Dorset,RETAIL_RESTAURANTS_AND_CAFES,66500.0,67500.0,
8625563000,19945173,carluccios,2020,Dorset,RETAIL_RESTAURANTS_AND_CAFES,66500.0,65000.0,
8628329000,8628332000,arcadia,2020,Cheshire West and Chester,RETAIL_HIGH_STREET,161000.0,161000.0,
8628329000,8900132,arcadia,2020,Cheshire West and Chester,RETAIL_HIGH_STREET,161000.0,160000.0,
8628329000,14658378000,arcadia,2020,Cheshire West and Chester,RETAIL_HIGH_STREET,161000.0,158000.0,
8660525000,13186198000,mothercare,2019,South Gloucestershire,RETAIL_OTHER_SUPERSTORES_AND_WAREHOUSES,440000.0,440000.0,
8660525000,157834211,mothercare,2019,South Gloucestershire,RETAIL_OTHER_SUPERSTORES_AND_WAREHOUSES,440000.0,440000.0,
8660525000,159599211,mothercare,2019,South Gloucestershire,RETAIL_OTHER_SUPERSTORES_AND_WAREHOUSES,440000.0,442500.0,
8661654000,11032112000,thomas cook,2019,Crawley,RETAIL_HIGH_STREET,29250.0,29250.0,
8661654000,9713326000,thomas cook,2019,Crawley,RETAIL_HIGH_STREET,29250.0,29000.0,
8661654000,10534275000,thomas cook,2019,Crawley,RETAIL_HIGH_STREET,29250.0,29000.0,
8682456000,14366798000,poundworld,2018,Manchester,RETAIL_HIGH_STREET,56000.0,56000.0,
8682456000,206985113,poundworld,2018,Manchester,RETAIL_HIGH_STREET,56000.0,56000.0,
8682456000,5077636000,poundworld,2018,Manchester,RETAIL_HIGH_STREET,56000.0,56000.0,
8688137000,15038740000,carluccios,2020,Warwick,RETAIL_RESTAURANTS_AND_CAFES,72000.0,72000.0,
8688137000,2905722000,carluccios,2020,Warwick,RETAIL_RESTAURANTS_AND_CAFES,72000.0,71500.0,
8688137000,10327309000,carluccios,2020,Warwick,RETAIL_RESTAURANTS_AND_CAFES,72000.0,70000.0,
8692420000,2464408023,frankie&bennys,2020,Southend-on-Sea,RETAIL_RESTAURANTS_AND_CAFES,57000.0,57500.0,
8692420000,2996073000,frankie&bennys,2020,Southend-on-Sea,RETAIL_RESTAURANTS_AND_CAFES,57000.0,57750.0,
8692420000,933225000,frankie&bennys,2020,Southend-on-Sea,RETAIL_RESTAURANTS_AND_CAFES,57000.0,56000.0,
8696061000,174662237,cath kidston,2020,Warwick,RETAIL_HIGH_STREET,1425.0,1425.0,
8696061000,71640237,cath kidston,2020,Warwick,RETAIL_HIGH_STREET,1425.0,1400.0,
8696061000,10793044000,cath kidston,2020,Warwick,RETAIL_HIGH_STREET,1425.0,1400.0,
8707894000,13249714000,poundworld,2018,Cannock Chase,RETAIL_HIGH_STREET,166000.0,167000.0,
8707894000,13259490000,poundworld,2018,Cannock Chase,RETAIL_HIGH_STREET,166000.0,161000.0,
8707894000,13293739000,poundworld,2018,Cannock Chase,RETAIL_HIGH_STREET,166000.0,160000.0,
8707935000,6394720000,prezzo,2018,"Bristol, City of",RETAIL_RESTAURANTS_AND_CAFES,51500.0,52000.0,
8707935000,347258212,prezzo,2018,"Bristol, City of",RETAIL_RESTAURANTS_AND_CAFES,51500.0,50700.0,
8707935000,7890338000,prezzo,2018,"Bristol, City of",RETAIL_RESTAURANTS_AND_CAFES,51500.0,50700.0,
8721878000,12421396000,poundworld,2018,West Northamptonshire,RETAIL_HIGH_STREET,5400.0,5400.0,
8721878000,265907045,poundworld,2018,West Northamptonshire,RETAIL_HIGH_STREET,5400.0,5400.0,
8721878000,7135705000,poundworld,2018,West Northamptonshire,RETAIL_HIGH_STREET,5400.0,5400.0,
8730184000,11074301000,prezzo,2018,North Northamptonshire,RETAIL_RESTAURANTS_AND_CAFES,47000.0,46750.0,
8730184000,157195045,prezzo,2018,North Northamptonshire,RETAIL_RESTAURANTS_AND_CAFES,47000.0,47250.0,
8730184000,11126321000,prezzo,2018,North Northamptonshire,RETAIL_RESTAURANTS_AND_CAFES,47000.0,47250.0,
8741813000,4084523000,arcadia,2020,Camden,OFFICE_GENERAL,183000.0,183000.0,
8741813000,2372944000,arcadia,2020,Camden,OFFICE_GENERAL,183000.0,183000.0,
8741813000,15010910000,arcadia,2020,Camden,OFFICE_GENERAL,183000.0,183000.0,
8771025000,7495523000,maplin,2018,City of London,RETAIL_HIGH_STREET,201000.0,201000.0,
8771025000,2002624000,maplin,2018,City of London,RETAIL_HIGH_STREET,201000.0,202000.0,
8771025000,1312353000,maplin,2018,City of London,RETAIL_HIGH_STREET,201000.0,202000.0,
8793526000,3416624000,toys r us,2018,Gloucester,RETAIL_OTHER_SUPERSTORES_AND_WAREHOUSES,467500.0,467500.0,
8793526000,13024261000,toys r us,2018,Gloucester,RETAIL_OTHER_SUPERSTORES_AND_WAREHOUSES,467500.0,450000.0,
8793526000,10202872000,toys r us,2018,Gloucester,RETAIL_OTHER_SUPERSTORES_AND_WAREHOUSES,467500.0,445000.0,
8797627000,9489151000,arcadia,2020,West Northamptonshire,INDUSTRIAL_GENERAL,12250.0,12250.0,
8797627000,263170045,arcadia,2020,West Northamptonshire,INDUSTRIAL_GENERAL,12250.0,12250.0,
8797627000,10090696000,arcadia,2020,West Northamptonshire,INDUSTRIAL_GENERAL,12250.0,12250.0,
8805041000,11626990000,toys r us,2018,Bromley,RETAIL_HIGH_STREET,267500.0,267500.0,
8805041000,8805013000,toys r us,2018,Bromley,RETAIL_HIGH_STREET,267500.0,267500.0,
8805041000,11628162000,toys r us,2018,Bromley,RETAIL_HIGH_STREET,267500.0,270000.0,
8805220000,236633072,debenhams,2020,Bromley,RETAIL_HIGH_STREET,14750.0,14750.0,
8805220000,196770072,debenhams,2020,Bromley,RETAIL_HIGH_STREET,14750.0,14750.0,
8805220000,588340000,debenhams,2020,Bromley,RETAIL_HIGH_STREET,14750.0,14750.0,
8809391000,128186216,cath kidston,2020,Wiltshire,RETAIL_HIGH_STREET,30000.0,30000.0,
8809391000,150285216,cath kidston,2020,Wiltshire,RETAIL_HIGH_STREET,30000.0,30000.0,
8809391000,3992130000,cath kidston,2020,Wiltshire,RETAIL_HIGH_STREET,30000.0,30000.0,
8816483000,186252212,poundworld,2018,"Bristol, City of",RETAIL_OTHER_SUPERSTORES_AND_WAREHOUSES,64000.0,64500.0,
8816483000,13242700000,poundworld,2018,"Bristol, City of",RETAIL_OTHER_SUPERSTORES_AND_WAREHOUSES,64000.0,67000.0,
8816483000,7405520000,poundworld,2018,"Bristol, City of",RETAIL_OTHER_SUPERSTORES_AND_WAREHOUSES,64000.0,68500.0,
8821371000,4126734000,arcadia,2020,Coventry,RETAIL_OTHER_SUPERSTORES_AND_WAREHOUSES,252500.0,250000.0,
8821371000,5277805000,arcadia,2020,Coventry,RETAIL_OTHER_SUPERSTORES_AND_WAREHOUSES,252500.0,255000.0,
8821371000,8354859000,arcadia,2020,Coventry,RETAIL_OTHER_SUPERSTORES_AND_WAREHOUSES,252500.0,257500.0,
8821819000,7147673000,prezzo,2018,"Bournemouth, Christchurch and Poole",RETAIL_RESTAURANTS_AND_CAFES,77500.0,77000.0,
8821819000,13340997000,prezzo,2018,"Bournemouth, Christchurch and Poole",RETAIL_RESTAURANTS_AND_CAFES,77500.0,77000.0,
8821819000,7803779000,prezzo,2018,"Bournemouth, Christchurch and Poole",RETAIL_RESTAURANTS_AND_CAFES,77500.0,78000.0,
8833306000,11294155000,thomas cook,2019,West Northamptonshire,RETAIL_OTHER_SUPERSTORES_AND_WAREHOUSES,2430000.0,2550000.0,
8833306000,11356250000,thomas cook,2019,West Northamptonshire,RETAIL_OTHER_SUPERSTORES_AND_WAREHOUSES,2430000.0,2200000.0,
8833306000,14579613000,thomas cook,2019,West Northamptonshire,RETAIL_OTHER_SUPERSTORES_AND_WAREHOUSES,2430000.0,2100000.0,
8844433000,8844433000,ted baker,2024,Gloucester,RETAIL_HIGH_STREET,26250.0,26250.0,
8844433000,6762915000,ted baker,2024,Gloucester,RETAIL_HIGH_STREET,26250.0,26250.0,
8844433000,7593466000,ted baker,2024,Gloucester,RETAIL_HIGH_STREET,26250.0,26250.0,
8856276000,2917526000,arcadia,2020,Swindon,RETAIL_OTHER_SUPERSTORES_AND_WAREHOUSES,340000.0,335000.0,
8856276000,3333688000,arcadia,2020,Swindon,RETAIL_OTHER_SUPERSTORES_AND_WAREHOUSES,340000.0,317500.0,
8856276000,4698160000,arcadia,2020,Swindon,RETAIL_OTHER_SUPERSTORES_AND_WAREHOUSES,340000.0,317500.0,
8858956000,14530490000,body shop,2024,Brent,RETAIL_HIGH_STREET,38750.0,38750.0,
8858956000,376936065,body shop,2024,Brent,RETAIL_HIGH_STREET,38750.0,38750.0,
8858956000,382315065,body shop,2024,Brent,RETAIL_HIGH_STREET,38750.0,38750.0,
8858968000,8858978000,prezzo,2018,Brent,RETAIL_HIGH_STREET,66000.0,66000.0,
8858968000,12937363000,prezzo,2018,Brent,RETAIL_HIGH_STREET,66000.0,66000.0,
8858968000,250029065,prezzo,2018,Brent,RETAIL_HIGH_STREET,66000.0,66000.0,
8859002000,564863065,frankie&bennys,2020,Brent,RETAIL_HIGH_STREET,96000.0,96000.0,
8859002000,8858960000,frankie&bennys,2020,Brent,RETAIL_HIGH_STREET,96000.0,95000.0,
8859002000,8197519000,frankie&bennys,2020,Brent,RETAIL_HIGH_STREET,96000.0,95000.0,
8862813000,9612220000,prezzo,2018,Leeds,RETAIL_RESTAURANTS_AND_CAFES,66000.0,66000.0,
8862813000,10596385000,prezzo,2018,Leeds,RETAIL_RESTAURANTS_AND_CAFES,66000.0,66000.0,
8862813000,320876244,prezzo,2018,Leeds,RETAIL_RESTAURANTS_AND_CAFES,66000.0,65500.0,
8896950000,4971640000,strada,2018,North Northamptonshire,OFFICE_GENERAL,6700.0,6700.0,
8896950000,10937957000,strada,2018,North Northamptonshire,OFFICE_GENERAL,6700.0,6700.0,
8896950000,247293016,strada,2018,North Northamptonshire,OFFICE_GENERAL,6700.0,6700.0,
8896954000,7168528000,strada,2018,North Northamptonshire,OFFICE_GENERAL,6000.0,6000.0,
8896954000,213880045,strada,2018,North Northamptonshire,OFFICE_GENERAL,6000.0,6000.0,
8896954000,235338000,strada,2018,North Northamptonshire,OFFICE_GENERAL,6000.0,6000.0,
8896956000,14951924000,strada,2018,North Northamptonshire,OFFICE_GENERAL,4050.0,4050.0,
8896956000,8141866000,strada,2018,North Northamptonshire,OFFICE_GENERAL,4050.0,4050.0,
8896956000,7854941000,strada,2018,North Northamptonshire,OFFICE_GENERAL,4050.0,4050.0,
8901213000,26385012,arcadia,2020,Cambridge,RETAIL_HIGH_STREET,8500.0,8500.0,
8901213000,9925025000,arcadia,2020,Cambridge,RETAIL_HIGH_STREET,8500.0,8500.0,
8901213000,11879654000,arcadia,2020,Cambridge,RETAIL_HIGH_STREET,8500.0,8500.0,
8906061000,5862765000,arcadia,2020,Buckinghamshire,RETAIL_HIGH_STREET,198000.0,203000.0,
8906061000,5862797000,arcadia,2020,Buckinghamshire,RETAIL_HIGH_STREET,198000.0,212000.0,
8906061000,5862826000,arcadia,2020,Buckinghamshire,RETAIL_HIGH_STREET,198000.0,213000.0,
8922799000,7291784000,prezzo,2018,Birmingham,RETAIL_RESTAURANTS_AND_CAFES,72000.0,72000.0,
8922799000,377534221,prezzo,2018,Birmingham,RETAIL_RESTAURANTS_AND_CAFES,72000.0,71750.0,
8922799000,3077398000,prezzo,2018,Birmingham,RETAIL_RESTAURANTS_AND_CAFES,72000.0,71500.0,
8931924000,543075221,thomas cook,2019,Birmingham,RETAIL_HIGH_STREET,18500.0,18500.0,
8931924000,6211239000,thomas cook,2019,Birmingham,RETAIL_HIGH_STREET,18500.0,18500.0,
8931924000,2161654000,thomas cook,2019,Birmingham,RETAIL_HIGH_STREET,18500.0,18500.0,
8942899000,278597216,chiquito,2020,Wiltshire,RETAIL_RESTAURANTS_AND_CAFES,77000.0,77000.0,
8942899000,268377216,chiquito,2020,Wiltshire,RETAIL_RESTAURANTS_AND_CAFES,77000.0,76250.0,
8942899000,7146191000,chiquito,2020,Wiltshire,RETAIL_RESTAURANTS_AND_CAFES,77000.0,76000.0,
8942903000,135929216,prezzo,2018,Wiltshire,RETAIL_RESTAURANTS_AND_CAFES,61500.0,61500.0,
8942903000,8329706000,prezzo,2018,Wiltshire,RETAIL_RESTAURANTS_AND_CAFES,61500.0,62000.0,
8942903000,572247216,prezzo,2018,Wiltshire,RETAIL_RESTAURANTS_AND_CAFES,61500.0,62500.0,
8942907000,5517276000,frankie&bennys,2020,Wiltshire,RETAIL_RESTAURANTS_AND_CAFES,72000.0,71500.0,
8942907000,1316426000,frankie&bennys,2020,Wiltshire,RETAIL_RESTAURANTS_AND_CAFES,72000.0,71500.0,
8942907000,288266216,frankie&bennys,2020,Wiltshire,RETAIL_RESTAURANTS_AND_CAFES,72000.0,71000.0,
8945314000,11174849000,arcadia,2020,Milton Keynes,RETAIL_HIGH_STREET,600000.0,590000.0,
8945314000,11349769000,arcadia,2020,Milton Keynes,RETAIL_HIGH_STREET,600000.0,615000.0,
8945314000,2001380000,arcadia,2020,Milton Keynes,RETAIL_HIGH_STREET,600000.0,580000.0,
8952663000,8977846000,arcadia,2020,Warwick,OFFICE_GENERAL,2750.0,2750.0,
8952663000,8952664000,arcadia,2020,Warwick,OFFICE_GENERAL,2750.0,2750.0,
8952663000,11267295000,arcadia,2020,Warwick,OFFICE_GENERAL,2750.0,2750.0,
8952683000,9263445000,arcadia,2020,Warwick,OFFICE_GENERAL,2800.0,2800.0,
8952683000,6733573000,arcadia,2020,Warwick,OFFICE_GENERAL,2800.0,2800.0,
8952683000,8740892000,arcadia,2020,Warwick,OFFICE_GENERAL,2800.0,2800.0,
8962624000,4708705000,ted baker,2024,Brent,INDUSTRIAL_GENERAL,390000.0,390000.0,
8962624000,13707893000,ted baker,2024,Brent,INDUSTRIAL_GENERAL,390000.0,392500.0,
8962624000,408776000,ted baker,2024,Brent,INDUSTRIAL_GENERAL,390000.0,380000.0,
8974112000,266632065,ted baker,2024,Brent,INDUSTRIAL_GENERAL,275000.0,275000.0,
8974112000,2316934000,ted baker,2024,Brent,INDUSTRIAL_GENERAL,275000.0,275000.0,
8974112000,410086065,ted baker,2024,Brent,INDUSTRIAL_GENERAL,275000.0,272500.0,
8974366000,8974366000,arcadia,2020,Chesterfield,RETAIL_OTHER_SUPERSTORES_AND_WAREHOUSES,13500.0,13500.0,
8974366000,321449033,arcadia,2020,Chesterfield,RETAIL_OTHER_SUPERSTORES_AND_WAREHOUSES,13500.0,13250.0,
8974366000,2752631000,arcadia,2020,Chesterfield,RETAIL_OTHER_SUPERSTORES_AND_WAREHOUSES,13500.0,13250.0,
8985462000,5135516000,prezzo,2018,Leeds,RETAIL_RESTAURANTS_AND_CAFES,103000.0,103000.0,
8985462000,13407402000,prezzo,2018,Leeds,RETAIL_RESTAURANTS_AND_CAFES,103000.0,103000.0,
8985462000,7797893000,prezzo,2018,Leeds,RETAIL_RESTAURANTS_AND_CAFES,103000.0,102000.0,
8987472000,7413416000,mothercare,2019,Gloucester,RETAIL_HIGH_STREET,690.0,690.0,
8987472000,7413409000,mothercare,2019,Gloucester,RETAIL_HIGH_STREET,690.0,690.0,
8987472000,7413394000,mothercare,2019,Gloucester,RETAIL_HIGH_STREET,690.0,690.0,
8989700000,257471045,maplin,2018,West Northamptonshire,OFFICE_GENERAL,10750.0,10750.0,
8989700000,5038292000,maplin,2018,West Northamptonshire,OFFICE_GENERAL,10750.0,10750.0,
8989700000,8178333000,maplin,2018,West Northamptonshire,OFFICE_GENERAL,10750.0,10750.0,
8989703000,7863035000,toys r us,2018,West Northamptonshire,OFFICE_GENERAL,3050.0,3050.0,
8989703000,4647330000,toys r us,2018,West Northamptonshire,OFFICE_GENERAL,3050.0,3050.0,
8989703000,12116168000,toys r us,2018,West Northamptonshire,OFFICE_GENERAL,3050.0,3050.0,
8993049000,211603241,poundworld,2018,Bradford,RETAIL_OTHER_SUPERSTORES_AND_WAREHOUSES,75000.0,75000.0,
8993049000,237617241,poundworld,2018,Bradford,RETAIL_OTHER_SUPERSTORES_AND_WAREHOUSES,75000.0,75000.0,
8993049000,8847458000,poundworld,2018,Bradford,RETAIL_OTHER_SUPERSTORES_AND_WAREHOUSES,75000.0,76000.0,
8996571000,9130598000,cath kidston,2020,Tower Hamlets,RETAIL_HIGH_STREET,59000.0,59000.0,
8996571000,3789561000,cath kidston,2020,Tower Hamlets,RETAIL_HIGH_STREET,59000.0,59000.0,
8996571000,11845178000,cath kidston,2020,Tower Hamlets,RETAIL_HIGH_STREET,59000.0,59000.0,
9007024000,8426607000,ted baker,2024,Tower Hamlets,OFFICE_GENERAL,169000.0,169000.0,
9007024000,6948268000,ted baker,2024,Tower Hamlets,OFFICE_GENERAL,169000.0,169000.0,
9007024000,9240332000,ted baker,2024,Tower Hamlets,OFFICE_GENERAL,169000.0,169000.0,
9011445000,14849901000,frankie&bennys,2020,South Gloucestershire,RETAIL_RESTAURANTS_AND_CAFES,76500.0,77500.0,
9011445000,642732000,frankie&bennys,2020,South Gloucestershire,RETAIL_RESTAURANTS_AND_CAFES,76500.0,75100.0,
9011445000,560613000,frankie&bennys,2020,South Gloucestershire,RETAIL_RESTAURANTS_AND_CAFES,76500.0,75000.0,
9012735000,8566433000,frankie&bennys,2020,Leeds,RETAIL_RESTAURANTS_AND_CAFES,187000.0,185000.0,
9012735000,2690706000,frankie&bennys,2020,Leeds,RETAIL_RESTAURANTS_AND_CAFES,187000.0,189000.0,
9012735000,14629473000,frankie&bennys,2020,Leeds,RETAIL_RESTAURANTS_AND_CAFES,187000.0,190000.0,
9012758000,1536031000,arcadia,2020,Stoke-on-Trent,RETAIL_HIGH_STREET,375000.0,372500.0,
9012758000,10146576000,arcadia,2020,Stoke-on-Trent,RETAIL_HIGH_STREET,375000.0,400000.0,
9012758000,1222122000,arcadia,2020,Stoke-on-Trent,RETAIL_HIGH_STREET,375000.0,337500.0,
9012760000,11319016000,arcadia,2020,Stoke-on-Trent,RETAIL_HIGH_STREET,440000.0,425000.0,
9012760000,1222121000,arcadia,2020,Stoke-on-Trent,RETAIL_HIGH_STREET,440000.0,330000.0,
9012760000,2878188000,arcadia,2020,Stoke-on-Trent,RETAIL_HIGH_STREET,440000.0,555000.0,
9014446000,12378487000,debenhams,2020,Camden,OFFICE_GENERAL,6810000.0,6830000.0,
9014446000,12542131000,debenhams,2020,Camden,OFFICE_GENERAL,6810000.0,6980000.0,
9014446000,11854642000,debenhams,2020,Camden,OFFICE_GENERAL,6810000.0,6450000.0,
9014717000,2274227000,mothercare,2019,Dudley,RETAIL_OTHER_SUPERSTORES_AND_WAREHOUSES,335000.0,335000.0,
9014717000,11928262000,mothercare,2019,Dudley,RETAIL_OTHER_SUPERSTORES_AND_WAREHOUSES,335000.0,332500.0,
9014717000,8812310000,mothercare,2019,Dudley,RETAIL_OTHER_SUPERSTORES_AND_WAREHOUSES,335000.0,340000.0,
9020698000,70550063,byron,2020,Camden,RETAIL_HIGH_STREET,12500.0,12500.0,
9020698000,12119921000,byron,2020,Camden,RETAIL_HIGH_STREET,12500.0,12500.0,
9020698000,86979063,byron,2020,Camden,RETAIL_HIGH_STREET,12500.0,12500.0,
9050182000,2363558000,paperchase,2023,City of London,RETAIL_HIGH_STREET,49500.0,49500.0,
9050182000,10836767000,paperchase,2023,City of London,RETAIL_HIGH_STREET,49500.0,49500.0,
9050182000,18419052,paperchase,2023,City of London,RETAIL_HIGH_STREET,49500.0,49500.0,
9051991000,9256312000,debenhams,2020,Thurrock,INDUSTRIAL_GENERAL,161000.0,159000.0,
9051991000,303094000,debenhams,2020,Thurrock,INDUSTRIAL_GENERAL,161000.0,157000.0,
9051991000,9936089000,debenhams,2020,Thurrock,INDUSTRIAL_GENERAL,161000.0,165000.0,
9054585000,18838132,poundworld,2018,Cheshire West and Chester,RETAIL_HIGH_STREET,101000.0,100000.0,
9054585000,3301132,poundworld,2018,Cheshire West and Chester,RETAIL_HIGH_STREET,101000.0,100000.0,
9054585000,292453132,poundworld,2018,Cheshire West and Chester,RETAIL_HIGH_STREET,101000.0,100000.0,
9061159000,2539862000,poundworld,2018,"Bristol, City of",RETAIL_HIGH_STREET,24000.0,24000.0,
9061159000,30948212,poundworld,2018,"Bristol, City of",RETAIL_HIGH_STREET,24000.0,24000.0,
9061159000,127097212,poundworld,2018,"Bristol, City of",RETAIL_HIGH_STREET,24000.0,24000.0,
9065299000,4285623000,thomas cook,2019,Crawley,OFFICE_GENERAL,127000.0,127000.0,
9065299000,11190765000,thomas cook,2019,Crawley,OFFICE_GENERAL,127000.0,127000.0,
9065299000,5993832000,thomas cook,2019,Crawley,OFFICE_GENERAL,127000.0,128000.0,
9071603000,3786752000,body shop,2024,Fareham,INDUSTRIAL_GENERAL,6500.0,6500.0,
9071603000,8158089000,body shop,2024,Fareham,INDUSTRIAL_GENERAL,6500.0,6500.0,
9071603000,239706000,body shop,2024,Fareham,INDUSTRIAL_GENERAL,6500.0,6500.0,
9083408000,7577352000,body shop,2024,Leeds,INDUSTRIAL_GENERAL,0.0,0.0,
9083408000,309516244,body shop,2024,Leeds,INDUSTRIAL_GENERAL,0.0,0.0,
9083408000,7136758000,body shop,2024,Leeds,INDUSTRIAL_GENERAL,0.0,0.0,
9109324000,8973909000,wilko,2023,Gloucester,RETAIL_OTHER_SUPERSTORES_AND_WAREHOUSES,195000.0,197000.0,
9109324000,6347348000,wilko,2023,Gloucester,RETAIL_OTHER_SUPERSTORES_AND_WAREHOUSES,195000.0,199000.0,
9109324000,10421303000,wilko,2023,Gloucester,RETAIL_OTHER_SUPERSTORES_AND_WAREHOUSES,195000.0,203000.0,
9109377000,11781087000,byron,2020,Hammersmith and Fulham,RETAIL_HIGH_STREET,63000.0,63000.0,
9109377000,2677950000,byron,2020,Hammersmith and Fulham,RETAIL_HIGH_STREET,63000.0,63000.0,
9109377000,442027000,byron,2020,Hammersmith and Fulham,RETAIL_HIGH_STREET,63000.0,63000.0,
9112847000,9245687000,arcadia,2020,Derby,RETAIL_HIGH_STREET,128000.0,123000.0,
9112847000,9642693000,arcadia,2020,Derby,RETAIL_HIGH_STREET,128000.0,121000.0,
9112847000,14891513000,arcadia,2020,Derby,RETAIL_HIGH_STREET,128000.0,118000.0,
9115267000,14975239000,thomas cook,2019,City of London,OFFICE_GENERAL,690000.0,690000.0,
9115267000,14502930000,thomas cook,2019,City of London,OFFICE_GENERAL,690000.0,690000.0,
9115267000,11887805000,thomas cook,2019,City of London,OFFICE_GENERAL,690000.0,690000.0,
9116753000,12653598000,poundworld,2018,Bradford,RETAIL_HIGH_STREET,46250.0,46250.0,
9116753000,244678241,poundworld,2018,Bradford,RETAIL_HIGH_STREET,46250.0,46250.0,
9116753000,137282241,poundworld,2018,Bradford,RETAIL_HIGH_STREET,46250.0,46250.0,
9116755000,4665342000,poundworld,2018,Bradford,RETAIL_HIGH_STREET,5700.0,5700.0,
9116755000,96231241,poundworld,2018,Bradford,RETAIL_HIGH_STREET,5700.0,5700.0,
9116755000,42752241,poundworld,2018,Bradford,RETAIL_HIGH_STREET,5700.0,5700.0,
9132493000,218989214,body shop,2024,Gloucester,INDUSTRIAL_GENERAL,5900.0,5900.0,
9132493000,9132492000,body shop,2024,Gloucester,INDUSTRIAL_GENERAL,5900.0,5900.0,
9132493000,4916922000,body shop,2024,Gloucester,INDUSTRIAL_GENERAL,5900.0,5900.0,
9132830000,12403897000,arcadia,2020,Dartford,RETAIL_HIGH_STREET,1320000.0,1270000.0,
9132830000,2222369000,arcadia,2020,Dartford,RETAIL_HIGH_STREET,1320000.0,1180000.0,
9132830000,7711993000,arcadia,2020,Dartford,RETAIL_HIGH_STREET,1320000.0,1000000.0,
9137867000,10313360000,bella italia,2020,Gloucester,RETAIL_RESTAURANTS_AND_CAFES,57000.0,57000.0,
9137867000,42316214,bella italia,2020,Gloucester,RETAIL_RESTAURANTS_AND_CAFES,57000.0,57500.0,
9137867000,310708214,bella italia,2020,Gloucester,RETAIL_RESTAURANTS_AND_CAFES,57000.0,55000.0,
9140890000,132796105,poundworld,2018,North Yorkshire,RETAIL_HIGH_STREET,143000.0,142000.0,
9140890000,132799105,poundworld,2018,North Yorkshire,RETAIL_HIGH_STREET,143000.0,145000.0,
9140890000,31122105,poundworld,2018,North Yorkshire,RETAIL_HIGH_STREET,143000.0,140000.0,
9147786000,299808222,frankie&bennys,2020,Coventry,RETAIL_RESTAURANTS_AND_CAFES,82000.0,82500.0,
9147786000,12384645000,frankie&bennys,2020,Coventry,RETAIL_RESTAURANTS_AND_CAFES,82000.0,81000.0,
9147786000,11769751000,frankie&bennys,2020,Coventry,RETAIL_RESTAURANTS_AND_CAFES,82000.0,80500.0,
9148261000,103194124,bhs,2016,Cumberland,INDUSTRIAL_GENERAL,4550.0,4550.0,
9148261000,12676544000,bhs,2016,Cumberland,INDUSTRIAL_GENERAL,4550.0,4550.0,
9148261000,103199124,bhs,2016,Cumberland,INDUSTRIAL_GENERAL,4550.0,4550.0,
9154447000,1517004000,thomas cook,2019,City of London,OTHER_COMMERCIAL,7000.0,7000.0,
9154447000,8816507000,thomas cook,2019,City of London,OTHER_COMMERCIAL,7000.0,7000.0,
9154447000,5713140000,thomas cook,2019,City of London,OTHER_COMMERCIAL,7000.0,7000.0,
9168889000,3980972000,chiquito,2020,Coventry,RETAIL_OTHER_SUPERSTORES_AND_WAREHOUSES,86500.0,90500.0,
9168889000,11335235000,chiquito,2020,Coventry,RETAIL_OTHER_SUPERSTORES_AND_WAREHOUSES,86500.0,81000.0,
9168889000,4369537000,chiquito,2020,Coventry,RETAIL_OTHER_SUPERSTORES_AND_WAREHOUSES,86500.0,80000.0,
9169209000,551206162,byron,2020,Milton Keynes,RETAIL_RESTAURANTS_AND_CAFES,151000.0,157000.0,
9169209000,14904568000,byron,2020,Milton Keynes,RETAIL_RESTAURANTS_AND_CAFES,151000.0,157000.0,
9169209000,11394440000,byron,2020,Milton Keynes,RETAIL_RESTAURANTS_AND_CAFES,151000.0,144000.0,
9171010000,14645549000,frankie&bennys,2020,Coventry,RETAIL_OTHER_SUPERSTORES_AND_WAREHOUSES,103000.0,100000.0,
9171010000,446901000,frankie&bennys,2020,Coventry,RETAIL_OTHER_SUPERSTORES_AND_WAREHOUSES,103000.0,98000.0,
9171010000,10165803000,frankie&bennys,2020,Coventry,RETAIL_OTHER_SUPERSTORES_AND_WAREHOUSES,103000.0,111000.0,
9185280000,30575016,toys r us,2018,Peterborough,RETAIL_HIGH_STREET,105000.0,105000.0,
9185280000,4558016,toys r us,2018,Peterborough,RETAIL_HIGH_STREET,105000.0,105000.0,
9185280000,7138396000,toys r us,2018,Peterborough,RETAIL_HIGH_STREET,105000.0,107000.0,
9197192000,4324487000,paperchase,2023,South Oxfordshire,RETAIL_HIGH_STREET,71500.0,72000.0,
9197192000,181025163,paperchase,2023,South Oxfordshire,RETAIL_HIGH_STREET,71500.0,72500.0,
9197192000,8896016000,paperchase,2023,South Oxfordshire,RETAIL_HIGH_STREET,71500.0,72500.0,
9197193000,159854163,paperchase,2023,South Oxfordshire,OTHER_COMMERCIAL,0.0,0.0,
9197193000,8852133000,paperchase,2023,South Oxfordshire,OTHER_COMMERCIAL,0.0,0.0,
9197193000,8365361000,paperchase,2023,South Oxfordshire,OTHER_COMMERCIAL,0.0,0.0,
9206800000,1431573000,prezzo,2018,Milton Keynes,RETAIL_RESTAURANTS_AND_CAFES,98000.0,98500.0,
9206800000,11092549000,prezzo,2018,Milton Keynes,RETAIL_RESTAURANTS_AND_CAFES,98000.0,96500.0,
9206800000,5650902000,prezzo,2018,Milton Keynes,RETAIL_RESTAURANTS_AND_CAFES,98000.0,96000.0,
9209155000,29327017,arcadia,2020,Watford,RETAIL_HIGH_STREET,10000.0,10000.0,
9209155000,9209155000,arcadia,2020,Watford,RETAIL_HIGH_STREET,10000.0,10000.0,
9209155000,23055017,arcadia,2020,Watford,RETAIL_HIGH_STREET,10000.0,10000.0,
9224052000,13963142000,arcadia,2020,Buckinghamshire,RETAIL_HIGH_STREET,123000.0,122000.0,
9224052000,567323162,arcadia,2020,Buckinghamshire,RETAIL_HIGH_STREET,123000.0,125000.0,
9224052000,560168162,arcadia,2020,Buckinghamshire,RETAIL_HIGH_STREET,123000.0,126000.0,
9224706000,258187013,prezzo,2018,North Hertfordshire,RETAIL_RESTAURANTS_AND_CAFES,47750.0,47750.0,
9224706000,192185013,prezzo,2018,North Hertfordshire,RETAIL_RESTAURANTS_AND_CAFES,47750.0,46750.0,
9224706000,89888013,prezzo,2018,North Hertfordshire,RETAIL_RESTAURANTS_AND_CAFES,47750.0,48750.0,
9227997000,34093036,poundworld,2018,Norwich,RETAIL_HIGH_STREET,150000.0,150000.0,
9227997000,14485141000,poundworld,2018,Norwich,RETAIL_HIGH_STREET,150000.0,150000.0,
9227997000,4354630000,poundworld,2018,Norwich,RETAIL_HIGH_STREET,150000.0,150000.0,
9243712000,10813633000,mothercare,2019,Peterborough,RETAIL_HIGH_STREET,287500.0,275000.0,
9243712000,178665016,mothercare,2019,Peterborough,RETAIL_HIGH_STREET,287500.0,270000.0,
9243712000,30542016,mothercare,2019,Peterborough,RETAIL_HIGH_STREET,287500.0,260000.0,
9245557000,9246408000,arcadia,2020,Derby,RETAIL_HIGH_STREET,337500.0,310000.0,
9245557000,9246172000,arcadia,2020,Derby,RETAIL_HIGH_STREET,337500.0,300000.0,
9245557000,8638194000,arcadia,2020,Derby,RETAIL_HIGH_STREET,337500.0,277500.0,
9245925000,215967042,paperchase,2023,Derby,RETAIL_HIGH_STREET,73000.0,73000.0,
9245925000,9246228000,paperchase,2023,Derby,RETAIL_HIGH_STREET,73000.0,73000.0,
9245925000,13268042,paperchase,2023,Derby,RETAIL_HIGH_STREET,73000.0,73000.0,
9245935000,9243474000,body shop,2024,Derby,RETAIL_HIGH_STREET,73500.0,73500.0,
9245935000,9245934000,body shop,2024,Derby,RETAIL_HIGH_STREET,73500.0,73500.0,
9245935000,9245735000,body shop,2024,Derby,RETAIL_HIGH_STREET,73500.0,73500.0,
9246023000,14510090000,byron,2020,Derby,RETAIL_RESTAURANTS_AND_CAFES,112000.0,111000.0,
9246023000,14987070000,byron,2020,Derby,RETAIL_RESTAURANTS_AND_CAFES,112000.0,111000.0,
9246023000,9754595000,byron,2020,Derby,RETAIL_RESTAURANTS_AND_CAFES,112000.0,110000.0,
9246037000,222809042,cath kidston,2020,Derby,RETAIL_HIGH_STREET,73000.0,72500.0,
9246037000,13269042,cath kidston,2020,Derby,RETAIL_HIGH_STREET,73000.0,72500.0,
9246037000,4634774000,cath kidston,2020,Derby,RETAIL_HIGH_STREET,73000.0,72000.0,
9246120000,14053604000,arcadia,2020,Derby,RETAIL_HIGH_STREET,262500.0,255000.0,
9246120000,9246105000,arcadia,2020,Derby,RETAIL_HIGH_STREET,262500.0,275000.0,
9246120000,11986941000,arcadia,2020,Derby,RETAIL_HIGH_STREET,262500.0,248000.0,
9246186000,9246036000,poundworld,2018,Derby,RETAIL_HIGH_STREET,144000.0,147000.0,
9246186000,479806042,poundworld,2018,Derby,RETAIL_HIGH_STREET,144000.0,150000.0,
9246186000,14946117000,poundworld,2018,Derby,RETAIL_HIGH_STREET,144000.0,163000.0,
9263090000,55448052,paperchase,2023,City of London,RETAIL_HIGH_STREET,37750.0,37750.0,
9263090000,2335848000,paperchase,2023,City of London,RETAIL_HIGH_STREET,37750.0,37750.0,
9263090000,5920450000,paperchase,2023,City of London,RETAIL_HIGH_STREET,37750.0,37750.0,
9266278000,1279964000,debenhams,2020,Stockton-on-Tees,RETAIL_OTHER_SUPERSTORES_AND_WAREHOUSES,427500.0,424500.0,
9266278000,10362785000,debenhams,2020,Stockton-on-Tees,RETAIL_OTHER_SUPERSTORES_AND_WAREHOUSES,427500.0,432500.0,
9266278000,10146627000,debenhams,2020,Stockton-on-Tees,RETAIL_OTHER_SUPERSTORES_AND_WAREHOUSES,427500.0,450000.0,
9269620000,3397980000,arcadia,2020,Stockton-on-Tees,RETAIL_HIGH_STREET,38500.0,38500.0,
9269620000,8278145000,arcadia,2020,Stockton-on-Tees,RETAIL_HIGH_STREET,38500.0,38250.0,
9269620000,9931896000,arcadia,2020,Stockton-on-Tees,RETAIL_HIGH_STREET,38500.0,38250.0,
9274931000,202478239,frankie&bennys,2020,Dudley,RETAIL_RESTAURANTS_AND_CAFES,68000.0,70000.0,
9274931000,14557215000,frankie&bennys,2020,Dudley,RETAIL_RESTAURANTS_AND_CAFES,68000.0,70500.0,
9274931000,12603305000,frankie&bennys,2020,Dudley,RETAIL_RESTAURANTS_AND_CAFES,68000.0,71000.0,
9278159000,7470722000,frankie&bennys,2020,Leicester,RETAIL_RESTAURANTS_AND_CAFES,84500.0,84500.0,
9278159000,6399351000,frankie&bennys,2020,Leicester,RETAIL_RESTAURANTS_AND_CAFES,84500.0,84000.0,
9278159000,1067493000,frankie&bennys,2020,Leicester,RETAIL_RESTAURANTS_AND_CAFES,84500.0,85000.0,
9278250000,7481786000,prezzo,2018,York,RETAIL_RESTAURANTS_AND_CAFES,106000.0,106000.0,
9278250000,9221445000,prezzo,2018,York,RETAIL_RESTAURANTS_AND_CAFES,106000.0,106000.0,
9278250000,11248939000,prezzo,2018,York,RETAIL_RESTAURANTS_AND_CAFES,106000.0,105500.0,
9279292000,15017337000,prezzo,2018,York,RETAIL_RESTAURANTS_AND_CAFES,76500.0,76500.0,
9279292000,26064108,prezzo,2018,York,RETAIL_RESTAURANTS_AND_CAFES,76500.0,76500.0,
9279292000,8365643000,prezzo,2018,York,RETAIL_RESTAURANTS_AND_CAFES,76500.0,77000.0,
9281148000,6642318000,paperchase,2023,City of London,RETAIL_HIGH_STREET,120000.0,120000.0,
9281148000,9867103000,paperchase,2023,City of London,RETAIL_HIGH_STREET,120000.0,120000.0,
9281148000,8042793000,paperchase,2023,City of London,RETAIL_HIGH_STREET,120000.0,120000.0,
9335454000,12908940000,arcadia,2020,Milton Keynes,OFFICE_GENERAL,5500.0,5500.0,
9335454000,14994312000,arcadia,2020,Milton Keynes,OFFICE_GENERAL,5500.0,5500.0,
9335454000,13967790000,arcadia,2020,Milton Keynes,OFFICE_GENERAL,5500.0,5500.0,
9335462000,11669163000,arcadia,2020,Milton Keynes,OFFICE_GENERAL,3200.0,3200.0,
9335462000,7766524000,arcadia,2020,Milton Keynes,OFFICE_GENERAL,3200.0,3200.0,
9335462000,10774203000,arcadia,2020,Milton Keynes,OFFICE_GENERAL,3200.0,3200.0,
9338405000,439874221,homebase,2024,Birmingham,RETAIL_OTHER_SUPERSTORES_AND_WAREHOUSES,660000.0,665000.0,
9338405000,10827482000,homebase,2024,Birmingham,RETAIL_OTHER_SUPERSTORES_AND_WAREHOUSES,660000.0,670000.0,
9338405000,553709221,homebase,2024,Birmingham,RETAIL_OTHER_SUPERSTORES_AND_WAREHOUSES,660000.0,645000.0,
9342739000,12990034000,arcadia,2020,Milton Keynes,OFFICE_GENERAL,1400.0,1400.0,
9342739000,10153974000,arcadia,2020,Milton Keynes,OFFICE_GENERAL,1400.0,1400.0,
9342739000,7227645000,arcadia,2020,Milton Keynes,OFFICE_GENERAL,1400.0,1400.0,
9355153000,6839250000,paperchase,2023,Swindon,RETAIL_HIGH_STREET,47750.0,47750.0,
9355153000,9354822000,paperchase,2023,Swindon,RETAIL_HIGH_STREET,47750.0,47500.0,
9355153000,147437216,paperchase,2023,Swindon,RETAIL_HIGH_STREET,47750.0,47500.0,
9366627000,193414013,arcadia,2020,North Hertfordshire,OFFICE_GENERAL,10250.0,10250.0,
9366627000,3815902000,arcadia,2020,North Hertfordshire,OFFICE_GENERAL,10250.0,10250.0,
9366627000,3608126000,arcadia,2020,North Hertfordshire,OFFICE_GENERAL,10250.0,10250.0,
9375193000,108924124,wilko,2023,Cumberland,RETAIL_OTHER_SUPERSTORES_AND_WAREHOUSES,96500.0,96500.0,
9375193000,13563296000,wilko,2023,Cumberland,RETAIL_OTHER_SUPERSTORES_AND_WAREHOUSES,96500.0,96000.0,
9375193000,110568124,wilko,2023,Cumberland,RETAIL_OTHER_SUPERSTORES_AND_WAREHOUSES,96500.0,96000.0,
9375198000,7435514000,wilko,2023,Cumberland,RETAIL_OTHER_SUPERSTORES_AND_WAREHOUSES,192000.0,186000.0,
9375198000,9620018000,wilko,2023,Cumberland,RETAIL_OTHER_SUPERSTORES_AND_WAREHOUSES,192000.0,185000.0,
9375198000,150763124,wilko,2023,Cumberland,RETAIL_OTHER_SUPERSTORES_AND_WAREHOUSES,192000.0,200000.0,
9393042000,3204990000,byron,2020,Tower Hamlets,RETAIL_RESTAURANTS_AND_CAFES,30750.0,30750.0,
9393042000,14370128000,byron,2020,Tower Hamlets,RETAIL_RESTAURANTS_AND_CAFES,30750.0,30750.0,
9393042000,2353483000,byron,2020,Tower Hamlets,RETAIL_RESTAURANTS_AND_CAFES,30750.0,31000.0,
9399496000,10073925000,wilko,2023,Nottingham,RETAIL_OTHER_SUPERSTORES_AND_WAREHOUSES,235000.0,236000.0,
9399496000,13979448000,wilko,2023,Nottingham,RETAIL_OTHER_SUPERSTORES_AND_WAREHOUSES,235000.0,237000.0,
9399496000,9848591000,wilko,2023,Nottingham,RETAIL_OTHER_SUPERSTORES_AND_WAREHOUSES,235000.0,238000.0,
9447630000,13737943000,body shop,2024,South Oxfordshire,OFFICE_GENERAL,4800.0,4800.0,
9447630000,11357273000,body shop,2024,South Oxfordshire,OFFICE_GENERAL,4800.0,4800.0,
9447630000,10599915000,body shop,2024,South Oxfordshire,OFFICE_GENERAL,4800.0,4800.0,
9458419000,12356695000,prezzo,2018,Telford and Wrekin,RETAIL_RESTAURANTS_AND_CAFES,121000.0,121000.0,
9458419000,11806180000,prezzo,2018,Telford and Wrekin,RETAIL_RESTAURANTS_AND_CAFES,121000.0,121000.0,
9458419000,10492702000,prezzo,2018,Telford and Wrekin,RETAIL_RESTAURANTS_AND_CAFES,121000.0,120000.0,
9472988000,546582000,homebase,2024,Warwick,RETAIL_OTHER_SUPERSTORES_AND_WAREHOUSES,390000.0,397500.0,
9472988000,13710169000,homebase,2024,Warwick,RETAIL_OTHER_SUPERSTORES_AND_WAREHOUSES,390000.0,365000.0,
9472988000,14036832000,homebase,2024,Warwick,RETAIL_OTHER_SUPERSTORES_AND_WAREHOUSES,390000.0,422500.0,
9482560000,5090638000,cath kidston,2020,Hammersmith and Fulham,RETAIL_HIGH_STREET,0.0,0.0,
9482560000,5111139000,cath kidston,2020,Hammersmith and Fulham,RETAIL_HIGH_STREET,0.0,0.0,
9482560000,346045082,cath kidston,2020,Hammersmith and Fulham,RETAIL_HIGH_STREET,0.0,0.0,
9482926000,11008200000,arcadia,2020,Lincoln,RETAIL_HIGH_STREET,107000.0,109000.0,
9482926000,12722154000,arcadia,2020,Lincoln,RETAIL_HIGH_STREET,107000.0,109000.0,
9482926000,15213032,arcadia,2020,Lincoln,RETAIL_HIGH_STREET,107000.0,104000.0,
9495647000,6150134000,chiquito,2020,Colchester,RETAIL_RESTAURANTS_AND_CAFES,104000.0,104000.0,
9495647000,13665550000,chiquito,2020,Colchester,RETAIL_RESTAURANTS_AND_CAFES,104000.0,103000.0,
9495647000,14975083000,chiquito,2020,Colchester,RETAIL_RESTAURANTS_AND_CAFES,104000.0,105000.0,
9498016000,3893084000,maplin,2018,Chelmsford,INDUSTRIAL_GENERAL,48250.0,48250.0,
9498016000,12403810000,maplin,2018,Chelmsford,INDUSTRIAL_GENERAL,48250.0,48000.0,
9498016000,8398446000,maplin,2018,Chelmsford,INDUSTRIAL_GENERAL,48250.0,48000.0,
9498975000,11337375000,poundworld,2018,Buckinghamshire,RETAIL_HIGH_STREET,179000.0,164000.0,
9498975000,5862788000,poundworld,2018,Buckinghamshire,RETAIL_HIGH_STREET,179000.0,156000.0,
9498975000,5862767000,poundworld,2018,Buckinghamshire,RETAIL_HIGH_STREET,179000.0,155000.0,
9522011000,5916441000,arcadia,2020,Birmingham,RETAIL_HIGH_STREET,158000.0,158000.0,
9522011000,3076727000,arcadia,2020,Birmingham,RETAIL_HIGH_STREET,158000.0,159000.0,
9522011000,438585221,arcadia,2020,Birmingham,RETAIL_HIGH_STREET,158000.0,159000.0,
9523503000,250978212,wilko,2023,"Bristol, City of",RETAIL_OTHER_SUPERSTORES_AND_WAREHOUSES,317500.0,312500.0,
9523503000,4949173000,wilko,2023,"Bristol, City of",RETAIL_OTHER_SUPERSTORES_AND_WAREHOUSES,317500.0,310000.0,
9523503000,10443783000,wilko,2023,"Bristol, City of",RETAIL_OTHER_SUPERSTORES_AND_WAREHOUSES,317500.0,307500.0,
9527367000,164716192,poundworld,2018,Cardiff,RETAIL_HIGH_STREET,395000.0,395000.0,
9527367000,8649161000,poundworld,2018,Cardiff,RETAIL_HIGH_STREET,395000.0,390000.0,
9527367000,8261192000,poundworld,2018,Cardiff,RETAIL_HIGH_STREET,395000.0,390000.0,
9535316000,31542045,debenhams,2020,West Northamptonshire,WAREHOUSE_AND_DISTRIBUTION,113000.0,96000.0,
9535316000,57591045,debenhams,2020,West Northamptonshire,WAREHOUSE_AND_DISTRIBUTION,113000.0,146000.0,
9535316000,266364045,debenhams,2020,West Northamptonshire,WAREHOUSE_AND_DISTRIBUTION,113000.0,62000.0,
9539814000,9523291000,prezzo,2018,Milton Keynes,RETAIL_RESTAURANTS_AND_CAFES,121000.0,121000.0,
9539814000,7431103000,prezzo,2018,Milton Keynes,RETAIL_RESTAURANTS_AND_CAFES,121000.0,121000.0,
9539814000,9539779000,prezzo,2018,Milton Keynes,RETAIL_RESTAURANTS_AND_CAFES,121000.0,121000.0,
9545574000,7250242000,prezzo,2018,Milton Keynes,RETAIL_RESTAURANTS_AND_CAFES,104000.0,105000.0,
9545574000,9206715000,prezzo,2018,Milton Keynes,RETAIL_RESTAURANTS_AND_CAFES,104000.0,105000.0,
9545574000,8887366000,prezzo,2018,Milton Keynes,RETAIL_RESTAURANTS_AND_CAFES,104000.0,100000.0,
9550210000,398791244,poundworld,2018,Leeds,RETAIL_HIGH_STREET,49500.0,49500.0,
9550210000,297663244,poundworld,2018,Leeds,RETAIL_HIGH_STREET,49500.0,49500.0,
9550210000,1750583000,poundworld,2018,Leeds,RETAIL_HIGH_STREET,49500.0,49500.0,
9554182000,9420871000,homebase,2024,North Yorkshire,RETAIL_OTHER_SUPERSTORES_AND_WAREHOUSES,635000.0,630000.0,
9554182000,203937105,homebase,2024,North Yorkshire,RETAIL_OTHER_SUPERSTORES_AND_WAREHOUSES,635000.0,625000.0,
9554182000,3699443000,homebase,2024,North Yorkshire,RETAIL_OTHER_SUPERSTORES_AND_WAREHOUSES,635000.0,570000.0,
9559025000,9559025000,arcadia,2020,Brighton and Hove,RETAIL_OTHER_SUPERSTORES_AND_WAREHOUSES,450000.0,450000.0,
9559025000,934901000,arcadia,2020,Brighton and Hove,RETAIL_OTHER_SUPERSTORES_AND_WAREHOUSES,450000.0,432500.0,
9559025000,3946953000,arcadia,2020,Brighton and Hove,RETAIL_OTHER_SUPERSTORES_AND_WAREHOUSES,450000.0,427500.0,
9559034000,1477774000,arcadia,2020,North Yorkshire,RETAIL_HIGH_STREET,54000.0,54000.0,
9559034000,931126000,arcadia,2020,North Yorkshire,RETAIL_HIGH_STREET,54000.0,54000.0,
9559034000,40556105,arcadia,2020,North Yorkshire,RETAIL_HIGH_STREET,54000.0,54000.0,
9562018000,333816212,arcadia,2020,"Bristol, City of",INDUSTRIAL_GENERAL,17750.0,17750.0,
9562018000,336275212,arcadia,2020,"Bristol, City of",INDUSTRIAL_GENERAL,17750.0,17750.0,
9562018000,341810212,arcadia,2020,"Bristol, City of",INDUSTRIAL_GENERAL,17750.0,17750.0,
9563011000,31821148,wilko,2023,Maidstone,RETAIL_HIGH_STREET,1775.0,1775.0,
9563011000,12798704000,wilko,2023,Maidstone,RETAIL_HIGH_STREET,1775.0,1775.0,
9563011000,8901555000,wilko,2023,Maidstone,RETAIL_HIGH_STREET,1775.0,1750.0,
9566825000,2667756000,maplin,2018,Birmingham,RETAIL_OTHER_SUPERSTORES_AND_WAREHOUSES,87500.0,90000.0,
9566825000,6989757000,maplin,2018,Birmingham,RETAIL_OTHER_SUPERSTORES_AND_WAREHOUSES,87500.0,90000.0,
9566825000,10800257000,maplin,2018,Birmingham,RETAIL_OTHER_SUPERSTORES_AND_WAREHOUSES,87500.0,84500.0,
9590396000,10837340000,arcadia,2020,Reading,RETAIL_HIGH_STREET,505000.0,465000.0,
9590396000,554125000,arcadia,2020,Reading,RETAIL_HIGH_STREET,505000.0,465000.0,
9590396000,7799929000,arcadia,2020,Reading,RETAIL_HIGH_STREET,505000.0,430000.0,
9596832000,11627084000,carluccios,2020,Bromley,RETAIL_RESTAURANTS_AND_CAFES,103000.0,103000.0,
9596832000,15178072,carluccios,2020,Bromley,RETAIL_RESTAURANTS_AND_CAFES,103000.0,103000.0,
9596832000,3468195000,carluccios,2020,Bromley,RETAIL_RESTAURANTS_AND_CAFES,103000.0,102000.0,
9596988000,45130125,thomas cook,2019,Blackpool,RETAIL_HIGH_STREET,31750.0,31750.0,
9596988000,12803543000,thomas cook,2019,Blackpool,RETAIL_HIGH_STREET,31750.0,31750.0,
9596988000,5150062000,thomas cook,2019,Blackpool,RETAIL_HIGH_STREET,31750.0,31500.0,
9639812000,6040876000,thomas cook,2019,Leeds,OTHER_COMMERCIAL,1.0,1.0,
9639812000,4202185000,thomas cook,2019,Leeds,OTHER_COMMERCIAL,1.0,1.0,
9639812000,4511779000,thomas cook,2019,Leeds,OTHER_COMMERCIAL,1.0,1.0,
9648252000,10749155000,cath kidston,2020,Tower Hamlets,RETAIL_HIGH_STREET,1225.0,1225.0,
9648252000,2817201000,cath kidston,2020,Tower Hamlets,RETAIL_HIGH_STREET,1225.0,1225.0,
9648252000,29261052,cath kidston,2020,Tower Hamlets,RETAIL_HIGH_STREET,1225.0,1225.0,
9648265000,9837194000,ted baker,2024,Tower Hamlets,RETAIL_HIGH_STREET,1825.0,1825.0,
9648265000,9648277000,ted baker,2024,Tower Hamlets,RETAIL_HIGH_STREET,1825.0,1825.0,
9648265000,3824156000,ted baker,2024,Tower Hamlets,RETAIL_HIGH_STREET,1825.0,1825.0,
9651087000,11137596000,prezzo,2018,Swindon,RETAIL_RESTAURANTS_AND_CAFES,87000.0,86500.0,
9651087000,3123000,prezzo,2018,Swindon,RETAIL_RESTAURANTS_AND_CAFES,87000.0,87500.0,
9651087000,10934839000,prezzo,2018,Swindon,RETAIL_RESTAURANTS_AND_CAFES,87000.0,86000.0,
9652980000,327761037,poundworld,2018,Nottingham,RETAIL_OTHER_SUPERSTORES_AND_WAREHOUSES,244000.0,240000.0,
9652980000,6722703000,poundworld,2018,Nottingham,RETAIL_OTHER_SUPERSTORES_AND_WAREHOUSES,244000.0,229000.0,
9652980000,13613602000,poundworld,2018,Nottingham,RETAIL_OTHER_SUPERSTORES_AND_WAREHOUSES,244000.0,260000.0,
9657548000,10124612000,arcadia,2020,Tower Hamlets,RETAIL_HIGH_STREET,750.0,750.0,
9657548000,1173444000,arcadia,2020,Tower Hamlets,RETAIL_HIGH_STREET,750.0,750.0,
9657548000,9941668000,arcadia,2020,Tower Hamlets,RETAIL_HIGH_STREET,750.0,750.0,
9657596000,12642070000,body shop,2024,Tower Hamlets,RETAIL_HIGH_STREET,1625.0,1625.0,
9657596000,12642071000,body shop,2024,Tower Hamlets,RETAIL_HIGH_STREET,1625.0,1625.0,
9657596000,11728676000,body shop,2024,Tower Hamlets,RETAIL_HIGH_STREET,1625.0,1600.0,
9657597000,261017058,carluccios,2020,Tower Hamlets,RETAIL_HIGH_STREET,1150.0,1150.0,
9657597000,12642060000,carluccios,2020,Tower Hamlets,RETAIL_HIGH_STREET,1150.0,1150.0,
9657597000,9225586000,carluccios,2020,Tower Hamlets,RETAIL_HIGH_STREET,1150.0,1150.0,
9661202000,13607144000,body shop,2024,Lincoln,RETAIL_HIGH_STREET,45000.0,45000.0,
9661202000,11035115000,body shop,2024,Lincoln,RETAIL_HIGH_STREET,45000.0,44750.0,
9661202000,144612032,body shop,2024,Lincoln,RETAIL_HIGH_STREET,45000.0,44500.0,
9680638000,2370744000,poundworld,2018,Southampton,RETAIL_HIGH_STREET,135000.0,133000.0,
9680638000,1541618000,poundworld,2018,Southampton,RETAIL_HIGH_STREET,135000.0,132000.0,
9680638000,534772176,poundworld,2018,Southampton,RETAIL_HIGH_STREET,135000.0,138000.0,
9680640000,535511176,poundworld,2018,Southampton,RETAIL_HIGH_STREET,13500.0,13500.0,
9680640000,65653176,poundworld,2018,Southampton,RETAIL_HIGH_STREET,13500.0,13500.0,
9680640000,8067811000,poundworld,2018,Southampton,RETAIL_HIGH_STREET,13500.0,13500.0,
9684276000,10197635000,arcadia,2020,Birmingham,LEISURE_AMUSEMENT_AND_ENTERTAINMENT_CENTRES,30750.0,30000.0,
9684276000,428318221,arcadia,2020,Birmingham,LEISURE_AMUSEMENT_AND_ENTERTAINMENT_CENTRES,30750.0,29250.0,
9684276000,4591482000,arcadia,2020,Birmingham,LEISURE_AMUSEMENT_AND_ENTERTAINMENT_CENTRES,30750.0,32500.0,
9684675000,784295000,paperchase,2023,Tower Hamlets,RETAIL_HIGH_STREET,43000.0,43000.0,
9684675000,9193239000,paperchase,2023,Tower Hamlets,RETAIL_HIGH_STREET,43000.0,43000.0,
9684675000,9181735000,paperchase,2023,Tower Hamlets,RETAIL_HIGH_STREET,43000.0,43000.0,
9687444000,7800306000,debenhams,2020,Cheshire West and Chester,RETAIL_OTHER_SUPERSTORES_AND_WAREHOUSES,780000.0,795000.0,
9687444000,2884094000,debenhams,2020,Cheshire West and Chester,RETAIL_OTHER_SUPERSTORES_AND_WAREHOUSES,780000.0,850000.0,
9687444000,9330570000,debenhams,2020,Cheshire West and Chester,RETAIL_OTHER_SUPERSTORES_AND_WAREHOUSES,780000.0,915000.0,
9692633000,4504244000,carluccios,2020,Lincoln,RETAIL_RESTAURANTS_AND_CAFES,122000.0,115000.0,
9692633000,7976312000,carluccios,2020,Lincoln,RETAIL_RESTAURANTS_AND_CAFES,122000.0,135000.0,
9692633000,1245179000,carluccios,2020,Lincoln,RETAIL_RESTAURANTS_AND_CAFES,122000.0,108000.0,
9696057000,13857275000,body shop,2024,Coventry,INDUSTRIAL_LIGHT,30750.0,31000.0,
9696057000,11733327000,body shop,2024,Coventry,INDUSTRIAL_LIGHT,30750.0,30250.0,
9696057000,9411733000,body shop,2024,Coventry,INDUSTRIAL_LIGHT,30750.0,30250.0,
9702810000,8463718000,ted baker,2024,York,RETAIL_HIGH_STREET,53000.0,53000.0,
9702810000,9702810000,ted baker,2024,York,RETAIL_HIGH_STREET,53000.0,53000.0,
9702810000,11618000000,ted baker,2024,York,RETAIL_HIGH_STREET,53000.0,52500.0,
9703767000,14948706000,frankie&bennys,2020,County Durham,RETAIL_OTHER_SUPERSTORES_AND_WAREHOUSES,97500.0,98000.0,
9703767000,10050639000,frankie&bennys,2020,County Durham,RETAIL_OTHER_SUPERSTORES_AND_WAREHOUSES,97500.0,92500.0,
9703767000,8497631000,frankie&bennys,2020,County Durham,RETAIL_OTHER_SUPERSTORES_AND_WAREHOUSES,97500.0,92000.0,
9715970000,583098221,wilko,2023,Birmingham,RETAIL_OTHER_SUPERSTORES_AND_WAREHOUSES,186000.0,185000.0,
9715970000,5789782000,wilko,2023,Birmingham,RETAIL_OTHER_SUPERSTORES_AND_WAREHOUSES,186000.0,185000.0,
9715970000,429576221,wilko,2023,Birmingham,RETAIL_OTHER_SUPERSTORES_AND_WAREHOUSES,186000.0,184000.0,
9720507000,4142240000,poundworld,2018,Canterbury,RETAIL_HIGH_STREET,280000.0,277500.0,
9720507000,3733449000,poundworld,2018,Canterbury,RETAIL_HIGH_STREET,280000.0,282500.0,
9720507000,1788793000,poundworld,2018,Canterbury,RETAIL_HIGH_STREET,280000.0,275000.0,
9727374000,11414001000,arcadia,2020,Ashford,OTHER_PUBLIC,18250.0,18250.0,
9727374000,9727374000,arcadia,2020,Ashford,OTHER_PUBLIC,18250.0,18250.0,
9727374000,10589211000,arcadia,2020,Ashford,OTHER_PUBLIC,18250.0,18000.0,
9748232000,8263147,poundworld,2018,Dartford,RETAIL_HIGH_STREET,34500.0,34500.0,
9748232000,168685147,poundworld,2018,Dartford,RETAIL_HIGH_STREET,34500.0,34250.0,
9748232000,8791578000,poundworld,2018,Dartford,RETAIL_HIGH_STREET,34500.0,34750.0,
9761716000,9866404000,maplin,2018,Leicester,RETAIL_OTHER_SUPERSTORES_AND_WAREHOUSES,92000.0,91500.0,
9761716000,3905913000,maplin,2018,Leicester,RETAIL_OTHER_SUPERSTORES_AND_WAREHOUSES,92000.0,88500.0,
9761716000,1079415000,maplin,2018,Leicester,RETAIL_OTHER_SUPERSTORES_AND_WAREHOUSES,92000.0,88000.0,
9769428000,13369597000,ted baker,2024,Cheshire West and Chester,RETAIL_HIGH_STREET,120000.0,120000.0,
9769428000,291503132,ted baker,2024,Cheshire West and Chester,RETAIL_HIGH_STREET,120000.0,121000.0,
9769428000,67522000,ted baker,2024,Cheshire West and Chester,RETAIL_HIGH_STREET,120000.0,117000.0,
9771027000,5157053000,maplin,2018,Nottingham,RETAIL_OTHER_SUPERSTORES_AND_WAREHOUSES,64000.0,62500.0,
9771027000,4684820000,maplin,2018,Nottingham,RETAIL_OTHER_SUPERSTORES_AND_WAREHOUSES,64000.0,62500.0,
9771027000,7668202000,maplin,2018,Nottingham,RETAIL_OTHER_SUPERSTORES_AND_WAREHOUSES,64000.0,66000.0,
9778038000,142261104,poundworld,2018,County Durham,RETAIL_HIGH_STREET,40250.0,40250.0,
9778038000,9125117000,poundworld,2018,County Durham,RETAIL_HIGH_STREET,40250.0,40000.0,
9778038000,583724000,poundworld,2018,County Durham,RETAIL_HIGH_STREET,40250.0,40000.0,
9784464000,192210105,wilko,2023,North Yorkshire,RETAIL_OTHER_SUPERSTORES_AND_WAREHOUSES,265000.0,265000.0,
9784464000,12483348000,wilko,2023,North Yorkshire,RETAIL_OTHER_SUPERSTORES_AND_WAREHOUSES,265000.0,265000.0,
9784464000,13854938000,wilko,2023,North Yorkshire,RETAIL_OTHER_SUPERSTORES_AND_WAREHOUSES,265000.0,257500.0,
9792872000,366292141,poundworld,2018,Brighton and Hove,RETAIL_HIGH_STREET,67000.0,67000.0,
9792872000,9390226000,poundworld,2018,Brighton and Hove,RETAIL_HIGH_STREET,67000.0,66500.0,
9792872000,541669000,poundworld,2018,Brighton and Hove,RETAIL_HIGH_STREET,67000.0,67500.0,
9800012000,9782600000,arcadia,2020,York,RETAIL_HIGH_STREET,218000.0,227000.0,
9800012000,165438108,arcadia,2020,York,RETAIL_HIGH_STREET,218000.0,208000.0,
9800012000,496135108,arcadia,2020,York,RETAIL_HIGH_STREET,218000.0,207000.0,
9820150000,14546264000,arcadia,2020,Central Bedfordshire,RETAIL_OTHER_SUPERSTORES_AND_WAREHOUSES,171000.0,169000.0,
9820150000,9820146000,arcadia,2020,Central Bedfordshire,RETAIL_OTHER_SUPERSTORES_AND_WAREHOUSES,171000.0,176000.0,
9820150000,11147467000,arcadia,2020,Central Bedfordshire,RETAIL_OTHER_SUPERSTORES_AND_WAREHOUSES,171000.0,164000.0,
9834478000,10912100000,strada,2018,West Northamptonshire,OFFICE_GENERAL,8400.0,8400.0,
9834478000,5180394000,strada,2018,West Northamptonshire,OFFICE_GENERAL,8400.0,8400.0,
9834478000,9152049000,strada,2018,West Northamptonshire,OFFICE_GENERAL,8400.0,8400.0,
9848644000,14785733000,arcadia,2020,Nottingham,RETAIL_HIGH_STREET,147000.0,147000.0,
9848644000,112633037,arcadia,2020,Nottingham,RETAIL_HIGH_STREET,147000.0,147000.0,
9848644000,324057037,arcadia,2020,Nottingham,RETAIL_HIGH_STREET,147000.0,147000.0,
9866913000,14155806000,thomas cook,2019,Leeds,RETAIL_HIGH_STREET,89500.0,89500.0,
9866913000,8141167000,thomas cook,2019,Leeds,RETAIL_HIGH_STREET,89500.0,89500.0,
9866913000,8790582000,thomas cook,2019,Leeds,RETAIL_HIGH_STREET,89500.0,89000.0,
9869453000,11029336000,bhs,2016,Lincoln,RETAIL_OTHER_SUPERSTORES_AND_WAREHOUSES,625000.0,482500.0,
9869453000,7595974000,bhs,2016,Lincoln,RETAIL_OTHER_SUPERSTORES_AND_WAREHOUSES,625000.0,457500.0,
9869453000,583579032,bhs,2016,Lincoln,RETAIL_OTHER_SUPERSTORES_AND_WAREHOUSES,625000.0,315000.0,
9869455000,8359032,arcadia,2020,Lincoln,RETAIL_HIGH_STREET,85500.0,86000.0,
9869455000,13652345000,arcadia,2020,Lincoln,RETAIL_HIGH_STREET,85500.0,84500.0,
9869455000,9252924000,arcadia,2020,Lincoln,RETAIL_HIGH_STREET,85500.0,84000.0,
9882370000,120942045,prezzo,2018,North Northamptonshire,RETAIL_RESTAURANTS_AND_CAFES,38500.0,38250.0,
9882370000,7408566000,prezzo,2018,North Northamptonshire,RETAIL_RESTAURANTS_AND_CAFES,38500.0,38750.0,
9882370000,14672315000,prezzo,2018,North Northamptonshire,RETAIL_RESTAURANTS_AND_CAFES,38500.0,39000.0,
9904483000,718835104,bhs,2016,Darlington,RETAIL_OTHER_SUPERSTORES_AND_WAREHOUSES,317500.0,315000.0,
9904483000,4852340000,bhs,2016,Darlington,RETAIL_OTHER_SUPERSTORES_AND_WAREHOUSES,317500.0,330000.0,
9904483000,14149081000,bhs,2016,Darlington,RETAIL_OTHER_SUPERSTORES_AND_WAREHOUSES,317500.0,335000.0,
9907996000,7850666000,mothercare,2019,Rugby,RETAIL_OTHER_SUPERSTORES_AND_WAREHOUSES,133000.0,133000.0,
9907996000,9907986000,mothercare,2019,Rugby,RETAIL_OTHER_SUPERSTORES_AND_WAREHOUSES,133000.0,133000.0,
9907996000,238827222,mothercare,2019,Rugby,RETAIL_OTHER_SUPERSTORES_AND_WAREHOUSES,133000.0,136000.0,
9908013000,11309532000,arcadia,2020,Rugby,RETAIL_OTHER_SUPERSTORES_AND_WAREHOUSES,143000.0,147000.0,
9908013000,5958066000,arcadia,2020,Rugby,RETAIL_OTHER_SUPERSTORES_AND_WAREHOUSES,143000.0,148000.0,
9908013000,661172000,arcadia,2020,Rugby,RETAIL_OTHER_SUPERSTORES_AND_WAREHOUSES,143000.0,136000.0,
9908103000,12594769000,debenhams,2020,Rugby,RETAIL_OTHER_SUPERSTORES_AND_WAREHOUSES,535000.0,500000.0,
9908103000,10079175000,debenhams,2020,Rugby,RETAIL_OTHER_SUPERSTORES_AND_WAREHOUSES,535000.0,455000.0,
9908103000,8513715000,debenhams,2020,Rugby,RETAIL_OTHER_SUPERSTORES_AND_WAREHOUSES,535000.0,377500.0,
9915588000,9915588000,toys r us,2018,Brighton and Hove,RETAIL_OTHER_SUPERSTORES_AND_WAREHOUSES,685000.0,685000.0,
9915588000,11557566000,toys r us,2018,Brighton and Hove,RETAIL_OTHER_SUPERSTORES_AND_WAREHOUSES,685000.0,640000.0,
9915588000,353698141,toys r us,2018,Brighton and Hove,RETAIL_OTHER_SUPERSTORES_AND_WAREHOUSES,685000.0,640000.0,
9931155000,4415865000,arcadia,2020,Watford,OFFICE_GENERAL,3750.0,3750.0,
9931155000,4415938000,arcadia,2020,Watford,OFFICE_GENERAL,3750.0,3750.0,
9931155000,12074704000,arcadia,2020,Watford,OFFICE_GENERAL,3750.0,3750.0,
9941270000,14921334000,prezzo,2018,Cheshire West and Chester,RETAIL_RESTAURANTS_AND_CAFES,68500.0,68500.0,
9941270000,14572801000,prezzo,2018,Cheshire West and Chester,RETAIL_RESTAURANTS_AND_CAFES,68500.0,68000.0,
9941270000,12395863000,prezzo,2018,Cheshire West and Chester,RETAIL_RESTAURANTS_AND_CAFES,68500.0,69000.0,
9952283000,2954422000,poundworld,2018,Preston,RETAIL_OTHER_SUPERSTORES_AND_WAREHOUSES,88000.0,88500.0,
9952283000,2268063000,poundworld,2018,Preston,RETAIL_OTHER_SUPERSTORES_AND_WAREHOUSES,88000.0,89500.0,
9952283000,5564229000,poundworld,2018,Preston,RETAIL_OTHER_SUPERSTORES_AND_WAREHOUSES,88000.0,86000.0,
9958964000,6762839000,arcadia,2020,Gloucester,RETAIL_HIGH_STREET,179000.0,156000.0,
9958964000,8031429000,arcadia,2020,Gloucester,RETAIL_HIGH_STREET,179000.0,142000.0,
9958964000,222768214,arcadia,2020,Gloucester,RETAIL_HIGH_STREET,179000.0,139000.0,
9966895000,10348454000,arcadia,2020,North Yorkshire,INDUSTRIAL_GENERAL,6000.0,6000.0,
9966895000,13127707000,arcadia,2020,North Yorkshire,INDUSTRIAL_GENERAL,6000.0,6000.0,
9966895000,3928296000,arcadia,2020,North Yorkshire,INDUSTRIAL_GENERAL,6000.0,6000.0,
9979997000,5001551000,byron,2020,"Bristol, City of",RETAIL_RESTAURANTS_AND_CAFES,62500.0,62500.0,
9979997000,15034510000,byron,2020,"Bristol, City of",RETAIL_RESTAURANTS_AND_CAFES,62500.0,62000.0,
9979997000,2868785000,byron,2020,"Bristol, City of",RETAIL_RESTAURANTS_AND_CAFES,62500.0,62000.0,
9992832000,7823278000,debenhams,2020,East Riding of Yorkshire,RETAIL_OTHER_SUPERSTORES_AND_WAREHOUSES,245000.0,252500.0,
9992832000,13573326000,debenhams,2020,East Riding of Yorkshire,RETAIL_OTHER_SUPERSTORES_AND_WAREHOUSES,245000.0,235000.0,
9992832000,6068053000,debenhams,2020,East Riding of Yorkshire,RETAIL_OTHER_SUPERSTORES_AND_WAREHOUSES,245000.0,257500.0,
10000688000,10000662000,cath kidston,2020,Birmingham,RETAIL_HIGH_STREET,140000.0,140000.0,
10000688000,14946563000,cath kidston,2020,Birmingham,RETAIL_HIGH_STREET,140000.0,140000.0,
10000688000,675565000,cath kidston,2020,Birmingham,RETAIL_HIGH_STREET,140000.0,138000.0,
10004595000,7939508000,arcadia,2020,Birmingham,RETAIL_HIGH_STREET,16750.0,16750.0,
10004595000,428287221,arcadia,2020,Birmingham,RETAIL_HIGH_STREET,16750.0,16750.0,
10004595000,10935021000,arcadia,2020,Birmingham,RETAIL_HIGH_STREET,16750.0,16750.0,
10014614000,3077633000,paperchase,2023,Birmingham,RETAIL_HIGH_STREET,156000.0,153000.0,
10014614000,3077279000,paperchase,2023,Birmingham,RETAIL_HIGH_STREET,156000.0,153000.0,
10014614000,9869626000,paperchase,2023,Birmingham,RETAIL_HIGH_STREET,156000.0,153000.0,
10032923000,13061582000,arcadia,2020,South Gloucestershire,RETAIL_OTHER_SUPERSTORES_AND_WAREHOUSES,320000.0,317500.0,
10032923000,13061584000,arcadia,2020,South Gloucestershire,RETAIL_OTHER_SUPERSTORES_AND_WAREHOUSES,320000.0,315000.0,
10032923000,10889326000,arcadia,2020,South Gloucestershire,RETAIL_OTHER_SUPERSTORES_AND_WAREHOUSES,320000.0,325000.0,
10035920000,13785895000,wilko,2023,Milton Keynes,RETAIL_OTHER_SUPERSTORES_AND_WAREHOUSES,535000.0,540000.0,
10035920000,3388398000,wilko,2023,Milton Keynes,RETAIL_OTHER_SUPERSTORES_AND_WAREHOUSES,535000.0,520000.0,
10035920000,2230963000,wilko,2023,Milton Keynes,RETAIL_OTHER_SUPERSTORES_AND_WAREHOUSES,535000.0,497500.0,
10039342000,10039342000,arcadia,2020,Leeds,RETAIL_OTHER_SUPERSTORES_AND_WAREHOUSES,194000.0,194000.0,
10039342000,10262296000,arcadia,2020,Leeds,RETAIL_OTHER_SUPERSTORES_AND_WAREHOUSES,194000.0,193000.0,
10039342000,396868244,arcadia,2020,Leeds,RETAIL_OTHER_SUPERSTORES_AND_WAREHOUSES,194000.0,195000.0,
10043489000,14360645000,prezzo,2018,Rushmoor,RETAIL_RESTAURANTS_AND_CAFES,19000.0,18750.0,
10043489000,12898272000,prezzo,2018,Rushmoor,RETAIL_RESTAURANTS_AND_CAFES,19000.0,19500.0,
10043489000,11216674000,prezzo,2018,Rushmoor,RETAIL_RESTAURANTS_AND_CAFES,19000.0,17500.0,
10044538000,10402568000,wilko,2023,Hammersmith and Fulham,RETAIL_HIGH_STREET,447500.0,452500.0,
10044538000,6445182000,wilko,2023,Hammersmith and Fulham,RETAIL_HIGH_STREET,447500.0,440000.0,
10044538000,6444959000,wilko,2023,Hammersmith and Fulham,RETAIL_HIGH_STREET,447500.0,437500.0,
10048629000,9070730000,cafe rouge,2020,Birmingham,RETAIL_RESTAURANTS_AND_CAFES,127000.0,128000.0,
10048629000,1289208000,cafe rouge,2020,Birmingham,RETAIL_RESTAURANTS_AND_CAFES,127000.0,125000.0,
10048629000,12213994000,cafe rouge,2020,Birmingham,RETAIL_RESTAURANTS_AND_CAFES,127000.0,124000.0,
10057199000,173490192,homebase,2024,Cardiff,RETAIL_OTHER_SUPERSTORES_AND_WAREHOUSES,55500.0,56000.0,
10057199000,232062192,homebase,2024,Cardiff,RETAIL_OTHER_SUPERSTORES_AND_WAREHOUSES,55500.0,54000.0,
10057199000,6301948000,homebase,2024,Cardiff,RETAIL_OTHER_SUPERSTORES_AND_WAREHOUSES,55500.0,54000.0,
10073164000,19241241,paperchase,2023,Bradford,RETAIL_HIGH_STREET,5500.0,5500.0,
10073164000,235758241,paperchase,2023,Bradford,RETAIL_HIGH_STREET,5500.0,5500.0,
10073164000,253997241,paperchase,2023,Bradford,RETAIL_HIGH_STREET,5500.0,5500.0,
10084180000,3467541000,maplin,2018,Plymouth,RETAIL_HIGH_STREET,170000.0,170000.0,
10084180000,195005184,maplin,2018,Plymouth,RETAIL_HIGH_STREET,170000.0,170000.0,
10084180000,5272123000,maplin,2018,Plymouth,RETAIL_HIGH_STREET,170000.0,176000.0,
10101386000,40011148,homebase,2024,Maidstone,RETAIL_HIGH_STREET,37250.0,37250.0,
10101386000,181227148,homebase,2024,Maidstone,RETAIL_HIGH_STREET,37250.0,37500.0,
10101386000,36232148,homebase,2024,Maidstone,RETAIL_HIGH_STREET,37250.0,36750.0,
10103599000,10896816000,homebase,2024,Rugby,RETAIL_OTHER_SUPERSTORES_AND_WAREHOUSES,460000.0,340000.0,
10103599000,2860142000,homebase,2024,Rugby,RETAIL_OTHER_SUPERSTORES_AND_WAREHOUSES,460000.0,302500.0,
10103599000,11243678000,homebase,2024,Rugby,RETAIL_OTHER_SUPERSTORES_AND_WAREHOUSES,460000.0,282500.0,
10103934000,13988978000,byron,2020,Canterbury,RETAIL_RESTAURANTS_AND_CAFES,90500.0,92500.0,
10103934000,532540145,byron,2020,Canterbury,RETAIL_RESTAURANTS_AND_CAFES,90500.0,96500.0,
10103934000,14085471000,byron,2020,Canterbury,RETAIL_RESTAURANTS_AND_CAFES,90500.0,84000.0,
10106144000,14093764000,prezzo,2018,South Gloucestershire,RETAIL_RESTAURANTS_AND_CAFES,77500.0,78250.0,
10106144000,223088211,prezzo,2018,South Gloucestershire,RETAIL_RESTAURANTS_AND_CAFES,77500.0,78500.0,
10106144000,642723000,prezzo,2018,South Gloucestershire,RETAIL_RESTAURANTS_AND_CAFES,77500.0,78750.0,
10106198000,10131980000,frankie&bennys,2020,South Gloucestershire,RETAIL_RESTAURANTS_AND_CAFES,73500.0,73000.0,
10106198000,609846000,frankie&bennys,2020,South Gloucestershire,RETAIL_RESTAURANTS_AND_CAFES,73500.0,72500.0,
10106198000,6009127000,frankie&bennys,2020,South Gloucestershire,RETAIL_RESTAURANTS_AND_CAFES,73500.0,74500.0,
10106841000,5412948000,thomas cook,2019,Manchester,OFFICE_GENERAL,80000.0,80000.0,
10106841000,15028186000,thomas cook,2019,Manchester,OFFICE_GENERAL,80000.0,80000.0,
10106841000,10957257000,thomas cook,2019,Manchester,OFFICE_GENERAL,80000.0,80000.0,
10136123000,3699977000,body shop,2024,Lancaster,INDUSTRIAL_GENERAL,9300.0,9300.0,
10136123000,272280125,body shop,2024,Lancaster,INDUSTRIAL_GENERAL,9300.0,9300.0,
10136123000,13298733000,body shop,2024,Lancaster,INDUSTRIAL_GENERAL,9300.0,9300.0,
10136460000,8791325000,carluccios,2020,Gloucester,RETAIL_RESTAURANTS_AND_CAFES,65500.0,65000.0,
10136460000,9497609000,carluccios,2020,Gloucester,RETAIL_RESTAURANTS_AND_CAFES,65500.0,64500.0,
10136460000,5944372000,carluccios,2020,Gloucester,RETAIL_RESTAURANTS_AND_CAFES,65500.0,67500.0,
10146603000,10149123000,arcadia,2020,Stockton-on-Tees,RETAIL_OTHER_SUPERSTORES_AND_WAREHOUSES,520000.0,525000.0,
10146603000,8791689000,arcadia,2020,Stockton-on-Tees,RETAIL_OTHER_SUPERSTORES_AND_WAREHOUSES,520000.0,505000.0,
10146603000,10146514000,arcadia,2020,Stockton-on-Tees,RETAIL_OTHER_SUPERSTORES_AND_WAREHOUSES,520000.0,490000.0,
10146654000,8849485000,thomas cook,2019,Stockton-on-Tees,RETAIL_OTHER_SUPERSTORES_AND_WAREHOUSES,210000.0,209000.0,
10146654000,10146641000,thomas cook,2019,Stockton-on-Tees,RETAIL_OTHER_SUPERSTORES_AND_WAREHOUSES,210000.0,209000.0,
10146654000,6542318000,thomas cook,2019,Stockton-on-Tees,RETAIL_OTHER_SUPERSTORES_AND_WAREHOUSES,210000.0,211000.0,
10147235000,10362613000,toys r us,2018,Stockton-on-Tees,RETAIL_OTHER_SUPERSTORES_AND_WAREHOUSES,845000.0,835000.0,
10147235000,10894379000,toys r us,2018,Stockton-on-Tees,RETAIL_OTHER_SUPERSTORES_AND_WAREHOUSES,845000.0,820000.0,
10147235000,14519684000,toys r us,2018,Stockton-on-Tees,RETAIL_OTHER_SUPERSTORES_AND_WAREHOUSES,845000.0,900000.0,
10149415000,14950358000,maplin,2018,Stockton-on-Tees,RETAIL_OTHER_SUPERSTORES_AND_WAREHOUSES,227000.0,227000.0,
10149415000,7637096000,maplin,2018,Stockton-on-Tees,RETAIL_OTHER_SUPERSTORES_AND_WAREHOUSES,227000.0,228000.0,
10149415000,10149641000,maplin,2018,Stockton-on-Tees,RETAIL_OTHER_SUPERSTORES_AND_WAREHOUSES,227000.0,219000.0,
10153029000,11672990000,prezzo,2018,North Yorkshire,RETAIL_RESTAURANTS_AND_CAFES,47750.0,47750.0,
10153029000,12553480000,prezzo,2018,North Yorkshire,RETAIL_RESTAURANTS_AND_CAFES,47750.0,47750.0,
10153029000,67228108,prezzo,2018,North Yorkshire,RETAIL_RESTAURANTS_AND_CAFES,47750.0,47900.0,
10155179000,178645016,paperchase,2023,Peterborough,RETAIL_HIGH_STREET,169000.0,168000.0,
10155179000,30565016,paperchase,2023,Peterborough,RETAIL_HIGH_STREET,169000.0,168000.0,
10155179000,12519912000,paperchase,2023,Peterborough,RETAIL_HIGH_STREET,169000.0,167000.0,
10176709000,8734825000,arcadia,2020,Somerset,OFFICE_GENERAL,5800.0,5800.0,
10176709000,4594288000,arcadia,2020,Somerset,OFFICE_GENERAL,5800.0,5800.0,
10176709000,10718165000,arcadia,2020,Somerset,OFFICE_GENERAL,5800.0,5800.0,
10187177000,211555045,wilko,2023,West Northamptonshire,WAREHOUSING_LARGE_SCALE_AND_HIGH_BAY,78500.0,79500.0,
10187177000,214438045,wilko,2023,West Northamptonshire,WAREHOUSING_LARGE_SCALE_AND_HIGH_BAY,78500.0,77000.0,
10187177000,11824301000,wilko,2023,West Northamptonshire,WAREHOUSING_LARGE_SCALE_AND_HIGH_BAY,78500.0,80000.0,
10197864000,14775419000,debenhams,2020,Cheshire West and Chester,RETAIL_OTHER_SUPERSTORES_AND_WAREHOUSES,1470000.0,1470000.0,
10197864000,8991543000,debenhams,2020,Cheshire West and Chester,RETAIL_OTHER_SUPERSTORES_AND_WAREHOUSES,1470000.0,1500000.0,
10197864000,8918609000,debenhams,2020,Cheshire West and Chester,RETAIL_OTHER_SUPERSTORES_AND_WAREHOUSES,1470000.0,1430000.0,
10202558000,11093563000,bella italia,2020,Manchester,RETAIL_OTHER_SUPERSTORES_AND_WAREHOUSES,9700.0,9700.0,
10202558000,15045798000,bella italia,2020,Manchester,RETAIL_OTHER_SUPERSTORES_AND_WAREHOUSES,9700.0,9700.0,
10202558000,15045889000,bella italia,2020,Manchester,RETAIL_OTHER_SUPERSTORES_AND_WAREHOUSES,9700.0,9700.0,
10206017000,3744354000,homebase,2024,Buckinghamshire,RETAIL_OTHER_SUPERSTORES_AND_WAREHOUSES,655000.0,725000.0,
10206017000,10124071000,homebase,2024,Buckinghamshire,RETAIL_OTHER_SUPERSTORES_AND_WAREHOUSES,655000.0,750000.0,
10206017000,217228162,homebase,2024,Buckinghamshire,RETAIL_OTHER_SUPERSTORES_AND_WAREHOUSES,655000.0,540000.0,
10208494000,583043221,body shop,2024,Birmingham,RETAIL_HIGH_STREET,66500.0,66500.0,
10208494000,15065281000,body shop,2024,Birmingham,RETAIL_HIGH_STREET,66500.0,66500.0,
10208494000,12448328000,body shop,2024,Birmingham,RETAIL_HIGH_STREET,66500.0,66000.0,
10219003000,8791528000,debenhams,2020,Bradford,RETAIL_OTHER_SUPERSTORES_AND_WAREHOUSES,745000.0,840000.0,
10219003000,8830936000,debenhams,2020,Bradford,RETAIL_OTHER_SUPERSTORES_AND_WAREHOUSES,745000.0,610000.0,
10219003000,9382885000,debenhams,2020,Bradford,RETAIL_OTHER_SUPERSTORES_AND_WAREHOUSES,745000.0,605000.0,
10219430000,332095221,paperchase,2023,Birmingham,RETAIL_HIGH_STREET,3550.0,3550.0,
10219430000,421604221,paperchase,2023,Birmingham,RETAIL_HIGH_STREET,3550.0,3550.0,
10219430000,363430221,paperchase,2023,Birmingham,RETAIL_HIGH_STREET,3550.0,3550.0,
10239558000,2564402000,wilko,2023,Cheshire West and Chester,RETAIL_OTHER_SUPERSTORES_AND_WAREHOUSES,525000.0,515000.0,
10239558000,221524132,wilko,2023,Cheshire West and Chester,RETAIL_OTHER_SUPERSTORES_AND_WAREHOUSES,525000.0,535000.0,
10239558000,9179780000,wilko,2023,Cheshire West and Chester,RETAIL_OTHER_SUPERSTORES_AND_WAREHOUSES,525000.0,510000.0,
10244793000,13149593000,ted baker,2024,Derby,WAREHOUSING_LARGE_SCALE_AND_HIGH_BAY,1790000.0,1660000.0,
10244793000,14926362000,ted baker,2024,Derby,WAREHOUSING_LARGE_SCALE_AND_HIGH_BAY,1790000.0,2370000.0,
10244793000,9420346000,ted baker,2024,Derby,WAREHOUSING_LARGE_SCALE_AND_HIGH_BAY,1790000.0,2430000.0,
10246896000,458555176,byron,2020,Wiltshire,RETAIL_HIGH_STREET,109000.0,109000.0,
10246896000,1211331000,byron,2020,Wiltshire,RETAIL_HIGH_STREET,109000.0,108000.0,
10246896000,341774216,byron,2020,Wiltshire,RETAIL_HIGH_STREET,109000.0,107000.0,
10249211000,10272746000,cath kidston,2020,South Gloucestershire,RETAIL_HIGH_STREET,226000.0,221000.0,
10249211000,142418000,cath kidston,2020,South Gloucestershire,RETAIL_HIGH_STREET,226000.0,217000.0,
10249211000,142526000,cath kidston,2020,South Gloucestershire,RETAIL_HIGH_STREET,226000.0,215000.0,
10263867000,8658774000,frankie&bennys,2020,Stoke-on-Trent,RETAIL_RESTAURANTS_AND_CAFES,66000.0,66500.0,
10263867000,2490243000,frankie&bennys,2020,Stoke-on-Trent,RETAIL_RESTAURANTS_AND_CAFES,66000.0,67000.0,
10263867000,5058060000,frankie&bennys,2020,Stoke-on-Trent,RETAIL_RESTAURANTS_AND_CAFES,66000.0,67500.0,
10278949000,2042646000,chiquito,2020,Chesterfield,RETAIL_RESTAURANTS_AND_CAFES,73500.0,73500.0,
10278949000,8449651000,chiquito,2020,Chesterfield,RETAIL_RESTAURANTS_AND_CAFES,73500.0,73000.0,
10278949000,257885033,chiquito,2020,Chesterfield,RETAIL_RESTAURANTS_AND_CAFES,73500.0,72500.0,
10299211000,547577104,bella italia,2020,Darlington,RETAIL_RESTAURANTS_AND_CAFES,72500.0,73500.0,
10299211000,10398988000,bella italia,2020,Darlington,RETAIL_RESTAURANTS_AND_CAFES,72500.0,71000.0,
10299211000,553302104,bella italia,2020,Darlington,RETAIL_RESTAURANTS_AND_CAFES,72500.0,74500.0,
10302804000,14438304000,prezzo,2018,North Yorkshire,RETAIL_RESTAURANTS_AND_CAFES,55000.0,55000.0,
10302804000,11289958000,prezzo,2018,North Yorkshire,RETAIL_RESTAURANTS_AND_CAFES,55000.0,55000.0,
10302804000,579277000,prezzo,2018,North Yorkshire,RETAIL_RESTAURANTS_AND_CAFES,55000.0,55000.0,
10304404000,13595276000,prezzo,2018,Somerset,LEISURE_SPORTS_CENTRES_AND_PRIVATE_CLUBS,1350.0,1350.0,
10304404000,2020770000,prezzo,2018,Somerset,LEISURE_SPORTS_CENTRES_AND_PRIVATE_CLUBS,1350.0,1350.0,
10304404000,3674677000,prezzo,2018,Somerset,LEISURE_SPORTS_CENTRES_AND_PRIVATE_CLUBS,1350.0,1350.0,
10312193000,13471259000,maplin,2018,County Durham,RETAIL_OTHER_SUPERSTORES_AND_WAREHOUSES,111000.0,111000.0,
10312193000,735742104,maplin,2018,County Durham,RETAIL_OTHER_SUPERSTORES_AND_WAREHOUSES,111000.0,111000.0,
10312193000,4776983000,maplin,2018,County Durham,RETAIL_OTHER_SUPERSTORES_AND_WAREHOUSES,111000.0,109000.0,
10316153000,10381870000,prezzo,2018,Darlington,RETAIL_RESTAURANTS_AND_CAFES,67500.0,68000.0,
10316153000,547223104,prezzo,2018,Darlington,RETAIL_RESTAURANTS_AND_CAFES,67500.0,68500.0,
10316153000,10381844000,prezzo,2018,Darlington,RETAIL_RESTAURANTS_AND_CAFES,67500.0,66000.0,
10316706000,10543401000,poundworld,2018,Sunderland,RETAIL_HIGH_STREET,164000.0,165000.0,
10316706000,14581161000,poundworld,2018,Sunderland,RETAIL_HIGH_STREET,164000.0,166000.0,
10316706000,3981145000,poundworld,2018,Sunderland,RETAIL_HIGH_STREET,164000.0,166000.0,
10324154000,10326148000,thomas cook,2019,Bradford,RETAIL_HIGH_STREET,102000.0,102000.0,
10324154000,10324162000,thomas cook,2019,Bradford,RETAIL_HIGH_STREET,102000.0,102000.0,
10324154000,234229241,thomas cook,2019,Bradford,RETAIL_HIGH_STREET,102000.0,102000.0,
10324906000,198261241,body shop,2024,Bradford,RETAIL_HIGH_STREET,78000.0,77500.0,
10324906000,225844241,body shop,2024,Bradford,RETAIL_HIGH_STREET,78000.0,79000.0,
10324906000,201684241,body shop,2024,Bradford,RETAIL_HIGH_STREET,78000.0,80000.0,
10325659000,10209443000,paperchase,2023,Bradford,RETAIL_HIGH_STREET,104000.0,103000.0,
10325659000,10325626000,paperchase,2023,Bradford,RETAIL_HIGH_STREET,104000.0,105000.0,
10325659000,10324168000,paperchase,2023,Bradford,RETAIL_HIGH_STREET,104000.0,105000.0,
10326628000,10326394000,arcadia,2020,Bradford,RETAIL_HIGH_STREET,257500.0,262500.0,
10326628000,11925334000,arcadia,2020,Bradford,RETAIL_HIGH_STREET,257500.0,244000.0,
10326628000,198265241,arcadia,2020,Bradford,RETAIL_HIGH_STREET,257500.0,238000.0,
10334682000,8268793000,thomas cook,2019,Darlington,RETAIL_HIGH_STREET,8600.0,8600.0,
10334682000,498673104,thomas cook,2019,Darlington,RETAIL_HIGH_STREET,8600.0,8600.0,
10334682000,546537104,thomas cook,2019,Darlington,RETAIL_HIGH_STREET,8600.0,8600.0,
10351092000,10351092000,arcadia,2020,Thanet,RETAIL_HIGH_STREET,302500.0,302500.0,
10351092000,4156609000,arcadia,2020,Thanet,RETAIL_HIGH_STREET,302500.0,297500.0,
10351092000,4156577000,arcadia,2020,Thanet,RETAIL_HIGH_STREET,302500.0,144000.0,
10354655000,10354654000,paperchase,2023,Stockton-on-Tees,RETAIL_OTHER_SUPERSTORES_AND_WAREHOUSES,96500.0,96500.0,
10354655000,3396558000,paperchase,2023,Stockton-on-Tees,RETAIL_OTHER_SUPERSTORES_AND_WAREHOUSES,96500.0,96500.0,
10354655000,11098775000,paperchase,2023,Stockton-on-Tees,RETAIL_OTHER_SUPERSTORES_AND_WAREHOUSES,96500.0,97000.0,
10362319000,7206950000,mothercare,2019,Stockton-on-Tees,RETAIL_OTHER_SUPERSTORES_AND_WAREHOUSES,495000.0,400000.0,
10362319000,14206896000,mothercare,2019,Stockton-on-Tees,RETAIL_OTHER_SUPERSTORES_AND_WAREHOUSES,495000.0,392500.0,
10362319000,7436367000,mothercare,2019,Stockton-on-Tees,RETAIL_OTHER_SUPERSTORES_AND_WAREHOUSES,495000.0,390000.0,
10363751000,817368022,arcadia,2020,Thurrock,RETAIL_HIGH_STREET,397500.0,397500.0,
10363751000,5853889000,arcadia,2020,Thurrock,RETAIL_HIGH_STREET,397500.0,385000.0,
10363751000,4088202000,arcadia,2020,Thurrock,RETAIL_HIGH_STREET,397500.0,420000.0,
10363753000,826554022,arcadia,2020,Thurrock,RETAIL_HIGH_STREET,287500.0,287500.0,
10363753000,12697477000,arcadia,2020,Thurrock,RETAIL_HIGH_STREET,287500.0,280000.0,
10363753000,8161624000,arcadia,2020,Thurrock,RETAIL_HIGH_STREET,287500.0,295000.0,
10367824000,14001324000,wilko,2023,East Riding of Yorkshire,RETAIL_HIGH_STREET,118000.0,114000.0,
10367824000,239782254,wilko,2023,East Riding of Yorkshire,RETAIL_HIGH_STREET,118000.0,112000.0,
10367824000,14776281000,wilko,2023,East Riding of Yorkshire,RETAIL_HIGH_STREET,118000.0,111000.0,
10373992000,10336000,poundworld,2018,Wiltshire,RETAIL_HIGH_STREET,47750.0,47750.0,
10373992000,333633176,poundworld,2018,Wiltshire,RETAIL_HIGH_STREET,47750.0,48000.0,
10373992000,324332176,poundworld,2018,Wiltshire,RETAIL_HIGH_STREET,47750.0,48000.0,
10384422000,11337210000,wilko,2023,Stockton-on-Tees,RETAIL_OTHER_SUPERSTORES_AND_WAREHOUSES,236000.0,242000.0,
10384422000,4461706000,wilko,2023,Stockton-on-Tees,RETAIL_OTHER_SUPERSTORES_AND_WAREHOUSES,236000.0,248000.0,
10384422000,13489599000,wilko,2023,Stockton-on-Tees,RETAIL_OTHER_SUPERSTORES_AND_WAREHOUSES,236000.0,252500.0,
10403356000,489402000,wilko,2023,Central Bedfordshire,RETAIL_OTHER_SUPERSTORES_AND_WAREHOUSES,252500.0,252500.0,
10403356000,597320000,wilko,2023,Central Bedfordshire,RETAIL_OTHER_SUPERSTORES_AND_WAREHOUSES,252500.0,248000.0,
10403356000,1769393000,wilko,2023,Central Bedfordshire,RETAIL_OTHER_SUPERSTORES_AND_WAREHOUSES,252500.0,247000.0,
10404089000,6454013000,body shop,2024,Hammersmith and Fulham,RETAIL_HIGH_STREET,147000.0,147000.0,
10404089000,6446507000,body shop,2024,Hammersmith and Fulham,RETAIL_HIGH_STREET,147000.0,147000.0,
10404089000,14413116000,body shop,2024,Hammersmith and Fulham,RETAIL_HIGH_STREET,147000.0,147000.0,
10414463000,11928190000,wilko,2023,Kensington and Chelsea,RETAIL_HIGH_STREET,362500.0,362500.0,
10414463000,38429082,wilko,2023,Kensington and Chelsea,RETAIL_HIGH_STREET,362500.0,362500.0,
10414463000,4508855000,wilko,2023,Kensington and Chelsea,RETAIL_HIGH_STREET,362500.0,360000.0,
10424741000,295442236,chiquito,2020,Stoke-on-Trent,RETAIL_RESTAURANTS_AND_CAFES,95000.0,94000.0,
10424741000,8359895000,chiquito,2020,Stoke-on-Trent,RETAIL_RESTAURANTS_AND_CAFES,95000.0,93000.0,
10424741000,14943838000,chiquito,2020,Stoke-on-Trent,RETAIL_RESTAURANTS_AND_CAFES,95000.0,97000.0,
10440165000,10440166000,byron,2020,Bromley,RETAIL_RESTAURANTS_AND_CAFES,68500.0,68500.0,
10440165000,8520560000,byron,2020,Bromley,RETAIL_RESTAURANTS_AND_CAFES,68500.0,68500.0,
10440165000,766310072,byron,2020,Bromley,RETAIL_RESTAURANTS_AND_CAFES,68500.0,68750.0,
10444979000,198753075,toys r us,2018,Southwark,INDUSTRIAL_GENERAL,5500.0,5500.0,
10444979000,9915416000,toys r us,2018,Southwark,INDUSTRIAL_GENERAL,5500.0,5500.0,
10444979000,328749075,toys r us,2018,Southwark,INDUSTRIAL_GENERAL,5500.0,5500.0,
10446456000,59724105,byron,2020,North Yorkshire,RETAIL_RESTAURANTS_AND_CAFES,55000.0,54500.0,
10446456000,11385411000,byron,2020,North Yorkshire,RETAIL_RESTAURANTS_AND_CAFES,55000.0,55500.0,
10446456000,1729716000,byron,2020,North Yorkshire,RETAIL_RESTAURANTS_AND_CAFES,55000.0,55500.0,
10447712000,10403012000,frankie&bennys,2020,County Durham,RETAIL_RESTAURANTS_AND_CAFES,74000.0,73500.0,
10447712000,13051295000,frankie&bennys,2020,County Durham,RETAIL_RESTAURANTS_AND_CAFES,74000.0,73000.0,
10447712000,13499261000,frankie&bennys,2020,County Durham,RETAIL_RESTAURANTS_AND_CAFES,74000.0,73000.0,
10457467000,12932845000,prezzo,2018,County Durham,RETAIL_RESTAURANTS_AND_CAFES,74000.0,73000.0,
10457467000,542415000,prezzo,2018,County Durham,RETAIL_RESTAURANTS_AND_CAFES,74000.0,75000.0,
10457467000,10447716000,prezzo,2018,County Durham,RETAIL_RESTAURANTS_AND_CAFES,74000.0,75500.0,
10465690000,3139491000,poundworld,2018,Rushmoor,RETAIL_HIGH_STREET,52500.0,52000.0,
10465690000,8673374000,poundworld,2018,Rushmoor,RETAIL_HIGH_STREET,52500.0,52000.0,
10465690000,204811171,poundworld,2018,Rushmoor,RETAIL_HIGH_STREET,52500.0,53500.0,
10474163000,209309075,carluccios,2020,Southwark,RETAIL_RESTAURANTS_AND_CAFES,60000.0,60000.0,
10474163000,230960075,carluccios,2020,Southwark,RETAIL_RESTAURANTS_AND_CAFES,60000.0,60000.0,
10474163000,240389075,carluccios,2020,Southwark,RETAIL_RESTAURANTS_AND_CAFES,60000.0,60000.0,
10474244000,11018687000,homebase,2024,Milton Keynes,OFFICE_GENERAL,80500.0,80500.0,
10474244000,14863189000,homebase,2024,Milton Keynes,OFFICE_GENERAL,80500.0,80500.0,
10474244000,10784169000,homebase,2024,Milton Keynes,OFFICE_GENERAL,80500.0,80500.0,
10476327000,8695248000,strada,2018,Bradford,INDUSTRIAL_GENERAL,12250.0,12250.0,
10476327000,12533125000,strada,2018,Bradford,INDUSTRIAL_GENERAL,12250.0,12250.0,
10476327000,13572837000,strada,2018,Bradford,INDUSTRIAL_GENERAL,12250.0,12250.0,
10476329000,7177062000,strada,2018,Bradford,INDUSTRIAL_GENERAL,8400.0,8400.0,
10476329000,197646241,strada,2018,Bradford,INDUSTRIAL_GENERAL,8400.0,8400.0,
10476329000,9237121000,strada,2018,Bradford,INDUSTRIAL_GENERAL,8400.0,8400.0,
10490839000,8296728000,poundworld,2018,Torbay,RETAIL_HIGH_STREET,112000.0,111000.0,
10490839000,179617182,poundworld,2018,Torbay,RETAIL_HIGH_STREET,112000.0,113000.0,
10490839000,10744424000,poundworld,2018,Torbay,RETAIL_HIGH_STREET,112000.0,110000.0,
10496446000,270049125,bhs,2016,Lancaster,RETAIL_OTHER_SUPERSTORES_AND_WAREHOUSES,340000.0,330000.0,
10496446000,1374636000,bhs,2016,Lancaster,RETAIL_OTHER_SUPERSTORES_AND_WAREHOUSES,340000.0,317500.0,
10496446000,10793054000,bhs,2016,Lancaster,RETAIL_OTHER_SUPERSTORES_AND_WAREHOUSES,340000.0,300000.0,
10499512000,12396044000,toys r us,2018,Cumberland,RETAIL_HIGH_STREET,132000.0,127000.0,
10499512000,102945124,toys r us,2018,Cumberland,RETAIL_HIGH_STREET,132000.0,127000.0,
10499512000,9838219000,toys r us,2018,Cumberland,RETAIL_HIGH_STREET,132000.0,126000.0,
10505308000,3418095000,frankie&bennys,2020,Bradford,RETAIL_HIGH_STREET,45750.0,45750.0,
10505308000,9870378000,frankie&bennys,2020,Bradford,RETAIL_HIGH_STREET,45750.0,45750.0,
10505308000,155757241,frankie&bennys,2020,Bradford,RETAIL_HIGH_STREET,45750.0,45750.0,
10511399000,13854859000,homebase,2024,"Bournemouth, Christchurch and Poole",RETAIL_OTHER_SUPERSTORES_AND_WAREHOUSES,51500.0,51500.0,
10511399000,315466172,homebase,2024,"Bournemouth, Christchurch and Poole",RETAIL_OTHER_SUPERSTORES_AND_WAREHOUSES,51500.0,51500.0,
10511399000,9128553000,homebase,2024,"Bournemouth, Christchurch and Poole",RETAIL_OTHER_SUPERSTORES_AND_WAREHOUSES,51500.0,51000.0,
10514566000,12454221000,ted baker,2024,Ashford,RETAIL_HIGH_STREET,100000.0,100000.0,
10514566000,13563219000,ted baker,2024,Ashford,RETAIL_HIGH_STREET,100000.0,101000.0,
10514566000,3932810000,ted baker,2024,Ashford,RETAIL_HIGH_STREET,100000.0,97500.0,
10526772000,1555785000,frankie&bennys,2020,Leeds,RETAIL_HIGH_STREET,9500.0,9500.0,
10526772000,382294244,frankie&bennys,2020,Leeds,RETAIL_HIGH_STREET,9500.0,9500.0,
10526772000,392799244,frankie&bennys,2020,Leeds,RETAIL_HIGH_STREET,9500.0,9500.0,
10529932000,530717145,cafe rouge,2020,Thanet,RETAIL_RESTAURANTS_AND_CAFES,111000.0,116000.0,
10529932000,14884950000,cafe rouge,2020,Thanet,RETAIL_RESTAURANTS_AND_CAFES,111000.0,117000.0,
10529932000,375216145,cafe rouge,2020,Thanet,RETAIL_RESTAURANTS_AND_CAFES,111000.0,119750.0,
10532814000,6372156000,debenhams,2020,Camden,OTHER_COMMERCIAL,2250.0,2250.0,
10532814000,6372309000,debenhams,2020,Camden,OTHER_COMMERCIAL,2250.0,2250.0,
10532814000,6372311000,debenhams,2020,Camden,OTHER_COMMERCIAL,2250.0,2250.0,
10532815000,6372315000,debenhams,2020,Camden,OTHER_COMMERCIAL,2250.0,2250.0,
10532815000,6372155000,debenhams,2020,Camden,OTHER_COMMERCIAL,2250.0,2250.0,
10532815000,6372316000,debenhams,2020,Camden,OTHER_COMMERCIAL,2250.0,2250.0,
10532816000,6372320000,debenhams,2020,Camden,OTHER_COMMERCIAL,2250.0,2250.0,
10532816000,6372210000,debenhams,2020,Camden,OTHER_COMMERCIAL,2250.0,2250.0,
10532816000,6372160000,debenhams,2020,Camden,OTHER_COMMERCIAL,2250.0,2250.0,
10532817000,6372323000,debenhams,2020,Camden,OTHER_COMMERCIAL,2250.0,2250.0,
10532817000,6372327000,debenhams,2020,Camden,OTHER_COMMERCIAL,2250.0,2250.0,
10532817000,6372151000,debenhams,2020,Camden,OTHER_COMMERCIAL,2250.0,2250.0,
10532818000,112756063,debenhams,2020,Camden,OTHER_COMMERCIAL,2250.0,2250.0,
10532818000,6372330000,debenhams,2020,Camden,OTHER_COMMERCIAL,2250.0,2250.0,
10532818000,6372148000,debenhams,2020,Camden,OTHER_COMMERCIAL,2250.0,2250.0,
10532819000,6372332000,debenhams,2020,Camden,OTHER_COMMERCIAL,2250.0,2250.0,
10532819000,6372333000,debenhams,2020,Camden,OTHER_COMMERCIAL,2250.0,2250.0,
10532819000,6372154000,debenhams,2020,Camden,OTHER_COMMERCIAL,2250.0,2250.0,
10532820000,6372161000,debenhams,2020,Camden,OTHER_COMMERCIAL,2250.0,2250.0,
10532820000,6372050000,debenhams,2020,Camden,OTHER_COMMERCIAL,2250.0,2250.0,
10532820000,6372053000,debenhams,2020,Camden,OTHER_COMMERCIAL,2250.0,2250.0,
10532821000,6372299000,debenhams,2020,Camden,OTHER_COMMERCIAL,2250.0,2250.0,
10532821000,6372301000,debenhams,2020,Camden,OTHER_COMMERCIAL,2250.0,2250.0,
10532821000,6372302000,debenhams,2020,Camden,OTHER_COMMERCIAL,2250.0,2250.0,
10532822000,6372304000,debenhams,2020,Camden,OTHER_COMMERCIAL,2250.0,2250.0,
10532822000,6371716000,debenhams,2020,Camden,OTHER_COMMERCIAL,2250.0,2250.0,
10532822000,6371715000,debenhams,2020,Camden,OTHER_COMMERCIAL,2250.0,2250.0,
10532823000,6372308000,debenhams,2020,Camden,OTHER_COMMERCIAL,2250.0,2250.0,
10532823000,6371712000,debenhams,2020,Camden,OTHER_COMMERCIAL,2250.0,2250.0,
10532823000,6371708000,debenhams,2020,Camden,OTHER_COMMERCIAL,2250.0,2250.0,
10532824000,6371705000,debenhams,2020,Camden,OTHER_COMMERCIAL,2250.0,2250.0,
10532824000,6372039000,debenhams,2020,Camden,OTHER_COMMERCIAL,2250.0,2250.0,
10532824000,6372041000,debenhams,2020,Camden,OTHER_COMMERCIAL,2250.0,2250.0,
10532825000,6372045000,debenhams,2020,Camden,OTHER_COMMERCIAL,2250.0,2250.0,
10532825000,6371695000,debenhams,2020,Camden,OTHER_COMMERCIAL,2250.0,2250.0,
10532825000,6372047000,debenhams,2020,Camden,OTHER_COMMERCIAL,2250.0,2250.0,
10532826000,6372049000,debenhams,2020,Camden,OTHER_COMMERCIAL,2250.0,2250.0,
10532826000,6372334000,debenhams,2020,Camden,OTHER_COMMERCIAL,2250.0,2250.0,
10532826000,6372057000,debenhams,2020,Camden,OTHER_COMMERCIAL,2250.0,2250.0,
10532827000,6372146000,debenhams,2020,Camden,OTHER_COMMERCIAL,2250.0,2250.0,
10532827000,6372061000,debenhams,2020,Camden,OTHER_COMMERCIAL,2250.0,2250.0,
10532827000,6372059000,debenhams,2020,Camden,OTHER_COMMERCIAL,2250.0,2250.0,
10537323000,6453378000,wilko,2023,Hammersmith and Fulham,RETAIL_HIGH_STREET,282500.0,280000.0,
10537323000,10658756000,wilko,2023,Hammersmith and Fulham,RETAIL_HIGH_STREET,282500.0,280000.0,
10537323000,6454143000,wilko,2023,Hammersmith and Fulham,RETAIL_HIGH_STREET,282500.0,277500.0,
10539808000,7013312000,poundworld,2018,South Gloucestershire,RETAIL_OTHER_SUPERSTORES_AND_WAREHOUSES,130000.0,127000.0,
10539808000,14646841000,poundworld,2018,South Gloucestershire,RETAIL_OTHER_SUPERSTORES_AND_WAREHOUSES,130000.0,133000.0,
10539808000,8762178000,poundworld,2018,South Gloucestershire,RETAIL_OTHER_SUPERSTORES_AND_WAREHOUSES,130000.0,133000.0,
10543746000,9569314000,cath kidston,2020,Chelmsford,RETAIL_HIGH_STREET,113000.0,113000.0,
10543746000,6273666000,cath kidston,2020,Chelmsford,RETAIL_HIGH_STREET,113000.0,114000.0,
10543746000,13700022,cath kidston,2020,Chelmsford,RETAIL_HIGH_STREET,113000.0,109000.0,
10545482000,198915176,homebase,2024,Southampton,RETAIL_OTHER_SUPERSTORES_AND_WAREHOUSES,410000.0,407500.0,
10545482000,9770428000,homebase,2024,Southampton,RETAIL_OTHER_SUPERSTORES_AND_WAREHOUSES,410000.0,417500.0,
10545482000,14271454000,homebase,2024,Southampton,RETAIL_OTHER_SUPERSTORES_AND_WAREHOUSES,410000.0,417500.0,
10545485000,1478006000,homebase,2024,Southampton,RETAIL_OTHER_SUPERSTORES_AND_WAREHOUSES,31500.0,29500.0,
10545485000,56018176,homebase,2024,Southampton,RETAIL_OTHER_SUPERSTORES_AND_WAREHOUSES,31500.0,28500.0,
10545485000,8927336000,homebase,2024,Southampton,RETAIL_OTHER_SUPERSTORES_AND_WAREHOUSES,31500.0,34750.0,
10554030000,7690834000,carluccios,2020,Chelmsford,RETAIL_RESTAURANTS_AND_CAFES,87500.0,87000.0,
10554030000,7690835000,carluccios,2020,Chelmsford,RETAIL_RESTAURANTS_AND_CAFES,87500.0,89000.0,
10554030000,194491022,carluccios,2020,Chelmsford,RETAIL_RESTAURANTS_AND_CAFES,87500.0,85000.0,
10555732000,3917805000,carluccios,2020,Swindon,RETAIL_HIGH_STREET,68500.0,68000.0,
10555732000,9767341000,carluccios,2020,Swindon,RETAIL_HIGH_STREET,68500.0,69000.0,
10555732000,566947216,carluccios,2020,Swindon,RETAIL_HIGH_STREET,68500.0,67500.0,
10562923000,12060941000,chiquito,2020,West Northamptonshire,RETAIL_RESTAURANTS_AND_CAFES,93500.0,94500.0,
10562923000,452531045,chiquito,2020,West Northamptonshire,RETAIL_RESTAURANTS_AND_CAFES,93500.0,95000.0,
10562923000,5744254000,chiquito,2020,West Northamptonshire,RETAIL_RESTAURANTS_AND_CAFES,93500.0,90000.0,
10573662000,9531101000,poundworld,2018,North Northamptonshire,RETAIL_HIGH_STREET,0.0,0.0,
10573662000,184456016,poundworld,2018,North Northamptonshire,RETAIL_HIGH_STREET,0.0,0.0,
10573662000,10472603000,poundworld,2018,North Northamptonshire,RETAIL_HIGH_STREET,0.0,0.0,
10576892000,9600722000,homebase,2024,Bromley,RETAIL_OTHER_SUPERSTORES_AND_WAREHOUSES,705000.0,710000.0,
10576892000,8785723000,homebase,2024,Bromley,RETAIL_OTHER_SUPERSTORES_AND_WAREHOUSES,705000.0,685000.0,
10576892000,8785896000,homebase,2024,Bromley,RETAIL_OTHER_SUPERSTORES_AND_WAREHOUSES,705000.0,750000.0,
10605762000,10605760000,byron,2020,Chelmsford,RETAIL_RESTAURANTS_AND_CAFES,107000.0,107000.0,
10605762000,46053022,byron,2020,Chelmsford,RETAIL_RESTAURANTS_AND_CAFES,107000.0,107000.0,
10605762000,10566043000,byron,2020,Chelmsford,RETAIL_RESTAURANTS_AND_CAFES,107000.0,105000.0,
10606090000,9856860000,arcadia,2020,East Riding of Yorkshire,RETAIL_HIGH_STREET,117000.0,126000.0,
10606090000,9993106000,arcadia,2020,East Riding of Yorkshire,RETAIL_HIGH_STREET,117000.0,106000.0,
10606090000,239921254,arcadia,2020,East Riding of Yorkshire,RETAIL_HIGH_STREET,117000.0,104000.0,
10614522000,182892184,thomas cook,2019,Plymouth,RETAIL_HIGH_STREET,21000.0,21000.0,
10614522000,79537184,thomas cook,2019,Plymouth,RETAIL_HIGH_STREET,21000.0,21000.0,
10614522000,12639573000,thomas cook,2019,Plymouth,RETAIL_HIGH_STREET,21000.0,21000.0,
10625585000,167381113,debenhams,2020,Manchester,RETAIL_HIGH_STREET,310000.0,307500.0,
10625585000,1274594000,debenhams,2020,Manchester,RETAIL_HIGH_STREET,310000.0,307500.0,
10625585000,2846980000,debenhams,2020,Manchester,RETAIL_HIGH_STREET,310000.0,307500.0,
10630916000,3718600000,paperchase,2023,Leeds,OFFICE_GENERAL,4800.0,4800.0,
10630916000,10059369000,paperchase,2023,Leeds,OFFICE_GENERAL,4800.0,4800.0,
10630916000,8338132000,paperchase,2023,Leeds,OFFICE_GENERAL,4800.0,4800.0,
10664751000,12318034000,arcadia,2020,Warwick,OFFICE_GENERAL,870.0,870.0,
10664751000,10664751000,arcadia,2020,Warwick,OFFICE_GENERAL,870.0,870.0,
10664751000,11267328000,arcadia,2020,Warwick,OFFICE_GENERAL,870.0,850.0,
10681809000,48380000,strada,2018,City of London,RETAIL_RESTAURANTS_AND_CAFES,124000.0,124000.0,
10681809000,7580467000,strada,2018,City of London,RETAIL_RESTAURANTS_AND_CAFES,124000.0,123500.0,
10681809000,24056052,strada,2018,City of London,RETAIL_RESTAURANTS_AND_CAFES,124000.0,124750.0,
10682224000,13154853000,arcadia,2020,Leeds,RETAIL_HIGH_STREET,16250.0,16250.0,
10682224000,5239730000,arcadia,2020,Leeds,RETAIL_HIGH_STREET,16250.0,16250.0,
10682224000,325748244,arcadia,2020,Leeds,RETAIL_HIGH_STREET,16250.0,16250.0,
10703657000,454389000,poundworld,2018,Lincoln,RETAIL_OTHER_SUPERSTORES_AND_WAREHOUSES,68500.0,68500.0,
10703657000,3934940000,poundworld,2018,Lincoln,RETAIL_OTHER_SUPERSTORES_AND_WAREHOUSES,68500.0,68500.0,
10703657000,3182004000,poundworld,2018,Lincoln,RETAIL_OTHER_SUPERSTORES_AND_WAREHOUSES,68500.0,74000.0,
10707497000,1853030000,wilko,2023,West Northamptonshire,OFFICE_GENERAL,12500.0,12500.0,
10707497000,4340305000,wilko,2023,West Northamptonshire,OFFICE_GENERAL,12500.0,12500.0,
10707497000,3768773000,wilko,2023,West Northamptonshire,OFFICE_GENERAL,12500.0,12500.0,
10709647000,543468000,poundworld,2018,Derby,RETAIL_OTHER_SUPERSTORES_AND_WAREHOUSES,44000.0,43750.0,
10709647000,3005673000,poundworld,2018,Derby,RETAIL_OTHER_SUPERSTORES_AND_WAREHOUSES,44000.0,45000.0,
10709647000,471825042,poundworld,2018,Derby,RETAIL_OTHER_SUPERSTORES_AND_WAREHOUSES,44000.0,46000.0,
10712591000,9875809000,wilko,2023,West Northamptonshire,OFFICE_GENERAL,2650.0,2650.0,
10712591000,10917129000,wilko,2023,West Northamptonshire,OFFICE_GENERAL,2650.0,2650.0,
10712591000,11198635000,wilko,2023,West Northamptonshire,OFFICE_GENERAL,2650.0,2650.0,
10713082000,197452176,carluccios,2020,Southampton,RETAIL_RESTAURANTS_AND_CAFES,220000.0,197000.0,
10713082000,10766757000,carluccios,2020,Southampton,RETAIL_RESTAURANTS_AND_CAFES,220000.0,191000.0,
10713082000,11051860000,carluccios,2020,Southampton,RETAIL_RESTAURANTS_AND_CAFES,220000.0,189000.0,
10715021000,12615407000,prezzo,2018,Cumberland,RETAIL_RESTAURANTS_AND_CAFES,49000.0,49000.0,
10715021000,7060816000,prezzo,2018,Cumberland,RETAIL_RESTAURANTS_AND_CAFES,49000.0,48750.0,
10715021000,3589055000,prezzo,2018,Cumberland,RETAIL_RESTAURANTS_AND_CAFES,49000.0,49500.0,
10718463000,211054045,wilko,2023,West Northamptonshire,INDUSTRIAL_GENERAL,23000.0,23000.0,
10718463000,10702795000,wilko,2023,West Northamptonshire,INDUSTRIAL_GENERAL,23000.0,23000.0,
10718463000,3788364000,wilko,2023,West Northamptonshire,INDUSTRIAL_GENERAL,23000.0,23000.0,
10719036000,2314942000,thomas cook,2019,Manchester,INDUSTRIAL_GENERAL,260000.0,260000.0,
10719036000,13463437000,thomas cook,2019,Manchester,INDUSTRIAL_GENERAL,260000.0,255000.0,
10719036000,12498701000,thomas cook,2019,Manchester,INDUSTRIAL_GENERAL,260000.0,265000.0,
10719183000,10719234000,thomas cook,2019,Manchester,INDUSTRIAL_GENERAL,141000.0,141000.0,
10719183000,6040679000,thomas cook,2019,Manchester,INDUSTRIAL_GENERAL,141000.0,141000.0,
10719183000,600569000,thomas cook,2019,Manchester,INDUSTRIAL_GENERAL,141000.0,141000.0,
10734472000,1659916000,byron,2020,Manchester,RETAIL_RESTAURANTS_AND_CAFES,114000.0,114000.0,
10734472000,9743628000,byron,2020,Manchester,RETAIL_RESTAURANTS_AND_CAFES,114000.0,114000.0,
10734472000,6813533000,byron,2020,Manchester,RETAIL_RESTAURANTS_AND_CAFES,114000.0,114000.0,
10734526000,6360816000,ted baker,2024,Birmingham,RETAIL_HIGH_STREET,250000.0,250000.0,
10734526000,575916221,ted baker,2024,Birmingham,RETAIL_HIGH_STREET,250000.0,250000.0,
10734526000,3077171000,ted baker,2024,Birmingham,RETAIL_HIGH_STREET,250000.0,250000.0,
10737683000,7164516000,body shop,2024,Leeds,OFFICE_GENERAL,29000.0,29000.0,
10737683000,10541413000,body shop,2024,Leeds,OFFICE_GENERAL,29000.0,29000.0,
10737683000,10636586000,body shop,2024,Leeds,OFFICE_GENERAL,29000.0,29000.0,
10755961000,12493677000,bella italia,2020,South Gloucestershire,RETAIL_RESTAURANTS_AND_CAFES,89500.0,92000.0,
10755961000,659623000,bella italia,2020,South Gloucestershire,RETAIL_RESTAURANTS_AND_CAFES,89500.0,92500.0,
10755961000,1045095000,bella italia,2020,South Gloucestershire,RETAIL_RESTAURANTS_AND_CAFES,89500.0,93000.0,
10758103000,11817045,homebase,2024,West Northamptonshire,INDUSTRIAL_GENERAL,10500.0,10500.0,
10758103000,9213581000,homebase,2024,West Northamptonshire,INDUSTRIAL_GENERAL,10500.0,10500.0,
10758103000,14718554000,homebase,2024,West Northamptonshire,INDUSTRIAL_GENERAL,10500.0,10500.0,
10759073000,643478000,frankie&bennys,2020,South Gloucestershire,RETAIL_RESTAURANTS_AND_CAFES,132000.0,133000.0,
10759073000,10757383000,frankie&bennys,2020,South Gloucestershire,RETAIL_RESTAURANTS_AND_CAFES,132000.0,128000.0,
10759073000,3829744000,frankie&bennys,2020,South Gloucestershire,RETAIL_RESTAURANTS_AND_CAFES,132000.0,128000.0,
10766222000,2785967000,wilko,2023,Watford,RETAIL_OTHER_SUPERSTORES_AND_WAREHOUSES,390000.0,390000.0,
10766222000,5209199000,wilko,2023,Watford,RETAIL_OTHER_SUPERSTORES_AND_WAREHOUSES,390000.0,390000.0,
10766222000,8150827000,wilko,2023,Watford,RETAIL_OTHER_SUPERSTORES_AND_WAREHOUSES,390000.0,392500.0,
10766772000,741726000,byron,2020,Southampton,RETAIL_RESTAURANTS_AND_CAFES,109000.0,108500.0,
10766772000,10766861000,byron,2020,Southampton,RETAIL_RESTAURANTS_AND_CAFES,109000.0,108000.0,
10766772000,10766814000,byron,2020,Southampton,RETAIL_RESTAURANTS_AND_CAFES,109000.0,106000.0,
10766874000,8462128000,body shop,2024,Cheshire West and Chester,INDUSTRIAL_GENERAL,4450.0,4450.0,
10766874000,7843865000,body shop,2024,Cheshire West and Chester,INDUSTRIAL_GENERAL,4450.0,4450.0,
10766874000,9195214000,body shop,2024,Cheshire West and Chester,INDUSTRIAL_GENERAL,4450.0,4450.0,
10768343000,191513013,prezzo,2018,North Hertfordshire,OFFICE_GENERAL,7400.0,7400.0,
10768343000,14802900000,prezzo,2018,North Hertfordshire,OFFICE_GENERAL,7400.0,7400.0,
10768343000,3706344000,prezzo,2018,North Hertfordshire,OFFICE_GENERAL,7400.0,7400.0,
10769193000,142692216,frankie&bennys,2020,Wiltshire,RETAIL_HIGH_STREET,1900.0,1900.0,
10769193000,13770411000,frankie&bennys,2020,Wiltshire,RETAIL_HIGH_STREET,1900.0,1900.0,
10769193000,6971639000,frankie&bennys,2020,Wiltshire,RETAIL_HIGH_STREET,1900.0,1900.0,
10778264000,2710225000,frankie&bennys,2020,Hartlepool,RETAIL_RESTAURANTS_AND_CAFES,92500.0,95000.0,
10778264000,12627009000,frankie&bennys,2020,Hartlepool,RETAIL_RESTAURANTS_AND_CAFES,92500.0,89000.0,
10778264000,6071863000,frankie&bennys,2020,Hartlepool,RETAIL_RESTAURANTS_AND_CAFES,92500.0,96500.0,
10779119000,978051000,chiquito,2020,"Bournemouth, Christchurch and Poole",RETAIL_RESTAURANTS_AND_CAFES,95000.0,95500.0,
10779119000,10435381000,chiquito,2020,"Bournemouth, Christchurch and Poole",RETAIL_RESTAURANTS_AND_CAFES,95000.0,96000.0,
10779119000,14985700000,chiquito,2020,"Bournemouth, Christchurch and Poole",RETAIL_RESTAURANTS_AND_CAFES,95000.0,93500.0,
10787585000,10648892000,thomas cook,2019,York,OTHER_COMMERCIAL,8300.0,8300.0,
10787585000,5201874000,thomas cook,2019,York,OTHER_COMMERCIAL,8300.0,8300.0,
10787585000,8771312000,thomas cook,2019,York,OTHER_COMMERCIAL,8300.0,8300.0,
10789436000,5287404000,paperchase,2023,Camden,RETAIL_HIGH_STREET,65000.0,65000.0,
10789436000,14410094000,paperchase,2023,Camden,RETAIL_HIGH_STREET,65000.0,65000.0,
10789436000,6329746000,paperchase,2023,Camden,RETAIL_HIGH_STREET,65000.0,65000.0,
10792305000,10792305000,toys r us,2018,Stoke-on-Trent,RETAIL_OTHER_SUPERSTORES_AND_WAREHOUSES,725000.0,725000.0,
10792305000,132283236,toys r us,2018,Stoke-on-Trent,RETAIL_OTHER_SUPERSTORES_AND_WAREHOUSES,725000.0,720000.0,
10792305000,248921236,toys r us,2018,Stoke-on-Trent,RETAIL_OTHER_SUPERSTORES_AND_WAREHOUSES,725000.0,775000.0,
10794859000,276761125,prezzo,2018,Blackpool,RETAIL_HIGH_STREET,138000.0,137000.0,
10794859000,6374972000,prezzo,2018,Blackpool,RETAIL_HIGH_STREET,138000.0,137000.0,
10794859000,202959125,prezzo,2018,Blackpool,RETAIL_HIGH_STREET,138000.0,140000.0,
10800088000,14634694000,toys r us,2018,West Northamptonshire,INDUSTRIAL_GENERAL,1850.0,1850.0,
10800088000,14634693000,toys r us,2018,West Northamptonshire,INDUSTRIAL_GENERAL,1850.0,1850.0,
10800088000,14634695000,toys r us,2018,West Northamptonshire,INDUSTRIAL_GENERAL,1850.0,1850.0,
10801555000,8795567000,prezzo,2018,Birmingham,RETAIL_HIGH_STREET,55500.0,55500.0,
10801555000,4037754000,prezzo,2018,Birmingham,RETAIL_HIGH_STREET,55500.0,55500.0,
10801555000,11228758000,prezzo,2018,Birmingham,RETAIL_HIGH_STREET,55500.0,55500.0,
10805923000,13153646000,arcadia,2020,"Bristol, City of",OFFICE_GENERAL,38250.0,38250.0,
10805923000,271576212,arcadia,2020,"Bristol, City of",OFFICE_GENERAL,38250.0,38250.0,
10805923000,8347053000,arcadia,2020,"Bristol, City of",OFFICE_GENERAL,38250.0,38250.0,
10806363000,11148935000,poundworld,2018,Central Bedfordshire,RETAIL_HIGH_STREET,89500.0,74000.0,
10806363000,208255011,poundworld,2018,Central Bedfordshire,RETAIL_HIGH_STREET,89500.0,73000.0,
10806363000,145167011,poundworld,2018,Central Bedfordshire,RETAIL_HIGH_STREET,89500.0,70500.0,
10811497000,8118156000,prezzo,2018,"Bournemouth, Christchurch and Poole",RETAIL_RESTAURANTS_AND_CAFES,99000.0,99000.0,
10811497000,14214859000,prezzo,2018,"Bournemouth, Christchurch and Poole",RETAIL_RESTAURANTS_AND_CAFES,99000.0,99000.0,
10811497000,69076000,prezzo,2018,"Bournemouth, Christchurch and Poole",RETAIL_RESTAURANTS_AND_CAFES,99000.0,99500.0,
10820216000,6762870000,body shop,2024,Gloucester,RETAIL_HIGH_STREET,85500.0,86500.0,
10820216000,8986648000,body shop,2024,Gloucester,RETAIL_HIGH_STREET,85500.0,88000.0,
10820216000,8509140000,body shop,2024,Gloucester,RETAIL_HIGH_STREET,85500.0,82500.0,
10820237000,9170392000,arcadia,2020,Birmingham,RETAIL_HIGH_STREET,248000.0,247000.0,
10820237000,10289642000,arcadia,2020,Birmingham,RETAIL_HIGH_STREET,248000.0,247000.0,
10820237000,439875221,arcadia,2020,Birmingham,RETAIL_HIGH_STREET,248000.0,250000.0,
10826942000,8640244000,prezzo,2018,South Gloucestershire,RETAIL_RESTAURANTS_AND_CAFES,38250.0,38250.0,
10826942000,644533000,prezzo,2018,South Gloucestershire,RETAIL_RESTAURANTS_AND_CAFES,38250.0,38000.0,
10826942000,11461827000,prezzo,2018,South Gloucestershire,RETAIL_RESTAURANTS_AND_CAFES,38250.0,38000.0,
10834680000,5834959000,homebase,2024,Bedford,RETAIL_OTHER_SUPERSTORES_AND_WAREHOUSES,472500.0,520000.0,
10834680000,589718000,homebase,2024,Bedford,RETAIL_OTHER_SUPERSTORES_AND_WAREHOUSES,472500.0,387500.0,
10834680000,13534346000,homebase,2024,Bedford,RETAIL_OTHER_SUPERSTORES_AND_WAREHOUSES,472500.0,375000.0,
10837188000,13015030000,arcadia,2020,Colchester,INDUSTRIAL_GENERAL,9300.0,9300.0,
10837188000,10837188000,arcadia,2020,Colchester,INDUSTRIAL_GENERAL,9300.0,9300.0,
10837188000,9163501000,arcadia,2020,Colchester,INDUSTRIAL_GENERAL,9300.0,9300.0,
10844510000,7276297000,wilko,2023,Warwick,RETAIL_HIGH_STREET,252500.0,180000.0,
10844510000,13519532000,wilko,2023,Warwick,RETAIL_HIGH_STREET,252500.0,168000.0,
10844510000,5336507000,wilko,2023,Warwick,RETAIL_HIGH_STREET,252500.0,168000.0,
10846329000,185623186,prezzo,2018,Somerset,RETAIL_RESTAURANTS_AND_CAFES,49000.0,48500.0,
10846329000,107851186,prezzo,2018,Somerset,RETAIL_RESTAURANTS_AND_CAFES,49000.0,49500.0,
10846329000,10634178000,prezzo,2018,Somerset,RETAIL_RESTAURANTS_AND_CAFES,49000.0,48000.0,
10853340000,11383372000,arcadia,2020,Dudley,RETAIL_HIGH_STREET,850000.0,610000.0,
10853340000,7996981000,arcadia,2020,Dudley,RETAIL_HIGH_STREET,850000.0,610000.0,
10853340000,253425239,arcadia,2020,Dudley,RETAIL_HIGH_STREET,850000.0,447500.0,
10859215000,6626739000,homebase,2024,Milton Keynes,OFFICE_GENERAL,105000.0,105000.0,
10859215000,12652815000,homebase,2024,Milton Keynes,OFFICE_GENERAL,105000.0,105000.0,
10859215000,8280606000,homebase,2024,Milton Keynes,OFFICE_GENERAL,105000.0,104000.0,
10859218000,11226689000,homebase,2024,Milton Keynes,OFFICE_GENERAL,161000.0,161000.0,
10859218000,11226703000,homebase,2024,Milton Keynes,OFFICE_GENERAL,161000.0,161000.0,
10859218000,9583949000,homebase,2024,Milton Keynes,OFFICE_GENERAL,161000.0,161000.0,
10864434000,10492026000,prezzo,2018,"Bournemouth, Christchurch and Poole",RETAIL_RESTAURANTS_AND_CAFES,90000.0,91250.0,
10864434000,2748537000,prezzo,2018,"Bournemouth, Christchurch and Poole",RETAIL_RESTAURANTS_AND_CAFES,90000.0,88500.0,
10864434000,9831275000,prezzo,2018,"Bournemouth, Christchurch and Poole",RETAIL_RESTAURANTS_AND_CAFES,90000.0,91500.0,
10874401000,8270201000,debenhams,2020,Camden,OFFICE_GENERAL,1780000.0,1780000.0,
10874401000,12238693000,debenhams,2020,Camden,OFFICE_GENERAL,1780000.0,1800000.0,
10874401000,11409579000,debenhams,2020,Camden,OFFICE_GENERAL,1780000.0,1750000.0,
10874403000,10406864000,debenhams,2020,Camden,OFFICE_GENERAL,1780000.0,1740000.0,
10874403000,15079661000,debenhams,2020,Camden,OFFICE_GENERAL,1780000.0,1740000.0,
10874403000,10845591000,debenhams,2020,Camden,OFFICE_GENERAL,1780000.0,1740000.0,
10885107000,282062234,prezzo,2018,Telford and Wrekin,RETAIL_RESTAURANTS_AND_CAFES,107000.0,108000.0,
10885107000,9412442000,prezzo,2018,Telford and Wrekin,RETAIL_RESTAURANTS_AND_CAFES,107000.0,105000.0,
10885107000,9435462000,prezzo,2018,Telford and Wrekin,RETAIL_RESTAURANTS_AND_CAFES,107000.0,109000.0,
10889346000,12017810000,homebase,2024,West Northamptonshire,INDUSTRIAL_GENERAL,555000.0,497500.0,
10889346000,11709495000,homebase,2024,West Northamptonshire,INDUSTRIAL_GENERAL,555000.0,497500.0,
10889346000,73271045,homebase,2024,West Northamptonshire,INDUSTRIAL_GENERAL,555000.0,497500.0,
10889458000,286410186,debenhams,2020,Somerset,INDUSTRIAL_GENERAL,162000.0,162000.0,
10889458000,10440438000,debenhams,2020,Somerset,INDUSTRIAL_GENERAL,162000.0,161000.0,
10889458000,3656651000,debenhams,2020,Somerset,INDUSTRIAL_GENERAL,162000.0,163000.0,
10902443000,11883542000,thomas cook,2019,Somerset,RETAIL_HIGH_STREET,3500.0,3500.0,
10902443000,6822788000,thomas cook,2019,Somerset,RETAIL_HIGH_STREET,3500.0,3500.0,
10902443000,6273078000,thomas cook,2019,Somerset,RETAIL_HIGH_STREET,3500.0,3500.0,
10923342000,9458882000,thomas cook,2019,Peterborough,OFFICE_GENERAL,795000.0,635000.0,
10923342000,14817508000,thomas cook,2019,Peterborough,OFFICE_GENERAL,795000.0,630000.0,
10923342000,247179016,thomas cook,2019,Peterborough,OFFICE_GENERAL,795000.0,595000.0,
10924352000,6060955000,body shop,2024,Somerset,INDUSTRIAL_LIGHT,11750.0,11750.0,
10924352000,6474186,body shop,2024,Somerset,INDUSTRIAL_LIGHT,11750.0,11750.0,
10924352000,13245460000,body shop,2024,Somerset,INDUSTRIAL_LIGHT,11750.0,11750.0,
10933495000,10864537000,carluccios,2020,Derby,OTHER_COMMERCIAL,450.0,450.0,
10933495000,224245042,carluccios,2020,Derby,OTHER_COMMERCIAL,450.0,450.0,
10933495000,1676951000,carluccios,2020,Derby,OTHER_COMMERCIAL,450.0,450.0,
10933503000,10670582000,carluccios,2020,Derby,OTHER_COMMERCIAL,300.0,300.0,
10933503000,10659241000,carluccios,2020,Derby,OTHER_COMMERCIAL,300.0,300.0,
10933503000,6235915000,carluccios,2020,Derby,OTHER_COMMERCIAL,300.0,300.0,
10934907000,10934907000,arcadia,2020,Wiltshire,INDUSTRIAL_GENERAL,56500.0,56500.0,
10934907000,10296048000,arcadia,2020,Wiltshire,INDUSTRIAL_GENERAL,56500.0,56500.0,
10934907000,529596176,arcadia,2020,Wiltshire,INDUSTRIAL_GENERAL,56500.0,56500.0,
10949456000,8249442000,homebase,2024,Tunbridge Wells,RETAIL_OTHER_SUPERSTORES_AND_WAREHOUSES,700000.0,720000.0,
10949456000,10454622000,homebase,2024,Tunbridge Wells,RETAIL_OTHER_SUPERSTORES_AND_WAREHOUSES,700000.0,585000.0,
10949456000,10258274000,homebase,2024,Tunbridge Wells,RETAIL_OTHER_SUPERSTORES_AND_WAREHOUSES,700000.0,580000.0,
10957306000,7219322000,body shop,2024,Cardiff,INDUSTRIAL_GENERAL,5000.0,5000.0,
10957306000,11880884000,body shop,2024,Cardiff,INDUSTRIAL_GENERAL,5000.0,5000.0,
10957306000,12066804000,body shop,2024,Cardiff,INDUSTRIAL_GENERAL,5000.0,5000.0,
10957838000,14390875000,toys r us,2018,South Gloucestershire,RETAIL_OTHER_SUPERSTORES_AND_WAREHOUSES,1000000.0,990000.0,
10957838000,14141081000,toys r us,2018,South Gloucestershire,RETAIL_OTHER_SUPERSTORES_AND_WAREHOUSES,1000000.0,985000.0,
10957838000,7766785000,toys r us,2018,South Gloucestershire,RETAIL_OTHER_SUPERSTORES_AND_WAREHOUSES,1000000.0,1020000.0,
10979749000,9161129000,thomas cook,2019,Manchester,RETAIL_HIGH_STREET,267500.0,267500.0,
10979749000,12333695000,thomas cook,2019,Manchester,RETAIL_HIGH_STREET,267500.0,265000.0,
10979749000,4838825000,thomas cook,2019,Manchester,RETAIL_HIGH_STREET,267500.0,260000.0,
10979752000,10549067000,thomas cook,2019,Manchester,OTHER_COMMERCIAL,5900.0,5900.0,
10979752000,8992926000,thomas cook,2019,Manchester,OTHER_COMMERCIAL,5900.0,5900.0,
10979752000,9330378000,thomas cook,2019,Manchester,OTHER_COMMERCIAL,5900.0,5900.0,
10998597000,14402114000,homebase,2024,Thanet,RETAIL_OTHER_SUPERSTORES_AND_WAREHOUSES,850000.0,905000.0,
10998597000,589371000,homebase,2024,Thanet,RETAIL_OTHER_SUPERSTORES_AND_WAREHOUSES,850000.0,740000.0,
10998597000,8035672000,homebase,2024,Thanet,RETAIL_OTHER_SUPERSTORES_AND_WAREHOUSES,850000.0,570000.0,
11002127000,165654108,thomas cook,2019,York,RETAIL_HIGH_STREET,77000.0,76500.0,
11002127000,15333108,thomas cook,2019,York,RETAIL_HIGH_STREET,77000.0,76500.0,
11002127000,247125108,thomas cook,2019,York,RETAIL_HIGH_STREET,77000.0,76500.0,
11014953000,13020307000,arcadia,2020,Manchester,OFFICE_GENERAL,4450.0,4450.0,
11014953000,6293613000,arcadia,2020,Manchester,OFFICE_GENERAL,4450.0,4450.0,
11014953000,7281432000,arcadia,2020,Manchester,OFFICE_GENERAL,4450.0,4450.0,
11014959000,3800023000,arcadia,2020,Manchester,OFFICE_GENERAL,4450.0,4450.0,
11014959000,8939006000,arcadia,2020,Manchester,OFFICE_GENERAL,4450.0,4450.0,
11014959000,9672751000,arcadia,2020,Manchester,OFFICE_GENERAL,4450.0,4450.0,
11017014000,10050629000,poundworld,2018,County Durham,RETAIL_OTHER_SUPERSTORES_AND_WAREHOUSES,103000.0,108000.0,
11017014000,14534030000,poundworld,2018,County Durham,RETAIL_OTHER_SUPERSTORES_AND_WAREHOUSES,103000.0,109000.0,
11017014000,731341104,poundworld,2018,County Durham,RETAIL_OTHER_SUPERSTORES_AND_WAREHOUSES,103000.0,109000.0,
11018755000,398794244,poundworld,2018,Leeds,RETAIL_HIGH_STREET,67500.0,67500.0,
11018755000,398498244,poundworld,2018,Leeds,RETAIL_HIGH_STREET,67500.0,67500.0,
11018755000,11032129000,poundworld,2018,Leeds,RETAIL_HIGH_STREET,67500.0,67000.0,
11018762000,1809954000,chiquito,2020,Leeds,RETAIL_HIGH_STREET,180000.0,180000.0,
11018762000,8566316000,chiquito,2020,Leeds,RETAIL_HIGH_STREET,180000.0,180000.0,
11018762000,8566332000,chiquito,2020,Leeds,RETAIL_HIGH_STREET,180000.0,181000.0,
11021774000,12555285000,carluccios,2020,East Riding of Yorkshire,RETAIL_HIGH_STREET,123000.0,130000.0,
11021774000,152393254,carluccios,2020,East Riding of Yorkshire,RETAIL_HIGH_STREET,123000.0,104000.0,
11021774000,9992833000,carluccios,2020,East Riding of Yorkshire,RETAIL_HIGH_STREET,123000.0,144000.0,
11031045000,9616041000,arcadia,2020,County Durham,RETAIL_HIGH_STREET,10250.0,10250.0,
11031045000,11889804000,arcadia,2020,County Durham,RETAIL_HIGH_STREET,10250.0,10250.0,
11031045000,2888465000,arcadia,2020,County Durham,RETAIL_HIGH_STREET,10250.0,10250.0,
11044532000,10483204000,debenhams,2020,"Bournemouth, Christchurch and Poole",RETAIL_OTHER_SUPERSTORES_AND_WAREHOUSES,615000.0,515000.0,
11044532000,3854319000,debenhams,2020,"Bournemouth, Christchurch and Poole",RETAIL_OTHER_SUPERSTORES_AND_WAREHOUSES,615000.0,460000.0,
11044532000,8791194000,debenhams,2020,"Bournemouth, Christchurch and Poole",RETAIL_OTHER_SUPERSTORES_AND_WAREHOUSES,615000.0,400000.0,
11047852000,10037393000,frankie&bennys,2020,Bradford,RETAIL_HIGH_STREET,4150.0,4150.0,
11047852000,19245241,frankie&bennys,2020,Bradford,RETAIL_HIGH_STREET,4150.0,4150.0,
11047852000,63034241,frankie&bennys,2020,Bradford,RETAIL_HIGH_STREET,4150.0,4150.0,
11047865000,195238165,poundworld,2018,Reading,RETAIL_OTHER_SUPERSTORES_AND_WAREHOUSES,67000.0,69500.0,
11047865000,12285487000,poundworld,2018,Reading,RETAIL_OTHER_SUPERSTORES_AND_WAREHOUSES,67000.0,62000.0,
11047865000,498292165,poundworld,2018,Reading,RETAIL_OTHER_SUPERSTORES_AND_WAREHOUSES,67000.0,61500.0,
11047868000,12451501000,poundworld,2018,Reading,RETAIL_OTHER_SUPERSTORES_AND_WAREHOUSES,76500.0,77000.0,
11047868000,18738165,poundworld,2018,Reading,RETAIL_OTHER_SUPERSTORES_AND_WAREHOUSES,76500.0,74000.0,
11047868000,4900198000,poundworld,2018,Reading,RETAIL_OTHER_SUPERSTORES_AND_WAREHOUSES,76500.0,73500.0,
11069127000,10688993000,frankie&bennys,2020,Canterbury,OFFICE_GENERAL,2550.0,2550.0,
11069127000,13196903000,frankie&bennys,2020,Canterbury,OFFICE_GENERAL,2550.0,2550.0,
11069127000,296066145,frankie&bennys,2020,Canterbury,OFFICE_GENERAL,2550.0,2550.0,
11074970000,11074725000,paperchase,2023,North Northamptonshire,RETAIL_HIGH_STREET,100000.0,100000.0,
11074970000,11074711000,paperchase,2023,North Northamptonshire,RETAIL_HIGH_STREET,100000.0,99500.0,
11074970000,11342096000,paperchase,2023,North Northamptonshire,RETAIL_HIGH_STREET,100000.0,98000.0,
11084638000,7397367000,arcadia,2020,Hammersmith and Fulham,OFFICE_GENERAL,59000.0,59000.0,
11084638000,9413492000,arcadia,2020,Hammersmith and Fulham,OFFICE_GENERAL,59000.0,59000.0,
11084638000,4300963000,arcadia,2020,Hammersmith and Fulham,OFFICE_GENERAL,59000.0,59000.0,
11086959000,377003244,frankie&bennys,2020,Leeds,RETAIL_HIGH_STREET,5800.0,5800.0,
11086959000,72097244,frankie&bennys,2020,Leeds,RETAIL_HIGH_STREET,5800.0,5800.0,
11086959000,3531688000,frankie&bennys,2020,Leeds,RETAIL_HIGH_STREET,5800.0,5800.0,
11086961000,359955244,frankie&bennys,2020,Leeds,RETAIL_HIGH_STREET,3050.0,3050.0,
11086961000,197625244,frankie&bennys,2020,Leeds,RETAIL_HIGH_STREET,3050.0,3050.0,
11086961000,341768244,frankie&bennys,2020,Leeds,RETAIL_HIGH_STREET,3050.0,3050.0,
11090605000,2540823000,byron,2020,Norwich,RETAIL_RESTAURANTS_AND_CAFES,85000.0,85000.0,
11090605000,7503572000,byron,2020,Norwich,RETAIL_RESTAURANTS_AND_CAFES,85000.0,86000.0,
11090605000,74021036,byron,2020,Norwich,RETAIL_RESTAURANTS_AND_CAFES,85000.0,87500.0,
11098682000,3996423000,homebase,2024,Dartford,RETAIL_OTHER_SUPERSTORES_AND_WAREHOUSES,490000.0,387500.0,
11098682000,390100147,homebase,2024,Dartford,RETAIL_OTHER_SUPERSTORES_AND_WAREHOUSES,490000.0,385000.0,
11098682000,4015149000,homebase,2024,Dartford,RETAIL_OTHER_SUPERSTORES_AND_WAREHOUSES,490000.0,610000.0,
11114679000,239653042,carluccios,2020,Derby,RETAIL_RESTAURANTS_AND_CAFES,110000.0,110000.0,
11114679000,11290532000,carluccios,2020,Derby,RETAIL_RESTAURANTS_AND_CAFES,110000.0,109000.0,
11114679000,8036183000,carluccios,2020,Derby,RETAIL_RESTAURANTS_AND_CAFES,110000.0,107000.0,
11114683000,219381042,carluccios,2020,Derby,RETAIL_RESTAURANTS_AND_CAFES,20000.0,20000.0,
11114683000,87390042,carluccios,2020,Derby,RETAIL_RESTAURANTS_AND_CAFES,20000.0,20000.0,
11114683000,11424450000,carluccios,2020,Derby,RETAIL_RESTAURANTS_AND_CAFES,20000.0,20250.0,
11153297000,14985549000,body shop,2024,Bedford,WAREHOUSING_LARGE_SCALE_AND_HIGH_BAY,12250.0,12250.0,
11153297000,8895611000,body shop,2024,Bedford,WAREHOUSING_LARGE_SCALE_AND_HIGH_BAY,12250.0,12250.0,
11153297000,209808011,body shop,2024,Bedford,WAREHOUSING_LARGE_SCALE_AND_HIGH_BAY,12250.0,12000.0,
11159156000,161481186,arcadia,2020,Somerset,RETAIL_HIGH_STREET,144000.0,143000.0,
11159156000,297537186,arcadia,2020,Somerset,RETAIL_HIGH_STREET,144000.0,146000.0,
11159156000,15080048000,arcadia,2020,Somerset,RETAIL_HIGH_STREET,144000.0,146000.0,
11160621000,5764165,toys r us,2018,Reading,RETAIL_OTHER_SUPERSTORES_AND_WAREHOUSES,402500.0,400000.0,
11160621000,8785800000,toys r us,2018,Reading,RETAIL_OTHER_SUPERSTORES_AND_WAREHOUSES,402500.0,380000.0,
11160621000,13578633000,toys r us,2018,Reading,RETAIL_OTHER_SUPERSTORES_AND_WAREHOUSES,402500.0,425000.0,
11161430000,295669171,wilko,2023,Rushmoor,RETAIL_OTHER_SUPERSTORES_AND_WAREHOUSES,152000.0,140000.0,
11161430000,204876171,wilko,2023,Rushmoor,RETAIL_OTHER_SUPERSTORES_AND_WAREHOUSES,152000.0,136000.0,
11161430000,6478610000,wilko,2023,Rushmoor,RETAIL_OTHER_SUPERSTORES_AND_WAREHOUSES,152000.0,135000.0,
11177474000,14783276000,arcadia,2020,Leeds,OFFICE_GENERAL,14750.0,14750.0,
11177474000,3990579000,arcadia,2020,Leeds,OFFICE_GENERAL,14750.0,14750.0,
11177474000,10815158000,arcadia,2020,Leeds,OFFICE_GENERAL,14750.0,14750.0,
11182938000,349661012,homebase,2024,Cambridge,OTHER_COMMERCIAL,250.0,250.0,
11182938000,10739663000,homebase,2024,Cambridge,OTHER_COMMERCIAL,250.0,250.0,
11182938000,349656012,homebase,2024,Cambridge,OTHER_COMMERCIAL,250.0,250.0,
11206453000,279065000,toys r us,2018,Chesterfield,RETAIL_OTHER_SUPERSTORES_AND_WAREHOUSES,300000.0,320000.0,
11206453000,9473387000,toys r us,2018,Chesterfield,RETAIL_OTHER_SUPERSTORES_AND_WAREHOUSES,300000.0,270000.0,
11206453000,11513008000,toys r us,2018,Chesterfield,RETAIL_OTHER_SUPERSTORES_AND_WAREHOUSES,300000.0,270000.0,
11219127000,7694735000,ted baker,2024,Camden,RETAIL_HIGH_STREET,72000.0,72000.0,
11219127000,201125063,ted baker,2024,Camden,RETAIL_HIGH_STREET,72000.0,72000.0,
11219127000,14989680000,ted baker,2024,Camden,RETAIL_HIGH_STREET,72000.0,72000.0,
11222677000,11015402000,byron,2020,Manchester,RETAIL_RESTAURANTS_AND_CAFES,63000.0,63000.0,
11222677000,13965168000,byron,2020,Manchester,RETAIL_RESTAURANTS_AND_CAFES,63000.0,62500.0,
11222677000,7927321000,byron,2020,Manchester,RETAIL_RESTAURANTS_AND_CAFES,63000.0,62500.0,
11229710000,11229708000,thomas cook,2019,Lincoln,RETAIL_HIGH_STREET,71500.0,71500.0,
11229710000,661581000,thomas cook,2019,Lincoln,RETAIL_HIGH_STREET,71500.0,71000.0,
11229710000,397527000,thomas cook,2019,Lincoln,RETAIL_HIGH_STREET,71500.0,72000.0,
11233417000,2464088023,homebase,2024,Colchester,RETAIL_OTHER_SUPERSTORES_AND_WAREHOUSES,360000.0,362500.0,
11233417000,13604197000,homebase,2024,Colchester,RETAIL_OTHER_SUPERSTORES_AND_WAREHOUSES,360000.0,372500.0,
11233417000,190438023,homebase,2024,Colchester,RETAIL_OTHER_SUPERSTORES_AND_WAREHOUSES,360000.0,345000.0,
11238650000,8790009000,homebase,2024,Basingstoke and Deane,RETAIL_OTHER_SUPERSTORES_AND_WAREHOUSES,1130000.0,1300000.0,
11238650000,14799250000,homebase,2024,Basingstoke and Deane,RETAIL_OTHER_SUPERSTORES_AND_WAREHOUSES,1130000.0,1430000.0,
11238650000,193668171,homebase,2024,Basingstoke and Deane,RETAIL_OTHER_SUPERSTORES_AND_WAREHOUSES,1130000.0,1680000.0,
11239694000,6405018000,strada,2018,East Riding of Yorkshire,OFFICE_GENERAL,2150.0,2150.0,
11239694000,11239634000,strada,2018,East Riding of Yorkshire,OFFICE_GENERAL,2150.0,2150.0,
11239694000,11579585000,strada,2018,East Riding of Yorkshire,OFFICE_GENERAL,2150.0,2150.0,
11274012000,9713325000,paperchase,2023,Crawley,RETAIL_HIGH_STREET,16750.0,16750.0,
11274012000,13096836000,paperchase,2023,Crawley,RETAIL_HIGH_STREET,16750.0,16750.0,
11274012000,8936860000,paperchase,2023,Crawley,RETAIL_HIGH_STREET,16750.0,16500.0,
11277287000,10101529000,arcadia,2020,"Bristol, City of",OFFICE_GENERAL,5100.0,5100.0,
11277287000,6984447000,arcadia,2020,"Bristol, City of",OFFICE_GENERAL,5100.0,5100.0,
11277287000,10033320000,arcadia,2020,"Bristol, City of",OFFICE_GENERAL,5100.0,5100.0,
11285976000,202263044,arcadia,2020,Leicester,RETAIL_HIGH_STREET,42250.0,42250.0,
11285976000,194474044,arcadia,2020,Leicester,RETAIL_HIGH_STREET,42250.0,42250.0,
11285976000,5850749000,arcadia,2020,Leicester,RETAIL_HIGH_STREET,42250.0,42250.0,
11287746000,247137212,arcadia,2020,"Bristol, City of",INDUSTRIAL_GENERAL,19500.0,19500.0,
11287746000,247138212,arcadia,2020,"Bristol, City of",INDUSTRIAL_GENERAL,19500.0,19500.0,
11287746000,13370468000,arcadia,2020,"Bristol, City of",INDUSTRIAL_GENERAL,19500.0,19500.0,
11296263000,390361000,cath kidston,2020,Camden,RETAIL_HIGH_STREET,151000.0,151000.0,
11296263000,7388710000,cath kidston,2020,Camden,RETAIL_HIGH_STREET,151000.0,150000.0,
11296263000,11026427000,cath kidston,2020,Camden,RETAIL_HIGH_STREET,151000.0,152000.0,
11297717000,14128534000,arcadia,2020,Thurrock,RETAIL_HIGH_STREET,60500.0,60000.0,
11297717000,863781022,arcadia,2020,Thurrock,RETAIL_HIGH_STREET,60500.0,59500.0,
11297717000,14040220000,arcadia,2020,Thurrock,RETAIL_HIGH_STREET,60500.0,61500.0,
11303276000,13246278000,arcadia,2020,Leicester,RETAIL_HIGH_STREET,225000.0,223000.0,
11303276000,6871371000,arcadia,2020,Leicester,RETAIL_HIGH_STREET,225000.0,234000.0,
11303276000,10621671000,arcadia,2020,Leicester,RETAIL_HIGH_STREET,225000.0,238000.0,
11306517000,8398406000,thomas cook,2019,Peterborough,RETAIL_HIGH_STREET,48000.0,48000.0,
11306517000,6170016,thomas cook,2019,Peterborough,RETAIL_HIGH_STREET,48000.0,48000.0,
11306517000,9709295000,thomas cook,2019,Peterborough,RETAIL_HIGH_STREET,48000.0,48000.0,
11307240000,11705688000,thomas cook,2019,Preston,RETAIL_HIGH_STREET,15500.0,15500.0,
11307240000,7888162000,thomas cook,2019,Preston,RETAIL_HIGH_STREET,15500.0,15500.0,
11307240000,12555647000,thomas cook,2019,Preston,RETAIL_HIGH_STREET,15500.0,15500.0,
11326757000,15041323000,carluccios,2020,York,RETAIL_RESTAURANTS_AND_CAFES,125000.0,125000.0,
11326757000,6491592000,carluccios,2020,York,RETAIL_RESTAURANTS_AND_CAFES,125000.0,126000.0,
11326757000,164552108,carluccios,2020,York,RETAIL_RESTAURANTS_AND_CAFES,125000.0,123750.0,
11337205000,194058102,thomas cook,2019,Stockton-on-Tees,RETAIL_OTHER_SUPERSTORES_AND_WAREHOUSES,235000.0,219000.0,
11337205000,10146639000,thomas cook,2019,Stockton-on-Tees,RETAIL_OTHER_SUPERSTORES_AND_WAREHOUSES,235000.0,218000.0,
11337205000,5378631000,thomas cook,2019,Stockton-on-Tees,RETAIL_OTHER_SUPERSTORES_AND_WAREHOUSES,235000.0,252500.0,
11347529000,5203209000,arcadia,2020,York,RETAIL_HIGH_STREET,62500.0,62500.0,
11347529000,165281108,arcadia,2020,York,RETAIL_HIGH_STREET,62500.0,62500.0,
11347529000,45065108,arcadia,2020,York,RETAIL_HIGH_STREET,62500.0,63000.0,
11362864000,3358776000,arcadia,2020,Stockton-on-Tees,RETAIL_OTHER_SUPERSTORES_AND_WAREHOUSES,77000.0,76500.0,
11362864000,314449102,arcadia,2020,Stockton-on-Tees,RETAIL_OTHER_SUPERSTORES_AND_WAREHOUSES,77000.0,77500.0,
11362864000,14735704000,arcadia,2020,Stockton-on-Tees,RETAIL_OTHER_SUPERSTORES_AND_WAREHOUSES,77000.0,76000.0,
11366769000,2718820000,body shop,2024,North Yorkshire,OFFICE_GENERAL,16250.0,16250.0,
11366769000,9708996000,body shop,2024,North Yorkshire,OFFICE_GENERAL,16250.0,16250.0,
11366769000,8927518000,body shop,2024,North Yorkshire,OFFICE_GENERAL,16250.0,16250.0,
11370205000,10032926000,homebase,2024,South Gloucestershire,RETAIL_OTHER_SUPERSTORES_AND_WAREHOUSES,600000.0,605000.0,
11370205000,14774471000,homebase,2024,South Gloucestershire,RETAIL_OTHER_SUPERSTORES_AND_WAREHOUSES,600000.0,630000.0,
11370205000,5475732000,homebase,2024,South Gloucestershire,RETAIL_OTHER_SUPERSTORES_AND_WAREHOUSES,600000.0,565000.0,
11374772000,6784327000,paperchase,2023,Hammersmith and Fulham,RETAIL_HIGH_STREET,196000.0,195000.0,
11374772000,6447113000,paperchase,2023,Hammersmith and Fulham,RETAIL_HIGH_STREET,196000.0,197000.0,
11374772000,7651864000,paperchase,2023,Hammersmith and Fulham,RETAIL_HIGH_STREET,196000.0,197000.0,
11401745000,6952800000,cath kidston,2020,Guildford,RETAIL_HIGH_STREET,85500.0,86000.0,
11401745000,2379363000,cath kidston,2020,Guildford,RETAIL_HIGH_STREET,85500.0,84500.0,
11401745000,91712152,cath kidston,2020,Guildford,RETAIL_HIGH_STREET,85500.0,84500.0,
11420393000,8425848000,body shop,2024,Southwark,RETAIL_HIGH_STREET,123000.0,123000.0,
11420393000,11073428000,body shop,2024,Southwark,RETAIL_HIGH_STREET,123000.0,122000.0,
11420393000,269116075,body shop,2024,Southwark,RETAIL_HIGH_STREET,123000.0,124000.0,
11420892000,10793624000,poundworld,2018,Coventry,RETAIL_RESTAURANTS_AND_CAFES,0.0,0.0,
11420892000,231945222,poundworld,2018,Coventry,RETAIL_RESTAURANTS_AND_CAFES,0.0,0.0,
11420892000,5672021000,poundworld,2018,Coventry,RETAIL_RESTAURANTS_AND_CAFES,0.0,0.0,
11421028000,62330236,body shop,2024,Stoke-on-Trent,INDUSTRIAL_GENERAL,4350.0,4350.0,
11421028000,5940296000,body shop,2024,Stoke-on-Trent,INDUSTRIAL_GENERAL,4350.0,4350.0,
11421028000,1848030000,body shop,2024,Stoke-on-Trent,INDUSTRIAL_GENERAL,4350.0,4350.0,
11421485000,7137443000,body shop,2024,City of London,RETAIL_HIGH_STREET,158000.0,158000.0,
11421485000,57438052,body shop,2024,City of London,RETAIL_HIGH_STREET,158000.0,157000.0,
11421485000,4982622000,body shop,2024,City of London,RETAIL_HIGH_STREET,158000.0,157000.0,
11459418000,3506020000,toys r us,2018,Norwich,RETAIL_OTHER_SUPERSTORES_AND_WAREHOUSES,540000.0,505000.0,
11459418000,5047512000,toys r us,2018,Norwich,RETAIL_OTHER_SUPERSTORES_AND_WAREHOUSES,540000.0,490000.0,
11459418000,14322380000,toys r us,2018,Norwich,RETAIL_OTHER_SUPERSTORES_AND_WAREHOUSES,540000.0,472500.0,
11472723000,13506188000,cath kidston,2020,Southwark,RETAIL_HIGH_STREET,83000.0,82500.0,
11472723000,14977378000,cath kidston,2020,Southwark,RETAIL_HIGH_STREET,83000.0,82000.0,
11472723000,11222175000,cath kidston,2020,Southwark,RETAIL_HIGH_STREET,83000.0,84000.0,
11498986000,9235183000,homebase,2024,Bromley,RETAIL_OTHER_SUPERSTORES_AND_WAREHOUSES,785000.0,960000.0,
11498986000,757995072,homebase,2024,Bromley,RETAIL_OTHER_SUPERSTORES_AND_WAREHOUSES,785000.0,1010000.0,
11498986000,16182072,homebase,2024,Bromley,RETAIL_OTHER_SUPERSTORES_AND_WAREHOUSES,785000.0,1030000.0,
11510665000,11506960000,arcadia,2020,Leeds,INDUSTRIAL_GENERAL,84.0,84.0,
11510665000,11506961000,arcadia,2020,Leeds,INDUSTRIAL_GENERAL,84.0,84.0,
11510665000,11511181000,arcadia,2020,Leeds,INDUSTRIAL_GENERAL,84.0,84.0,
11511287000,11505789000,body shop,2024,Leeds,INDUSTRIAL_GENERAL,126.0,126.0,
11511287000,11508669000,body shop,2024,Leeds,INDUSTRIAL_GENERAL,126.0,126.0,
11511287000,11505753000,body shop,2024,Leeds,INDUSTRIAL_GENERAL,126.0,126.0,
11511604000,11504793000,wilko,2023,Leeds,INDUSTRIAL_GENERAL,205.0,205.0,
11511604000,11504788000,wilko,2023,Leeds,INDUSTRIAL_GENERAL,205.0,205.0,
11511604000,11504783000,wilko,2023,Leeds,INDUSTRIAL_GENERAL,205.0,205.0,
11517705000,2540058000,poundworld,2018,Somerset,RETAIL_HIGH_STREET,159000.0,161000.0,
11517705000,8895601000,poundworld,2018,Somerset,RETAIL_HIGH_STREET,159000.0,162000.0,
11517705000,272580186,poundworld,2018,Somerset,RETAIL_HIGH_STREET,159000.0,162000.0,
11544650000,1111790000,wilko,2023,Brent,RETAIL_OTHER_SUPERSTORES_AND_WAREHOUSES,280000.0,265000.0,
11544650000,2131500000,wilko,2023,Brent,RETAIL_OTHER_SUPERSTORES_AND_WAREHOUSES,280000.0,262500.0,
11544650000,2762624000,wilko,2023,Brent,RETAIL_OTHER_SUPERSTORES_AND_WAREHOUSES,280000.0,300000.0,
11580148000,108541172,body shop,2024,"Bournemouth, Christchurch and Poole",INDUSTRIAL_GENERAL,20500.0,20500.0,
11580148000,95496172,body shop,2024,"Bournemouth, Christchurch and Poole",INDUSTRIAL_GENERAL,20500.0,20500.0,
11580148000,4910777000,body shop,2024,"Bournemouth, Christchurch and Poole",INDUSTRIAL_GENERAL,20500.0,20500.0,
11581932000,11607737000,ted baker,2024,Southwark,RETAIL_HIGH_STREET,124000.0,125000.0,
11581932000,14979628000,ted baker,2024,Southwark,RETAIL_HIGH_STREET,124000.0,120000.0,
11581932000,14882274000,ted baker,2024,Southwark,RETAIL_HIGH_STREET,124000.0,119000.0,
11585882000,9330626000,debenhams,2020,Cheshire West and Chester,RETAIL_OTHER_SUPERSTORES_AND_WAREHOUSES,1230000.0,1220000.0,
11585882000,13091768000,debenhams,2020,Cheshire West and Chester,RETAIL_OTHER_SUPERSTORES_AND_WAREHOUSES,1230000.0,1240000.0,
11585882000,14036836000,debenhams,2020,Cheshire West and Chester,RETAIL_OTHER_SUPERSTORES_AND_WAREHOUSES,1230000.0,1210000.0,
11593910000,12969396000,paperchase,2023,Leeds,RETAIL_HIGH_STREET,580.0,580.0,
11593910000,11118469000,paperchase,2023,Leeds,RETAIL_HIGH_STREET,580.0,580.0,
11593910000,14179461000,paperchase,2023,Leeds,RETAIL_HIGH_STREET,580.0,580.0,
11593912000,107923244,paperchase,2023,Leeds,RETAIL_HIGH_STREET,25500.0,25500.0,
11593912000,313037244,paperchase,2023,Leeds,RETAIL_HIGH_STREET,25500.0,25500.0,
11593912000,338499244,paperchase,2023,Leeds,RETAIL_HIGH_STREET,25500.0,25500.0,
11603497000,8839322000,wilko,2023,Gloucester,OFFICE_GENERAL,5800.0,5800.0,
11603497000,11603490000,wilko,2023,Gloucester,OFFICE_GENERAL,5800.0,5800.0,
11603497000,4931214,wilko,2023,Gloucester,OFFICE_GENERAL,5800.0,5800.0,
11612972000,14133104000,homebase,2024,Basingstoke and Deane,RETAIL_OTHER_SUPERSTORES_AND_WAREHOUSES,840000.0,487500.0,
11612972000,8790661000,homebase,2024,Basingstoke and Deane,RETAIL_OTHER_SUPERSTORES_AND_WAREHOUSES,840000.0,482500.0,
11612972000,13657541000,homebase,2024,Basingstoke and Deane,RETAIL_OTHER_SUPERSTORES_AND_WAREHOUSES,840000.0,482500.0,
11617023000,15906072,paperchase,2023,Bromley,RETAIL_HIGH_STREET,93000.0,93000.0,
11617023000,11651699000,paperchase,2023,Bromley,RETAIL_HIGH_STREET,93000.0,92500.0,
11617023000,11641051000,paperchase,2023,Bromley,RETAIL_HIGH_STREET,93000.0,93500.0,
11617200000,9571875000,wilko,2023,Harlow,RETAIL_OTHER_SUPERSTORES_AND_WAREHOUSES,235000.0,228000.0,
11617200000,551769000,wilko,2023,Harlow,RETAIL_OTHER_SUPERSTORES_AND_WAREHOUSES,235000.0,227000.0,
11617200000,9019051000,wilko,2023,Harlow,RETAIL_OTHER_SUPERSTORES_AND_WAREHOUSES,235000.0,257500.0,
11621554000,1249328000,arcadia,2020,Birmingham,RETAIL_OTHER_SUPERSTORES_AND_WAREHOUSES,785000.0,865000.0,
11621554000,13656890000,arcadia,2020,Birmingham,RETAIL_OTHER_SUPERSTORES_AND_WAREHOUSES,785000.0,870000.0,
11621554000,8838865000,arcadia,2020,Birmingham,RETAIL_OTHER_SUPERSTORES_AND_WAREHOUSES,785000.0,875000.0,
11624789000,10643666000,body shop,2024,Bromley,RETAIL_HIGH_STREET,86000.0,86000.0,
11624789000,8805117000,body shop,2024,Bromley,RETAIL_HIGH_STREET,86000.0,85500.0,
11624789000,16093072,body shop,2024,Bromley,RETAIL_HIGH_STREET,86000.0,86500.0,
11624882000,7336183,chiquito,2020,North Devon,RETAIL_HIGH_STREET,52500.0,52500.0,
11624882000,9373260000,chiquito,2020,North Devon,RETAIL_HIGH_STREET,52500.0,53000.0,
11624882000,953428000,chiquito,2020,North Devon,RETAIL_HIGH_STREET,52500.0,53000.0,
11624884000,906347000,frankie&bennys,2020,North Devon,RETAIL_HIGH_STREET,52500.0,51000.0,
11624884000,13102390000,frankie&bennys,2020,North Devon,RETAIL_HIGH_STREET,52500.0,50500.0,
11624884000,7327183,frankie&bennys,2020,North Devon,RETAIL_HIGH_STREET,52500.0,50500.0,
11625101000,11305488000,byron,2020,Bromley,RETAIL_RESTAURANTS_AND_CAFES,64500.0,64500.0,
11625101000,218040072,byron,2020,Bromley,RETAIL_RESTAURANTS_AND_CAFES,64500.0,64700.0,
11625101000,11625093000,byron,2020,Bromley,RETAIL_RESTAURANTS_AND_CAFES,64500.0,64000.0,
11627023000,8806722000,ted baker,2024,Bromley,RETAIL_HIGH_STREET,96000.0,96000.0,
11627023000,11627060000,ted baker,2024,Bromley,RETAIL_HIGH_STREET,96000.0,96000.0,
11627023000,11624365000,ted baker,2024,Bromley,RETAIL_HIGH_STREET,96000.0,95500.0,
11628294000,8172824000,carluccios,2020,Bromley,RETAIL_RESTAURANTS_AND_CAFES,72500.0,72500.0,
11628294000,11606265000,carluccios,2020,Bromley,RETAIL_RESTAURANTS_AND_CAFES,72500.0,72000.0,
11628294000,8383531000,carluccios,2020,Bromley,RETAIL_RESTAURANTS_AND_CAFES,72500.0,73500.0,
11647473000,165366072,debenhams,2020,Bromley,RETAIL_HIGH_STREET,14750.0,14750.0,
11647473000,2047072,debenhams,2020,Bromley,RETAIL_HIGH_STREET,14750.0,14750.0,
11647473000,2110232000,debenhams,2020,Bromley,RETAIL_HIGH_STREET,14750.0,14750.0,
11652988000,584889221,wilko,2023,Birmingham,RETAIL_OTHER_SUPERSTORES_AND_WAREHOUSES,243000.0,247000.0,
11652988000,7281063000,wilko,2023,Birmingham,RETAIL_OTHER_SUPERSTORES_AND_WAREHOUSES,243000.0,247000.0,
11652988000,5016053000,wilko,2023,Birmingham,RETAIL_OTHER_SUPERSTORES_AND_WAREHOUSES,243000.0,247000.0,
11664365000,8963575000,arcadia,2020,Cardiff,INDUSTRIAL_GENERAL,4300.0,4300.0,
11664365000,3719410000,arcadia,2020,Cardiff,INDUSTRIAL_GENERAL,4300.0,4300.0,
11664365000,9111472000,arcadia,2020,Cardiff,INDUSTRIAL_GENERAL,4300.0,4300.0,
11672408000,268674017,debenhams,2020,Watford,RETAIL_OTHER_SUPERSTORES_AND_WAREHOUSES,895000.0,975000.0,
11672408000,226358017,debenhams,2020,Watford,RETAIL_OTHER_SUPERSTORES_AND_WAREHOUSES,895000.0,695000.0,
11672408000,5209175000,debenhams,2020,Watford,RETAIL_OTHER_SUPERSTORES_AND_WAREHOUSES,895000.0,675000.0,
11719749000,3218003000,arcadia,2020,East Staffordshire,RETAIL_HIGH_STREET,63500.0,65000.0,
11719749000,106340232,arcadia,2020,East Staffordshire,RETAIL_HIGH_STREET,63500.0,65000.0,
11719749000,3217995000,arcadia,2020,East Staffordshire,RETAIL_HIGH_STREET,63500.0,61000.0,
11719755000,12731068000,arcadia,2020,East Staffordshire,LEISURE_AMUSEMENT_AND_ENTERTAINMENT_CENTRES,7900.0,8200.0,
11719755000,213713232,arcadia,2020,East Staffordshire,LEISURE_AMUSEMENT_AND_ENTERTAINMENT_CENTRES,7900.0,7500.0,
11719755000,2316249000,arcadia,2020,East Staffordshire,LEISURE_AMUSEMENT_AND_ENTERTAINMENT_CENTRES,7900.0,7200.0,
11771493000,7134142000,mothercare,2019,Plymouth,RETAIL_OTHER_SUPERSTORES_AND_WAREHOUSES,372500.0,367500.0,
11771493000,11749002000,mothercare,2019,Plymouth,RETAIL_OTHER_SUPERSTORES_AND_WAREHOUSES,372500.0,367500.0,
11771493000,6878283000,mothercare,2019,Plymouth,RETAIL_OTHER_SUPERSTORES_AND_WAREHOUSES,372500.0,385000.0,
11781172000,6444954000,cath kidston,2020,Hammersmith and Fulham,RETAIL_HIGH_STREET,420000.0,420000.0,
11781172000,11781233000,cath kidston,2020,Hammersmith and Fulham,RETAIL_HIGH_STREET,420000.0,415000.0,
11781172000,14800707000,cath kidston,2020,Hammersmith and Fulham,RETAIL_HIGH_STREET,420000.0,425000.0,
11791484000,171508144,paperchase,2023,Eastbourne,RETAIL_HIGH_STREET,84000.0,84000.0,
11791484000,34832144,paperchase,2023,Eastbourne,RETAIL_HIGH_STREET,84000.0,85500.0,
11791484000,11791488000,paperchase,2023,Eastbourne,RETAIL_HIGH_STREET,84000.0,86000.0,
11843448000,13709162000,carluccios,2020,Tower Hamlets,RETAIL_RESTAURANTS_AND_CAFES,194000.0,194000.0,
11843448000,9806309000,carluccios,2020,Tower Hamlets,RETAIL_RESTAURANTS_AND_CAFES,194000.0,195000.0,
11843448000,13664230000,carluccios,2020,Tower Hamlets,RETAIL_RESTAURANTS_AND_CAFES,194000.0,192000.0,
11851513000,5317404000,body shop,2024,Lancaster,INDUSTRIAL_GENERAL,24500.0,24500.0,
11851513000,9912605000,body shop,2024,Lancaster,INDUSTRIAL_GENERAL,24500.0,24500.0,
11851513000,10669732000,body shop,2024,Lancaster,INDUSTRIAL_GENERAL,24500.0,24250.0,
11865183000,11865315000,arcadia,2020,Guildford,OFFICE_GENERAL,3250.0,3250.0,
11865183000,11866190000,arcadia,2020,Guildford,OFFICE_GENERAL,3250.0,3250.0,
11865183000,11865281000,arcadia,2020,Guildford,OFFICE_GENERAL,3250.0,3250.0,
11871717000,10948859000,mothercare,2019,Gloucester,OFFICE_GENERAL,292500.0,290000.0,
11871717000,9101922000,mothercare,2019,Gloucester,OFFICE_GENERAL,292500.0,300000.0,
11871717000,13908223000,mothercare,2019,Gloucester,OFFICE_GENERAL,292500.0,310000.0,
11875708000,9759016,arcadia,2020,Peterborough,RETAIL_HIGH_STREET,8000.0,8000.0,
11875708000,60001016,arcadia,2020,Peterborough,RETAIL_HIGH_STREET,8000.0,8000.0,
11875708000,4027016,arcadia,2020,Peterborough,RETAIL_HIGH_STREET,8000.0,8000.0,
11913529000,206151017,debenhams,2020,Watford,RETAIL_RESTAURANTS_AND_CAFES,71000.0,71000.0,
11913529000,13938252000,debenhams,2020,Watford,RETAIL_RESTAURANTS_AND_CAFES,71000.0,69500.0,
11913529000,3936512000,debenhams,2020,Watford,RETAIL_RESTAURANTS_AND_CAFES,71000.0,72500.0,
11938336000,11937644000,body shop,2024,Lancaster,OTHER_PUBLIC,430.0,430.0,
11938336000,11937687000,body shop,2024,Lancaster,OTHER_PUBLIC,430.0,430.0,
11938336000,11937696000,body shop,2024,Lancaster,OTHER_PUBLIC,430.0,430.0,
11986396000,10126570000,strada,2018,"Bournemouth, Christchurch and Poole",OFFICE_GENERAL,9700.0,9700.0,
11986396000,11879110000,strada,2018,"Bournemouth, Christchurch and Poole",OFFICE_GENERAL,9700.0,9700.0,
11986396000,12941604000,strada,2018,"Bournemouth, Christchurch and Poole",OFFICE_GENERAL,9700.0,9700.0,
11986411000,189548172,strada,2018,"Bournemouth, Christchurch and Poole",OTHER_COMMERCIAL,750.0,750.0,
11986411000,8986761000,strada,2018,"Bournemouth, Christchurch and Poole",OTHER_COMMERCIAL,750.0,750.0,
11986411000,189528172,strada,2018,"Bournemouth, Christchurch and Poole",OTHER_COMMERCIAL,750.0,750.0,
11988722000,8892132,cath kidston,2020,Cheshire West and Chester,RETAIL_HIGH_STREET,138000.0,138000.0,
11988722000,11753008000,cath kidston,2020,Cheshire West and Chester,RETAIL_HIGH_STREET,138000.0,138000.0,
11988722000,11840377000,cath kidston,2020,Cheshire West and Chester,RETAIL_HIGH_STREET,138000.0,138000.0,
12018207000,339392221,thomas cook,2019,Birmingham,RETAIL_HIGH_STREET,47500.0,47500.0,
12018207000,3125766000,thomas cook,2019,Birmingham,RETAIL_HIGH_STREET,47500.0,47500.0,
12018207000,449590221,thomas cook,2019,Birmingham,RETAIL_HIGH_STREET,47500.0,47250.0,
12076822000,542978032,arcadia,2020,Lincoln,RETAIL_HIGH_STREET,179000.0,196000.0,
12076822000,4592624000,arcadia,2020,Lincoln,RETAIL_HIGH_STREET,179000.0,211000.0,
12076822000,645636000,arcadia,2020,Lincoln,RETAIL_HIGH_STREET,179000.0,212000.0,
12093247000,9301219000,paperchase,2023,Southwark,RETAIL_HIGH_STREET,54000.0,54000.0,
12093247000,14114905000,paperchase,2023,Southwark,RETAIL_HIGH_STREET,54000.0,54000.0,
12093247000,269034075,paperchase,2023,Southwark,RETAIL_HIGH_STREET,54000.0,53500.0,
12105528000,12105524000,ted baker,2024,Braintree,RETAIL_HIGH_STREET,88500.0,87500.0,
12105528000,12131957000,ted baker,2024,Braintree,RETAIL_HIGH_STREET,88500.0,87000.0,
12105528000,200951023,ted baker,2024,Braintree,RETAIL_HIGH_STREET,88500.0,84000.0,
12106763000,3292067000,body shop,2024,Braintree,RETAIL_HIGH_STREET,37500.0,37500.0,
12106763000,198660023,body shop,2024,Braintree,RETAIL_HIGH_STREET,37500.0,37500.0,
12106763000,948387000,body shop,2024,Braintree,RETAIL_HIGH_STREET,37500.0,37250.0,
12114374000,205799113,frankie&bennys,2020,Manchester,RETAIL_HIGH_STREET,22750.0,22750.0,
12114374000,14299966000,frankie&bennys,2020,Manchester,RETAIL_HIGH_STREET,22750.0,22750.0,
12114374000,209842113,frankie&bennys,2020,Manchester,RETAIL_HIGH_STREET,22750.0,22750.0,
12192930000,15053715000,wilko,2023,Eastbourne,RETAIL_OTHER_SUPERSTORES_AND_WAREHOUSES,367500.0,355000.0,
12192930000,257785144,wilko,2023,Eastbourne,RETAIL_OTHER_SUPERSTORES_AND_WAREHOUSES,367500.0,347500.0,
12192930000,8791922000,wilko,2023,Eastbourne,RETAIL_OTHER_SUPERSTORES_AND_WAREHOUSES,367500.0,347500.0,
12202440000,10130415000,wilko,2023,Swindon,RETAIL_OTHER_SUPERSTORES_AND_WAREHOUSES,280000.0,280000.0,
12202440000,8413606000,wilko,2023,Swindon,RETAIL_OTHER_SUPERSTORES_AND_WAREHOUSES,280000.0,282500.0,
12202440000,139924216,wilko,2023,Swindon,RETAIL_OTHER_SUPERSTORES_AND_WAREHOUSES,280000.0,275000.0,
12280663000,15087210000,body shop,2024,Preston,INDUSTRIAL_GENERAL,5500.0,5500.0,
12280663000,6986422000,body shop,2024,Preston,INDUSTRIAL_GENERAL,5500.0,5500.0,
12280663000,9764740000,body shop,2024,Preston,INDUSTRIAL_GENERAL,5500.0,5500.0,
12295847000,14669848000,wilko,2023,Watford,RETAIL_OTHER_SUPERSTORES_AND_WAREHOUSES,232000.0,229000.0,
12295847000,5209185000,wilko,2023,Watford,RETAIL_OTHER_SUPERSTORES_AND_WAREHOUSES,232000.0,236000.0,
12295847000,9445200000,wilko,2023,Watford,RETAIL_OTHER_SUPERSTORES_AND_WAREHOUSES,232000.0,244000.0,
12305363000,12305363000,arcadia,2020,Hammersmith and Fulham,LEISURE_AMUSEMENT_AND_ENTERTAINMENT_CENTRES,50000.0,50000.0,
12305363000,226239082,arcadia,2020,Hammersmith and Fulham,LEISURE_AMUSEMENT_AND_ENTERTAINMENT_CENTRES,50000.0,50500.0,
12305363000,228872082,arcadia,2020,Hammersmith and Fulham,LEISURE_AMUSEMENT_AND_ENTERTAINMENT_CENTRES,50000.0,56500.0,
12324122000,14994053000,strada,2018,Stockton-on-Tees,INDUSTRIAL_GENERAL,15250.0,15250.0,
12324122000,2632394000,strada,2018,Stockton-on-Tees,INDUSTRIAL_GENERAL,15250.0,15250.0,
12324122000,11281563000,strada,2018,Stockton-on-Tees,INDUSTRIAL_GENERAL,15250.0,15250.0,
12333437000,5560654000,arcadia,2020,Leeds,RETAIL_HIGH_STREET,320000.0,320000.0,
12333437000,398770244,arcadia,2020,Leeds,RETAIL_HIGH_STREET,320000.0,315000.0,
12333437000,10565661000,arcadia,2020,Leeds,RETAIL_HIGH_STREET,320000.0,312500.0,
12343419000,4862072000,arcadia,2020,Colchester,OFFICE_GENERAL,13750.0,13750.0,
12343419000,12343419000,arcadia,2020,Colchester,OFFICE_GENERAL,13750.0,13750.0,
12343419000,25261023,arcadia,2020,Colchester,OFFICE_GENERAL,13750.0,13750.0,
12350021000,384821012,homebase,2024,Cambridge,RETAIL_OTHER_SUPERSTORES_AND_WAREHOUSES,427500.0,380000.0,
12350021000,11724749000,homebase,2024,Cambridge,RETAIL_OTHER_SUPERSTORES_AND_WAREHOUSES,427500.0,367500.0,
12350021000,16303012,homebase,2024,Cambridge,RETAIL_OTHER_SUPERSTORES_AND_WAREHOUSES,427500.0,500000.0,
12350022000,9207692000,homebase,2024,Cambridge,RETAIL_OTHER_SUPERSTORES_AND_WAREHOUSES,880000.0,900000.0,
12350022000,1826207000,homebase,2024,Cambridge,RETAIL_OTHER_SUPERSTORES_AND_WAREHOUSES,880000.0,920000.0,
12350022000,9208374000,homebase,2024,Cambridge,RETAIL_OTHER_SUPERSTORES_AND_WAREHOUSES,880000.0,800000.0,
12374340000,5572308000,body shop,2024,Stockton-on-Tees,INDUSTRIAL_GENERAL,12000.0,12000.0,
12374340000,9544814000,body shop,2024,Stockton-on-Tees,INDUSTRIAL_GENERAL,12000.0,12000.0,
12374340000,9139932000,body shop,2024,Stockton-on-Tees,INDUSTRIAL_GENERAL,12000.0,12000.0,
12398506000,3079204000,wilko,2023,Thurrock,RETAIL_OTHER_SUPERSTORES_AND_WAREHOUSES,680000.0,615000.0,
12398506000,8549532000,wilko,2023,Thurrock,RETAIL_OTHER_SUPERSTORES_AND_WAREHOUSES,680000.0,615000.0,
12398506000,11803494000,wilko,2023,Thurrock,RETAIL_OTHER_SUPERSTORES_AND_WAREHOUSES,680000.0,755000.0,
12408618000,8168390000,wilko,2023,Leeds,RETAIL_HIGH_STREET,102000.0,102000.0,
12408618000,6610495000,wilko,2023,Leeds,RETAIL_HIGH_STREET,102000.0,102000.0,
12408618000,5933244,wilko,2023,Leeds,RETAIL_HIGH_STREET,102000.0,101000.0,
12408908000,36780244,wilko,2023,Leeds,RETAIL_HIGH_STREET,2000.0,2000.0,
12408908000,307367244,wilko,2023,Leeds,RETAIL_HIGH_STREET,2000.0,2000.0,
12408908000,128757244,wilko,2023,Leeds,RETAIL_HIGH_STREET,2000.0,2000.0,
12417914000,14648139000,mothercare,2019,York,RETAIL_OTHER_SUPERSTORES_AND_WAREHOUSES,495000.0,457500.0,
12417914000,13221556000,mothercare,2019,York,RETAIL_OTHER_SUPERSTORES_AND_WAREHOUSES,495000.0,430000.0,
12417914000,666394000,mothercare,2019,York,RETAIL_OTHER_SUPERSTORES_AND_WAREHOUSES,495000.0,427500.0,
12419016000,12419016000,ted baker,2024,York,RETAIL_HIGH_STREET,187000.0,187000.0,
12419016000,16845108,ted baker,2024,York,RETAIL_HIGH_STREET,187000.0,184000.0,
12419016000,9144552000,ted baker,2024,York,RETAIL_HIGH_STREET,187000.0,190000.0,
12425207000,85411192,ted baker,2024,Cardiff,RETAIL_HIGH_STREET,152000.0,152000.0,
12425207000,160005192,ted baker,2024,Cardiff,RETAIL_HIGH_STREET,152000.0,152000.0,
12425207000,6922310000,ted baker,2024,Cardiff,RETAIL_HIGH_STREET,152000.0,152000.0,
12454126000,12454141000,cath kidston,2020,Ashford,RETAIL_HIGH_STREET,126000.0,125000.0,
12454126000,1252158000,cath kidston,2020,Ashford,RETAIL_HIGH_STREET,126000.0,128000.0,
12454126000,14525232000,cath kidston,2020,Ashford,RETAIL_HIGH_STREET,126000.0,123000.0,
12499977000,2829937000,arcadia,2020,Leeds,RETAIL_HIGH_STREET,39250.0,39250.0,
12499977000,5943244,arcadia,2020,Leeds,RETAIL_HIGH_STREET,39250.0,39250.0,
12499977000,9514167000,arcadia,2020,Leeds,RETAIL_HIGH_STREET,39250.0,39250.0,
12580392000,577925065,wilko,2023,Brent,RETAIL_OTHER_SUPERSTORES_AND_WAREHOUSES,117000.0,111000.0,
12580392000,7775838000,wilko,2023,Brent,RETAIL_OTHER_SUPERSTORES_AND_WAREHOUSES,117000.0,123000.0,
12580392000,2071951000,wilko,2023,Brent,RETAIL_OTHER_SUPERSTORES_AND_WAREHOUSES,117000.0,110000.0,
12624511000,13345517000,debenhams,2020,Camden,OFFICE_GENERAL,8600000.0,8280000.0,
12624511000,2858071000,debenhams,2020,Camden,OFFICE_GENERAL,8600000.0,8200000.0,
12624511000,12761014000,debenhams,2020,Camden,OFFICE_GENERAL,8600000.0,8150000.0,
12627658000,14261012000,arcadia,2020,Manchester,RETAIL_HIGH_STREET,10250.0,10250.0,
12627658000,12351947000,arcadia,2020,Manchester,RETAIL_HIGH_STREET,10250.0,10250.0,
12627658000,14583800000,arcadia,2020,Manchester,RETAIL_HIGH_STREET,10250.0,10250.0,
12731959000,12990013000,arcadia,2020,Milton Keynes,OFFICE_GENERAL,2175.0,2175.0,
12731959000,12731959000,arcadia,2020,Milton Keynes,OFFICE_GENERAL,2175.0,2175.0,
12731959000,12922865000,arcadia,2020,Milton Keynes,OFFICE_GENERAL,2175.0,2175.0,
12731961000,13735678000,arcadia,2020,Milton Keynes,OFFICE_GENERAL,2350.0,2350.0,
12731961000,11371634000,arcadia,2020,Milton Keynes,OFFICE_GENERAL,2350.0,2350.0,
12731961000,12820125000,arcadia,2020,Milton Keynes,OFFICE_GENERAL,2350.0,2350.0,
12750561000,442392036,arcadia,2020,Norwich,RETAIL_RESTAURANTS_AND_CAFES,37000.0,37000.0,
12750561000,14387044000,arcadia,2020,Norwich,RETAIL_RESTAURANTS_AND_CAFES,37000.0,37000.0,
12750561000,6488635000,arcadia,2020,Norwich,RETAIL_RESTAURANTS_AND_CAFES,37000.0,37250.0,
12805595000,6135528000,arcadia,2020,South Gloucestershire,RETAIL_HIGH_STREET,20750.0,20750.0,
12805595000,145086211,arcadia,2020,South Gloucestershire,RETAIL_HIGH_STREET,20750.0,20750.0,
12805595000,206268211,arcadia,2020,South Gloucestershire,RETAIL_HIGH_STREET,20750.0,20750.0,
12807647000,12807647000,ted baker,2024,Gloucester,RETAIL_HIGH_STREET,29000.0,29000.0,
12807647000,6762911000,ted baker,2024,Gloucester,RETAIL_HIGH_STREET,29000.0,29000.0,
12807647000,8091217000,ted baker,2024,Gloucester,RETAIL_HIGH_STREET,29000.0,29000.0,
12891660000,8869872000,arcadia,2020,"Bristol, City of",OTHER_COMMERCIAL,4500.0,4500.0,
12891660000,10619356000,arcadia,2020,"Bristol, City of",OTHER_COMMERCIAL,4500.0,4500.0,
12891660000,10632585000,arcadia,2020,"Bristol, City of",OTHER_COMMERCIAL,4500.0,4500.0,
12892193000,5164812000,arcadia,2020,"Bristol, City of",OFFICE_GENERAL,30750.0,30750.0,
12892193000,250321212,arcadia,2020,"Bristol, City of",OFFICE_GENERAL,30750.0,30750.0,
12892193000,11319626000,arcadia,2020,"Bristol, City of",OFFICE_GENERAL,30750.0,30750.0,
12951523000,228655036,homebase,2024,Norwich,RETAIL_OTHER_SUPERSTORES_AND_WAREHOUSES,295000.0,300000.0,
12951523000,2241825000,homebase,2024,Norwich,RETAIL_OTHER_SUPERSTORES_AND_WAREHOUSES,295000.0,287500.0,
12951523000,13266158000,homebase,2024,Norwich,RETAIL_OTHER_SUPERSTORES_AND_WAREHOUSES,295000.0,310000.0,
12951533000,12192351000,homebase,2024,Norwich,RETAIL_OTHER_SUPERSTORES_AND_WAREHOUSES,148000.0,152000.0,
12951533000,4830317000,homebase,2024,Norwich,RETAIL_OTHER_SUPERSTORES_AND_WAREHOUSES,148000.0,139000.0,
12951533000,3506018000,homebase,2024,Norwich,RETAIL_OTHER_SUPERSTORES_AND_WAREHOUSES,148000.0,158000.0,
12955425000,12722659000,arcadia,2020,York,LEISURE_BUDGET_HOTELS,2400.0,2400.0,
12955425000,12722655000,arcadia,2020,York,LEISURE_BUDGET_HOTELS,2400.0,2400.0,
12955425000,14124530000,arcadia,2020,York,LEISURE_BUDGET_HOTELS,2400.0,2400.0,
13104290000,12499578000,body shop,2024,Norwich,RETAIL_HIGH_STREET,57000.0,57000.0,
13104290000,2888242000,body shop,2024,Norwich,RETAIL_HIGH_STREET,57000.0,57500.0,
13104290000,4355401000,body shop,2024,Norwich,RETAIL_HIGH_STREET,57000.0,58000.0,
13127633000,10958637000,toys r us,2018,County Durham,RETAIL_RESTAURANTS_AND_CAFES,16750.0,16750.0,
13127633000,136894104,toys r us,2018,County Durham,RETAIL_RESTAURANTS_AND_CAFES,16750.0,16750.0,
13127633000,13879034000,toys r us,2018,County Durham,RETAIL_RESTAURANTS_AND_CAFES,16750.0,16750.0,
13141111000,12045974000,frankie&bennys,2020,Preston,INDUSTRIAL_GENERAL,11500.0,11500.0,
13141111000,15040215000,frankie&bennys,2020,Preston,INDUSTRIAL_GENERAL,11500.0,11500.0,
13141111000,240630126,frankie&bennys,2020,Preston,INDUSTRIAL_GENERAL,11500.0,11500.0,
13202498000,100520236,body shop,2024,Stoke-on-Trent,RETAIL_HIGH_STREET,8800.0,8800.0,
13202498000,244161236,body shop,2024,Stoke-on-Trent,RETAIL_HIGH_STREET,8800.0,8800.0,
13202498000,129821236,body shop,2024,Stoke-on-Trent,RETAIL_HIGH_STREET,8800.0,8800.0,
13253699000,6362471000,arcadia,2020,York,OFFICE_GENERAL,1675.0,1675.0,
13253699000,13253699000,arcadia,2020,York,OFFICE_GENERAL,1675.0,1675.0,
13253699000,10604464000,arcadia,2020,York,OFFICE_GENERAL,1675.0,1675.0,
13315359000,11233592000,arcadia,2020,Leeds,OFFICE_GENERAL,4600.0,4600.0,
13315359000,12667910000,arcadia,2020,Leeds,OFFICE_GENERAL,4600.0,4600.0,
13315359000,13315359000,arcadia,2020,Leeds,OFFICE_GENERAL,4600.0,4600.0,
13355993000,9396744000,homebase,2024,Tunbridge Wells,RETAIL_OTHER_SUPERSTORES_AND_WAREHOUSES,405000.0,397500.0,
13355993000,14858218000,homebase,2024,Tunbridge Wells,RETAIL_OTHER_SUPERSTORES_AND_WAREHOUSES,405000.0,387500.0,
13355993000,9561665000,homebase,2024,Tunbridge Wells,RETAIL_OTHER_SUPERSTORES_AND_WAREHOUSES,405000.0,377500.0,
13408249000,14434476000,homebase,2024,Telford and Wrekin,RETAIL_OTHER_SUPERSTORES_AND_WAREHOUSES,470000.0,500000.0,
13408249000,14899025000,homebase,2024,Telford and Wrekin,RETAIL_OTHER_SUPERSTORES_AND_WAREHOUSES,470000.0,415000.0,
13408249000,7703236000,homebase,2024,Telford and Wrekin,RETAIL_OTHER_SUPERSTORES_AND_WAREHOUSES,470000.0,407500.0,
13546603000,8109596000,prezzo,2018,Dorset,RETAIL_RESTAURANTS_AND_CAFES,65000.0,65000.0,
13546603000,10783285000,prezzo,2018,Dorset,RETAIL_RESTAURANTS_AND_CAFES,65000.0,65000.0,
13546603000,11875471000,prezzo,2018,Dorset,RETAIL_RESTAURANTS_AND_CAFES,65000.0,64200.0,
13605470000,453274221,arcadia,2020,Birmingham,RETAIL_HIGH_STREET,13000.0,13000.0,
13605470000,10908600000,arcadia,2020,Birmingham,RETAIL_HIGH_STREET,13000.0,13000.0,
13605470000,270575221,arcadia,2020,Birmingham,RETAIL_HIGH_STREET,13000.0,13000.0,
13738589000,14198428000,strada,2018,Stockton-on-Tees,INDUSTRIAL_GENERAL,24500.0,24500.0,
13738589000,14771000,strada,2018,Stockton-on-Tees,INDUSTRIAL_GENERAL,24500.0,24500.0,
13738589000,9321857000,strada,2018,Stockton-on-Tees,INDUSTRIAL_GENERAL,24500.0,24500.0,
13742496000,9689978000,arcadia,2020,Stockton-on-Tees,OFFICE_GENERAL,5700.0,5700.0,
13742496000,3171491000,arcadia,2020,Stockton-on-Tees,OFFICE_GENERAL,5700.0,5700.0,
13742496000,12716792000,arcadia,2020,Stockton-on-Tees,OFFICE_GENERAL,5700.0,5700.0,
13742548000,9914146000,arcadia,2020,Stockton-on-Tees,OFFICE_GENERAL,2475.0,2475.0,
13742548000,15071232000,arcadia,2020,Stockton-on-Tees,OFFICE_GENERAL,2475.0,2475.0,
13742548000,8356881000,arcadia,2020,Stockton-on-Tees,OFFICE_GENERAL,2475.0,2475.0,
13766793000,14168422000,bhs,2016,Cheshire West and Chester,INDUSTRIAL_GENERAL,34000.0,34000.0,
13766793000,7512883000,bhs,2016,Cheshire West and Chester,INDUSTRIAL_GENERAL,34000.0,33750.0,
13766793000,228903132,bhs,2016,Cheshire West and Chester,INDUSTRIAL_GENERAL,34000.0,33750.0,
13821426000,13736960000,arcadia,2020,"Bristol, City of",OTHER_COMMERCIAL,1500.0,1500.0,
13821426000,11445602000,arcadia,2020,"Bristol, City of",OTHER_COMMERCIAL,1500.0,1500.0,
13821426000,10715610000,arcadia,2020,"Bristol, City of",OTHER_COMMERCIAL,1500.0,1500.0,
13827802000,12384959000,arcadia,2020,Milton Keynes,OFFICE_GENERAL,13750.0,13750.0,
13827802000,499099162,arcadia,2020,Milton Keynes,OFFICE_GENERAL,13750.0,13750.0,
13827802000,13164602000,arcadia,2020,Milton Keynes,OFFICE_GENERAL,13750.0,13750.0,
13858795000,11200805000,frankie&bennys,2020,Maidstone,RETAIL_HIGH_STREET,14750.0,14750.0,
13858795000,44757148,frankie&bennys,2020,Maidstone,RETAIL_HIGH_STREET,14750.0,14750.0,
13858795000,60881148,frankie&bennys,2020,Maidstone,RETAIL_HIGH_STREET,14750.0,14750.0,
13932169000,4126731000,homebase,2024,Coventry,RETAIL_OTHER_SUPERSTORES_AND_WAREHOUSES,432500.0,425000.0,
13932169000,236088222,homebase,2024,Coventry,RETAIL_OTHER_SUPERSTORES_AND_WAREHOUSES,432500.0,425000.0,
13932169000,235239222,homebase,2024,Coventry,RETAIL_OTHER_SUPERSTORES_AND_WAREHOUSES,432500.0,422500.0,
13943394000,13943394000,arcadia,2020,Hammersmith and Fulham,OTHER_COMMERCIAL,3000.0,3000.0,
13943394000,14942445000,arcadia,2020,Hammersmith and Fulham,OTHER_COMMERCIAL,3000.0,3000.0,
13943394000,14726089000,arcadia,2020,Hammersmith and Fulham,OTHER_COMMERCIAL,3000.0,3200.0,
13944960000,6072855000,paperchase,2023,County Durham,RETAIL_HIGH_STREET,59500.0,59500.0,
13944960000,139281104,paperchase,2023,County Durham,RETAIL_HIGH_STREET,59500.0,59500.0,
13944960000,13944960000,paperchase,2023,County Durham,RETAIL_HIGH_STREET,59500.0,59500.0,
14006054000,806389022,body shop,2024,Thurrock,INDUSTRIAL_GENERAL,14500.0,14500.0,
14006054000,11986748000,body shop,2024,Thurrock,INDUSTRIAL_GENERAL,14500.0,14500.0,
14006054000,869934022,body shop,2024,Thurrock,INDUSTRIAL_GENERAL,14500.0,14500.0,
14085535000,7945972000,homebase,2024,Milton Keynes,OFFICE_GENERAL,103000.0,103000.0,
14085535000,9281378000,homebase,2024,Milton Keynes,OFFICE_GENERAL,103000.0,103000.0,
14085535000,11226691000,homebase,2024,Milton Keynes,OFFICE_GENERAL,103000.0,103000.0,
14114501000,8365957000,homebase,2024,"Bournemouth, Christchurch and Poole",RETAIL_OTHER_SUPERSTORES_AND_WAREHOUSES,267500.0,265000.0,
14114501000,5092327000,homebase,2024,"Bournemouth, Christchurch and Poole",RETAIL_OTHER_SUPERSTORES_AND_WAREHOUSES,267500.0,265000.0,
14114501000,320715172,homebase,2024,"Bournemouth, Christchurch and Poole",RETAIL_OTHER_SUPERSTORES_AND_WAREHOUSES,267500.0,262500.0,
14176451000,653144000,wilko,2023,County Durham,RETAIL_OTHER_SUPERSTORES_AND_WAREHOUSES,150000.0,150000.0,
14176451000,9378898000,wilko,2023,County Durham,RETAIL_OTHER_SUPERSTORES_AND_WAREHOUSES,150000.0,152000.0,
14176451000,8531417000,wilko,2023,County Durham,RETAIL_OTHER_SUPERSTORES_AND_WAREHOUSES,150000.0,154000.0,
14191762000,11666357000,homebase,2024,Colchester,RETAIL_OTHER_SUPERSTORES_AND_WAREHOUSES,610000.0,540000.0,
14191762000,12383926000,homebase,2024,Colchester,RETAIL_OTHER_SUPERSTORES_AND_WAREHOUSES,610000.0,525000.0,
14191762000,9557564000,homebase,2024,Colchester,RETAIL_OTHER_SUPERSTORES_AND_WAREHOUSES,610000.0,520000.0,
14194003000,8540706000,arcadia,2020,Leeds,OFFICE_GENERAL,6900.0,6900.0,
14194003000,33795000,arcadia,2020,Leeds,OFFICE_GENERAL,6900.0,6900.0,
14194003000,7500159000,arcadia,2020,Leeds,OFFICE_GENERAL,6900.0,6900.0,
14244187000,14985969000,chiquito,2020,Peterborough,RETAIL_RESTAURANTS_AND_CAFES,125000.0,125000.0,
14244187000,12596569000,chiquito,2020,Peterborough,RETAIL_RESTAURANTS_AND_CAFES,125000.0,122000.0,
14244187000,1764962000,chiquito,2020,Peterborough,RETAIL_RESTAURANTS_AND_CAFES,125000.0,128500.0,
14244288000,14984068000,frankie&bennys,2020,Peterborough,RETAIL_RESTAURANTS_AND_CAFES,120000.0,120000.0,
14244288000,15052687000,frankie&bennys,2020,Peterborough,RETAIL_RESTAURANTS_AND_CAFES,120000.0,110000.0,
14244288000,2382260000,frankie&bennys,2020,Peterborough,RETAIL_RESTAURANTS_AND_CAFES,120000.0,132500.0,
14249131000,15047323000,arcadia,2020,Birmingham,LEISURE_GENERAL_HOTELS,1300.0,1300.0,
14249131000,14354658000,arcadia,2020,Birmingham,LEISURE_GENERAL_HOTELS,1300.0,1300.0,
14249131000,14354661000,arcadia,2020,Birmingham,LEISURE_GENERAL_HOTELS,1300.0,1300.0,
14287166000,15087829000,homebase,2024,North Devon,RETAIL_OTHER_SUPERSTORES_AND_WAREHOUSES,370000.0,370000.0,
14287166000,162307183,homebase,2024,North Devon,RETAIL_OTHER_SUPERSTORES_AND_WAREHOUSES,370000.0,357500.0,
14287166000,101998183,homebase,2024,North Devon,RETAIL_OTHER_SUPERSTORES_AND_WAREHOUSES,370000.0,390000.0,
14287628000,7465375000,wilko,2023,Basingstoke and Deane,RETAIL_OTHER_SUPERSTORES_AND_WAREHOUSES,205000.0,196000.0,
14287628000,7484001000,wilko,2023,Basingstoke and Deane,RETAIL_OTHER_SUPERSTORES_AND_WAREHOUSES,205000.0,192000.0,
14287628000,13509808000,wilko,2023,Basingstoke and Deane,RETAIL_OTHER_SUPERSTORES_AND_WAREHOUSES,205000.0,182000.0,
14354656000,14257890000,arcadia,2020,Birmingham,LEISURE_GENERAL_HOTELS,1300.0,1300.0,
14354656000,14991949000,arcadia,2020,Birmingham,LEISURE_GENERAL_HOTELS,1300.0,1300.0,
14354656000,14542256000,arcadia,2020,Birmingham,LEISURE_GENERAL_HOTELS,1300.0,1600.0,
14354662000,13959020000,arcadia,2020,Birmingham,LEISURE_GENERAL_HOTELS,1300.0,2000.0,
14354662000,13961419000,arcadia,2020,Birmingham,LEISURE_GENERAL_HOTELS,1300.0,2000.0,
14354662000,13963178000,arcadia,2020,Birmingham,LEISURE_GENERAL_HOTELS,1300.0,2000.0,
14354664000,14181708000,arcadia,2020,Birmingham,LEISURE_GENERAL_HOTELS,1925.0,2000.0,
14354664000,13980233000,arcadia,2020,Birmingham,LEISURE_GENERAL_HOTELS,1925.0,2000.0,
14354664000,13530101000,arcadia,2020,Birmingham,LEISURE_GENERAL_HOTELS,1925.0,2000.0,
14354665000,13428174000,arcadia,2020,Birmingham,LEISURE_GENERAL_HOTELS,1300.0,2000.0,
14354665000,13041381000,arcadia,2020,Birmingham,LEISURE_GENERAL_HOTELS,1300.0,2000.0,
14354665000,13846526000,arcadia,2020,Birmingham,LEISURE_GENERAL_HOTELS,1300.0,2000.0,
14354666000,13668062000,arcadia,2020,Birmingham,LEISURE_GENERAL_HOTELS,1300.0,2000.0,
14354666000,13944251000,arcadia,2020,Birmingham,LEISURE_GENERAL_HOTELS,1300.0,2000.0,
14354666000,13595160000,arcadia,2020,Birmingham,LEISURE_GENERAL_HOTELS,1300.0,2000.0,
14354668000,13042376000,arcadia,2020,Birmingham,LEISURE_GENERAL_HOTELS,1300.0,2000.0,
14354668000,13851256000,arcadia,2020,Birmingham,LEISURE_GENERAL_HOTELS,1300.0,2000.0,
14354668000,14424693000,arcadia,2020,Birmingham,LEISURE_GENERAL_HOTELS,1300.0,2000.0,
14377744000,12114753000,arcadia,2020,Gloucester,OFFICE_GENERAL,1175.0,1175.0,
14377744000,14377744000,arcadia,2020,Gloucester,OFFICE_GENERAL,1175.0,1175.0,
14377744000,2465389000,arcadia,2020,Gloucester,OFFICE_GENERAL,1175.0,1175.0,
14377781000,12903768000,frankie&bennys,2020,Bromley,OFFICE_GENERAL,2800.0,2800.0,
14377781000,12903742000,frankie&bennys,2020,Bromley,OFFICE_GENERAL,2800.0,2800.0,
14377781000,12903739000,frankie&bennys,2020,Bromley,OFFICE_GENERAL,2800.0,2800.0,
14390698000,10699463000,frankie&bennys,2020,Rushmoor,RETAIL_RESTAURANTS_AND_CAFES,68500.0,51500.0,
14390698000,10853167000,frankie&bennys,2020,Rushmoor,RETAIL_RESTAURANTS_AND_CAFES,68500.0,51500.0,
14390698000,338060000,frankie&bennys,2020,Rushmoor,RETAIL_RESTAURANTS_AND_CAFES,68500.0,50000.0,
14404143000,9720083000,arcadia,2020,Dorset,INDUSTRIAL_GENERAL,7300.0,7300.0,
14404143000,96218173,arcadia,2020,Dorset,INDUSTRIAL_GENERAL,7300.0,7300.0,
14404143000,2142173,arcadia,2020,Dorset,INDUSTRIAL_GENERAL,7300.0,7300.0,
14498659000,8370271000,strada,2018,Brighton and Hove,OFFICE_GENERAL,9600.0,9600.0,
14498659000,10538603000,strada,2018,Brighton and Hove,OFFICE_GENERAL,9600.0,9600.0,
14498659000,11247179000,strada,2018,Brighton and Hove,OFFICE_GENERAL,9600.0,9600.0,
14504764000,15018687000,wilko,2023,Cumberland,RETAIL_OTHER_SUPERSTORES_AND_WAREHOUSES,220000.0,220000.0,
14504764000,14504764000,wilko,2023,Cumberland,RETAIL_OTHER_SUPERSTORES_AND_WAREHOUSES,220000.0,220000.0,
14504764000,12997976000,wilko,2023,Cumberland,RETAIL_OTHER_SUPERSTORES_AND_WAREHOUSES,220000.0,219000.0,
14534030000,4973777000,wilko,2023,County Durham,RETAIL_OTHER_SUPERSTORES_AND_WAREHOUSES,109000.0,114000.0,
14534030000,11017222000,wilko,2023,County Durham,RETAIL_OTHER_SUPERSTORES_AND_WAREHOUSES,109000.0,114000.0,
14534030000,5670815000,wilko,2023,County Durham,RETAIL_OTHER_SUPERSTORES_AND_WAREHOUSES,109000.0,118000.0,
14643271000,1188120000,prezzo,2018,Cheshire West and Chester,RETAIL_RESTAURANTS_AND_CAFES,110000.0,111000.0,
14643271000,31934132,prezzo,2018,Cheshire West and Chester,RETAIL_RESTAURANTS_AND_CAFES,110000.0,108000.0,
14643271000,29359132,prezzo,2018,Cheshire West and Chester,RETAIL_RESTAURANTS_AND_CAFES,110000.0,112500.0,
14655653000,10270835000,strada,2018,Brighton and Hove,OTHER_COMMERCIAL,200.0,200.0,
14655653000,14655655000,strada,2018,Brighton and Hove,OTHER_COMMERCIAL,200.0,200.0,
14655653000,14655652000,strada,2018,Brighton and Hove,OTHER_COMMERCIAL,200.0,200.0,
14659122000,10632980000,arcadia,2020,Buckinghamshire,INDUSTRIAL_GENERAL,28000.0,28000.0,
14659122000,8695642000,arcadia,2020,Buckinghamshire,INDUSTRIAL_GENERAL,28000.0,28000.0,
14659122000,542295162,arcadia,2020,Buckinghamshire,INDUSTRIAL_GENERAL,28000.0,28000.0,
14765353000,5067990000,body shop,2024,Coventry,INDUSTRIAL_GENERAL,5800.0,5800.0,
14765353000,13247633000,body shop,2024,Coventry,INDUSTRIAL_GENERAL,5800.0,5800.0,
14765353000,416939000,body shop,2024,Coventry,INDUSTRIAL_GENERAL,5800.0,5800.0,
14804354000,37896132,carluccios,2020,Cheshire West and Chester,RETAIL_RESTAURANTS_AND_CAFES,96500.0,96000.0,
14804354000,36183132,carluccios,2020,Cheshire West and Chester,RETAIL_RESTAURANTS_AND_CAFES,96500.0,96000.0,
14804354000,289736132,carluccios,2020,Cheshire West and Chester,RETAIL_RESTAURANTS_AND_CAFES,96500.0,96000.0,
14970820000,4123702000,strada,2018,Harlow,INDUSTRIAL_GENERAL,10500.0,10500.0,
14970820000,6613937000,strada,2018,Harlow,INDUSTRIAL_GENERAL,10500.0,10500.0,
14970820000,121317022,strada,2018,Harlow,INDUSTRIAL_GENERAL,10500.0,10500.0,
15003477000,15003477000,arcadia,2020,Hartlepool,LEISURE_BUDGET_HOTELS,2600.0,2600.0,
15003477000,12967507000,arcadia,2020,Hartlepool,LEISURE_BUDGET_HOTELS,2600.0,2550.0,
15003477000,14884776000,arcadia,2020,Hartlepool,LEISURE_BUDGET_HOTELS,2600.0,2500.0,
15008351000,14693474000,arcadia,2020,Hartlepool,LEISURE_BUDGET_HOTELS,1925.0,1925.0,
15008351000,14228064000,arcadia,2020,Hartlepool,LEISURE_BUDGET_HOTELS,1925.0,1925.0,
15008351000,14847322000,arcadia,2020,Hartlepool,LEISURE_BUDGET_HOTELS,1925.0,1925.0,
15013099000,7672707000,arcadia,2020,Camden,OFFICE_GENERAL,61000.0,61000.0,
15013099000,103402063,arcadia,2020,Camden,OFFICE_GENERAL,61000.0,61000.0,
15013099000,14421717000,arcadia,2020,Camden,OFFICE_GENERAL,61000.0,61000.0,
