treat_uarn,control_uarn,brand,event_year,geocode_name,category_subgroup,treated_rateable_value,control_rateable_value,control_distance_to_clustered_exposure_m
332176,3573851000,bella italia,2020,Southampton,RETAIL_RESTAURANTS_AND_CAFES,38750.0,38750.0,334.9841794502131
332176,534866176,bella italia,2020,Southampton,RETAIL_RESTAURANTS_AND_CAFES,38750.0,38500.0,4520.881207636088
332176,14683577000,bella italia,2020,Southampton,RETAIL_RESTAURANTS_AND_CAFES,38750.0,38500.0,2255.395494991107
400176,10496771000,arcadia,2020,Southampton,RETAIL_HIGH_STREET,427500.0,109000.0,945.251373028872
400176,5150218000,arcadia,2020,Southampton,RETAIL_HIGH_STREET,427500.0,89500.0,3022.436310000427
400176,14515334000,arcadia,2020,Southampton,RETAIL_HIGH_STREET,427500.0,73000.0,492.6727275629293
663042,7778800000,toys r us,2018,Derby,RETAIL_HIGH_STREET,136000.0,112000.0,2533.153925837929
663042,19718042,toys r us,2018,Derby,RETAIL_HIGH_STREET,136000.0,96000.0,1098.4539253994826
663042,11420057000,toys r us,2018,Derby,RETAIL_HIGH_STREET,136000.0,194000.0,463.1402445667517
1438037,14588537000,body shop,2024,Nottingham,RETAIL_HIGH_STREET,90000.0,87000.0,2774.8183130894795
1438037,9376155000,body shop,2024,Nottingham,RETAIL_HIGH_STREET,90000.0,70000.0,304.9435662252486
1438037,10562767000,body shop,2024,Nottingham,RETAIL_HIGH_STREET,90000.0,115000.0,219.27567614599826
1601022,191207022,prezzo,2018,Chelmsford,RETAIL_RESTAURANTS_AND_CAFES,51000.0,51000.0,167.69688768162825
1601022,38338022,prezzo,2018,Chelmsford,RETAIL_RESTAURANTS_AND_CAFES,51000.0,51000.0,5995.551975405451
1601022,10003638000,prezzo,2018,Chelmsford,RETAIL_RESTAURANTS_AND_CAFES,51000.0,50000.0,10105.288613732466
2335045,34895045,debenhams,2020,West Northamptonshire,RETAIL_HIGH_STREET,9600.0,9600.0,271.1781283047137
2335045,6046820000,debenhams,2020,West Northamptonshire,RETAIL_HIGH_STREET,9600.0,9600.0,28100.468510584782
2335045,215031045,debenhams,2020,West Northamptonshire,RETAIL_HIGH_STREET,9600.0,9600.0,16199.02280448977
2360045,13046121000,thomas cook,2019,West Northamptonshire,RETAIL_HIGH_STREET,36750.0,37000.0,1238.6671247339414
2360045,2914284000,thomas cook,2019,West Northamptonshire,RETAIL_HIGH_STREET,36750.0,37000.0,2499.848433460397
2360045,10181640000,thomas cook,2019,West Northamptonshire,RETAIL_HIGH_STREET,36750.0,35750.0,16065.884245919786
3287132,10560113000,thomas cook,2019,Cheshire West and Chester,RETAIL_HIGH_STREET,60000.0,59000.0,366.19082203538414
3287132,325408133,thomas cook,2019,Cheshire West and Chester,RETAIL_HIGH_STREET,60000.0,58500.0,7871.77649741802
3287132,10069303000,thomas cook,2019,Cheshire West and Chester,RETAIL_HIGH_STREET,60000.0,58500.0,199.33976165485893
3292132,9409945000,carluccios,2020,Cheshire West and Chester,RETAIL_RESTAURANTS_AND_CAFES,83000.0,83000.0,1022.3147974291195
3292132,9610238000,carluccios,2020,Cheshire West and Chester,RETAIL_RESTAURANTS_AND_CAFES,83000.0,84000.0,274.9881988921293
3292132,14908673000,carluccios,2020,Cheshire West and Chester,RETAIL_RESTAURANTS_AND_CAFES,83000.0,81500.0,607.922578575875
4131183,7089514000,poundworld,2018,North Devon,RETAIL_HIGH_STREET,42000.0,42000.0,14235.404298578635
4131183,322086182,poundworld,2018,North Devon,RETAIL_HIGH_STREET,42000.0,43750.0,251.44597178482087
4131183,99648183,poundworld,2018,North Devon,RETAIL_HIGH_STREET,42000.0,44500.0,193.14430167483576
5859141,12085914000,arcadia,2020,Brighton and Hove,RETAIL_HIGH_STREET,13750.0,13750.0,2627.7924129681005
5859141,52025141,arcadia,2020,Brighton and Hove,RETAIL_HIGH_STREET,13750.0,13750.0,1224.506610310408
5859141,12619087000,arcadia,2020,Brighton and Hove,RETAIL_HIGH_STREET,13750.0,13750.0,651.2378418585636
5935244,10565615000,wilko,2023,Leeds,RETAIL_HIGH_STREET,98500.0,97500.0,187.71774209036408
5935244,10565640000,wilko,2023,Leeds,RETAIL_HIGH_STREET,98500.0,99500.0,187.71774209036408
5935244,10565617000,wilko,2023,Leeds,RETAIL_HIGH_STREET,98500.0,96500.0,187.71774209036408
6757082,1081450000,ted baker,2024,Kensington and Chelsea,RETAIL_HIGH_STREET,580000.0,580000.0,721.7454684414978
6757082,7233030000,ted baker,2024,Kensington and Chelsea,RETAIL_HIGH_STREET,580000.0,580000.0,304.33236787762803
6757082,9267961000,ted baker,2024,Kensington and Chelsea,RETAIL_HIGH_STREET,580000.0,585000.0,885.2535057560947
7177126,759681000,thomas cook,2019,Preston,RETAIL_HIGH_STREET,131000.0,129000.0,256.31537973836123
7177126,6638180000,thomas cook,2019,Preston,RETAIL_HIGH_STREET,131000.0,135000.0,833.9429704771022
7177126,12829126,thomas cook,2019,Preston,RETAIL_HIGH_STREET,131000.0,73000.0,301.27509069767984
7345183,14951790000,body shop,2024,North Devon,RETAIL_HIGH_STREET,61000.0,59000.0,7606.579938099747
7345183,13102390000,body shop,2024,North Devon,RETAIL_HIGH_STREET,61000.0,50500.0,193.14430167483576
7345183,12687167000,body shop,2024,North Devon,RETAIL_HIGH_STREET,61000.0,49250.0,11567.158770039294
7350183,3238964000,thomas cook,2019,North Devon,RETAIL_HIGH_STREET,34000.0,34250.0,7680.744004248842
7350183,14016429000,thomas cook,2019,North Devon,RETAIL_HIGH_STREET,34000.0,32750.0,1258.1017205836008
7350183,318996182,thomas cook,2019,North Devon,RETAIL_HIGH_STREET,34000.0,31750.0,7475.031272164186
7391183,14685044000,maplin,2018,North Devon,RETAIL_HIGH_STREET,47250.0,46000.0,1422.3847515638583
7391183,147196183,maplin,2018,North Devon,RETAIL_HIGH_STREET,47250.0,36500.0,7606.579938099747
7391183,6855656000,maplin,2018,North Devon,RETAIL_HIGH_STREET,47250.0,31250.0,17089.443587653328
7427183,807157000,maplin,2018,North Devon,RETAIL_HIGH_STREET,46500.0,31000.0,1095.144750703535
7427183,11257272000,maplin,2018,North Devon,RETAIL_HIGH_STREET,46500.0,30750.0,1752.142459525675
7427183,13816232000,maplin,2018,North Devon,RETAIL_HIGH_STREET,46500.0,30750.0,1752.142459525675
8067126,8605785000,wilko,2023,Preston,RETAIL_OTHER_SUPERSTORES_AND_WAREHOUSES,377500.0,377500.0,2763.4105642792556
8067126,12655825000,wilko,2023,Preston,RETAIL_OTHER_SUPERSTORES_AND_WAREHOUSES,377500.0,372500.0,2851.5074902392453
8067126,12009111000,wilko,2023,Preston,RETAIL_OTHER_SUPERSTORES_AND_WAREHOUSES,377500.0,382500.0,471.4886625559572
8371032,12763131000,thomas cook,2019,Lincoln,RETAIL_HIGH_STREET,42500.0,41500.0,430.9923480187511
8371032,1414551000,thomas cook,2019,Lincoln,RETAIL_HIGH_STREET,42500.0,40750.0,854.6816804809358
8371032,11035115000,thomas cook,2019,Lincoln,RETAIL_HIGH_STREET,42500.0,44750.0,601.3463196481905
9018104,8848131000,thomas cook,2019,County Durham,RETAIL_HIGH_STREET,53000.0,53500.0,8154.675059178362
9018104,117145104,thomas cook,2019,County Durham,RETAIL_HIGH_STREET,53000.0,52000.0,8788.813116610723
9018104,9358069000,thomas cook,2019,County Durham,RETAIL_HIGH_STREET,53000.0,51500.0,3317.782605487455
9241032,151063032,debenhams,2020,Lincoln,INDUSTRIAL_GENERAL,19000.0,19000.0,1217.4198080247234
9241032,14329048000,debenhams,2020,Lincoln,INDUSTRIAL_GENERAL,19000.0,19000.0,1241.960373344798
9241032,13495677000,debenhams,2020,Lincoln,INDUSTRIAL_GENERAL,19000.0,19000.0,811.8572125630145
9754082,90225082,carluccios,2020,Kensington and Chelsea,RETAIL_RESTAURANTS_AND_CAFES,73000.0,73000.0,465.5189470471175
9754082,4470015000,carluccios,2020,Kensington and Chelsea,RETAIL_RESTAURANTS_AND_CAFES,73000.0,73000.0,1114.0050271546058
9754082,27868082,carluccios,2020,Kensington and Chelsea,RETAIL_RESTAURANTS_AND_CAFES,73000.0,73000.0,429.41384311050075
9783017,5271661000,poundworld,2018,Watford,RETAIL_HIGH_STREET,8200.0,8200.0,487.17112122545956
9783017,35266017,poundworld,2018,Watford,RETAIL_HIGH_STREET,8200.0,8200.0,2040.6514062925007
9783017,35265017,poundworld,2018,Watford,RETAIL_HIGH_STREET,8200.0,8200.0,2040.6514062925007
9794113,207996113,paperchase,2023,Manchester,RETAIL_HIGH_STREET,83500.0,82500.0,4335.397730992615
9794113,6957358000,paperchase,2023,Manchester,RETAIL_HIGH_STREET,83500.0,84500.0,1436.489238195794
9794113,3544439000,paperchase,2023,Manchester,RETAIL_HIGH_STREET,83500.0,79500.0,4623.593364089315
9835113,11938902000,body shop,2024,Manchester,RETAIL_HIGH_STREET,129000.0,128000.0,1094.5518730137826
9835113,532330000,body shop,2024,Manchester,RETAIL_HIGH_STREET,129000.0,127000.0,2888.1373385796724
9835113,8007904000,body shop,2024,Manchester,RETAIL_HIGH_STREET,129000.0,133000.0,840.942448660368
10085152,3089890000,arcadia,2020,Surrey Heath,RETAIL_HIGH_STREET,87500.0,87500.0,170.4027869776523
10085152,352135152,arcadia,2020,Surrey Heath,RETAIL_HIGH_STREET,87500.0,93500.0,170.4027869776523
10085152,13494050000,arcadia,2020,Surrey Heath,RETAIL_HIGH_STREET,87500.0,73500.0,1235.2922233324648
10301124,2494018000,paperchase,2023,Cumberland,RETAIL_HIGH_STREET,131000.0,113000.0,27392.070276941868
10301124,13423280000,paperchase,2023,Cumberland,RETAIL_HIGH_STREET,131000.0,110000.0,26754.718066837206
10301124,105224124,paperchase,2023,Cumberland,RETAIL_HIGH_STREET,131000.0,100000.0,26648.09376206913
10422132,14776457000,bhs,2016,Cheshire West and Chester,RETAIL_OTHER_SUPERSTORES_AND_WAREHOUSES,1160000.0,1160000.0,843.5666795244443
10422132,14776460000,bhs,2016,Cheshire West and Chester,RETAIL_OTHER_SUPERSTORES_AND_WAREHOUSES,1160000.0,1170000.0,797.7169136945698
10422132,15079682000,bhs,2016,Cheshire West and Chester,RETAIL_OTHER_SUPERSTORES_AND_WAREHOUSES,1160000.0,1180000.0,226.65703024520354
11853036,3895081000,thomas cook,2019,Norwich,RETAIL_HIGH_STREET,97000.0,94500.0,2492.245212592614
11853036,14505645000,thomas cook,2019,Norwich,RETAIL_HIGH_STREET,97000.0,88500.0,364.06245343879635
11853036,8926478000,thomas cook,2019,Norwich,RETAIL_HIGH_STREET,97000.0,86000.0,472.86637415214244
12008214,223816214,carluccios,2020,Gloucester,RETAIL_HIGH_STREET,4150.0,4150.0,216.48576777210943
12008214,6505214,carluccios,2020,Gloucester,RETAIL_HIGH_STREET,4150.0,4150.0,237.25866552062524
12008214,2750630000,carluccios,2020,Gloucester,RETAIL_HIGH_STREET,4150.0,4150.0,318.95463312082444
12561104,9817533000,arcadia,2020,County Durham,RETAIL_HIGH_STREET,138000.0,130000.0,5442.11416973975
12561104,7504928000,arcadia,2020,County Durham,RETAIL_HIGH_STREET,138000.0,148000.0,288.6687219111189
12561104,12201980000,arcadia,2020,County Durham,RETAIL_HIGH_STREET,138000.0,185000.0,16951.818493204137
12575104,151377104,body shop,2024,County Durham,RETAIL_HIGH_STREET,57500.0,57000.0,5308.700112544744
12575104,272269000,body shop,2024,County Durham,RETAIL_HIGH_STREET,57500.0,57000.0,5706.643407967515
12575104,6488371000,body shop,2024,County Durham,RETAIL_HIGH_STREET,57500.0,58500.0,6284.750326552628
13378017,34986017,bhs,2016,Watford,RETAIL_HIGH_STREET,5800.0,5800.0,2911.819170044854
13378017,11253506000,bhs,2016,Watford,RETAIL_HIGH_STREET,5800.0,5800.0,1492.3340164988297
13378017,26341017,bhs,2016,Watford,RETAIL_HIGH_STREET,5800.0,5800.0,1667.8711452525918
13584186,6064396000,thomas cook,2019,Somerset,RETAIL_HIGH_STREET,16000.0,16000.0,15708.204270787914
13584186,6723191000,thomas cook,2019,Somerset,RETAIL_HIGH_STREET,16000.0,16000.0,8177.9841002563435
13584186,11012378000,thomas cook,2019,Somerset,RETAIL_HIGH_STREET,16000.0,16000.0,9427.866700536102
13695022,9183375000,arcadia,2020,Chelmsford,RETAIL_OTHER_SUPERSTORES_AND_WAREHOUSES,355000.0,350000.0,1311.0688447047603
13695022,12403799000,arcadia,2020,Chelmsford,RETAIL_OTHER_SUPERSTORES_AND_WAREHOUSES,355000.0,347500.0,515.3591382511327
13695022,659902000,arcadia,2020,Chelmsford,RETAIL_OTHER_SUPERSTORES_AND_WAREHOUSES,355000.0,342500.0,2292.5494687603637
13807022,5121063000,paperchase,2023,Chelmsford,RETAIL_HIGH_STREET,149000.0,74000.0,13323.819831235574
13807022,44897022,paperchase,2023,Chelmsford,RETAIL_HIGH_STREET,149000.0,73500.0,2294.9216530583863
13807022,9060288000,paperchase,2023,Chelmsford,RETAIL_HIGH_STREET,149000.0,73500.0,278.0016442022029
14528214,8980381000,arcadia,2020,Gloucester,RETAIL_HIGH_STREET,23750.0,23500.0,549.330023543374
14528214,8168947000,arcadia,2020,Gloucester,RETAIL_HIGH_STREET,23750.0,23500.0,1948.486369063986
14528214,1727206000,arcadia,2020,Gloucester,RETAIL_HIGH_STREET,23750.0,22750.0,216.37005179808753
14748036,12429287000,paperchase,2023,Norwich,RETAIL_HIGH_STREET,85500.0,70500.0,3321.12319345404
14748036,395291036,paperchase,2023,Norwich,RETAIL_HIGH_STREET,85500.0,64500.0,605.6068487712322
14748036,11349973000,paperchase,2023,Norwich,RETAIL_HIGH_STREET,85500.0,63500.0,3321.12319345404
14755036,8330476000,cath kidston,2020,Norwich,RETAIL_HIGH_STREET,104000.0,123000.0,241.46629876403037
14755036,8925648000,cath kidston,2020,Norwich,RETAIL_HIGH_STREET,104000.0,63000.0,3575.9918427725365
14755036,5073002000,cath kidston,2020,Norwich,RETAIL_HIGH_STREET,104000.0,59500.0,2785.3625117657675
14760036,12499578000,body shop,2024,Norwich,RETAIL_HIGH_STREET,68500.0,57000.0,371.23403197201725
14760036,11892597000,body shop,2024,Norwich,RETAIL_HIGH_STREET,68500.0,52500.0,3575.9918427725365
14760036,44533036,body shop,2024,Norwich,RETAIL_HIGH_STREET,68500.0,51000.0,370.2740848393927
14793216,3747395000,thomas cook,2019,Swindon,RETAIL_HIGH_STREET,27750.0,27750.0,3988.6432908702322
14793216,4755378000,thomas cook,2019,Swindon,RETAIL_HIGH_STREET,27750.0,27750.0,2207.455519058133
14793216,14009073000,thomas cook,2019,Swindon,RETAIL_HIGH_STREET,27750.0,27500.0,221.08939869237886
15133108,9144552000,poundworld,2018,York,RETAIL_HIGH_STREET,217000.0,190000.0,1516.8542013624417
15133108,4086695000,poundworld,2018,York,RETAIL_HIGH_STREET,217000.0,112000.0,1157.0768490239348
15133108,347146105,poundworld,2018,York,RETAIL_HIGH_STREET,217000.0,110000.0,7145.852281171575
15335108,9952588000,body shop,2024,York,RETAIL_HIGH_STREET,77500.0,77000.0,2820.4347434248216
15335108,11597889000,body shop,2024,York,RETAIL_HIGH_STREET,77500.0,71000.0,216.80023109619393
15335108,11396710000,body shop,2024,York,RETAIL_HIGH_STREET,77500.0,67000.0,761.9607490689094
15517172,7445860000,maplin,2018,"Bournemouth, Christchurch and Poole",RETAIL_HIGH_STREET,66500.0,66000.0,526.9946483216731
15517172,8789709000,maplin,2018,"Bournemouth, Christchurch and Poole",RETAIL_HIGH_STREET,66500.0,66000.0,242.59281143376066
15517172,301616172,maplin,2018,"Bournemouth, Christchurch and Poole",RETAIL_HIGH_STREET,66500.0,67500.0,772.980225915445
15593172,180767172,arcadia,2020,"Bournemouth, Christchurch and Poole",LEISURE_AMUSEMENT_AND_ENTERTAINMENT_CENTRES,47750.0,45500.0,164.26850992227062
15593172,5847156000,arcadia,2020,"Bournemouth, Christchurch and Poole",LEISURE_AMUSEMENT_AND_ENTERTAINMENT_CENTRES,47750.0,45000.0,324.0394199173322
15593172,319434172,arcadia,2020,"Bournemouth, Christchurch and Poole",LEISURE_AMUSEMENT_AND_ENTERTAINMENT_CENTRES,47750.0,53000.0,168.2952335342484
15594172,4234677000,arcadia,2020,"Bournemouth, Christchurch and Poole",RETAIL_HIGH_STREET,177000.0,170000.0,344.48958686273403
15594172,15067240000,arcadia,2020,"Bournemouth, Christchurch and Poole",RETAIL_HIGH_STREET,177000.0,149000.0,592.250095627617
15594172,3900295000,arcadia,2020,"Bournemouth, Christchurch and Poole",RETAIL_HIGH_STREET,177000.0,146000.0,2384.232762596479
15679058,11126539000,frankie&bennys,2020,Tower Hamlets,RETAIL_HIGH_STREET,12000.0,12000.0,1381.7860954431085
15679058,8069516000,frankie&bennys,2020,Tower Hamlets,RETAIL_HIGH_STREET,12000.0,12000.0,1783.3753973792661
15679058,12453142000,frankie&bennys,2020,Tower Hamlets,RETAIL_HIGH_STREET,12000.0,12000.0,541.5992722463418
15881072,13139057000,thomas cook,2019,Bromley,RETAIL_HIGH_STREET,114000.0,115000.0,2459.3204795735214
15881072,10643666000,thomas cook,2019,Bromley,RETAIL_HIGH_STREET,114000.0,86000.0,3960.4507874216597
15881072,5782162000,thomas cook,2019,Bromley,RETAIL_HIGH_STREET,114000.0,77500.0,7394.457304029982
16090072,8785702000,bhs,2016,Bromley,RETAIL_OTHER_SUPERSTORES_AND_WAREHOUSES,650000.0,630000.0,3721.271440288556
16090072,1536575000,bhs,2016,Bromley,RETAIL_OTHER_SUPERSTORES_AND_WAREHOUSES,650000.0,615000.0,562.449589218465
16090072,908290000,bhs,2016,Bromley,RETAIL_OTHER_SUPERSTORES_AND_WAREHOUSES,650000.0,615000.0,562.449589218465
16094072,7411882000,paperchase,2023,Bromley,RETAIL_HIGH_STREET,76500.0,72000.0,3863.5687614403423
16094072,6899488000,paperchase,2023,Bromley,RETAIL_HIGH_STREET,76500.0,69500.0,2704.5625282854344
16094072,8600059000,paperchase,2023,Bromley,RETAIL_HIGH_STREET,76500.0,68500.0,760.8737382749275
16101072,10631735000,mothercare,2019,Bromley,RETAIL_HIGH_STREET,345000.0,330000.0,3479.0656184768154
16101072,11431186000,mothercare,2019,Bromley,RETAIL_HIGH_STREET,345000.0,300000.0,7394.457304029982
16101072,13190844000,mothercare,2019,Bromley,RETAIL_HIGH_STREET,345000.0,163000.0,2459.3204795735214
16148072,11990707000,maplin,2018,Bromley,RETAIL_HIGH_STREET,72000.0,67500.0,848.0706796956952
16148072,1653992000,maplin,2018,Bromley,RETAIL_HIGH_STREET,72000.0,66500.0,4720.325224078348
16148072,11631886000,maplin,2018,Bromley,RETAIL_HIGH_STREET,72000.0,66000.0,714.7640254444926
16332012,11050255000,debenhams,2020,Cambridge,RETAIL_OTHER_SUPERSTORES_AND_WAREHOUSES,835000.0,795000.0,2314.5356503506086
16332012,3788289000,debenhams,2020,Cambridge,RETAIL_OTHER_SUPERSTORES_AND_WAREHOUSES,835000.0,595000.0,507.00840882727886
16332012,366211000,debenhams,2020,Cambridge,RETAIL_OTHER_SUPERSTORES_AND_WAREHOUSES,835000.0,525000.0,2126.323210575961
16576152,2838474000,body shop,2024,Surrey Heath,RETAIL_HIGH_STREET,36000.0,35750.0,4741.502637968841
16576152,332469152,body shop,2024,Surrey Heath,RETAIL_HIGH_STREET,36000.0,35750.0,214.80432292357287
16576152,14589789000,body shop,2024,Surrey Heath,RETAIL_HIGH_STREET,36000.0,36750.0,11577.249767965632
16840108,12485720000,debenhams,2020,York,RETAIL_OTHER_SUPERSTORES_AND_WAREHOUSES,440000.0,435000.0,462.2843359503639
16840108,13186944000,debenhams,2020,York,RETAIL_OTHER_SUPERSTORES_AND_WAREHOUSES,440000.0,425000.0,312.5755355070827
16840108,4288076000,debenhams,2020,York,RETAIL_OTHER_SUPERSTORES_AND_WAREHOUSES,440000.0,420000.0,289.6299765482491
17238023,200219023,thomas cook,2019,Colchester,RETAIL_HIGH_STREET,25500.0,25750.0,407.1850469868097
17238023,8244700000,thomas cook,2019,Colchester,RETAIL_HIGH_STREET,25500.0,25000.0,4964.809293101782
17238023,8310960000,thomas cook,2019,Colchester,RETAIL_HIGH_STREET,25500.0,24750.0,159.52626818902326
17303023,13872196000,byron,2020,Colchester,RETAIL_HIGH_STREET,61500.0,58500.0,2249.397225621165
17303023,9557557000,byron,2020,Colchester,RETAIL_HIGH_STREET,61500.0,54000.0,634.0194838470605
17303023,9210980000,byron,2020,Colchester,RETAIL_HIGH_STREET,61500.0,52000.0,1269.4108512321227
17346023,2893457000,cafe rouge,2020,Colchester,RETAIL_RESTAURANTS_AND_CAFES,48750.0,49750.0,9302.55573005729
17346023,14924261000,cafe rouge,2020,Colchester,RETAIL_RESTAURANTS_AND_CAFES,48750.0,47250.0,171.48865782137028
17346023,191702023,cafe rouge,2020,Colchester,RETAIL_RESTAURANTS_AND_CAFES,48750.0,50500.0,1276.499105249654
17414037,10175528000,body shop,2024,Nottingham,RETAIL_HIGH_STREET,87000.0,63500.0,329.51679391669126
17414037,7669255000,body shop,2024,Nottingham,RETAIL_HIGH_STREET,87000.0,63500.0,1053.6725769393279
17414037,6784859000,body shop,2024,Nottingham,RETAIL_HIGH_STREET,87000.0,55500.0,957.3115022580656
17535178,8788875000,body shop,2024,Isle of Wight,RETAIL_HIGH_STREET,27500.0,27500.0,16193.098395882269
17535178,8789942000,body shop,2024,Isle of Wight,RETAIL_HIGH_STREET,27500.0,27000.0,10749.25486579489
17535178,8799936000,body shop,2024,Isle of Wight,RETAIL_HIGH_STREET,27500.0,27000.0,1202.894805262023
18915044,13945344000,body shop,2024,Leicester,INDUSTRIAL_LIGHT,10500.0,10500.0,1087.7119282405822
18915044,9982308000,body shop,2024,Leicester,INDUSTRIAL_LIGHT,10500.0,10500.0,299.4452830058649
18915044,14324938000,body shop,2024,Leicester,INDUSTRIAL_LIGHT,10500.0,10250.0,414.7695172381021
19400212,248101212,thomas cook,2019,"Bristol, City of",RETAIL_HIGH_STREET,133000.0,115000.0,849.1087099479813
19400212,6155310000,thomas cook,2019,"Bristol, City of",RETAIL_HIGH_STREET,133000.0,113000.0,8394.875977106622
19400212,12212714000,thomas cook,2019,"Bristol, City of",RETAIL_HIGH_STREET,133000.0,108000.0,1966.8094876851517
19587094,9117643000,arcadia,2020,Sunderland,RETAIL_HIGH_STREET,31750.0,32000.0,2453.3309504699505
19587094,276924094,arcadia,2020,Sunderland,RETAIL_HIGH_STREET,31750.0,32000.0,1634.3607674263264
19587094,12097906000,arcadia,2020,Sunderland,RETAIL_HIGH_STREET,31750.0,31250.0,1455.0068957726244
19603141,11988437000,frankie&bennys,2020,Brighton and Hove,RETAIL_HIGH_STREET,5500.0,5500.0,5543.912212512668
19603141,52374141,frankie&bennys,2020,Brighton and Hove,RETAIL_HIGH_STREET,5500.0,5500.0,374.4323787929335
19603141,11935825000,frankie&bennys,2020,Brighton and Hove,RETAIL_HIGH_STREET,5500.0,5500.0,1612.197624893335
20085162,502304162,arcadia,2020,Milton Keynes,RETAIL_HIGH_STREET,27000.0,27000.0,1912.6759900902096
20085162,3976283000,arcadia,2020,Milton Keynes,RETAIL_HIGH_STREET,27000.0,27000.0,12534.459448927597
20085162,10160186000,arcadia,2020,Milton Keynes,RETAIL_HIGH_STREET,27000.0,27000.0,2522.191771930995
21155023,13604189000,body shop,2024,Colchester,RETAIL_HIGH_STREET,80500.0,82000.0,3238.003852420507
21155023,13872197000,body shop,2024,Colchester,RETAIL_HIGH_STREET,80500.0,72000.0,2249.397225621165
21155023,9014636000,body shop,2024,Colchester,RETAIL_HIGH_STREET,80500.0,51000.0,525.464701827982
21354022,14861661000,thomas cook,2019,Chelmsford,RETAIL_HIGH_STREET,30500.0,30500.0,437.9938751142691
21354022,39802022,thomas cook,2019,Chelmsford,RETAIL_HIGH_STREET,30500.0,30250.0,2107.9070886294135
21354022,8583473000,thomas cook,2019,Chelmsford,RETAIL_HIGH_STREET,30500.0,30000.0,377.85490904115306
21416072,5615633000,arcadia,2020,Bromley,RETAIL_HIGH_STREET,84000.0,64000.0,2704.5625282854344
21416072,234230072,arcadia,2020,Bromley,RETAIL_HIGH_STREET,84000.0,64000.0,288.7346597729461
21416072,8407476000,arcadia,2020,Bromley,RETAIL_HIGH_STREET,84000.0,63000.0,1273.2343136938039
22248082,6723748000,byron,2020,Kensington and Chelsea,RETAIL_RESTAURANTS_AND_CAFES,57500.0,57500.0,877.1871428036122
22248082,32758082,byron,2020,Kensington and Chelsea,RETAIL_RESTAURANTS_AND_CAFES,57500.0,57500.0,839.7321284304389
22248082,8482838000,byron,2020,Kensington and Chelsea,RETAIL_RESTAURANTS_AND_CAFES,57500.0,57500.0,842.473234428165
22804212,8136934000,thomas cook,2019,"Bristol, City of",RETAIL_HIGH_STREET,9500.0,9500.0,1109.1680518175124
22804212,2340860000,thomas cook,2019,"Bristol, City of",RETAIL_HIGH_STREET,9500.0,9500.0,1771.7279556487665
22804212,3767739000,thomas cook,2019,"Bristol, City of",RETAIL_HIGH_STREET,9500.0,9500.0,1416.2096419648954
23803176,8027334000,maplin,2018,Southampton,RETAIL_HIGH_STREET,109000.0,71500.0,3034.534148593332
23803176,10218313000,maplin,2018,Southampton,RETAIL_HIGH_STREET,109000.0,68500.0,945.251373028872
23803176,11907557000,maplin,2018,Southampton,RETAIL_HIGH_STREET,109000.0,65000.0,485.99886454743074
25568011,4829665000,thomas cook,2019,Bedford,RETAIL_HIGH_STREET,53000.0,53000.0,680.6557676474458
25568011,2236011,thomas cook,2019,Bedford,RETAIL_HIGH_STREET,53000.0,53500.0,878.8007918156745
25568011,10257561000,thomas cook,2019,Bedford,RETAIL_HIGH_STREET,53000.0,53500.0,2698.784521286264
25573012,3041330000,paperchase,2023,Cambridge,RETAIL_HIGH_STREET,115000.0,111000.0,336.98798439177716
25573012,10650516000,paperchase,2023,Cambridge,RETAIL_HIGH_STREET,115000.0,109000.0,1022.2310481803696
25573012,10071260000,paperchase,2023,Cambridge,RETAIL_HIGH_STREET,115000.0,108000.0,627.1555282080863
25889173,12471642000,prezzo,2018,Dorset,RETAIL_RESTAURANTS_AND_CAFES,27750.0,27750.0,36622.59575622712
25889173,110033173,prezzo,2018,Dorset,RETAIL_RESTAURANTS_AND_CAFES,27750.0,27950.0,10007.009014151075
25889173,82731173,prezzo,2018,Dorset,RETAIL_RESTAURANTS_AND_CAFES,27750.0,27500.0,417.3432863187736
26059108,7481786000,byron,2020,York,RETAIL_RESTAURANTS_AND_CAFES,109000.0,106000.0,1707.8210575605426
26059108,9221445000,byron,2020,York,RETAIL_RESTAURANTS_AND_CAFES,109000.0,106000.0,654.9399129496356
26059108,1142812000,byron,2020,York,RETAIL_RESTAURANTS_AND_CAFES,109000.0,105000.0,2659.446281692215
27222125,274906125,thomas cook,2019,Blackpool,RETAIL_HIGH_STREET,8800.0,8800.0,440.97456726550763
27222125,274336125,thomas cook,2019,Blackpool,RETAIL_HIGH_STREET,8800.0,8800.0,1302.684281704651
27222125,5127261000,thomas cook,2019,Blackpool,RETAIL_HIGH_STREET,8800.0,8800.0,1642.1554046531448
27508045,169443045,maplin,2018,West Northamptonshire,RETAIL_FINANCIAL_AND_PROFESSIONAL_SERVICES,16500.0,16750.0,12592.610837556895
27508045,8917572000,maplin,2018,West Northamptonshire,RETAIL_FINANCIAL_AND_PROFESSIONAL_SERVICES,16500.0,15750.0,12525.735215945719
27508045,127768045,maplin,2018,West Northamptonshire,RETAIL_FINANCIAL_AND_PROFESSIONAL_SERVICES,16500.0,15250.0,16065.884245919786
29510082,31334082,byron,2020,Kensington and Chelsea,RETAIL_RESTAURANTS_AND_CAFES,52000.0,51500.0,817.7256288240969
29510082,28520082,byron,2020,Kensington and Chelsea,RETAIL_RESTAURANTS_AND_CAFES,52000.0,51500.0,786.8420548881135
29510082,59956082,byron,2020,Kensington and Chelsea,RETAIL_RESTAURANTS_AND_CAFES,52000.0,51500.0,1082.2173737771743
30541016,9581976000,arcadia,2020,Peterborough,RETAIL_OTHER_SUPERSTORES_AND_WAREHOUSES,900000.0,925000.0,2837.2031357855935
30541016,14794066000,arcadia,2020,Peterborough,RETAIL_OTHER_SUPERSTORES_AND_WAREHOUSES,900000.0,845000.0,2837.2031357855935
30541016,14729452000,arcadia,2020,Peterborough,RETAIL_OTHER_SUPERSTORES_AND_WAREHOUSES,900000.0,990000.0,1622.0813053347788
31093162,591235162,paperchase,2023,Milton Keynes,RETAIL_HIGH_STREET,120000.0,110000.0,310.6169019519144
31093162,12131655000,paperchase,2023,Milton Keynes,RETAIL_HIGH_STREET,120000.0,87500.0,1429.053037007915
31093162,11465162,paperchase,2023,Milton Keynes,RETAIL_HIGH_STREET,120000.0,154000.0,1791.9916556364747
31111162,13718530000,body shop,2024,Milton Keynes,RETAIL_HIGH_STREET,151000.0,85500.0,262.9992556552651
31111162,12147805000,body shop,2024,Milton Keynes,RETAIL_HIGH_STREET,151000.0,79000.0,200.8308578890773
31111162,8814104000,body shop,2024,Milton Keynes,RETAIL_HIGH_STREET,151000.0,75000.0,2438.8115382104984
31114105,8850485000,arcadia,2020,North Yorkshire,RETAIL_OTHER_SUPERSTORES_AND_WAREHOUSES,505000.0,515000.0,26444.85859206743
31114105,2533875000,arcadia,2020,North Yorkshire,RETAIL_OTHER_SUPERSTORES_AND_WAREHOUSES,505000.0,520000.0,6282.039323666904
31114105,171136108,arcadia,2020,North Yorkshire,RETAIL_OTHER_SUPERSTORES_AND_WAREHOUSES,505000.0,486500.0,2394.992242023184
31139162,9079643000,arcadia,2020,Milton Keynes,RETAIL_HIGH_STREET,277500.0,65500.0,2045.7871891469458
31139162,590438162,arcadia,2020,Milton Keynes,RETAIL_HIGH_STREET,277500.0,63000.0,246.54899817572846
31139162,11030423000,arcadia,2020,Milton Keynes,RETAIL_HIGH_STREET,277500.0,62500.0,945.8691654889817
31146012,37528012,body shop,2024,Cambridge,RETAIL_HIGH_STREET,131000.0,129000.0,163.210260801858
31146012,458487012,body shop,2024,Cambridge,RETAIL_HIGH_STREET,131000.0,98500.0,152.47974223942055
31146012,8789187000,body shop,2024,Cambridge,RETAIL_HIGH_STREET,131000.0,95500.0,1452.4559618500587
31271023,9884785000,homebase,2024,Colchester,RETAIL_OTHER_SUPERSTORES_AND_WAREHOUSES,360000.0,360000.0,3709.5099867596546
31271023,11486535000,homebase,2024,Colchester,RETAIL_OTHER_SUPERSTORES_AND_WAREHOUSES,360000.0,375000.0,3709.5099867596546
31271023,1253415023,homebase,2024,Colchester,RETAIL_OTHER_SUPERSTORES_AND_WAREHOUSES,360000.0,380000.0,1043.1527496188328
31909108,191356108,strada,2018,York,RETAIL_RESTAURANTS_AND_CAFES,62000.0,61900.0,3965.27809338418
31909108,11782130000,strada,2018,York,RETAIL_RESTAURANTS_AND_CAFES,62000.0,62500.0,2372.661281052563
31909108,10792108,strada,2018,York,RETAIL_RESTAURANTS_AND_CAFES,62000.0,63500.0,170.49756095894463
34092036,3142004000,arcadia,2020,Norwich,RETAIL_OTHER_SUPERSTORES_AND_WAREHOUSES,650000.0,670000.0,2041.3062774929742
34092036,14039621000,arcadia,2020,Norwich,RETAIL_OTHER_SUPERSTORES_AND_WAREHOUSES,650000.0,720000.0,2699.6074630198323
34092036,9405024000,arcadia,2020,Norwich,RETAIL_OTHER_SUPERSTORES_AND_WAREHOUSES,650000.0,525000.0,1142.3163550155086
34643023,9625648000,thomas cook,2019,Colchester,RETAIL_HIGH_STREET,62500.0,49250.0,525.464701827982
34643023,192374023,thomas cook,2019,Colchester,RETAIL_HIGH_STREET,62500.0,46000.0,9500.690197850638
34643023,10624023,thomas cook,2019,Colchester,RETAIL_HIGH_STREET,62500.0,42500.0,383.5120436729886
34817045,17175045,toys r us,2018,West Northamptonshire,RETAIL_HIGH_STREET,7400.0,7400.0,1380.500444337901
34817045,35643045,toys r us,2018,West Northamptonshire,RETAIL_HIGH_STREET,7400.0,7400.0,880.4172379612841
34817045,13231698000,toys r us,2018,West Northamptonshire,RETAIL_HIGH_STREET,7400.0,7400.0,896.2479088869411
34838144,9265173000,bhs,2016,Eastbourne,RETAIL_OTHER_SUPERSTORES_AND_WAREHOUSES,505000.0,505000.0,892.9650298021903
34838144,270280144,bhs,2016,Eastbourne,RETAIL_OTHER_SUPERSTORES_AND_WAREHOUSES,505000.0,457500.0,1383.41658110079
34838144,14440158000,bhs,2016,Eastbourne,RETAIL_OTHER_SUPERSTORES_AND_WAREHOUSES,505000.0,565000.0,1383.41658110079
34843144,6438882000,arcadia,2020,Eastbourne,RETAIL_HIGH_STREET,76500.0,78500.0,1579.3029224724946
34843144,6361344000,arcadia,2020,Eastbourne,RETAIL_HIGH_STREET,76500.0,65000.0,1461.0329791012807
34843144,11166905000,arcadia,2020,Eastbourne,RETAIL_HIGH_STREET,76500.0,64000.0,1579.3029224724946
35602012,37531012,thomas cook,2019,Cambridge,RETAIL_HIGH_STREET,58000.0,57000.0,163.210260801858
35602012,14687173000,thomas cook,2019,Cambridge,RETAIL_HIGH_STREET,58000.0,57000.0,2262.981806032761
35602012,111412012,thomas cook,2019,Cambridge,RETAIL_HIGH_STREET,58000.0,59000.0,1442.9163797499607
35631042,5310871000,thomas cook,2019,Derby,RETAIL_HIGH_STREET,38750.0,39250.0,208.51523536610713
35631042,7778794000,thomas cook,2019,Derby,RETAIL_HIGH_STREET,38750.0,38000.0,2533.153925837929
35631042,11616346000,thomas cook,2019,Derby,RETAIL_HIGH_STREET,38750.0,37500.0,226.13205881463506
36425186,36425186,arcadia,2020,Somerset,RETAIL_FINANCIAL_AND_PROFESSIONAL_SERVICES,7500.0,7500.0,11974.57852831708
36425186,176899186,arcadia,2020,Somerset,RETAIL_FINANCIAL_AND_PROFESSIONAL_SERVICES,7500.0,7400.0,15103.81523123373
36425186,6777419000,arcadia,2020,Somerset,RETAIL_FINANCIAL_AND_PROFESSIONAL_SERVICES,7500.0,7400.0,15180.459469619153
36673216,140158216,body shop,2024,Swindon,RETAIL_HIGH_STREET,115000.0,92500.0,2007.4699785104333
36673216,1211894000,body shop,2024,Swindon,RETAIL_HIGH_STREET,115000.0,90000.0,4804.092327901298
36673216,11774212000,body shop,2024,Swindon,RETAIL_HIGH_STREET,115000.0,78500.0,3871.196142666126
37611144,171230144,body shop,2024,Eastbourne,INDUSTRIAL_LIGHT,28250.0,28000.0,1632.4863359114509
37611144,3908150000,body shop,2024,Eastbourne,INDUSTRIAL_LIGHT,28250.0,29750.0,243.23807438260027
37611144,5738691000,body shop,2024,Eastbourne,INDUSTRIAL_LIGHT,28250.0,25750.0,1223.950752485697
38461082,14292675000,byron,2020,Kensington and Chelsea,RETAIL_RESTAURANTS_AND_CAFES,179000.0,180000.0,817.4107438492454
38461082,10228088000,byron,2020,Kensington and Chelsea,RETAIL_RESTAURANTS_AND_CAFES,179000.0,180000.0,1511.671677892212
38461082,13041361000,byron,2020,Kensington and Chelsea,RETAIL_RESTAURANTS_AND_CAFES,179000.0,174000.0,528.2777412276743
38630082,284360082,prezzo,2018,Kensington and Chelsea,RETAIL_RESTAURANTS_AND_CAFES,50000.0,50000.0,787.7407911866608
38630082,11004429000,prezzo,2018,Kensington and Chelsea,RETAIL_RESTAURANTS_AND_CAFES,50000.0,50000.0,1092.2107288160119
38630082,2446253000,prezzo,2018,Kensington and Chelsea,RETAIL_RESTAURANTS_AND_CAFES,50000.0,50000.0,337.9363120203508
39047012,3682652000,strada,2018,Cambridge,RETAIL_RESTAURANTS_AND_CAFES,85500.0,88000.0,1452.4559618500587
39047012,11623529000,strada,2018,Cambridge,RETAIL_RESTAURANTS_AND_CAFES,85500.0,81500.0,1210.8648369976747
39047012,3934303000,strada,2018,Cambridge,RETAIL_RESTAURANTS_AND_CAFES,85500.0,81500.0,1452.4559618500587
39541016,13254968000,maplin,2018,Peterborough,RETAIL_HIGH_STREET,74000.0,63000.0,3374.322439121687
39541016,12351566000,maplin,2018,Peterborough,RETAIL_HIGH_STREET,74000.0,87500.0,558.7595878352687
39541016,7192363000,maplin,2018,Peterborough,RETAIL_HIGH_STREET,74000.0,60000.0,3374.322439121687
40046222,102592222,thomas cook,2019,Coventry,RETAIL_HIGH_STREET,6500.0,6500.0,398.15532864656757
40046222,12763222,thomas cook,2019,Coventry,RETAIL_HIGH_STREET,6500.0,6500.0,1122.4477059488875
40046222,87985222,thomas cook,2019,Coventry,RETAIL_HIGH_STREET,6500.0,6500.0,1284.886621919224
40209141,8831523000,thomas cook,2019,Brighton and Hove,RETAIL_HIGH_STREET,70500.0,70000.0,740.041660471878
40209141,338402141,thomas cook,2019,Brighton and Hove,RETAIL_HIGH_STREET,70500.0,70000.0,1604.2580962158459
40209141,10185855000,thomas cook,2019,Brighton and Hove,RETAIL_HIGH_STREET,70500.0,68500.0,353.8441519927439
43026172,8640339000,thomas cook,2019,"Bournemouth, Christchurch and Poole",RETAIL_HIGH_STREET,102500.0,102000.0,3268.2265955359753
43026172,317783172,thomas cook,2019,"Bournemouth, Christchurch and Poole",RETAIL_HIGH_STREET,102500.0,101000.0,2872.345243426025
43026172,10743269000,thomas cook,2019,"Bournemouth, Christchurch and Poole",RETAIL_HIGH_STREET,102500.0,97000.0,192.7617336013319
43028144,8334220000,arcadia,2020,Eastbourne,RETAIL_HIGH_STREET,5500.0,5500.0,319.3169723207933
43028144,4688282000,arcadia,2020,Eastbourne,RETAIL_HIGH_STREET,5500.0,5500.0,1805.5047684968908
43028144,7588339000,arcadia,2020,Eastbourne,RETAIL_HIGH_STREET,5500.0,5500.0,208.84738638113845
43190036,3134927000,thomas cook,2019,Norwich,RETAIL_HIGH_STREET,77500.0,49500.0,2041.3062774929742
43190036,10609541000,thomas cook,2019,Norwich,RETAIL_HIGH_STREET,77500.0,46500.0,232.7475006807552
43190036,11076534000,thomas cook,2019,Norwich,RETAIL_HIGH_STREET,77500.0,43250.0,1582.9706253212419
43952113,191045113,thomas cook,2019,Manchester,RETAIL_HIGH_STREET,16250.0,16250.0,4324.550358377726
43952113,35809113,thomas cook,2019,Manchester,RETAIL_HIGH_STREET,16250.0,16250.0,1933.4331287985435
43952113,4130163000,thomas cook,2019,Manchester,RETAIL_HIGH_STREET,16250.0,16250.0,3148.9811064770392
44450125,6682125,arcadia,2020,Blackpool,RETAIL_HIGH_STREET,5100.0,5100.0,1984.856525178631
44450125,203380125,arcadia,2020,Blackpool,RETAIL_HIGH_STREET,5100.0,5100.0,295.06359072871334
44450125,17034125,arcadia,2020,Blackpool,RETAIL_HIGH_STREET,5100.0,5100.0,1648.4904571977495
45623045,10818617000,arcadia,2020,West Northamptonshire,INDUSTRIAL_GENERAL,76500.0,76500.0,998.2632614800149
45623045,45623045,arcadia,2020,West Northamptonshire,INDUSTRIAL_GENERAL,76500.0,76500.0,2404.1265942076147
45623045,267534045,arcadia,2020,West Northamptonshire,INDUSTRIAL_GENERAL,76500.0,76500.0,1380.500444337901
45694108,5263944000,arcadia,2020,York,RETAIL_OTHER_SUPERSTORES_AND_WAREHOUSES,700000.0,720000.0,237.13056291081554
45694108,10638490000,arcadia,2020,York,RETAIL_OTHER_SUPERSTORES_AND_WAREHOUSES,700000.0,670000.0,2849.1814006550667
45694108,11076338000,arcadia,2020,York,RETAIL_OTHER_SUPERSTORES_AND_WAREHOUSES,700000.0,740000.0,462.2843359503639
46958108,12826852000,body shop,2024,York,RETAIL_HIGH_STREET,62000.0,60500.0,244.09965555037888
46958108,2840903000,body shop,2024,York,RETAIL_HIGH_STREET,62000.0,64000.0,244.09965555037888
46958108,9212747000,body shop,2024,York,RETAIL_HIGH_STREET,62000.0,59500.0,216.80023109619393
47050105,11050750000,debenhams,2020,North Yorkshire,RETAIL_OTHER_SUPERSTORES_AND_WAREHOUSES,292500.0,292500.0,27730.61475799672
47050105,137201105,debenhams,2020,North Yorkshire,RETAIL_OTHER_SUPERSTORES_AND_WAREHOUSES,292500.0,287500.0,219.30308838881228
47050105,7518825000,debenhams,2020,North Yorkshire,RETAIL_OTHER_SUPERSTORES_AND_WAREHOUSES,292500.0,300000.0,6282.039323666904
47489000,32565132,mothercare,2019,Cheshire West and Chester,RETAIL_OTHER_SUPERSTORES_AND_WAREHOUSES,360000.0,362500.0,5446.192382140334
47489000,222464132,mothercare,2019,Cheshire West and Chester,RETAIL_OTHER_SUPERSTORES_AND_WAREHOUSES,360000.0,362500.0,912.1566769451142
47489000,235556132,mothercare,2019,Cheshire West and Chester,RETAIL_OTHER_SUPERSTORES_AND_WAREHOUSES,360000.0,352500.0,187.29926691910583
49656000,12365409000,wilko,2023,Maidstone,RETAIL_OTHER_SUPERSTORES_AND_WAREHOUSES,237000.0,230000.0,4385.035401943592
49656000,7593454000,wilko,2023,Maidstone,RETAIL_OTHER_SUPERSTORES_AND_WAREHOUSES,237000.0,247000.0,3218.0102494246526
49656000,8282277000,wilko,2023,Maidstone,RETAIL_OTHER_SUPERSTORES_AND_WAREHOUSES,237000.0,248000.0,408.20689402340366
49982132,13824955000,frankie&bennys,2020,Cheshire West and Chester,RETAIL_HIGH_STREET,15000.0,15000.0,159.77400687426527
49982132,281981133,frankie&bennys,2020,Cheshire West and Chester,RETAIL_HIGH_STREET,15000.0,15000.0,14916.295004724929
49982132,193523133,frankie&bennys,2020,Cheshire West and Chester,RETAIL_HIGH_STREET,15000.0,15000.0,10523.74554797486
50992045,3948610000,body shop,2024,West Northamptonshire,RETAIL_HIGH_STREET,35000.0,34750.0,2122.2977476466
50992045,12796868000,body shop,2024,West Northamptonshire,RETAIL_HIGH_STREET,35000.0,35500.0,516.0167786365939
50992045,8811759000,body shop,2024,West Northamptonshire,RETAIL_HIGH_STREET,35000.0,34250.0,3788.59768449187
51664082,89397082,bella italia,2020,Kensington and Chelsea,RETAIL_RESTAURANTS_AND_CAFES,69500.0,69500.0,810.4547012470388
51664082,3261643000,bella italia,2020,Kensington and Chelsea,RETAIL_RESTAURANTS_AND_CAFES,69500.0,70000.0,1055.5247841168705
51664082,33683082,bella italia,2020,Kensington and Chelsea,RETAIL_RESTAURANTS_AND_CAFES,69500.0,70000.0,1000.7317317384255
51960148,9760628000,arcadia,2020,Maidstone,OTHER_PUBLIC,10750.0,10750.0,2881.348246460281
51960148,394779148,arcadia,2020,Maidstone,OTHER_PUBLIC,10750.0,10750.0,12352.57204858438
51960148,199804148,arcadia,2020,Maidstone,OTHER_PUBLIC,10750.0,10750.0,2921.161318938537
52413148,350469148,mothercare,2019,Maidstone,RETAIL_HIGH_STREET,217000.0,138000.0,10877.915228571988
52413148,13907143000,mothercare,2019,Maidstone,RETAIL_HIGH_STREET,217000.0,115000.0,5996.519448563655
52413148,12190862000,mothercare,2019,Maidstone,RETAIL_HIGH_STREET,217000.0,100000.0,195.32064214856194
52474148,411415148,arcadia,2020,Maidstone,RETAIL_HIGH_STREET,201000.0,98500.0,454.6225729357459
52474148,2193254000,arcadia,2020,Maidstone,RETAIL_HIGH_STREET,201000.0,98000.0,2202.1398658733547
52474148,14596800000,arcadia,2020,Maidstone,RETAIL_HIGH_STREET,201000.0,95000.0,8512.38547575857
52641013,7671367000,paperchase,2023,North Hertfordshire,RETAIL_HIGH_STREET,107000.0,96500.0,152.30305897567644
52641013,195473013,paperchase,2023,North Hertfordshire,RETAIL_HIGH_STREET,107000.0,70000.0,15781.8611489137
52641013,5949937000,paperchase,2023,North Hertfordshire,RETAIL_HIGH_STREET,107000.0,64000.0,216.42971368208535
52846036,5055036,debenhams,2020,Norwich,RETAIL_HIGH_STREET,68000.0,41500.0,2650.308009847835
52846036,10283882000,debenhams,2020,Norwich,RETAIL_HIGH_STREET,68000.0,40500.0,232.7475006807552
52846036,9079911000,debenhams,2020,Norwich,RETAIL_HIGH_STREET,68000.0,40500.0,2303.3765073949394
53633046,60116046,thomas cook,2019,Charnwood,RETAIL_HIGH_STREET,9900.0,9900.0,1319.5018050550902
53633046,2924212000,thomas cook,2019,Charnwood,RETAIL_HIGH_STREET,9900.0,9900.0,157.3078778008986
53633046,113324046,thomas cook,2019,Charnwood,RETAIL_HIGH_STREET,9900.0,9900.0,5470.065212086493
54335022,847256022,thomas cook,2019,Chelmsford,RETAIL_HIGH_STREET,11000.0,11000.0,13754.03425676871
54335022,13445672000,thomas cook,2019,Chelmsford,RETAIL_HIGH_STREET,11000.0,11000.0,2699.2515180568635
54335022,4520022,thomas cook,2019,Chelmsford,RETAIL_HIGH_STREET,11000.0,11000.0,1922.478190421628
54720000,215149011,wilko,2023,Central Bedfordshire,RETAIL_OTHER_SUPERSTORES_AND_WAREHOUSES,153000.0,153000.0,1122.1770781291316
54720000,14974558000,wilko,2023,Central Bedfordshire,RETAIL_OTHER_SUPERSTORES_AND_WAREHOUSES,153000.0,150000.0,1182.3387335222576
54720000,8813106000,wilko,2023,Central Bedfordshire,RETAIL_OTHER_SUPERSTORES_AND_WAREHOUSES,153000.0,156000.0,6805.426049042523
55794176,82196176,wilko,2023,Southampton,RETAIL_OTHER_SUPERSTORES_AND_WAREHOUSES,136000.0,132000.0,1034.527758361274
55794176,8984176,wilko,2023,Southampton,RETAIL_OTHER_SUPERSTORES_AND_WAREHOUSES,136000.0,128000.0,4630.15031074429
55794176,3935096000,wilko,2023,Southampton,RETAIL_OTHER_SUPERSTORES_AND_WAREHOUSES,136000.0,145000.0,917.2992305723928
55817184,6248542000,arcadia,2020,Plymouth,RETAIL_HIGH_STREET,148000.0,113000.0,2973.537937823731
55817184,8441998000,arcadia,2020,Plymouth,RETAIL_HIGH_STREET,148000.0,95500.0,2807.5420687755886
55817184,10413789000,arcadia,2020,Plymouth,RETAIL_HIGH_STREET,148000.0,94000.0,3441.161853387688
55822184,285023184,arcadia,2020,Plymouth,RETAIL_HIGH_STREET,136000.0,84000.0,2515.807969429937
55822184,14908345000,arcadia,2020,Plymouth,RETAIL_HIGH_STREET,136000.0,68500.0,1464.7967931461083
55822184,14807877000,arcadia,2020,Plymouth,RETAIL_HIGH_STREET,136000.0,65000.0,1650.309096613534
55832184,3385787000,poundworld,2018,Plymouth,RETAIL_HIGH_STREET,198000.0,60500.0,382.4024289745267
55832184,14958303000,poundworld,2018,Plymouth,RETAIL_HIGH_STREET,198000.0,58000.0,3142.0568639474373
55832184,8040016000,poundworld,2018,Plymouth,RETAIL_HIGH_STREET,198000.0,57000.0,1214.2592448639332
57344178,63724178,arcadia,2020,Isle of Wight,RETAIL_HIGH_STREET,9800.0,9800.0,4991.92503104164
57344178,3832178,arcadia,2020,Isle of Wight,RETAIL_HIGH_STREET,9800.0,9800.0,7010.137391874451
57344178,47306178,arcadia,2020,Isle of Wight,RETAIL_HIGH_STREET,9800.0,9800.0,10928.272221488634
58729044,546386000,poundworld,2018,Leicester,RETAIL_OTHER_SUPERSTORES_AND_WAREHOUSES,144000.0,145000.0,1085.4963223131904
58729044,3451424000,poundworld,2018,Leicester,RETAIL_OTHER_SUPERSTORES_AND_WAREHOUSES,144000.0,140000.0,1498.9605177338094
58729044,8818005000,poundworld,2018,Leicester,RETAIL_OTHER_SUPERSTORES_AND_WAREHOUSES,144000.0,151000.0,1096.7631312398341
58865036,2894495000,arcadia,2020,Norwich,RETAIL_HIGH_STREET,49250.0,40250.0,712.0417864865987
58865036,73794036,arcadia,2020,Norwich,RETAIL_HIGH_STREET,49250.0,40250.0,865.6765452776258
58865036,620746036,arcadia,2020,Norwich,RETAIL_HIGH_STREET,49250.0,40250.0,481.3357512909244
59952082,50605082,cath kidston,2020,Kensington and Chelsea,RETAIL_HIGH_STREET,48250.0,48250.0,903.098631990795
59952082,60068082,cath kidston,2020,Kensington and Chelsea,RETAIL_HIGH_STREET,48250.0,48250.0,1083.715481070938
59952082,45002082,cath kidston,2020,Kensington and Chelsea,RETAIL_HIGH_STREET,48250.0,48250.0,1400.196155209468
60153176,1004546000,debenhams,2020,Southampton,RETAIL_OTHER_SUPERSTORES_AND_WAREHOUSES,315000.0,317500.0,1394.9785345440757
60153176,13033358000,debenhams,2020,Southampton,RETAIL_OTHER_SUPERSTORES_AND_WAREHOUSES,315000.0,320000.0,4614.659006027676
60153176,7291189000,debenhams,2020,Southampton,RETAIL_OTHER_SUPERSTORES_AND_WAREHOUSES,315000.0,300000.0,251.14291550905153
62430045,461183045,debenhams,2020,West Northamptonshire,RETAIL_OTHER_SUPERSTORES_AND_WAREHOUSES,300000.0,300000.0,245.27620603630655
62430045,13704009000,debenhams,2020,West Northamptonshire,RETAIL_OTHER_SUPERSTORES_AND_WAREHOUSES,300000.0,302500.0,3382.251233587155
62430045,4228621000,debenhams,2020,West Northamptonshire,RETAIL_OTHER_SUPERSTORES_AND_WAREHOUSES,300000.0,292500.0,276.39407052600177
65086239,12653541000,thomas cook,2019,Dudley,OFFICE_GENERAL,4150.0,4150.0,560.3451062227797
65086239,246087239,thomas cook,2019,Dudley,OFFICE_GENERAL,4150.0,4150.0,1096.7519221029345
65086239,200991239,thomas cook,2019,Dudley,OFFICE_GENERAL,4150.0,4150.0,432.2852625006011
65235171,10045493000,arcadia,2020,Basingstoke and Deane,OFFICE_GENERAL,14750.0,14750.0,600.5290696746031
65235171,7723732000,arcadia,2020,Basingstoke and Deane,OFFICE_GENERAL,14750.0,14750.0,13337.809174907858
65235171,14644399000,arcadia,2020,Basingstoke and Deane,OFFICE_GENERAL,14750.0,14750.0,1864.714051538834
67011045,10652421000,toys r us,2018,West Northamptonshire,RETAIL_HIGH_STREET,9500.0,9500.0,11871.724597402892
67011045,207677045,toys r us,2018,West Northamptonshire,RETAIL_HIGH_STREET,9500.0,9500.0,972.8436517880866
67011045,12205541000,toys r us,2018,West Northamptonshire,RETAIL_HIGH_STREET,9500.0,9500.0,12469.611292680353
67157045,5554578000,mothercare,2019,West Northamptonshire,RETAIL_HIGH_STREET,8100.0,8100.0,2025.1928674486453
67157045,169607045,mothercare,2019,West Northamptonshire,RETAIL_HIGH_STREET,8100.0,8100.0,12523.831915534385
67157045,258010045,mothercare,2019,West Northamptonshire,RETAIL_HIGH_STREET,8100.0,8100.0,2788.666551857454
67793045,9645021000,thomas cook,2019,West Northamptonshire,RETAIL_HIGH_STREET,42500.0,42250.0,334.90193371847784
67793045,8468810000,thomas cook,2019,West Northamptonshire,RETAIL_HIGH_STREET,42500.0,43000.0,16568.45428056542
67793045,204100045,thomas cook,2019,West Northamptonshire,RETAIL_HIGH_STREET,42500.0,43000.0,16084.505933764272
68090045,235803045,debenhams,2020,West Northamptonshire,OTHER_PUBLIC,11500.0,11500.0,12375.360086371047
68090045,2859497000,debenhams,2020,West Northamptonshire,OTHER_PUBLIC,11500.0,11500.0,32995.49094510578
68090045,14202189000,debenhams,2020,West Northamptonshire,OTHER_PUBLIC,11500.0,11500.0,489.4434859831562
68093045,14757704000,debenhams,2020,West Northamptonshire,RETAIL_HIGH_STREET,2850.0,2850.0,16210.833001771896
68093045,3919536000,debenhams,2020,West Northamptonshire,RETAIL_HIGH_STREET,2850.0,2850.0,1097.1015808034172
68093045,76937045,debenhams,2020,West Northamptonshire,RETAIL_HIGH_STREET,2850.0,2850.0,1211.9661884429056
68131013,195914013,body shop,2024,North Hertfordshire,OTHER_PUBLIC,13250.0,13250.0,15869.0082352856
68131013,80355013,body shop,2024,North Hertfordshire,OTHER_PUBLIC,13250.0,13250.0,11385.06618970716
68131013,89506013,body shop,2024,North Hertfordshire,OTHER_PUBLIC,13250.0,13250.0,173.5967430932715
69282045,7851759000,arcadia,2020,West Northamptonshire,RETAIL_HIGH_STREET,148000.0,100000.0,413.80183881942986
69282045,35368045,arcadia,2020,West Northamptonshire,RETAIL_HIGH_STREET,148000.0,86500.0,1097.1015808034172
69282045,8814685000,arcadia,2020,West Northamptonshire,RETAIL_HIGH_STREET,148000.0,82000.0,354.71760343689186
69631037,7568143000,debenhams,2020,Nottingham,RETAIL_OTHER_SUPERSTORES_AND_WAREHOUSES,575000.0,585000.0,930.0477920578214
69631037,1260736000,debenhams,2020,Nottingham,RETAIL_OTHER_SUPERSTORES_AND_WAREHOUSES,575000.0,590000.0,2210.59339689374
69631037,8789182000,debenhams,2020,Nottingham,RETAIL_OTHER_SUPERSTORES_AND_WAREHOUSES,575000.0,530000.0,2897.349813321539
69654037,575025037,thomas cook,2019,Nottingham,RETAIL_HIGH_STREET,84000.0,55000.0,4885.841543556528
69654037,10989923000,thomas cook,2019,Nottingham,RETAIL_HIGH_STREET,84000.0,53500.0,4061.857631058897
69654037,12284421000,thomas cook,2019,Nottingham,RETAIL_HIGH_STREET,84000.0,53000.0,5508.308832927545
69670144,245243144,debenhams,2020,Eastbourne,RETAIL_OTHER_SUPERSTORES_AND_WAREHOUSES,387500.0,367500.0,1600.548517007052
69670144,10932494000,debenhams,2020,Eastbourne,RETAIL_OTHER_SUPERSTORES_AND_WAREHOUSES,387500.0,410000.0,1600.548517007052
69670144,15053715000,debenhams,2020,Eastbourne,RETAIL_OTHER_SUPERSTORES_AND_WAREHOUSES,387500.0,355000.0,1935.6586186720785
70801037,4699483000,wilko,2023,Nottingham,RETAIL_OTHER_SUPERSTORES_AND_WAREHOUSES,216000.0,214000.0,1672.427902649054
70801037,9452137000,wilko,2023,Nottingham,RETAIL_OTHER_SUPERSTORES_AND_WAREHOUSES,216000.0,213000.0,2825.5110112993816
70801037,10108254000,wilko,2023,Nottingham,RETAIL_OTHER_SUPERSTORES_AND_WAREHOUSES,216000.0,210000.0,1212.7480608327837
71805044,935044,poundworld,2018,Leicester,RETAIL_HIGH_STREET,4000.0,4000.0,1915.2412210545908
71805044,71801044,poundworld,2018,Leicester,RETAIL_HIGH_STREET,4000.0,4000.0,2097.8074308780087
71805044,5632878000,poundworld,2018,Leicester,RETAIL_HIGH_STREET,4000.0,4000.0,247.01659121797377
72940152,11903601000,cath kidston,2020,Guildford,RETAIL_HIGH_STREET,53000.0,50500.0,2511.6230388582344
72940152,4752046000,cath kidston,2020,Guildford,RETAIL_HIGH_STREET,53000.0,56000.0,12045.76648089178
72940152,297540152,cath kidston,2020,Guildford,RETAIL_HIGH_STREET,53000.0,49500.0,911.4625099173576
73135037,100616037,wilko,2023,Nottingham,RETAIL_HIGH_STREET,39500.0,39500.0,5534.037349989812
73135037,10832129000,wilko,2023,Nottingham,RETAIL_HIGH_STREET,39500.0,38500.0,196.63816442487777
73135037,9537200000,wilko,2023,Nottingham,RETAIL_HIGH_STREET,39500.0,40500.0,163.48910409800138
75568236,6287874000,wilko,2023,Stoke-on-Trent,RETAIL_RESTAURANTS_AND_CAFES,30250.0,30000.0,1392.1937871295263
75568236,1027161000,wilko,2023,Stoke-on-Trent,RETAIL_RESTAURANTS_AND_CAFES,30250.0,30000.0,1276.7319058505027
75568236,8840210000,wilko,2023,Stoke-on-Trent,RETAIL_RESTAURANTS_AND_CAFES,30250.0,30000.0,176.7028334950093
76190104,6002459000,thomas cook,2019,County Durham,RETAIL_HIGH_STREET,11750.0,11750.0,971.3448939213798
76190104,14599127000,thomas cook,2019,County Durham,RETAIL_HIGH_STREET,11750.0,11750.0,2101.059186977004
76190104,4185535000,thomas cook,2019,County Durham,RETAIL_HIGH_STREET,11750.0,11750.0,1889.056503026558
79656000,26042036,maplin,2018,Norwich,RETAIL_HIGH_STREET,43000.0,40000.0,157.4442353839343
79656000,10609539000,maplin,2018,Norwich,RETAIL_HIGH_STREET,43000.0,39500.0,232.7475006807552
79656000,11305695000,maplin,2018,Norwich,RETAIL_HIGH_STREET,43000.0,39250.0,2303.3765073949394
79663237,8831350000,thomas cook,2019,Warwick,RETAIL_HIGH_STREET,40500.0,40250.0,1495.8732125648212
79663237,172930237,thomas cook,2019,Warwick,RETAIL_HIGH_STREET,40500.0,40000.0,547.4154765915208
79663237,11306790000,thomas cook,2019,Warwick,RETAIL_HIGH_STREET,40500.0,39750.0,2968.004456310738
79757237,79593237,thomas cook,2019,Warwick,RETAIL_HIGH_STREET,27750.0,27000.0,200.01764481818572
79757237,47015237,thomas cook,2019,Warwick,RETAIL_HIGH_STREET,27750.0,28750.0,2331.3124961809126
79757237,13923042000,thomas cook,2019,Warwick,RETAIL_HIGH_STREET,27750.0,29000.0,1364.2133569045868
80169152,14103418000,thomas cook,2019,Guildford,RETAIL_HIGH_STREET,128000.0,94500.0,150.04251723796182
80169152,13976022000,thomas cook,2019,Guildford,RETAIL_HIGH_STREET,128000.0,93500.0,2725.8616862882905
80169152,162719152,thomas cook,2019,Guildford,RETAIL_HIGH_STREET,128000.0,79500.0,1992.300730725209
80210152,8214653000,ted baker,2024,Guildford,RETAIL_HIGH_STREET,190000.0,76500.0,1004.2287047399175
80210152,974172000,ted baker,2024,Guildford,RETAIL_HIGH_STREET,190000.0,66500.0,2940.291251415109
80210152,13976018000,ted baker,2024,Guildford,RETAIL_HIGH_STREET,190000.0,57500.0,2725.8616862882905
80212152,9183483000,body shop,2024,Guildford,RETAIL_HIGH_STREET,117000.0,48750.0,172.6845607471815
80212152,6836265000,body shop,2024,Guildford,RETAIL_HIGH_STREET,117000.0,48500.0,4318.27227288233
80212152,174650152,body shop,2024,Guildford,RETAIL_HIGH_STREET,117000.0,46250.0,363.11041185089937
81848000,11153068000,toys r us,2018,Southwark,RETAIL_OTHER_SUPERSTORES_AND_WAREHOUSES,535000.0,560000.0,1906.53888391596
81848000,9604584000,toys r us,2018,Southwark,RETAIL_OTHER_SUPERSTORES_AND_WAREHOUSES,535000.0,500000.0,1755.2000322094618
81848000,2502239000,toys r us,2018,Southwark,RETAIL_OTHER_SUPERSTORES_AND_WAREHOUSES,535000.0,500000.0,322.4691666074658
83982013,1575992000,thomas cook,2019,North Hertfordshire,RETAIL_HIGH_STREET,24500.0,24250.0,657.0730606150153
83982013,249841013,thomas cook,2019,North Hertfordshire,RETAIL_HIGH_STREET,24500.0,25000.0,15760.036072540777
83982013,13504530000,thomas cook,2019,North Hertfordshire,RETAIL_HIGH_STREET,24500.0,23500.0,2672.837456723419
84216013,8810063000,body shop,2024,North Hertfordshire,RETAIL_HIGH_STREET,36500.0,37000.0,11239.517314477012
84216013,6545391000,body shop,2024,North Hertfordshire,RETAIL_HIGH_STREET,36500.0,35500.0,6561.954762490917
84216013,14619509000,body shop,2024,North Hertfordshire,RETAIL_HIGH_STREET,36500.0,35500.0,3509.565251936409
84913236,8104434000,arcadia,2020,Stoke-on-Trent,RETAIL_HIGH_STREET,25000.0,25000.0,938.5413512099351
84913236,245682236,arcadia,2020,Stoke-on-Trent,RETAIL_HIGH_STREET,25000.0,25000.0,1934.2613238041336
84913236,8847687000,arcadia,2020,Stoke-on-Trent,RETAIL_HIGH_STREET,25000.0,24750.0,1231.4099807189014
84949244,10232831000,arcadia,2020,Leeds,RETAIL_HIGH_STREET,1300.0,1300.0,1177.8089347778762
84949244,11070393000,arcadia,2020,Leeds,RETAIL_HIGH_STREET,1300.0,1300.0,12331.085621744727
84949244,12721224000,arcadia,2020,Leeds,RETAIL_HIGH_STREET,1300.0,1300.0,1907.2533722116784
84950244,325695244,arcadia,2020,Leeds,RETAIL_HIGH_STREET,1300.0,1300.0,4329.205629619325
84950244,14405844000,arcadia,2020,Leeds,RETAIL_HIGH_STREET,1300.0,1300.0,404.85200539152214
84950244,313135244,arcadia,2020,Leeds,RETAIL_HIGH_STREET,1300.0,1300.0,5858.321689808495
84951244,101560244,arcadia,2020,Leeds,RETAIL_HIGH_STREET,1300.0,1300.0,1123.0764358621043
84951244,11294821000,arcadia,2020,Leeds,RETAIL_HIGH_STREET,1300.0,1275.0,3898.060499941495
84951244,12969418000,arcadia,2020,Leeds,RETAIL_HIGH_STREET,1300.0,1275.0,1907.2533722116784
84960152,3456711000,debenhams,2020,Guildford,RETAIL_OTHER_SUPERSTORES_AND_WAREHOUSES,1550000.0,1440000.0,1315.1103703492092
84960152,12871031000,debenhams,2020,Guildford,RETAIL_OTHER_SUPERSTORES_AND_WAREHOUSES,1550000.0,1340000.0,1315.1103703492092
84960152,8834291000,debenhams,2020,Guildford,RETAIL_OTHER_SUPERSTORES_AND_WAREHOUSES,1550000.0,1890000.0,2040.3797987674054
85012141,8832129000,thomas cook,2019,Brighton and Hove,RETAIL_HIGH_STREET,41000.0,40500.0,3251.516529635801
85012141,18380141,thomas cook,2019,Brighton and Hove,RETAIL_HIGH_STREET,41000.0,41500.0,621.208439468861
85012141,14821881000,thomas cook,2019,Brighton and Hove,RETAIL_HIGH_STREET,41000.0,41500.0,1779.8797613917654
85118178,5344558000,bhs,2016,Isle of Wight,RETAIL_OTHER_SUPERSTORES_AND_WAREHOUSES,228000.0,229000.0,470.4055389213985
85118178,5822064000,bhs,2016,Isle of Wight,RETAIL_OTHER_SUPERSTORES_AND_WAREHOUSES,228000.0,233000.0,299.0434269933496
85118178,5344548000,bhs,2016,Isle of Wight,RETAIL_OTHER_SUPERSTORES_AND_WAREHOUSES,228000.0,216000.0,470.4055389213985
85350012,14633941000,prezzo,2018,East Cambridgeshire,RETAIL_RESTAURANTS_AND_CAFES,59000.0,57000.0,3407.8887134948855
85350012,11091613000,prezzo,2018,East Cambridgeshire,RETAIL_RESTAURANTS_AND_CAFES,59000.0,53000.0,1445.506704623905
85350012,11045076000,prezzo,2018,East Cambridgeshire,RETAIL_RESTAURANTS_AND_CAFES,59000.0,50000.0,465.28431703265295
85631152,8832082000,paperchase,2023,Guildford,RETAIL_HIGH_STREET,100000.0,44500.0,1506.5373139930118
85631152,3875141000,paperchase,2023,Guildford,RETAIL_HIGH_STREET,100000.0,43250.0,507.34557171830454
85631152,297541152,paperchase,2023,Guildford,RETAIL_HIGH_STREET,100000.0,43250.0,911.4625099173576
85642152,94754152,mothercare,2019,Guildford,RETAIL_HIGH_STREET,127000.0,43000.0,911.4625099173576
85642152,624459000,mothercare,2019,Guildford,RETAIL_HIGH_STREET,127000.0,41750.0,11779.810045363714
85642152,6659152,mothercare,2019,Guildford,RETAIL_HIGH_STREET,127000.0,41500.0,10236.351057531729
87248127,12548213000,arcadia,2020,Cumberland,RETAIL_HIGH_STREET,45000.0,45000.0,16810.422624292933
87248127,13927175000,arcadia,2020,Cumberland,RETAIL_HIGH_STREET,45000.0,45250.0,26648.09376206913
87248127,13748680000,arcadia,2020,Cumberland,RETAIL_HIGH_STREET,45000.0,45250.0,211.46740589476485
88184175,10961513000,arcadia,2020,Fareham,RETAIL_HIGH_STREET,90500.0,127000.0,4269.188823065278
88184175,9819123000,arcadia,2020,Fareham,RETAIL_HIGH_STREET,90500.0,47500.0,6845.114969404693
88184175,1238374000,arcadia,2020,Fareham,RETAIL_HIGH_STREET,90500.0,45250.0,926.0910838675233
88490013,14802059000,wilko,2023,North Hertfordshire,RETAIL_HIGH_STREET,14000.0,14000.0,15869.0082352856
88490013,259937013,wilko,2023,North Hertfordshire,RETAIL_HIGH_STREET,14000.0,14000.0,15818.17433781084
88490013,8577174000,wilko,2023,North Hertfordshire,RETAIL_HIGH_STREET,14000.0,14000.0,164.02060752223323
88839082,288279082,arcadia,2020,Kensington and Chelsea,RETAIL_HIGH_STREET,217000.0,217000.0,446.5302885662825
88839082,2235604000,arcadia,2020,Kensington and Chelsea,RETAIL_HIGH_STREET,217000.0,217000.0,450.2706142176496
88839082,68976082,arcadia,2020,Kensington and Chelsea,RETAIL_HIGH_STREET,217000.0,217000.0,891.1614856793013
88849148,12204225000,thomas cook,2019,Sevenoaks,RETAIL_HIGH_STREET,35500.0,35750.0,1918.4277778846679
88849148,10426514000,thomas cook,2019,Sevenoaks,RETAIL_HIGH_STREET,35500.0,36250.0,8555.962828425176
88849148,395652148,thomas cook,2019,Sevenoaks,RETAIL_HIGH_STREET,35500.0,34250.0,455.5444341364831
88979148,8291024000,paperchase,2023,Sevenoaks,RETAIL_HIGH_STREET,39750.0,37500.0,8438.51454607539
88979148,393783148,paperchase,2023,Sevenoaks,RETAIL_HIGH_STREET,39750.0,37000.0,3549.0794302704985
88979148,9072589000,paperchase,2023,Sevenoaks,RETAIL_HIGH_STREET,39750.0,43500.0,15138.500148309317
89233108,122717105,arcadia,2020,North Yorkshire,RETAIL_RESTAURANTS_AND_CAFES,1900.0,1900.0,27010.738506646918
89233108,89233108,arcadia,2020,North Yorkshire,RETAIL_RESTAURANTS_AND_CAFES,1900.0,1900.0,12429.407372897276
89233108,81999108,arcadia,2020,North Yorkshire,RETAIL_RESTAURANTS_AND_CAFES,1900.0,1900.0,38766.806231919945
89352082,92107082,paperchase,2023,Kensington and Chelsea,RETAIL_HIGH_STREET,106000.0,106000.0,154.8476983845701
89352082,11462512000,paperchase,2023,Kensington and Chelsea,RETAIL_HIGH_STREET,106000.0,106000.0,764.2986128920832
89352082,90399082,paperchase,2023,Kensington and Chelsea,RETAIL_HIGH_STREET,106000.0,106000.0,1329.1684497295619
89358082,11239131000,byron,2020,Kensington and Chelsea,RETAIL_RESTAURANTS_AND_CAFES,169000.0,168000.0,800.3284132622757
89358082,1446877000,byron,2020,Kensington and Chelsea,RETAIL_RESTAURANTS_AND_CAFES,169000.0,168000.0,159.06797159235126
89358082,14642792000,byron,2020,Kensington and Chelsea,RETAIL_RESTAURANTS_AND_CAFES,169000.0,167000.0,486.0835407363489
89962082,90740082,carluccios,2020,Kensington and Chelsea,RETAIL_HIGH_STREET,2500.0,2500.0,307.8722388472181
89962082,88327082,carluccios,2020,Kensington and Chelsea,RETAIL_HIGH_STREET,2500.0,2500.0,803.2046099389349
89962082,6842311000,carluccios,2020,Kensington and Chelsea,RETAIL_HIGH_STREET,2500.0,2475.0,1165.4764506226877
90356148,14765561000,prezzo,2018,Sevenoaks,RETAIL_HIGH_STREET,45500.0,45250.0,9838.22660520897
90356148,3324170000,prezzo,2018,Sevenoaks,RETAIL_HIGH_STREET,45500.0,44750.0,13784.076946995854
90356148,12110665000,prezzo,2018,Sevenoaks,RETAIL_HIGH_STREET,45500.0,46250.0,12507.193888060923
91706216,4833677000,wilko,2023,Wiltshire,RETAIL_OTHER_SUPERSTORES_AND_WAREHOUSES,169000.0,169000.0,1578.0040207559755
91706216,8553999000,wilko,2023,Wiltshire,RETAIL_OTHER_SUPERSTORES_AND_WAREHOUSES,169000.0,169000.0,1449.736721541259
91706216,8967662000,wilko,2023,Wiltshire,RETAIL_OTHER_SUPERSTORES_AND_WAREHOUSES,169000.0,168000.0,2437.432553305845
92926124,1255256000,thomas cook,2019,Cumberland,RETAIL_HIGH_STREET,16500.0,16500.0,26486.099941653916
92926124,60377124,thomas cook,2019,Cumberland,RETAIL_HIGH_STREET,16500.0,16500.0,26826.222181081434
92926124,2901929000,thomas cook,2019,Cumberland,RETAIL_HIGH_STREET,16500.0,16500.0,334.6951984179268
93538216,10149510000,arcadia,2020,Wiltshire,RETAIL_HIGH_STREET,22500.0,22500.0,7707.504403740394
93538216,8791155000,arcadia,2020,Wiltshire,RETAIL_HIGH_STREET,22500.0,22500.0,26034.50749389014
93538216,7171997000,arcadia,2020,Wiltshire,RETAIL_HIGH_STREET,22500.0,22500.0,11273.704082059658
93744046,5899530000,thomas cook,2019,Charnwood,RETAIL_HIGH_STREET,48500.0,46000.0,1876.9545728952835
93744046,11056897000,thomas cook,2019,Charnwood,RETAIL_HIGH_STREET,48500.0,44000.0,2662.537502580327
93744046,12572843000,thomas cook,2019,Charnwood,RETAIL_HIGH_STREET,48500.0,43000.0,6525.051231833274
93765046,159846046,arcadia,2020,Charnwood,RETAIL_HIGH_STREET,52500.0,55500.0,155.97626050583506
93765046,14997733000,arcadia,2020,Charnwood,RETAIL_HIGH_STREET,52500.0,37500.0,1876.9545728952835
93765046,86818046,arcadia,2020,Charnwood,RETAIL_HIGH_STREET,52500.0,36500.0,174.58458813593467
94074244,10565625000,cath kidston,2020,Leeds,RETAIL_HIGH_STREET,96500.0,95500.0,187.71774209036408
94074244,7693878000,cath kidston,2020,Leeds,RETAIL_HIGH_STREET,96500.0,95000.0,12873.576113339244
94074244,11766317000,cath kidston,2020,Leeds,RETAIL_HIGH_STREET,96500.0,94000.0,187.71774209036408
94096244,14088137000,byron,2020,Leeds,RETAIL_HIGH_STREET,162000.0,146000.0,204.96636439255272
94096244,3195559000,byron,2020,Leeds,RETAIL_HIGH_STREET,162000.0,140000.0,204.96636439255272
94096244,10592367000,byron,2020,Leeds,RETAIL_HIGH_STREET,162000.0,139000.0,187.71774209036408
94483163,266931000,wilko,2023,South Oxfordshire,RETAIL_HIGH_STREET,4900.0,4900.0,13626.599551521509
94483163,172594163,wilko,2023,South Oxfordshire,RETAIL_HIGH_STREET,4900.0,4850.0,18592.762474366642
94483163,154634163,wilko,2023,South Oxfordshire,RETAIL_HIGH_STREET,4900.0,4850.0,5026.019556102179
95104125,194791125,thomas cook,2019,Lancaster,RETAIL_HIGH_STREET,67500.0,61000.0,174.39400382125064
95104125,10543935000,thomas cook,2019,Lancaster,RETAIL_HIGH_STREET,67500.0,74500.0,3832.511020565917
95104125,13581685000,thomas cook,2019,Lancaster,RETAIL_HIGH_STREET,67500.0,77500.0,12576.519811010714
95823212,4699012000,cath kidston,2020,"Bristol, City of",RETAIL_HIGH_STREET,43250.0,43000.0,655.0692174996176
95823212,10226692000,cath kidston,2020,"Bristol, City of",RETAIL_HIGH_STREET,43250.0,43000.0,2151.677368424133
95823212,2366302000,cath kidston,2020,"Bristol, City of",RETAIL_HIGH_STREET,43250.0,43500.0,4183.016490375814
97261172,8073449000,body shop,2024,"Bournemouth, Christchurch and Poole",RETAIL_HIGH_STREET,34250.0,34250.0,162.09169513413784
97261172,14717917000,body shop,2024,"Bournemouth, Christchurch and Poole",RETAIL_HIGH_STREET,34250.0,34250.0,448.7420449156571
97261172,303102172,body shop,2024,"Bournemouth, Christchurch and Poole",RETAIL_HIGH_STREET,34250.0,34000.0,2872.345243426025
98309063,12819202000,maplin,2018,Camden,RETAIL_HIGH_STREET,76000.0,76000.0,178.94685588365263
98309063,133895063,maplin,2018,Camden,RETAIL_HIGH_STREET,76000.0,75500.0,178.94685588365263
98309063,8831167000,maplin,2018,Camden,RETAIL_HIGH_STREET,76000.0,75500.0,678.5421421020684
98676063,97454063,byron,2020,Camden,RETAIL_RESTAURANTS_AND_CAFES,81000.0,82000.0,555.0828111067813
98676063,44969063,byron,2020,Camden,RETAIL_RESTAURANTS_AND_CAFES,81000.0,79000.0,1096.065374606301
98676063,106662063,byron,2020,Camden,RETAIL_RESTAURANTS_AND_CAFES,81000.0,79000.0,287.101955011336
99134105,14938490000,thomas cook,2019,North Yorkshire,RETAIL_HIGH_STREET,17500.0,17500.0,40188.831373227054
99134105,14527879000,thomas cook,2019,North Yorkshire,RETAIL_HIGH_STREET,17500.0,17500.0,30021.147254494164
99134105,3436200000,thomas cook,2019,North Yorkshire,RETAIL_HIGH_STREET,17500.0,17500.0,225.99351594646558
99472173,14360615000,thomas cook,2019,Dorset,RETAIL_HIGH_STREET,44250.0,44750.0,33123.17995222405
99472173,1147192000,thomas cook,2019,Dorset,RETAIL_HIGH_STREET,44250.0,44750.0,2027.9815398573162
99472173,5513845000,thomas cook,2019,Dorset,RETAIL_HIGH_STREET,44250.0,43250.0,38406.0655545012
99561104,709874104,thomas cook,2019,County Durham,RETAIL_HIGH_STREET,20000.0,20000.0,5500.928426999615
99561104,1920413000,thomas cook,2019,County Durham,RETAIL_HIGH_STREET,20000.0,20000.0,5609.872175672572
99561104,10796312000,thomas cook,2019,County Durham,RETAIL_HIGH_STREET,20000.0,20000.0,5744.953147549461
99727013,209982013,prezzo,2018,North Hertfordshire,RETAIL_HIGH_STREET,8900.0,8900.0,2893.347965087159
99727013,5925370000,prezzo,2018,North Hertfordshire,RETAIL_HIGH_STREET,8900.0,8900.0,657.0730606150153
99727013,100258013,prezzo,2018,North Hertfordshire,RETAIL_HIGH_STREET,8900.0,8900.0,15821.722982401448
100504236,14173746000,arcadia,2020,Stoke-on-Trent,RETAIL_FINANCIAL_AND_PROFESSIONAL_SERVICES,13250.0,13250.0,1291.7010709415385
100504236,9720994000,arcadia,2020,Stoke-on-Trent,RETAIL_FINANCIAL_AND_PROFESSIONAL_SERVICES,13250.0,13000.0,449.1709994123352
100504236,58900236,arcadia,2020,Stoke-on-Trent,RETAIL_FINANCIAL_AND_PROFESSIONAL_SERVICES,13250.0,11750.0,1353.9803030488697
102005183,101614183,prezzo,2018,North Devon,RETAIL_RESTAURANTS_AND_CAFES,55000.0,55000.0,13103.317044807645
102005183,5951645000,prezzo,2018,North Devon,RETAIL_RESTAURANTS_AND_CAFES,55000.0,51000.0,3268.5497829265883
102005183,7145947000,prezzo,2018,North Devon,RETAIL_RESTAURANTS_AND_CAFES,55000.0,46500.0,714.56124763445
102753124,8790652000,homebase,2024,Cumberland,RETAIL_OTHER_SUPERSTORES_AND_WAREHOUSES,560000.0,565000.0,11762.383337680101
102753124,9416690000,homebase,2024,Cumberland,RETAIL_OTHER_SUPERSTORES_AND_WAREHOUSES,560000.0,540000.0,662.4312060199381
102753124,12041854000,homebase,2024,Cumberland,RETAIL_OTHER_SUPERSTORES_AND_WAREHOUSES,560000.0,430000.0,3366.1636270360937
102936124,59844124,thomas cook,2019,Cumberland,RETAIL_HIGH_STREET,91500.0,87000.0,26671.822559820706
102936124,10422435000,thomas cook,2019,Cumberland,RETAIL_HIGH_STREET,91500.0,97000.0,622.6172642592079
102936124,93669000,thomas cook,2019,Cumberland,RETAIL_HIGH_STREET,91500.0,85500.0,26557.855277546798
102955124,105221124,arcadia,2020,Cumberland,RETAIL_HIGH_STREET,229000.0,85000.0,26648.09376206913
102955124,11656471000,arcadia,2020,Cumberland,RETAIL_HIGH_STREET,229000.0,83000.0,175.32463832687023
102955124,1814877000,arcadia,2020,Cumberland,RETAIL_HIGH_STREET,229000.0,83000.0,175.32463832687023
102957000,2828514000,maplin,2018,West Northamptonshire,RETAIL_HIGH_STREET,30000.0,30250.0,16254.556032949296
102957000,206431045,maplin,2018,West Northamptonshire,RETAIL_HIGH_STREET,30000.0,29250.0,158.01253185425028
102957000,409876000,maplin,2018,West Northamptonshire,RETAIL_HIGH_STREET,30000.0,30750.0,425.17334685159454
103057211,8445528000,wilko,2023,South Gloucestershire,RETAIL_OTHER_SUPERSTORES_AND_WAREHOUSES,232000.0,238000.0,3509.02524489225
103057211,4843000,wilko,2023,South Gloucestershire,RETAIL_OTHER_SUPERSTORES_AND_WAREHOUSES,232000.0,239000.0,2865.341841151063
103057211,10561248000,wilko,2023,South Gloucestershire,RETAIL_OTHER_SUPERSTORES_AND_WAREHOUSES,232000.0,224000.0,3178.274079762162
105768127,14398467000,thomas cook,2019,Cumberland,RETAIL_HIGH_STREET,10750.0,10750.0,411.0090642413457
105768127,7138363000,thomas cook,2019,Cumberland,RETAIL_HIGH_STREET,10750.0,10750.0,1006.4776693865645
105768127,60261124,thomas cook,2019,Cumberland,RETAIL_HIGH_STREET,10750.0,10750.0,26814.79574607959
106356232,9380440000,arcadia,2020,East Staffordshire,RETAIL_HIGH_STREET,63500.0,60000.0,18883.826057825285
106356232,8788079000,arcadia,2020,East Staffordshire,RETAIL_HIGH_STREET,63500.0,58500.0,808.2919784646916
106356232,6223379000,arcadia,2020,East Staffordshire,RETAIL_HIGH_STREET,63500.0,70000.0,18542.087610688333
106995175,9996187000,body shop,2024,Fareham,RETAIL_HIGH_STREET,57000.0,44250.0,6545.956883903178
106995175,72160175,body shop,2024,Fareham,RETAIL_HIGH_STREET,57000.0,44000.0,6845.114969404693
106995175,6368554000,body shop,2024,Fareham,RETAIL_HIGH_STREET,57000.0,42500.0,6363.736427166391
107582162,546751162,body shop,2024,Buckinghamshire,RETAIL_HIGH_STREET,47250.0,47750.0,6359.681348608683
107582162,4608059000,body shop,2024,Buckinghamshire,RETAIL_HIGH_STREET,47250.0,46500.0,7730.350594042644
107582162,459469162,body shop,2024,Buckinghamshire,RETAIL_HIGH_STREET,47250.0,48000.0,190.0265501920873
107600162,14958698000,thomas cook,2019,Buckinghamshire,RETAIL_HIGH_STREET,47750.0,46250.0,4184.343127433233
107600162,13614196000,thomas cook,2019,Buckinghamshire,RETAIL_HIGH_STREET,47750.0,46000.0,1340.269505912599
107600162,576084162,thomas cook,2019,Buckinghamshire,RETAIL_HIGH_STREET,47750.0,46000.0,6935.958013239248
107886063,99011063,carluccios,2020,Camden,RETAIL_HIGH_STREET,59500.0,59500.0,178.2307663608967
107886063,12120101000,carluccios,2020,Camden,RETAIL_HIGH_STREET,59500.0,59500.0,261.2282434455793
107886063,2781089000,carluccios,2020,Camden,RETAIL_HIGH_STREET,59500.0,59500.0,150.32683579527847
108532044,5863636000,wilko,2023,Leicester,RETAIL_HIGH_STREET,21000.0,21000.0,2458.5897751189386
108532044,9081224000,wilko,2023,Leicester,RETAIL_HIGH_STREET,21000.0,21000.0,1113.9856514971948
108532044,10628053000,wilko,2023,Leicester,RETAIL_HIGH_STREET,21000.0,21000.0,161.37336306288447
108766186,2884157000,paperchase,2023,Somerset,RETAIL_HIGH_STREET,66500.0,67500.0,6326.07451629726
108766186,5376531000,paperchase,2023,Somerset,RETAIL_HIGH_STREET,66500.0,65000.0,494.2044456321119
108766186,2020111000,paperchase,2023,Somerset,RETAIL_HIGH_STREET,66500.0,65000.0,4865.685137758029
108785186,9850637000,thomas cook,2019,Somerset,RETAIL_HIGH_STREET,50000.0,50000.0,185.1694968802886
108785186,178640186,thomas cook,2019,Somerset,RETAIL_HIGH_STREET,50000.0,49750.0,11130.024314074984
108785186,178631186,thomas cook,2019,Somerset,RETAIL_HIGH_STREET,50000.0,49000.0,11130.024314074984
110136124,6354247000,body shop,2024,Cumberland,RETAIL_HIGH_STREET,68500.0,73000.0,4052.9058966464527
110136124,59729124,body shop,2024,Cumberland,RETAIL_HIGH_STREET,68500.0,75500.0,26557.855277546798
110136124,105294124,body shop,2024,Cumberland,RETAIL_HIGH_STREET,68500.0,76000.0,26706.96736126367
110306236,450473236,bhs,2016,Stoke-on-Trent,RETAIL_OTHER_SUPERSTORES_AND_WAREHOUSES,565000.0,535000.0,350.70118619618347
110306236,5742748000,bhs,2016,Stoke-on-Trent,RETAIL_OTHER_SUPERSTORES_AND_WAREHOUSES,565000.0,442500.0,2576.753024168907
110306236,5782590000,bhs,2016,Stoke-on-Trent,RETAIL_OTHER_SUPERSTORES_AND_WAREHOUSES,565000.0,405000.0,1363.721959945377
110418175,7627588000,thomas cook,2019,Fareham,RETAIL_HIGH_STREET,67500.0,41500.0,763.3508773657592
110418175,1463542000,thomas cook,2019,Fareham,RETAIL_HIGH_STREET,67500.0,39500.0,162.19509556703377
110418175,106494175,thomas cook,2019,Fareham,RETAIL_HIGH_STREET,67500.0,39250.0,3880.8605702955224
110569063,13060003000,prezzo,2018,Camden,RETAIL_RESTAURANTS_AND_CAFES,63000.0,63000.0,371.22983435950005
110569063,106614063,prezzo,2018,Camden,RETAIL_RESTAURANTS_AND_CAFES,63000.0,63500.0,231.04755090272278
110569063,106595063,prezzo,2018,Camden,RETAIL_RESTAURANTS_AND_CAFES,63000.0,63500.0,156.02703807122361
110651173,9746675000,arcadia,2020,Dorset,RETAIL_HIGH_STREET,16000.0,16000.0,28836.042924224956
110651173,112225173,arcadia,2020,Dorset,RETAIL_HIGH_STREET,16000.0,16000.0,23351.377924378925
110651173,8870958000,arcadia,2020,Dorset,RETAIL_HIGH_STREET,16000.0,16000.0,38206.29672041657
111714012,20257012,wilko,2023,Cambridge,RETAIL_OTHER_SUPERSTORES_AND_WAREHOUSES,160000.0,162000.0,997.5807803689689
111714012,382200012,wilko,2023,Cambridge,RETAIL_OTHER_SUPERSTORES_AND_WAREHOUSES,160000.0,165000.0,507.00840882727886
111714012,382205012,wilko,2023,Cambridge,RETAIL_OTHER_SUPERSTORES_AND_WAREHOUSES,160000.0,169000.0,507.00840882727886
113001175,9594824000,body shop,2024,Fareham,INDUSTRIAL_GENERAL,8900.0,8900.0,2459.481177006472
113001175,111063175,body shop,2024,Fareham,INDUSTRIAL_GENERAL,8900.0,8900.0,5833.801170244834
113001175,3690154000,body shop,2024,Fareham,INDUSTRIAL_GENERAL,8900.0,8900.0,1431.9559548882703
116573216,451947176,arcadia,2020,Wiltshire,RETAIL_HIGH_STREET,4050.0,4050.0,1141.003574508048
116573216,335028216,arcadia,2020,Wiltshire,RETAIL_HIGH_STREET,4050.0,4050.0,19823.888229174354
116573216,115572216,arcadia,2020,Wiltshire,RETAIL_HIGH_STREET,4050.0,4050.0,207.11919770393234
117034216,12538600000,thomas cook,2019,Wiltshire,RETAIL_HIGH_STREET,25000.0,25000.0,15334.704884196613
117034216,3328756000,thomas cook,2019,Wiltshire,RETAIL_HIGH_STREET,25000.0,25000.0,15334.704884196613
117034216,72205216,thomas cook,2019,Wiltshire,RETAIL_HIGH_STREET,25000.0,25000.0,17079.893450306146
117417012,932751000,thomas cook,2019,East Cambridgeshire,RETAIL_HIGH_STREET,28250.0,28250.0,8932.770608768542
117417012,10009278000,thomas cook,2019,East Cambridgeshire,RETAIL_HIGH_STREET,28250.0,26000.0,1243.1639896645338
117417012,92556012,thomas cook,2019,East Cambridgeshire,RETAIL_HIGH_STREET,28250.0,31000.0,6884.133817806633
119349072,14610798000,homebase,2024,Bromley,RETAIL_OTHER_SUPERSTORES_AND_WAREHOUSES,510000.0,490000.0,562.449589218465
119349072,13650298000,homebase,2024,Bromley,RETAIL_OTHER_SUPERSTORES_AND_WAREHOUSES,510000.0,487500.0,494.54077076055347
119349072,14886681000,homebase,2024,Bromley,RETAIL_OTHER_SUPERSTORES_AND_WAREHOUSES,510000.0,475000.0,562.449589218465
119851022,11681793000,wilko,2023,Harlow,RETAIL_HIGH_STREET,44250.0,50500.0,1517.2099647752616
119851022,881537022,wilko,2023,Harlow,RETAIL_HIGH_STREET,44250.0,51500.0,1681.5779463234549
119851022,9669092000,wilko,2023,Harlow,RETAIL_HIGH_STREET,44250.0,51500.0,402.49792516260976
119852022,1354116000,wilko,2023,Harlow,RETAIL_OTHER_SUPERSTORES_AND_WAREHOUSES,216000.0,213000.0,244.9542605870655
119852022,9347363000,wilko,2023,Harlow,RETAIL_OTHER_SUPERSTORES_AND_WAREHOUSES,216000.0,203000.0,683.7339500045094
119852022,899006022,wilko,2023,Harlow,RETAIL_OTHER_SUPERSTORES_AND_WAREHOUSES,216000.0,182000.0,1020.1231540036694
119892022,898839022,thomas cook,2019,Harlow,RETAIL_HIGH_STREET,62500.0,64000.0,1681.5779463234549
119892022,888250022,thomas cook,2019,Harlow,RETAIL_HIGH_STREET,62500.0,59500.0,1644.6240338032583
119892022,11835714000,thomas cook,2019,Harlow,RETAIL_HIGH_STREET,62500.0,76500.0,418.05559057232904
125841108,13024471000,wilko,2023,North Yorkshire,RETAIL_OTHER_SUPERSTORES_AND_WAREHOUSES,225000.0,222000.0,55107.16012420884
125841108,8639479000,wilko,2023,North Yorkshire,RETAIL_OTHER_SUPERSTORES_AND_WAREHOUSES,225000.0,221000.0,6282.039323666904
125841108,169621108,wilko,2023,North Yorkshire,RETAIL_OTHER_SUPERSTORES_AND_WAREHOUSES,225000.0,230000.0,2610.7363465980347
127191108,13878244000,arcadia,2020,North Yorkshire,LEISURE_BUDGET_HOTELS,7500.0,7500.0,29089.718871603927
127191108,14679873000,arcadia,2020,North Yorkshire,LEISURE_BUDGET_HOTELS,7500.0,7500.0,3757.8360641093664
127191108,11402750000,arcadia,2020,North Yorkshire,LEISURE_BUDGET_HOTELS,7500.0,7500.0,35317.67159111864
130859239,6492237000,thomas cook,2019,Dudley,RETAIL_HIGH_STREET,20250.0,20250.0,1433.860259376948
130859239,9239743000,thomas cook,2019,Dudley,RETAIL_HIGH_STREET,20250.0,20250.0,2240.335031168558
130859239,105365239,thomas cook,2019,Dudley,RETAIL_HIGH_STREET,20250.0,20000.0,3988.9016626612693
132190171,276902171,wilko,2023,Rushmoor,RETAIL_OTHER_SUPERSTORES_AND_WAREHOUSES,110000.0,106000.0,737.5136278196293
132190171,6562098000,wilko,2023,Rushmoor,RETAIL_OTHER_SUPERSTORES_AND_WAREHOUSES,110000.0,119000.0,1764.1211460967663
132190171,6478610000,wilko,2023,Rushmoor,RETAIL_OTHER_SUPERSTORES_AND_WAREHOUSES,110000.0,135000.0,1764.1211460967663
132798105,240088108,paperchase,2023,North Yorkshire,RETAIL_HIGH_STREET,91000.0,92000.0,26564.915678397654
132798105,78100105,paperchase,2023,North Yorkshire,RETAIL_HIGH_STREET,91000.0,89500.0,38961.79778686177
132798105,78118105,paperchase,2023,North Yorkshire,RETAIL_HIGH_STREET,91000.0,88500.0,38961.79778686177
134136105,166044108,prezzo,2018,North Yorkshire,RETAIL_RESTAURANTS_AND_CAFES,62500.0,62500.0,36723.70452195251
134136105,140283105,prezzo,2018,North Yorkshire,RETAIL_RESTAURANTS_AND_CAFES,62500.0,62500.0,51126.362323986825
134136105,3421805000,prezzo,2018,North Yorkshire,RETAIL_RESTAURANTS_AND_CAFES,62500.0,62500.0,552.6027542276227
135071000,8833241000,debenhams,2020,Lincoln,RETAIL_OTHER_SUPERSTORES_AND_WAREHOUSES,600000.0,515000.0,774.2972677360771
135071000,11029336000,debenhams,2020,Lincoln,RETAIL_OTHER_SUPERSTORES_AND_WAREHOUSES,600000.0,482500.0,3363.410029989978
135071000,7595974000,debenhams,2020,Lincoln,RETAIL_OTHER_SUPERSTORES_AND_WAREHOUSES,600000.0,457500.0,737.4524557558572
136620113,14392553000,maplin,2018,Manchester,RETAIL_HIGH_STREET,39250.0,39500.0,4664.57681287436
136620113,12567386000,maplin,2018,Manchester,RETAIL_HIGH_STREET,39250.0,39500.0,694.5220055146132
136620113,210757113,maplin,2018,Manchester,RETAIL_HIGH_STREET,39250.0,39500.0,184.78854448570263
137062105,11139494000,body shop,2024,North Yorkshire,RETAIL_HIGH_STREET,20250.0,20250.0,57213.32501453799
137062105,9073526000,body shop,2024,North Yorkshire,RETAIL_HIGH_STREET,20250.0,20250.0,31671.402109755043
137062105,8704792000,body shop,2024,North Yorkshire,RETAIL_HIGH_STREET,20250.0,20250.0,15980.492034826497
137305022,137301022,arcadia,2020,Harlow,RETAIL_HIGH_STREET,7200.0,7200.0,727.3745441195603
137305022,120144022,arcadia,2020,Harlow,RETAIL_HIGH_STREET,7200.0,7200.0,1524.74235393012
137305022,11391480000,arcadia,2020,Harlow,RETAIL_HIGH_STREET,7200.0,7200.0,1677.393452249608
137306022,138986022,arcadia,2020,Harlow,RETAIL_HIGH_STREET,12750.0,12750.0,157.61831400897722
137306022,137306022,arcadia,2020,Harlow,RETAIL_HIGH_STREET,12750.0,12750.0,727.3745441195603
137306022,137255022,arcadia,2020,Harlow,RETAIL_HIGH_STREET,12750.0,12750.0,786.6159768790131
137336241,7229911000,paperchase,2023,Bradford,RETAIL_HIGH_STREET,34750.0,35000.0,1521.4458329042868
137336241,11371241000,paperchase,2023,Bradford,RETAIL_HIGH_STREET,34750.0,35000.0,2357.1570536912877
137336241,179857241,paperchase,2023,Bradford,RETAIL_HIGH_STREET,34750.0,35000.0,606.8692988756796
137469108,13095040000,thomas cook,2019,North Yorkshire,RETAIL_HIGH_STREET,16250.0,16250.0,26624.3939415979
137469108,43129105,thomas cook,2019,North Yorkshire,RETAIL_HIGH_STREET,16250.0,16250.0,1240.8313180022783
137469108,10446923000,thomas cook,2019,North Yorkshire,RETAIL_HIGH_STREET,16250.0,16250.0,11999.50329508791
139920216,2773768000,debenhams,2020,Swindon,RETAIL_OTHER_SUPERSTORES_AND_WAREHOUSES,750000.0,750000.0,3871.196142666126
139920216,5312958000,debenhams,2020,Swindon,RETAIL_OTHER_SUPERSTORES_AND_WAREHOUSES,750000.0,785000.0,759.9423919794496
139920216,9216371000,debenhams,2020,Swindon,RETAIL_OTHER_SUPERSTORES_AND_WAREHOUSES,750000.0,805000.0,2053.52280525812
140588216,13470231000,thomas cook,2019,Wiltshire,RETAIL_HIGH_STREET,23250.0,23250.0,180.6659224847625
140588216,8045020000,thomas cook,2019,Wiltshire,RETAIL_HIGH_STREET,23250.0,23250.0,7794.908774871941
140588216,12699275000,thomas cook,2019,Wiltshire,RETAIL_HIGH_STREET,23250.0,23250.0,9024.381430870879
140730216,12857090000,prezzo,2018,Wiltshire,RETAIL_HIGH_STREET,26500.0,26500.0,27947.403742479506
140730216,9157927000,prezzo,2018,Wiltshire,RETAIL_HIGH_STREET,26500.0,26250.0,1542.3800487424717
140730216,8976183000,prezzo,2018,Wiltshire,RETAIL_HIGH_STREET,26500.0,26250.0,270.99290256105985
141097211,2021846000,body shop,2024,South Gloucestershire,RETAIL_HIGH_STREET,53000.0,53500.0,12701.753533227922
141097211,160228211,body shop,2024,South Gloucestershire,RETAIL_HIGH_STREET,53000.0,52000.0,3904.675865448608
141097211,1022601000,body shop,2024,South Gloucestershire,RETAIL_HIGH_STREET,53000.0,54000.0,2239.4264485088265
141643216,12485387000,wilko,2023,Wiltshire,RETAIL_OTHER_SUPERSTORES_AND_WAREHOUSES,105000.0,105000.0,1693.1760845645204
141643216,9015028000,wilko,2023,Wiltshire,RETAIL_OTHER_SUPERSTORES_AND_WAREHOUSES,105000.0,106000.0,279.8562146127997
141643216,6421222000,wilko,2023,Wiltshire,RETAIL_OTHER_SUPERSTORES_AND_WAREHOUSES,105000.0,103000.0,1519.0427492029885
142095173,108026173,body shop,2024,Dorset,INDUSTRIAL_GENERAL,13250.0,13250.0,572.4757242730698
142095173,8948446000,body shop,2024,Dorset,INDUSTRIAL_GENERAL,13250.0,13250.0,1737.9102615311876
142095173,12683142000,body shop,2024,Dorset,INDUSTRIAL_GENERAL,13250.0,13250.0,1761.8302974666474
142182000,10792819000,bhs,2016,South Gloucestershire,RETAIL_OTHER_SUPERSTORES_AND_WAREHOUSES,1300000.0,1120000.0,284.0930759768851
142182000,9005461000,bhs,2016,South Gloucestershire,RETAIL_OTHER_SUPERSTORES_AND_WAREHOUSES,1300000.0,1090000.0,2865.341841151063
142182000,7077319000,bhs,2016,South Gloucestershire,RETAIL_OTHER_SUPERSTORES_AND_WAREHOUSES,1300000.0,1520000.0,1141.1910459890914
142182104,12567924000,wilko,2023,County Durham,RETAIL_OTHER_SUPERSTORES_AND_WAREHOUSES,270000.0,267500.0,7191.980529880868
142182104,14768126000,wilko,2023,County Durham,RETAIL_OTHER_SUPERSTORES_AND_WAREHOUSES,270000.0,272500.0,332.93152812596435
142182104,11800304000,wilko,2023,County Durham,RETAIL_OTHER_SUPERSTORES_AND_WAREHOUSES,270000.0,265000.0,902.3447790035334
142211000,11045947000,paperchase,2023,South Gloucestershire,RETAIL_HIGH_STREET,231000.0,124000.0,3967.9395236662367
142211000,155845211,paperchase,2023,South Gloucestershire,RETAIL_HIGH_STREET,231000.0,118000.0,1627.9702764397787
142211000,103061211,paperchase,2023,South Gloucestershire,RETAIL_HIGH_STREET,231000.0,103000.0,1627.9702764397787
142215000,10195484000,body shop,2024,South Gloucestershire,RETAIL_HIGH_STREET,219000.0,103000.0,3582.532633745633
142215000,6557642000,body shop,2024,South Gloucestershire,RETAIL_HIGH_STREET,219000.0,102000.0,1652.6624458729118
142215000,580493000,body shop,2024,South Gloucestershire,RETAIL_HIGH_STREET,219000.0,100000.0,2239.4264485088265
142407000,14860745000,thomas cook,2019,South Gloucestershire,RETAIL_HIGH_STREET,232000.0,92500.0,935.4945394503227
142407000,14087773000,thomas cook,2019,South Gloucestershire,RETAIL_HIGH_STREET,232000.0,92000.0,3320.8002546744406
142407000,14594239000,thomas cook,2019,South Gloucestershire,RETAIL_HIGH_STREET,232000.0,83000.0,1925.2945823965597
142470000,14802200000,arcadia,2020,South Gloucestershire,RETAIL_HIGH_STREET,650000.0,82000.0,1652.6624458729118
142470000,14564713000,arcadia,2020,South Gloucestershire,RETAIL_HIGH_STREET,650000.0,82000.0,9999.569882822274
142470000,193542211,arcadia,2020,South Gloucestershire,RETAIL_HIGH_STREET,650000.0,82000.0,10184.744782453816
143064045,10120471000,body shop,2024,North Northamptonshire,RETAIL_HIGH_STREET,45250.0,45000.0,724.8921721915905
143064045,10867977000,body shop,2024,North Northamptonshire,RETAIL_HIGH_STREET,45250.0,45000.0,1025.4662196971033
143064045,12728799000,body shop,2024,North Northamptonshire,RETAIL_HIGH_STREET,45250.0,46000.0,2073.7741397690133
143855011,216208011,frankie&bennys,2020,Central Bedfordshire,RETAIL_HIGH_STREET,12000.0,12000.0,12802.721150646266
143855011,278167011,frankie&bennys,2020,Central Bedfordshire,RETAIL_HIGH_STREET,12000.0,12000.0,9226.482449267509
143855011,14592289000,frankie&bennys,2020,Central Bedfordshire,RETAIL_HIGH_STREET,12000.0,12000.0,1689.681069765692
144698045,11418982000,arcadia,2020,North Northamptonshire,RETAIL_HIGH_STREET,51000.0,51000.0,392.3492600201364
144698045,2784573000,arcadia,2020,North Northamptonshire,RETAIL_HIGH_STREET,51000.0,49000.0,5532.316812798238
144698045,12235207000,arcadia,2020,North Northamptonshire,RETAIL_HIGH_STREET,51000.0,46750.0,2073.7741397690133
144846254,644342000,body shop,2024,East Riding of Yorkshire,RETAIL_HIGH_STREET,17750.0,17750.0,24726.367842303516
144846254,309987254,body shop,2024,East Riding of Yorkshire,RETAIL_HIGH_STREET,17750.0,17750.0,17849.507633729925
144846254,188267254,body shop,2024,East Riding of Yorkshire,RETAIL_HIGH_STREET,17750.0,17750.0,18018.56773870224
147703241,147159241,thomas cook,2019,Bradford,RETAIL_HIGH_STREET,49000.0,49000.0,192.09725296649307
147703241,3899541000,thomas cook,2019,Bradford,RETAIL_HIGH_STREET,49000.0,49750.0,1813.9416086525905
147703241,1734654000,thomas cook,2019,Bradford,RETAIL_HIGH_STREET,49000.0,50000.0,2568.4905245764935
148166183,7101900000,wilko,2023,North Devon,RETAIL_OTHER_SUPERSTORES_AND_WAREHOUSES,214000.0,203000.0,1656.7934972897388
148166183,6487860000,wilko,2023,North Devon,RETAIL_OTHER_SUPERSTORES_AND_WAREHOUSES,214000.0,231000.0,933.7463119004531
148166183,8788825000,wilko,2023,North Devon,RETAIL_OTHER_SUPERSTORES_AND_WAREHOUSES,214000.0,192000.0,17561.1847946645
148811162,214012162,arcadia,2020,Buckinghamshire,RETAIL_HIGH_STREET,8000.0,8000.0,7643.232259172091
148811162,11367341000,arcadia,2020,Buckinghamshire,RETAIL_HIGH_STREET,8000.0,8000.0,6434.416638309033
148811162,564618162,arcadia,2020,Buckinghamshire,RETAIL_HIGH_STREET,8000.0,8000.0,13509.363307506317
150027216,15010667000,prezzo,2018,Wiltshire,OFFICE_GENERAL,3650.0,3650.0,7277.525390704109
150027216,7416780000,prezzo,2018,Wiltshire,OFFICE_GENERAL,3650.0,3650.0,24604.106069050988
150027216,1554951000,prezzo,2018,Wiltshire,OFFICE_GENERAL,3650.0,3650.0,784.1532513816685
150030216,13237875000,prezzo,2018,Wiltshire,OFFICE_GENERAL,2300.0,2300.0,11776.153577119157
150030216,568967216,prezzo,2018,Wiltshire,OFFICE_GENERAL,2300.0,2300.0,4286.5410559128795
150030216,9830745000,prezzo,2018,Wiltshire,OFFICE_GENERAL,2300.0,2300.0,3023.5227122664082
150224163,505286163,paperchase,2023,South Oxfordshire,RETAIL_HIGH_STREET,31250.0,31000.0,181.39359290973988
150224163,12353126000,paperchase,2023,South Oxfordshire,RETAIL_HIGH_STREET,31250.0,32000.0,11875.59024970899
150224163,9167420000,paperchase,2023,South Oxfordshire,RETAIL_HIGH_STREET,31250.0,30250.0,7965.8066865671
150224212,163661212,strada,2018,"Bristol, City of",RETAIL_HIGH_STREET,12000.0,12000.0,4307.641293846197
150224212,2931597000,strada,2018,"Bristol, City of",RETAIL_HIGH_STREET,12000.0,12000.0,1717.5620944955633
150224212,51865212,strada,2018,"Bristol, City of",RETAIL_HIGH_STREET,12000.0,12000.0,4631.526871170604
150333216,8101628000,homebase,2024,Wiltshire,RETAIL_OTHER_SUPERSTORES_AND_WAREHOUSES,515000.0,515000.0,13179.162019011841
150333216,11260544000,homebase,2024,Wiltshire,RETAIL_OTHER_SUPERSTORES_AND_WAREHOUSES,515000.0,520000.0,6089.451580908228
150333216,8834333000,homebase,2024,Wiltshire,RETAIL_OTHER_SUPERSTORES_AND_WAREHOUSES,515000.0,530000.0,898.0117064462488
152400254,162810254,thomas cook,2019,East Riding of Yorkshire,RETAIL_HIGH_STREET,45750.0,46000.0,30877.79350156026
152400254,7736461000,thomas cook,2019,East Riding of Yorkshire,RETAIL_HIGH_STREET,45750.0,46250.0,31016.313510051106
152400254,345168254,thomas cook,2019,East Riding of Yorkshire,RETAIL_HIGH_STREET,45750.0,45000.0,31189.257337062765
152553127,6185408000,arcadia,2020,Cumberland,RETAIL_HIGH_STREET,49750.0,49500.0,26794.224227581813
152553127,146739124,arcadia,2020,Cumberland,RETAIL_HIGH_STREET,49750.0,49000.0,26444.309130338188
152553127,14074502000,arcadia,2020,Cumberland,RETAIL_HIGH_STREET,49750.0,50500.0,26648.09376206913
154181173,6399904000,body shop,2024,Dorset,RETAIL_HIGH_STREET,19250.0,19250.0,43511.565351493155
154181173,11726181000,body shop,2024,Dorset,RETAIL_HIGH_STREET,19250.0,19250.0,247.20395359146687
154181173,14300173,body shop,2024,Dorset,RETAIL_HIGH_STREET,19250.0,19250.0,22625.413763385008
155198171,155198171,arcadia,2020,Basingstoke and Deane,RETAIL_RESTAURANTS_AND_CAFES,10000.0,10000.0,17961.21300930423
155198171,10856222000,arcadia,2020,Basingstoke and Deane,RETAIL_RESTAURANTS_AND_CAFES,10000.0,10000.0,7016.8711227929925
155198171,195259171,arcadia,2020,Basingstoke and Deane,RETAIL_RESTAURANTS_AND_CAFES,10000.0,10000.0,10410.970513171635
155747241,11270256000,arcadia,2020,Bradford,RETAIL_HIGH_STREET,85000.0,81500.0,1687.9293215521343
155747241,8998317000,arcadia,2020,Bradford,RETAIL_HIGH_STREET,85000.0,81500.0,832.0646992162197
155747241,193409241,arcadia,2020,Bradford,RETAIL_HIGH_STREET,85000.0,80500.0,606.8692988756796
155751241,12007315000,body shop,2024,Bradford,RETAIL_HIGH_STREET,54500.0,54000.0,684.5907351697085
155751241,14015597000,body shop,2024,Bradford,RETAIL_HIGH_STREET,54500.0,53500.0,951.200108741029
155751241,12171913000,body shop,2024,Bradford,RETAIL_HIGH_STREET,54500.0,55500.0,4612.1281071414105
159147148,816268000,maplin,2018,Tunbridge Wells,RETAIL_HIGH_STREET,71500.0,72000.0,239.31019685269754
159147148,186504148,maplin,2018,Tunbridge Wells,RETAIL_HIGH_STREET,71500.0,72000.0,568.193691811013
159147148,8785810000,maplin,2018,Tunbridge Wells,RETAIL_HIGH_STREET,71500.0,68500.0,714.797039706936
161487186,12055983000,thomas cook,2019,Somerset,RETAIL_HIGH_STREET,43250.0,43500.0,152.21265851128913
161487186,178660186,thomas cook,2019,Somerset,RETAIL_HIGH_STREET,43250.0,43750.0,11026.169238829742
161487186,90381183,thomas cook,2019,Somerset,RETAIL_HIGH_STREET,43250.0,44000.0,33472.7876241556
163013148,159973148,thomas cook,2019,Tunbridge Wells,RETAIL_HIGH_STREET,58500.0,59000.0,298.3430025473087
163013148,184304148,thomas cook,2019,Tunbridge Wells,RETAIL_HIGH_STREET,58500.0,57000.0,325.2247327092724
163013148,3276681000,thomas cook,2019,Tunbridge Wells,RETAIL_HIGH_STREET,58500.0,57000.0,158.36608455475948
163472152,163153152,prezzo,2018,Guildford,RETAIL_RESTAURANTS_AND_CAFES,94000.0,90000.0,2815.6091470074834
163472152,99095152,prezzo,2018,Guildford,RETAIL_RESTAURANTS_AND_CAFES,94000.0,90000.0,4041.9332135410978
163472152,4928593000,prezzo,2018,Guildford,RETAIL_RESTAURANTS_AND_CAFES,94000.0,87500.0,172.6845607471815
164143108,3436370000,arcadia,2020,York,RETAIL_HIGH_STREET,322500.0,106000.0,2036.0285933712912
164143108,1515933000,arcadia,2020,York,RETAIL_HIGH_STREET,322500.0,90000.0,587.1595677871509
164143108,11676438000,arcadia,2020,York,RETAIL_HIGH_STREET,322500.0,67000.0,561.3231627038232
164147108,165446108,arcadia,2020,York,OTHER_PUBLIC,22250.0,22250.0,1930.9184056966144
164147108,47919108,arcadia,2020,York,OTHER_PUBLIC,22250.0,22250.0,1384.4002135150986
164147108,9808921000,arcadia,2020,York,OTHER_PUBLIC,22250.0,22250.0,1664.1106319054436
164703192,8871429000,thomas cook,2019,Cardiff,RETAIL_HIGH_STREET,104000.0,112000.0,1072.170867449694
164703192,159995192,thomas cook,2019,Cardiff,RETAIL_HIGH_STREET,104000.0,94500.0,1079.5709065166025
164703192,12201731000,thomas cook,2019,Cardiff,RETAIL_HIGH_STREET,104000.0,89500.0,251.9275293156621
164911192,8789713000,debenhams,2020,Cardiff,RETAIL_OTHER_SUPERSTORES_AND_WAREHOUSES,1690000.0,1690000.0,453.15156136803887
164911192,8894199000,debenhams,2020,Cardiff,RETAIL_OTHER_SUPERSTORES_AND_WAREHOUSES,1690000.0,1750000.0,2783.980691354063
164911192,13118948000,debenhams,2020,Cardiff,RETAIL_OTHER_SUPERSTORES_AND_WAREHOUSES,1690000.0,1580000.0,2783.980691354063
165439108,3794409000,carluccios,2020,York,RETAIL_HIGH_STREET,67500.0,66000.0,1438.3473241005295
165439108,1836400000,carluccios,2020,York,RETAIL_HIGH_STREET,67500.0,65500.0,561.3231627038232
165439108,165475108,carluccios,2020,York,RETAIL_HIGH_STREET,67500.0,57000.0,1629.8758679495518
165440108,8144915000,carluccios,2020,York,RETAIL_FINANCIAL_AND_PROFESSIONAL_SERVICES,140000.0,40500.0,2698.853986909453
165440108,4248923000,carluccios,2020,York,RETAIL_FINANCIAL_AND_PROFESSIONAL_SERVICES,140000.0,37250.0,2698.853986909453
165440108,1355152000,carluccios,2020,York,RETAIL_FINANCIAL_AND_PROFESSIONAL_SERVICES,140000.0,30500.0,2820.4347434248216
165656108,4244987000,cath kidston,2020,York,RETAIL_HIGH_STREET,81500.0,55500.0,190.32451608079165
165656108,4086689000,cath kidston,2020,York,RETAIL_HIGH_STREET,81500.0,52000.0,1157.0768490239348
165656108,254000000,cath kidston,2020,York,RETAIL_HIGH_STREET,81500.0,47500.0,2677.4007565103543
165762046,13409863000,thomas cook,2019,Charnwood,RETAIL_HIGH_STREET,52000.0,34250.0,3915.0480439991966
165762046,7470003000,thomas cook,2019,Charnwood,RETAIL_HIGH_STREET,52000.0,31000.0,386.88806937794715
165762046,9579067000,thomas cook,2019,Charnwood,RETAIL_HIGH_STREET,52000.0,29750.0,3485.4501239103515
166419104,12100192000,poundworld,2018,County Durham,RETAIL_OTHER_SUPERSTORES_AND_WAREHOUSES,102000.0,103000.0,2101.059186977004
166419104,13158740000,poundworld,2018,County Durham,RETAIL_OTHER_SUPERSTORES_AND_WAREHOUSES,102000.0,103000.0,2765.579973268365
166419104,15014960000,poundworld,2018,County Durham,RETAIL_OTHER_SUPERSTORES_AND_WAREHOUSES,102000.0,100000.0,332.93152812596435
166428104,9441215000,poundworld,2018,County Durham,RETAIL_HIGH_STREET,40250.0,40250.0,5753.113578896516
166428104,142261104,poundworld,2018,County Durham,RETAIL_HIGH_STREET,40250.0,40250.0,5619.982453960152
166428104,583724000,poundworld,2018,County Durham,RETAIL_HIGH_STREET,40250.0,40000.0,6061.35582727854
166601104,8850319000,arcadia,2020,County Durham,RETAIL_HIGH_STREET,45500.0,46250.0,11634.94287432087
166601104,9236207000,arcadia,2020,County Durham,RETAIL_HIGH_STREET,45500.0,44500.0,1261.0730103847823
166601104,682075104,arcadia,2020,County Durham,RETAIL_HIGH_STREET,45500.0,44000.0,18312.45005665057
166602104,3121559000,thomas cook,2019,County Durham,RETAIL_HIGH_STREET,23750.0,23600.0,1131.0066186117806
166602104,14241345000,thomas cook,2019,County Durham,RETAIL_HIGH_STREET,23750.0,23500.0,159.1653724261536
166602104,14884849000,thomas cook,2019,County Durham,RETAIL_HIGH_STREET,23750.0,24000.0,1122.9070094062372
167113108,119405108,frankie&bennys,2020,North Yorkshire,RETAIL_RESTAURANTS_AND_CAFES,18500.0,18500.0,833.3232358345093
167113108,11491071000,frankie&bennys,2020,North Yorkshire,RETAIL_RESTAURANTS_AND_CAFES,18500.0,18500.0,39115.81719063719
167113108,169206108,frankie&bennys,2020,North Yorkshire,RETAIL_RESTAURANTS_AND_CAFES,18500.0,18450.0,27030.475662287557
168571147,398331147,wilko,2023,Dartford,RETAIL_OTHER_SUPERSTORES_AND_WAREHOUSES,198000.0,173000.0,3352.50488038898
168571147,400138000,wilko,2023,Dartford,RETAIL_OTHER_SUPERSTORES_AND_WAREHOUSES,198000.0,226000.0,719.7506149674159
168571147,7990073000,wilko,2023,Dartford,RETAIL_OTHER_SUPERSTORES_AND_WAREHOUSES,198000.0,234000.0,1080.107298144883
169809192,758128000,thomas cook,2019,Cardiff,INDUSTRIAL_LIGHT,680.0,670.0,3426.5229044661833
169809192,158658192,thomas cook,2019,Cardiff,INDUSTRIAL_LIGHT,680.0,720.0,2405.6603777253918
169809192,169806192,thomas cook,2019,Cardiff,INDUSTRIAL_LIGHT,680.0,630.0,1378.2354428715087
170305232,7073304000,wilko,2023,East Staffordshire,OTHER_PUBLIC,6400.0,6300.0,1020.1198308537159
170305232,15061810000,wilko,2023,East Staffordshire,OTHER_PUBLIC,6400.0,6300.0,921.2556151777655
170305232,207033232,wilko,2023,East Staffordshire,OTHER_PUBLIC,6400.0,6500.0,312.0683304438496
170813108,7395161000,arcadia,2020,North Yorkshire,RETAIL_HIGH_STREET,1050.0,1050.0,217.16144333774423
170813108,9760264000,arcadia,2020,North Yorkshire,RETAIL_HIGH_STREET,1050.0,1050.0,48441.69133303024
170813108,6965330000,arcadia,2020,North Yorkshire,RETAIL_HIGH_STREET,1050.0,1050.0,9088.335614789123
170964108,13253477000,arcadia,2020,North Yorkshire,RETAIL_HIGH_STREET,12500.0,12500.0,184.52173560480944
170964108,108924108,arcadia,2020,North Yorkshire,RETAIL_HIGH_STREET,12500.0,12500.0,655.0085365196363
170964108,109528108,arcadia,2020,North Yorkshire,RETAIL_HIGH_STREET,12500.0,12500.0,332.4013302770789
171517144,14185385000,arcadia,2020,Eastbourne,RETAIL_HIGH_STREET,83000.0,92000.0,1461.0329791012807
171517144,2197983000,arcadia,2020,Eastbourne,RETAIL_HIGH_STREET,83000.0,63500.0,1520.6653097408682
171517144,15060948000,arcadia,2020,Eastbourne,RETAIL_HIGH_STREET,83000.0,61000.0,306.3693995102326
171521144,12831786000,thomas cook,2019,Eastbourne,RETAIL_HIGH_STREET,87000.0,114000.0,1520.6653097408682
171521144,13484773000,thomas cook,2019,Eastbourne,RETAIL_HIGH_STREET,87000.0,59000.0,1910.1559056678095
171521144,37615144,thomas cook,2019,Eastbourne,RETAIL_HIGH_STREET,87000.0,118000.0,201.7880300222833
173235192,177632192,frankie&bennys,2020,Cardiff,RETAIL_HIGH_STREET,5100.0,5100.0,1201.636675035708
173235192,25949192,frankie&bennys,2020,Cardiff,RETAIL_HIGH_STREET,5100.0,5100.0,2207.380305664505
173235192,11894644000,frankie&bennys,2020,Cardiff,RETAIL_HIGH_STREET,5100.0,5100.0,636.0468501150159
173353163,181845163,thomas cook,2019,South Oxfordshire,RETAIL_HIGH_STREET,10750.0,10750.0,11698.731071891805
173353163,159922163,thomas cook,2019,South Oxfordshire,RETAIL_HIGH_STREET,10750.0,10750.0,8023.8359018600395
173353163,12719045000,thomas cook,2019,South Oxfordshire,RETAIL_HIGH_STREET,10750.0,10750.0,11768.166705101845
173456237,7441561000,paperchase,2023,Warwick,RETAIL_HIGH_STREET,73000.0,70500.0,2116.260335851509
173456237,8557110000,paperchase,2023,Warwick,RETAIL_HIGH_STREET,73000.0,70000.0,190.73446415450056
173456237,79732237,paperchase,2023,Warwick,RETAIL_HIGH_STREET,73000.0,76000.0,190.73446415450056
173483163,796585000,homebase,2024,South Oxfordshire,RETAIL_HIGH_STREET,0.0,0.0,7511.905877127367
173483163,40674163,homebase,2024,South Oxfordshire,RETAIL_HIGH_STREET,0.0,0.0,7511.905877127367
173483163,15068243000,homebase,2024,South Oxfordshire,RETAIL_HIGH_STREET,0.0,255.0,11181.277051425006
174066144,56482144,prezzo,2018,Eastbourne,RETAIL_RESTAURANTS_AND_CAFES,47250.0,49000.0,1937.3353869338082
174066144,15032711000,prezzo,2018,Eastbourne,RETAIL_RESTAURANTS_AND_CAFES,47250.0,45000.0,844.7685320596934
174066144,2219230000,prezzo,2018,Eastbourne,RETAIL_RESTAURANTS_AND_CAFES,47250.0,50000.0,390.9975928919232
174120237,1994109000,thomas cook,2019,Warwick,RETAIL_HIGH_STREET,16000.0,16000.0,1254.0206842541036
174120237,43433237,thomas cook,2019,Warwick,RETAIL_HIGH_STREET,16000.0,16000.0,2743.7242302542454
174120237,174231237,thomas cook,2019,Warwick,RETAIL_HIGH_STREET,16000.0,16000.0,185.62732077776087
174607152,8022653000,homebase,2024,Guildford,RETAIL_OTHER_SUPERSTORES_AND_WAREHOUSES,1280000.0,1200000.0,1136.5454545314558
174607152,11311226000,homebase,2024,Guildford,RETAIL_OTHER_SUPERSTORES_AND_WAREHOUSES,1280000.0,1150000.0,1206.0027986403993
174607152,13354961000,homebase,2024,Guildford,RETAIL_OTHER_SUPERSTORES_AND_WAREHOUSES,1280000.0,840000.0,1315.1103703492092
175136016,177944016,wilko,2023,North Northamptonshire,RETAIL_OTHER_SUPERSTORES_AND_WAREHOUSES,160000.0,161000.0,7132.598731594288
175136016,260714045,wilko,2023,North Northamptonshire,RETAIL_OTHER_SUPERSTORES_AND_WAREHOUSES,160000.0,161000.0,2027.2056191836186
175136016,11919295000,wilko,2023,North Northamptonshire,RETAIL_OTHER_SUPERSTORES_AND_WAREHOUSES,160000.0,157000.0,2211.360829933808
175180016,247818045,wilko,2023,North Northamptonshire,RETAIL_RESTAURANTS_AND_CAFES,7500.0,7500.0,6769.28667573863
175180016,4269190000,wilko,2023,North Northamptonshire,RETAIL_RESTAURANTS_AND_CAFES,7500.0,7500.0,1477.3333564121024
175180016,230927045,wilko,2023,North Northamptonshire,RETAIL_RESTAURANTS_AND_CAFES,7500.0,7500.0,1199.0168206749968
175181016,11239112000,wilko,2023,North Northamptonshire,RETAIL_HIGH_STREET,7700.0,7700.0,2012.3208184533323
175181016,10195924000,wilko,2023,North Northamptonshire,RETAIL_HIGH_STREET,7700.0,7700.0,166.96071111983474
175181016,179940045,wilko,2023,North Northamptonshire,RETAIL_HIGH_STREET,7700.0,7700.0,542.7149642428171
176693108,8789513000,debenhams,2020,North Yorkshire,RETAIL_OTHER_SUPERSTORES_AND_WAREHOUSES,480000.0,472500.0,39536.63843680963
176693108,9370442000,debenhams,2020,North Yorkshire,RETAIL_OTHER_SUPERSTORES_AND_WAREHOUSES,480000.0,465000.0,304.23370617006844
176693108,11588951000,debenhams,2020,North Yorkshire,RETAIL_OTHER_SUPERSTORES_AND_WAREHOUSES,480000.0,447500.0,47523.96576888013
176894186,99331186,thomas cook,2019,Somerset,RETAIL_HIGH_STREET,8000.0,8000.0,175.89638577807506
176894186,13969689000,thomas cook,2019,Somerset,RETAIL_HIGH_STREET,8000.0,8000.0,12060.058128598912
176894186,10062293000,thomas cook,2019,Somerset,RETAIL_HIGH_STREET,8000.0,8000.0,602.7247070532617
177304126,11479800000,bhs,2016,Preston,RETAIL_OTHER_SUPERSTORES_AND_WAREHOUSES,525000.0,555000.0,2256.4044412570847
177304126,13235210000,bhs,2016,Preston,RETAIL_OTHER_SUPERSTORES_AND_WAREHOUSES,525000.0,570000.0,760.2436458491962
177304126,12137573000,bhs,2016,Preston,RETAIL_OTHER_SUPERSTORES_AND_WAREHOUSES,525000.0,447500.0,723.5190725490047
177516125,199509125,thomas cook,2019,Lancaster,RETAIL_HIGH_STREET,8900.0,8900.0,377.0830203687617
177516125,135867125,thomas cook,2019,Lancaster,RETAIL_HIGH_STREET,8900.0,8900.0,8952.216854616949
177516125,181296125,thomas cook,2019,Lancaster,RETAIL_HIGH_STREET,8900.0,8800.0,2251.000302064846
177570045,3994792000,wilko,2023,North Northamptonshire,RETAIL_OTHER_SUPERSTORES_AND_WAREHOUSES,207000.0,207000.0,1008.2960284658399
177570045,263080045,wilko,2023,North Northamptonshire,RETAIL_OTHER_SUPERSTORES_AND_WAREHOUSES,207000.0,208000.0,1537.0675691057963
177570045,11074390000,wilko,2023,North Northamptonshire,RETAIL_OTHER_SUPERSTORES_AND_WAREHOUSES,207000.0,199000.0,1894.6068597410185
177719182,2426987000,debenhams,2020,Torbay,RETAIL_OTHER_SUPERSTORES_AND_WAREHOUSES,150000.0,152000.0,2466.4545921815784
177719182,12409663000,debenhams,2020,Torbay,RETAIL_OTHER_SUPERSTORES_AND_WAREHOUSES,150000.0,153000.0,6510.749844191742
177719182,12453790000,debenhams,2020,Torbay,RETAIL_OTHER_SUPERSTORES_AND_WAREHOUSES,150000.0,161000.0,2930.0316000602133
177759023,14762807000,prezzo,2018,Braintree,RETAIL_RESTAURANTS_AND_CAFES,48250.0,48500.0,1288.6121806770157
177759023,88006023,prezzo,2018,Braintree,RETAIL_RESTAURANTS_AND_CAFES,48250.0,46650.0,4182.510234940997
177759023,1183253000,prezzo,2018,Braintree,RETAIL_RESTAURANTS_AND_CAFES,48250.0,46000.0,3701.295256487089
178624186,9067683000,thomas cook,2019,Somerset,RETAIL_HIGH_STREET,24500.0,24500.0,1889.0220122567387
178624186,139259186,thomas cook,2019,Somerset,RETAIL_HIGH_STREET,24500.0,24500.0,9235.226371683764
178624186,12621096000,thomas cook,2019,Somerset,RETAIL_HIGH_STREET,24500.0,24500.0,1048.8929786936176
178641016,9599054000,body shop,2024,Peterborough,RETAIL_HIGH_STREET,123000.0,113000.0,377.4661404959236
178641016,7138396000,body shop,2024,Peterborough,RETAIL_HIGH_STREET,123000.0,107000.0,3374.322439121687
178641016,8939763000,body shop,2024,Peterborough,RETAIL_HIGH_STREET,123000.0,144000.0,1622.0813053347788
178685016,10188559000,thomas cook,2019,Peterborough,RETAIL_HIGH_STREET,103000.0,93000.0,409.21373430777766
178685016,14809359000,thomas cook,2019,Peterborough,RETAIL_HIGH_STREET,103000.0,57500.0,409.21373430777766
178685016,11380602000,thomas cook,2019,Peterborough,RETAIL_HIGH_STREET,103000.0,57000.0,850.5999231161428
178774126,95644126,body shop,2024,Preston,RETAIL_HIGH_STREET,65000.0,61500.0,2497.488396076303
178774126,1201070000,body shop,2024,Preston,RETAIL_HIGH_STREET,65000.0,68500.0,151.71684680985518
178774126,177596126,body shop,2024,Preston,RETAIL_HIGH_STREET,65000.0,69000.0,436.2620842609572
180078172,14577272000,frankie&bennys,2020,"Bournemouth, Christchurch and Poole",OFFICE_GENERAL,7500.0,7500.0,790.5136088800629
180078172,2161038000,frankie&bennys,2020,"Bournemouth, Christchurch and Poole",OFFICE_GENERAL,7500.0,7500.0,170.41560494934774
180078172,11210660000,frankie&bennys,2020,"Bournemouth, Christchurch and Poole",OFFICE_GENERAL,7500.0,7500.0,623.6809577236526
180124184,301339184,frankie&bennys,2020,Plymouth,LEISURE_AMUSEMENT_AND_ENTERTAINMENT_CENTRES,15500.0,15750.0,191.64945684016143
180124184,10689810000,frankie&bennys,2020,Plymouth,LEISURE_AMUSEMENT_AND_ENTERTAINMENT_CENTRES,15500.0,15000.0,1860.8143221599962
180124184,6590527000,frankie&bennys,2020,Plymouth,LEISURE_AMUSEMENT_AND_ENTERTAINMENT_CENTRES,15500.0,15000.0,3485.084968584541
180275046,53767046,thomas cook,2019,Charnwood,RETAIL_HIGH_STREET,6800.0,6800.0,1876.9545728952835
180275046,98905046,thomas cook,2019,Charnwood,RETAIL_HIGH_STREET,6800.0,6800.0,337.2876147838385
180275046,5152876000,thomas cook,2019,Charnwood,RETAIL_HIGH_STREET,6800.0,6800.0,155.97626050583506
180875163,180693163,cafe rouge,2020,South Oxfordshire,RETAIL_RESTAURANTS_AND_CAFES,34000.0,34000.0,11830.561081530288
180875163,180459163,cafe rouge,2020,South Oxfordshire,RETAIL_RESTAURANTS_AND_CAFES,34000.0,34500.0,9332.04263336478
180875163,141741163,cafe rouge,2020,South Oxfordshire,RETAIL_RESTAURANTS_AND_CAFES,34000.0,34500.0,4665.953643229825
181217144,12164621000,body shop,2024,Eastbourne,RETAIL_HIGH_STREET,57000.0,54000.0,1579.3029224724946
181217144,171037144,body shop,2024,Eastbourne,RETAIL_HIGH_STREET,57000.0,53000.0,1520.6653097408682
181217144,7128417000,body shop,2024,Eastbourne,RETAIL_HIGH_STREET,57000.0,51000.0,1741.8508982663732
181451144,4265543000,frankie&bennys,2020,Eastbourne,RETAIL_RESTAURANTS_AND_CAFES,77500.0,78500.0,1471.855126401466
181451144,4094766000,frankie&bennys,2020,Eastbourne,RETAIL_RESTAURANTS_AND_CAFES,77500.0,74500.0,1579.3029224724946
181451144,264828144,frankie&bennys,2020,Eastbourne,RETAIL_RESTAURANTS_AND_CAFES,77500.0,82500.0,2022.8406697070063
182469186,3393048000,body shop,2024,Somerset,RETAIL_HIGH_STREET,43250.0,42250.0,7641.137490417217
182469186,3345457000,body shop,2024,Somerset,RETAIL_HIGH_STREET,43250.0,44500.0,33345.71861196598
182469186,183038186,body shop,2024,Somerset,RETAIL_HIGH_STREET,43250.0,44750.0,940.6882016868732
182581237,6984202000,body shop,2024,Warwick,OFFICE_GENERAL,7100.0,7100.0,655.8048107579286
182581237,14954377000,body shop,2024,Warwick,OFFICE_GENERAL,7100.0,7100.0,7890.225218845692
182581237,37611237,body shop,2024,Warwick,OFFICE_GENERAL,7100.0,7100.0,671.7350461257222
182695237,8967058000,body shop,2024,Warwick,RETAIL_HIGH_STREET,59500.0,59500.0,1010.5618872998314
182695237,184073237,body shop,2024,Warwick,RETAIL_HIGH_STREET,59500.0,62500.0,5594.717504574859
182695237,14212949000,body shop,2024,Warwick,RETAIL_HIGH_STREET,59500.0,63000.0,2577.922796497778
182861141,9714515000,arcadia,2020,Crawley,RETAIL_HIGH_STREET,52000.0,50500.0,4588.6125840409795
182861141,10022039000,arcadia,2020,Crawley,RETAIL_HIGH_STREET,52000.0,53500.0,4626.292797816645
182861141,14256927000,arcadia,2020,Crawley,RETAIL_HIGH_STREET,52000.0,49750.0,1987.498959371756
182892186,285603186,debenhams,2020,Somerset,RETAIL_OTHER_SUPERSTORES_AND_WAREHOUSES,405000.0,407500.0,1756.6339106711357
182892186,3356914000,debenhams,2020,Somerset,RETAIL_OTHER_SUPERSTORES_AND_WAREHOUSES,405000.0,395000.0,713.0699555809049
182892186,9088858000,debenhams,2020,Somerset,RETAIL_OTHER_SUPERSTORES_AND_WAREHOUSES,405000.0,415000.0,11721.082905507712
182952186,15080048000,arcadia,2020,Somerset,RETAIL_HIGH_STREET,137000.0,146000.0,15308.316786990708
182952186,178627186,arcadia,2020,Somerset,RETAIL_HIGH_STREET,137000.0,106000.0,11121.191617437298
182952186,15038873000,arcadia,2020,Somerset,RETAIL_HIGH_STREET,137000.0,95500.0,15096.452206388845
182985186,14964525000,debenhams,2020,Somerset,OFFICE_GENERAL,332500.0,332500.0,615.6901896991385
182985186,6214457000,debenhams,2020,Somerset,OFFICE_GENERAL,332500.0,325000.0,1845.4592714996522
182985186,12365057000,debenhams,2020,Somerset,OFFICE_GENERAL,332500.0,362500.0,179.38643393488715
182987237,8773503000,arcadia,2020,Warwick,OTHER_COMMERCIAL,8200.0,8300.0,3146.829765777624
182987237,8695515000,arcadia,2020,Warwick,OTHER_COMMERCIAL,8200.0,8300.0,171.25974382459998
182987237,9981552000,arcadia,2020,Warwick,OTHER_COMMERCIAL,8200.0,8300.0,653.4238226169017
183445016,12699701000,poundworld,2018,Peterborough,RETAIL_HIGH_STREET,93500.0,53500.0,2124.3605870209317
183445016,180338016,poundworld,2018,Peterborough,RETAIL_HIGH_STREET,93500.0,52000.0,2122.7049472585672
183445016,10339652000,poundworld,2018,Peterborough,RETAIL_HIGH_STREET,93500.0,50000.0,4991.115551860077
183581148,9974508000,arcadia,2020,Sevenoaks,LEISURE_LUXURY_HOTELS,270000.0,307500.0,10580.161446600108
183581148,11495930000,arcadia,2020,Sevenoaks,LEISURE_LUXURY_HOTELS,270000.0,171000.0,932.8816269262248
183581148,8520123000,arcadia,2020,Sevenoaks,LEISURE_LUXURY_HOTELS,270000.0,140850.0,9699.379556947943
184148016,9495848000,toys r us,2018,Peterborough,RETAIL_OTHER_SUPERSTORES_AND_WAREHOUSES,615000.0,670000.0,339.2761004274875
184148016,13022357000,toys r us,2018,Peterborough,RETAIL_OTHER_SUPERSTORES_AND_WAREHOUSES,615000.0,555000.0,749.2072889395404
184148016,8305811000,toys r us,2018,Peterborough,RETAIL_OTHER_SUPERSTORES_AND_WAREHOUSES,615000.0,550000.0,1468.600041239724
186570186,186570186,arcadia,2020,Somerset,RETAIL_OTHER_SUPERSTORES_AND_WAREHOUSES,10750.0,10750.0,10848.879109144676
186570186,14991007000,arcadia,2020,Somerset,RETAIL_OTHER_SUPERSTORES_AND_WAREHOUSES,10750.0,10750.0,10792.004466957238
186570186,11553317000,arcadia,2020,Somerset,RETAIL_OTHER_SUPERSTORES_AND_WAREHOUSES,10750.0,10750.0,9264.772992031409
188256186,6024368000,prezzo,2018,Somerset,INDUSTRIAL_LIGHT,5600.0,5600.0,9133.512196582562
188256186,178956186,prezzo,2018,Somerset,INDUSTRIAL_LIGHT,5600.0,5600.0,5606.738474334973
188256186,1328191000,prezzo,2018,Somerset,INDUSTRIAL_LIGHT,5600.0,5600.0,15594.93502911089
188548226,157303226,wilko,2023,Cannock Chase,RETAIL_HIGH_STREET,47500.0,49000.0,8935.329253844191
188548226,188636226,wilko,2023,Cannock Chase,RETAIL_HIGH_STREET,47500.0,45750.0,10031.413899134808
188548226,10114485000,wilko,2023,Cannock Chase,RETAIL_HIGH_STREET,47500.0,45750.0,10014.15804870685
189871022,3783770000,bhs,2016,Harlow,RETAIL_OTHER_SUPERSTORES_AND_WAREHOUSES,497500.0,580000.0,241.3275920810634
189871022,11429211000,bhs,2016,Harlow,RETAIL_OTHER_SUPERSTORES_AND_WAREHOUSES,497500.0,605000.0,1161.9438466134434
189871022,115966022,bhs,2016,Harlow,RETAIL_OTHER_SUPERSTORES_AND_WAREHOUSES,497500.0,382500.0,706.1945990321743
190263172,10918915000,body shop,2024,"Bournemouth, Christchurch and Poole",RETAIL_HIGH_STREET,121000.0,122000.0,2872.345243426025
190263172,13266061000,body shop,2024,"Bournemouth, Christchurch and Poole",RETAIL_HIGH_STREET,121000.0,117000.0,4057.6455077871256
190263172,13194874000,body shop,2024,"Bournemouth, Christchurch and Poole",RETAIL_HIGH_STREET,121000.0,97000.0,554.3588211929658
190733022,9331022,thomas cook,2019,Chelmsford,RETAIL_HIGH_STREET,99000.0,73000.0,173.41129493141372
190733022,8518819000,thomas cook,2019,Chelmsford,RETAIL_HIGH_STREET,99000.0,72500.0,4519.550806748857
190733022,8427921000,thomas cook,2019,Chelmsford,RETAIL_HIGH_STREET,99000.0,69000.0,437.9938751142691
190834022,5161532000,thomas cook,2019,Chelmsford,RETAIL_HIGH_STREET,43250.0,43000.0,155.1552669087079
190834022,4438024000,thomas cook,2019,Chelmsford,RETAIL_HIGH_STREET,43250.0,43500.0,319.7612199010712
190834022,12923491000,thomas cook,2019,Chelmsford,RETAIL_HIGH_STREET,43250.0,44000.0,3261.631974859811
191096011,212258011,arcadia,2020,Central Bedfordshire,RETAIL_RESTAURANTS_AND_CAFES,24000.0,24000.0,11057.571491894656
191096011,210211011,arcadia,2020,Central Bedfordshire,RETAIL_RESTAURANTS_AND_CAFES,24000.0,24000.0,6874.373456337166
191096011,14513257000,arcadia,2020,Central Bedfordshire,RETAIL_RESTAURANTS_AND_CAFES,24000.0,24000.0,21524.757173784867
191526145,10637629000,arcadia,2020,Canterbury,OFFICE_GENERAL,2700.0,2700.0,214.57652468680172
191526145,3838683000,arcadia,2020,Canterbury,OFFICE_GENERAL,2700.0,2700.0,9293.488621720986
191526145,12673216000,arcadia,2020,Canterbury,OFFICE_GENERAL,2700.0,2700.0,7727.122703550635
191671145,10139053000,thomas cook,2019,Canterbury,RETAIL_HIGH_STREET,8300.0,8300.0,623.8042431264392
191671145,9052606000,thomas cook,2019,Canterbury,RETAIL_HIGH_STREET,8300.0,8300.0,10497.436816087331
191671145,194002145,thomas cook,2019,Canterbury,RETAIL_HIGH_STREET,8300.0,8300.0,10834.065316751796
192093148,153177148,cath kidston,2020,Tunbridge Wells,RETAIL_HIGH_STREET,65500.0,65000.0,158.36608455475948
192093148,9390413000,cath kidston,2020,Tunbridge Wells,RETAIL_HIGH_STREET,65500.0,64500.0,2418.8722224526027
192093148,184222148,cath kidston,2020,Tunbridge Wells,RETAIL_HIGH_STREET,65500.0,63500.0,366.72411975995715
192998013,62391013,prezzo,2018,North Hertfordshire,RETAIL_HIGH_STREET,75500.0,59500.0,188.7234919266614
192998013,9937102000,prezzo,2018,North Hertfordshire,RETAIL_HIGH_STREET,75500.0,53000.0,15735.979918111547
192998013,8425972000,prezzo,2018,North Hertfordshire,RETAIL_HIGH_STREET,75500.0,51500.0,872.9618789504315
193238171,193669171,thomas cook,2019,Basingstoke and Deane,RETAIL_HIGH_STREET,91000.0,84000.0,2697.8519886655654
193238171,9160392000,thomas cook,2019,Basingstoke and Deane,RETAIL_HIGH_STREET,91000.0,76500.0,10587.6806494643
193238171,10641538000,thomas cook,2019,Basingstoke and Deane,RETAIL_HIGH_STREET,91000.0,64500.0,10241.169911404173
193299125,8030641000,thomas cook,2019,Blackpool,RETAIL_HIGH_STREET,36000.0,36250.0,2492.8304668315227
193299125,58261125,thomas cook,2019,Blackpool,RETAIL_HIGH_STREET,36000.0,36750.0,1837.1286263447435
193299125,12823070000,thomas cook,2019,Blackpool,RETAIL_HIGH_STREET,36000.0,34750.0,1743.2271843389142
193312241,5488808000,wilko,2023,Bradford,RETAIL_HIGH_STREET,40000.0,40000.0,524.8522029069453
193312241,6342748000,wilko,2023,Bradford,RETAIL_HIGH_STREET,40000.0,40000.0,1363.4670228155082
193312241,244180241,wilko,2023,Bradford,RETAIL_HIGH_STREET,40000.0,39750.0,1374.0372600210594
193514125,9395540000,bella italia,2020,Lancaster,RETAIL_HIGH_STREET,51000.0,51000.0,1577.413236614171
193514125,10747335000,bella italia,2020,Lancaster,RETAIL_HIGH_STREET,51000.0,56500.0,12576.519811010714
193514125,201942125,bella italia,2020,Lancaster,RETAIL_HIGH_STREET,51000.0,42750.0,9183.064857605053
193782186,8833539000,homebase,2024,Somerset,RETAIL_OTHER_SUPERSTORES_AND_WAREHOUSES,555000.0,555000.0,16753.4752202076
193782186,14799350000,homebase,2024,Somerset,RETAIL_OTHER_SUPERSTORES_AND_WAREHOUSES,555000.0,595000.0,2398.9839540460976
193782186,1573550000,homebase,2024,Somerset,RETAIL_OTHER_SUPERSTORES_AND_WAREHOUSES,555000.0,615000.0,1283.6602556908717
194132102,229679102,thomas cook,2019,Stockton-on-Tees,RETAIL_HIGH_STREET,43750.0,43500.0,6377.008386807559
194132102,331706102,thomas cook,2019,Stockton-on-Tees,RETAIL_HIGH_STREET,43750.0,44000.0,4707.520787952942
194132102,9732102,thomas cook,2019,Stockton-on-Tees,RETAIL_HIGH_STREET,43750.0,44250.0,4660.921495887033
194209013,191596013,arcadia,2020,North Hertfordshire,RETAIL_HIGH_STREET,68500.0,51000.0,2885.787439649339
194209013,8831817000,arcadia,2020,North Hertfordshire,RETAIL_HIGH_STREET,68500.0,51000.0,1431.117878316353
194209013,234648013,arcadia,2020,North Hertfordshire,RETAIL_HIGH_STREET,68500.0,50500.0,11274.139435840625
194480023,135456023,thomas cook,2019,Braintree,RETAIL_HIGH_STREET,17250.0,17000.0,9301.310727845648
194480023,12990296000,thomas cook,2019,Braintree,RETAIL_HIGH_STREET,17250.0,17000.0,3736.0226905380823
194480023,13723055000,thomas cook,2019,Braintree,RETAIL_HIGH_STREET,17250.0,17500.0,193.62107481910863
195308125,8418358000,arcadia,2020,Lancaster,RETAIL_HIGH_STREET,130000.0,39750.0,3832.511020565917
195308125,8518740000,arcadia,2020,Lancaster,RETAIL_HIGH_STREET,130000.0,38750.0,377.0830203687617
195308125,8518748000,arcadia,2020,Lancaster,RETAIL_HIGH_STREET,130000.0,37000.0,377.0830203687617
195310125,12890540000,wilko,2023,Lancaster,RETAIL_OTHER_SUPERSTORES_AND_WAREHOUSES,280000.0,282500.0,440.3873770334541
195310125,14742269000,wilko,2023,Lancaster,RETAIL_OTHER_SUPERSTORES_AND_WAREHOUSES,280000.0,275000.0,2395.442534189638
195310125,11843819000,wilko,2023,Lancaster,RETAIL_OTHER_SUPERSTORES_AND_WAREHOUSES,280000.0,270000.0,606.9809054102407
196585241,14975718000,homebase,2024,Bradford,RETAIL_OTHER_SUPERSTORES_AND_WAREHOUSES,307500.0,305000.0,305.649455502631
196585241,13409752000,homebase,2024,Bradford,RETAIL_OTHER_SUPERSTORES_AND_WAREHOUSES,307500.0,305000.0,2966.390254777514
196585241,206399241,homebase,2024,Bradford,RETAIL_OTHER_SUPERSTORES_AND_WAREHOUSES,307500.0,300000.0,1185.7350813856322
196625125,51277125,arcadia,2020,Blackpool,OFFICE_GENERAL,0.0,0.0,254.02465205457065
196625125,6691647000,arcadia,2020,Blackpool,OFFICE_GENERAL,0.0,0.0,205.91257900746385
196625125,1609810000,arcadia,2020,Blackpool,OFFICE_GENERAL,0.0,0.0,3967.018503052925
196695072,1845453000,thomas cook,2019,Bromley,RETAIL_HIGH_STREET,38250.0,38000.0,4770.377282227964
196695072,14163088000,thomas cook,2019,Bromley,RETAIL_HIGH_STREET,38250.0,37500.0,3822.073121719036
196695072,222216072,thomas cook,2019,Bromley,RETAIL_HIGH_STREET,38250.0,37500.0,3589.0205038329846
196698165,196100165,arcadia,2020,Reading,RETAIL_HIGH_STREET,247000.0,190000.0,396.73951890078035
196698165,5772165,arcadia,2020,Reading,RETAIL_HIGH_STREET,247000.0,382500.0,370.93264336067347
196698165,459278165,arcadia,2020,Reading,RETAIL_HIGH_STREET,247000.0,78000.0,261.51489115269624
196699165,3914535000,arcadia,2020,Reading,OFFICE_GENERAL,10500.0,10500.0,887.9438376844928
196699165,5317392000,arcadia,2020,Reading,OFFICE_GENERAL,10500.0,10500.0,766.7746607124378
196699165,2103263000,arcadia,2020,Reading,OFFICE_GENERAL,10500.0,10500.0,325.9681874619221
196700165,12479665000,arcadia,2020,Reading,OFFICE_GENERAL,6400.0,6400.0,181.2728615218089
196700165,14904002000,arcadia,2020,Reading,OFFICE_GENERAL,6400.0,6400.0,308.1010155759732
196700165,12335819000,arcadia,2020,Reading,OFFICE_GENERAL,6400.0,6400.0,275.3705202093878
196711165,12467179000,thomas cook,2019,Reading,RETAIL_HIGH_STREET,172000.0,77500.0,2443.4635564812406
196711165,11078525000,thomas cook,2019,Reading,RETAIL_HIGH_STREET,172000.0,71000.0,315.41335051317475
196711165,575362000,thomas cook,2019,Reading,RETAIL_HIGH_STREET,172000.0,70000.0,253.38350092955613
197353044,11342341000,wilko,2023,Leicester,RETAIL_HIGH_STREET,16000.0,16000.0,1002.7304269462762
197353044,12671510000,wilko,2023,Leicester,RETAIL_HIGH_STREET,16000.0,16000.0,242.11180439734608
197353044,10932620000,wilko,2023,Leicester,RETAIL_HIGH_STREET,16000.0,16000.0,1348.063636420662
197465165,14037886000,homebase,2024,Reading,RETAIL_OTHER_SUPERSTORES_AND_WAREHOUSES,635000.0,645000.0,865.404647265624
197465165,14478248000,homebase,2024,Reading,RETAIL_OTHER_SUPERSTORES_AND_WAREHOUSES,635000.0,605000.0,977.2156442778369
197465165,7085168000,homebase,2024,Reading,RETAIL_OTHER_SUPERSTORES_AND_WAREHOUSES,635000.0,605000.0,2589.874899037504
197764165,10960568000,mothercare,2019,Reading,RETAIL_HIGH_STREET,165000.0,68000.0,181.2728615218089
197764165,11177341000,mothercare,2019,Reading,RETAIL_HIGH_STREET,165000.0,66500.0,337.11679798109753
197764165,9655163000,mothercare,2019,Reading,RETAIL_HIGH_STREET,165000.0,62500.0,758.0288185480365
197968176,10783039000,maplin,2018,Southampton,RETAIL_HIGH_STREET,16750.0,16750.0,3214.0519766460307
197968176,23827176,maplin,2018,Southampton,RETAIL_HIGH_STREET,16750.0,16750.0,175.05284036895142
197968176,12579139000,maplin,2018,Southampton,RETAIL_HIGH_STREET,16750.0,16750.0,2985.5475450585427
199529023,6955739000,debenhams,2020,Colchester,RETAIL_OTHER_SUPERSTORES_AND_WAREHOUSES,1035000.0,845000.0,254.73950173673921
199529023,13545835000,debenhams,2020,Colchester,RETAIL_OTHER_SUPERSTORES_AND_WAREHOUSES,1035000.0,1320000.0,418.23303580751667
199529023,9753744000,debenhams,2020,Colchester,RETAIL_OTHER_SUPERSTORES_AND_WAREHOUSES,1035000.0,1330000.0,1508.6649613363281
200001023,9006432000,arcadia,2020,Braintree,RETAIL_HIGH_STREET,46250.0,47250.0,9191.416839466188
200001023,199306023,arcadia,2020,Braintree,RETAIL_HIGH_STREET,46250.0,42200.0,10902.963744814784
200001023,11593025000,arcadia,2020,Braintree,RETAIL_HIGH_STREET,46250.0,41500.0,2213.781450158261
200048063,2887484000,byron,2020,Camden,OFFICE_GENERAL,32250.0,32250.0,154.6829722510427
200048063,2032210000,byron,2020,Camden,OFFICE_GENERAL,32250.0,32250.0,843.5375001016868
200048063,5907527000,byron,2020,Camden,OFFICE_GENERAL,32250.0,32250.0,337.5585283455412
201161125,8093820000,body shop,2024,Blackpool,RETAIL_HIGH_STREET,84000.0,85000.0,615.9808248674207
201161125,201443125,body shop,2024,Blackpool,RETAIL_HIGH_STREET,84000.0,80500.0,1914.2180503798656
201161125,201257125,body shop,2024,Blackpool,RETAIL_HIGH_STREET,84000.0,90000.0,1824.128011498966
201164125,8234830000,arcadia,2020,Blackpool,RETAIL_HIGH_STREET,246000.0,170000.0,328.9310652019835
201164125,4615003000,arcadia,2020,Blackpool,RETAIL_HIGH_STREET,246000.0,168000.0,385.56539163488804
201164125,8861859000,arcadia,2020,Blackpool,RETAIL_HIGH_STREET,246000.0,109000.0,881.7967654476565
201249023,3949931000,poundworld,2018,Braintree,RETAIL_HIGH_STREET,95000.0,75500.0,3836.732571093106
201249023,191997023,poundworld,2018,Braintree,RETAIL_HIGH_STREET,95000.0,73500.0,275.4518246842319
201249023,11438456000,poundworld,2018,Braintree,RETAIL_HIGH_STREET,95000.0,69000.0,275.4518246842319
201659241,240925241,arcadia,2020,Bradford,INDUSTRIAL_GENERAL,31250.0,31250.0,2715.3782030880507
201659241,217200241,arcadia,2020,Bradford,INDUSTRIAL_GENERAL,31250.0,31250.0,4659.537932757076
201659241,4487602000,arcadia,2020,Bradford,INDUSTRIAL_GENERAL,31250.0,31250.0,4659.537932757076
202355241,10949192000,body shop,2024,Bradford,INDUSTRIAL_GENERAL,3650.0,3650.0,2026.543530011949
202355241,10019158000,body shop,2024,Bradford,INDUSTRIAL_GENERAL,3650.0,3650.0,2887.138212769941
202355241,9789803000,body shop,2024,Bradford,INDUSTRIAL_GENERAL,3650.0,3650.0,2059.4687806470074
202568171,200963171,debenhams,2020,Rushmoor,RETAIL_OTHER_SUPERSTORES_AND_WAREHOUSES,66500.0,52000.0,1731.2005768074234
202568171,141850000,debenhams,2020,Rushmoor,RETAIL_OTHER_SUPERSTORES_AND_WAREHOUSES,66500.0,84500.0,267.9815775978483
202568171,14793321000,debenhams,2020,Rushmoor,RETAIL_OTHER_SUPERSTORES_AND_WAREHOUSES,66500.0,47250.0,1764.1211460967663
204528222,239051222,thomas cook,2019,Rugby,RETAIL_HIGH_STREET,23750.0,23500.0,310.8130315745933
204528222,2682389000,thomas cook,2019,Rugby,RETAIL_HIGH_STREET,23750.0,24250.0,319.0668021306074
204528222,8093915000,thomas cook,2019,Rugby,RETAIL_HIGH_STREET,23750.0,24250.0,1814.146291433135
204826171,8817975000,body shop,2024,Rushmoor,RETAIL_HIGH_STREET,44250.0,45000.0,1743.0185288634566
204826171,13007183000,body shop,2024,Rushmoor,RETAIL_HIGH_STREET,44250.0,46000.0,2053.727915664523
204826171,11836160000,body shop,2024,Rushmoor,RETAIL_HIGH_STREET,44250.0,51500.0,1066.0779576096945
204828171,10454207000,thomas cook,2019,Rushmoor,RETAIL_HIGH_STREET,50500.0,36750.0,1424.9433142116702
204828171,9414465000,thomas cook,2019,Rushmoor,RETAIL_HIGH_STREET,50500.0,36750.0,789.2820403455546
204828171,8780727000,thomas cook,2019,Rushmoor,RETAIL_HIGH_STREET,50500.0,36000.0,1593.125233128562
204950045,11780824000,arcadia,2020,West Northamptonshire,RETAIL_HIGH_STREET,175000.0,79500.0,1309.8042514007402
204950045,8814669000,arcadia,2020,West Northamptonshire,RETAIL_HIGH_STREET,175000.0,77500.0,1028.0775511455038
204950045,204099045,arcadia,2020,West Northamptonshire,RETAIL_HIGH_STREET,175000.0,61000.0,16084.505933764272
205123241,8192234000,thomas cook,2019,Bradford,RETAIL_HIGH_STREET,30750.0,30750.0,188.4822480532885
205123241,9846795000,thomas cook,2019,Bradford,RETAIL_HIGH_STREET,30750.0,31000.0,1753.3816632803123
205123241,8009871000,thomas cook,2019,Bradford,RETAIL_HIGH_STREET,30750.0,30250.0,287.9635587501283
205392176,11804495000,toys r us,2018,Southampton,RETAIL_OTHER_SUPERSTORES_AND_WAREHOUSES,820000.0,620000.0,4982.296692458325
205392176,13221930000,toys r us,2018,Southampton,RETAIL_OTHER_SUPERSTORES_AND_WAREHOUSES,820000.0,620000.0,4982.296692458325
205392176,562723176,toys r us,2018,Southampton,RETAIL_OTHER_SUPERSTORES_AND_WAREHOUSES,820000.0,580000.0,180.57327876291566
205428045,9079671000,toys r us,2018,West Northamptonshire,RETAIL_OTHER_SUPERSTORES_AND_WAREHOUSES,540000.0,520000.0,12794.764897919791
205428045,10649441000,toys r us,2018,West Northamptonshire,RETAIL_OTHER_SUPERSTORES_AND_WAREHOUSES,540000.0,495000.0,341.6792513324182
205428045,10702453000,toys r us,2018,West Northamptonshire,RETAIL_OTHER_SUPERSTORES_AND_WAREHOUSES,540000.0,590000.0,28442.779854814893
205556045,14932035000,mothercare,2019,West Northamptonshire,WAREHOUSING_LARGE_SCALE_AND_HIGH_BAY,8900.0,9000.0,28442.779854814893
205556045,207193045,mothercare,2019,West Northamptonshire,WAREHOUSING_LARGE_SCALE_AND_HIGH_BAY,8900.0,9000.0,12748.384133374617
205556045,11155608000,mothercare,2019,West Northamptonshire,WAREHOUSING_LARGE_SCALE_AND_HIGH_BAY,8900.0,8700.0,18359.36976049233
205688113,3785498000,cath kidston,2020,Manchester,RETAIL_HIGH_STREET,132000.0,122000.0,169.8628285381718
205688113,7615358000,cath kidston,2020,Manchester,RETAIL_HIGH_STREET,132000.0,149000.0,229.1238735914862
205688113,5625582000,cath kidston,2020,Manchester,RETAIL_HIGH_STREET,132000.0,152000.0,1227.4382735655072
206241011,9072829000,arcadia,2020,Bedford,RETAIL_HIGH_STREET,137000.0,97000.0,403.316842292661
206241011,4147412000,arcadia,2020,Bedford,RETAIL_HIGH_STREET,137000.0,94500.0,230.85109278087342
206241011,14316189000,arcadia,2020,Bedford,RETAIL_HIGH_STREET,137000.0,81000.0,1622.4957213026332
206390045,450050045,arcadia,2020,North Northamptonshire,OFFICE_GENERAL,15000.0,15000.0,3993.089828631088
206390045,12669780000,arcadia,2020,North Northamptonshire,OFFICE_GENERAL,15000.0,15000.0,5181.599131399723
206390045,2469307000,arcadia,2020,North Northamptonshire,OFFICE_GENERAL,15000.0,15000.0,195.19849284293448
206396182,2393487000,wilko,2023,Torbay,LEISURE_BUDGET_HOTELS,19750.0,19750.0,4203.241471536555
206396182,6223594000,wilko,2023,Torbay,LEISURE_BUDGET_HOTELS,19750.0,18500.0,4055.415927575377
206396182,210481182,wilko,2023,Torbay,LEISURE_BUDGET_HOTELS,19750.0,18500.0,685.754313513151
206402165,9888196000,toys r us,2018,Reading,RETAIL_OTHER_SUPERSTORES_AND_WAREHOUSES,685000.0,700000.0,463.35066671760035
206402165,45791165,toys r us,2018,Reading,RETAIL_OTHER_SUPERSTORES_AND_WAREHOUSES,685000.0,580000.0,1209.2251369831993
206402165,14568367000,toys r us,2018,Reading,RETAIL_OTHER_SUPERSTORES_AND_WAREHOUSES,685000.0,575000.0,977.2156442778369
206449239,12767434000,wilko,2023,Dudley,RETAIL_OTHER_SUPERSTORES_AND_WAREHOUSES,244000.0,238000.0,4146.580805719315
206449239,11719635000,wilko,2023,Dudley,RETAIL_OTHER_SUPERSTORES_AND_WAREHOUSES,244000.0,238000.0,1937.3678410588018
206449239,672184000,wilko,2023,Dudley,RETAIL_OTHER_SUPERSTORES_AND_WAREHOUSES,244000.0,220000.0,415.3358680620388
206804017,10456222000,bhs,2016,Watford,RETAIL_OTHER_SUPERSTORES_AND_WAREHOUSES,815000.0,860000.0,274.59919992478564
206804017,14032587000,bhs,2016,Watford,RETAIL_OTHER_SUPERSTORES_AND_WAREHOUSES,815000.0,750000.0,751.3398636246748
206804017,206971017,bhs,2016,Watford,RETAIL_OTHER_SUPERSTORES_AND_WAREHOUSES,815000.0,740000.0,293.10797073049844
206833241,10049898000,body shop,2024,Bradford,INDUSTRIAL_GENERAL,6400.0,6400.0,1388.7083829554376
206833241,3394738000,body shop,2024,Bradford,INDUSTRIAL_GENERAL,6400.0,6400.0,4019.1765755124216
206833241,3394737000,body shop,2024,Bradford,INDUSTRIAL_GENERAL,6400.0,6400.0,4019.1765755124216
207432232,170257232,wilko,2023,East Staffordshire,RETAIL_HIGH_STREET,49250.0,49500.0,18807.246002060718
207432232,2759842000,wilko,2023,East Staffordshire,RETAIL_HIGH_STREET,49250.0,48500.0,2081.061193116227
207432232,13313042000,wilko,2023,East Staffordshire,RETAIL_HIGH_STREET,49250.0,47500.0,12017.44801768948
207721045,6705200000,thomas cook,2019,North Northamptonshire,RETAIL_HIGH_STREET,28500.0,28500.0,361.27915594344194
207721045,5425076000,thomas cook,2019,North Northamptonshire,RETAIL_HIGH_STREET,28500.0,28500.0,2543.9710528963124
207721045,7957455000,thomas cook,2019,North Northamptonshire,RETAIL_HIGH_STREET,28500.0,28250.0,5359.788407584726
208084011,8789694000,body shop,2024,Bedford,RETAIL_HIGH_STREET,55000.0,52000.0,1886.2319908457093
208084011,5306595000,body shop,2024,Bedford,RETAIL_HIGH_STREET,55000.0,58000.0,230.85109278087342
208084011,9704313000,body shop,2024,Bedford,RETAIL_HIGH_STREET,55000.0,49250.0,2998.786687141766
208592239,8829959000,thomas cook,2019,Dudley,RETAIL_HIGH_STREET,30500.0,30250.0,2727.7912256871737
208592239,14617742000,thomas cook,2019,Dudley,RETAIL_HIGH_STREET,30500.0,30000.0,3796.4914421637063
208592239,7350120000,thomas cook,2019,Dudley,RETAIL_HIGH_STREET,30500.0,29750.0,355.6042601856364
208656045,10441136000,poundworld,2018,North Northamptonshire,RETAIL_OTHER_SUPERSTORES_AND_WAREHOUSES,115000.0,115000.0,589.9583695652312
208656045,6215915000,poundworld,2018,North Northamptonshire,RETAIL_OTHER_SUPERSTORES_AND_WAREHOUSES,115000.0,117000.0,1537.0675691057963
208656045,252680045,poundworld,2018,North Northamptonshire,RETAIL_OTHER_SUPERSTORES_AND_WAREHOUSES,115000.0,118000.0,1239.364922050884
208711017,13729185000,body shop,2024,Watford,RETAIL_RESTAURANTS_AND_CAFES,7100.0,7200.0,383.95823008916585
208711017,35263017,body shop,2024,Watford,RETAIL_RESTAURANTS_AND_CAFES,7100.0,7200.0,2040.6514062925007
208711017,12919299000,body shop,2024,Watford,RETAIL_RESTAURANTS_AND_CAFES,7100.0,7300.0,813.9733737664086
211057113,11357785000,debenhams,2020,Manchester,RETAIL_OTHER_SUPERSTORES_AND_WAREHOUSES,2520000.0,2400000.0,2533.168664876696
211057113,12943960000,debenhams,2020,Manchester,RETAIL_OTHER_SUPERSTORES_AND_WAREHOUSES,2520000.0,2750000.0,3250.81142172605
211057113,11446914000,debenhams,2020,Manchester,RETAIL_OTHER_SUPERSTORES_AND_WAREHOUSES,2520000.0,2810000.0,3250.81142172605
211530182,213086182,debenhams,2020,Torbay,RETAIL_HIGH_STREET,58000.0,58500.0,4045.5762457182354
211530182,9342181000,debenhams,2020,Torbay,RETAIL_HIGH_STREET,58000.0,57000.0,400.8275838692268
211530182,4970073000,debenhams,2020,Torbay,RETAIL_HIGH_STREET,58000.0,57000.0,611.7380509949301
211750000,14634915000,debenhams,2020,Stoke-on-Trent,OTHER_COMMERCIAL,2700.0,2700.0,1099.0864005862559
211750000,247993236,debenhams,2020,Stoke-on-Trent,OTHER_COMMERCIAL,2700.0,2700.0,663.9244378031714
211750000,248006236,debenhams,2020,Stoke-on-Trent,OTHER_COMMERCIAL,2700.0,2650.0,1386.2224856785297
211752000,249725236,debenhams,2020,Stoke-on-Trent,OTHER_COMMERCIAL,1800.0,1800.0,4135.336884983326
211752000,14503021000,debenhams,2020,Stoke-on-Trent,OTHER_COMMERCIAL,1800.0,1800.0,331.7393519125177
211752000,297958236,debenhams,2020,Stoke-on-Trent,OTHER_COMMERCIAL,1800.0,1825.0,576.9665561511514
211786239,9186537000,thomas cook,2019,Dudley,RETAIL_HIGH_STREET,134000.0,74500.0,2133.2280551790286
211786239,11386729000,thomas cook,2019,Dudley,RETAIL_HIGH_STREET,134000.0,70000.0,2133.2280551790286
211786239,501405000,thomas cook,2019,Dudley,RETAIL_HIGH_STREET,134000.0,67500.0,567.341067160188
211804239,1044001000,bhs,2016,Dudley,RETAIL_OTHER_SUPERSTORES_AND_WAREHOUSES,960000.0,980000.0,1258.237041610977
211804239,8990903000,bhs,2016,Dudley,RETAIL_OTHER_SUPERSTORES_AND_WAREHOUSES,960000.0,1030000.0,538.0706926822174
211804239,14658299000,bhs,2016,Dudley,RETAIL_OTHER_SUPERSTORES_AND_WAREHOUSES,960000.0,1110000.0,1639.90963775749
211806239,11656755000,debenhams,2020,Dudley,RETAIL_OTHER_SUPERSTORES_AND_WAREHOUSES,1320000.0,1320000.0,1639.90963775749
211806239,8788788000,debenhams,2020,Dudley,RETAIL_OTHER_SUPERSTORES_AND_WAREHOUSES,1320000.0,1400000.0,1639.90963775749
211806239,15046663000,debenhams,2020,Dudley,RETAIL_OTHER_SUPERSTORES_AND_WAREHOUSES,1320000.0,1110000.0,1639.90963775749
212536045,14363769000,arcadia,2020,West Northamptonshire,RETAIL_HIGH_STREET,35500.0,34000.0,16084.505933764272
212536045,14214870000,arcadia,2020,West Northamptonshire,RETAIL_HIGH_STREET,35500.0,34000.0,26474.0765793791
212536045,3093061000,arcadia,2020,West Northamptonshire,RETAIL_HIGH_STREET,35500.0,33250.0,19088.114339332984
212610017,2607725000,cath kidston,2020,Watford,RETAIL_HIGH_STREET,158000.0,183000.0,2609.5823387713403
212610017,1830135000,cath kidston,2020,Watford,RETAIL_HIGH_STREET,158000.0,61000.0,1700.9955991221245
212610017,5301358000,cath kidston,2020,Watford,RETAIL_HIGH_STREET,158000.0,59000.0,1711.1322836525335
212726017,9441994000,paperchase,2023,Watford,RETAIL_HIGH_STREET,214000.0,57500.0,323.37397147432614
212726017,5725202000,paperchase,2023,Watford,RETAIL_HIGH_STREET,214000.0,57000.0,170.40270443879388
212726017,206259017,paperchase,2023,Watford,RETAIL_HIGH_STREET,214000.0,55500.0,170.40270443879388
212918211,580417000,arcadia,2020,South Gloucestershire,RETAIL_HIGH_STREET,103000.0,78500.0,2239.4264485088265
212918211,6618038000,arcadia,2020,South Gloucestershire,RETAIL_HIGH_STREET,103000.0,73500.0,3477.0647454027953
212918211,2649748000,arcadia,2020,South Gloucestershire,RETAIL_HIGH_STREET,103000.0,73500.0,1922.1066519394722
213062045,14128031000,wilko,2023,West Northamptonshire,OFFICE_GENERAL,7400.0,7400.0,2168.991511259323
213062045,12537666000,wilko,2023,West Northamptonshire,OFFICE_GENERAL,7400.0,7400.0,4397.021833508969
213062045,4267000,wilko,2023,West Northamptonshire,OFFICE_GENERAL,7400.0,7400.0,2353.4994486967166
213189017,4063030000,body shop,2024,Watford,RETAIL_HIGH_STREET,157000.0,55500.0,895.9548121844181
213189017,206210017,body shop,2024,Watford,RETAIL_HIGH_STREET,157000.0,54000.0,272.36365317890267
213189017,11073978000,body shop,2024,Watford,RETAIL_HIGH_STREET,157000.0,53500.0,811.4747872415402
214482125,9193082000,body shop,2024,Lancaster,RETAIL_HIGH_STREET,54000.0,33250.0,533.6785100446042
214482125,204578125,body shop,2024,Lancaster,RETAIL_HIGH_STREET,54000.0,31750.0,260.12115281281876
214482125,12524277000,body shop,2024,Lancaster,RETAIL_HIGH_STREET,54000.0,30500.0,533.6785100446042
215669102,30064000,frankie&bennys,2020,Stockton-on-Tees,RETAIL_HIGH_STREET,8900.0,8900.0,3575.7711988176993
215669102,4575424000,frankie&bennys,2020,Stockton-on-Tees,RETAIL_HIGH_STREET,8900.0,8900.0,8107.551091104237
215669102,7815082000,frankie&bennys,2020,Stockton-on-Tees,RETAIL_HIGH_STREET,8900.0,8900.0,6581.698042115334
216058232,9380434000,arcadia,2020,East Staffordshire,RETAIL_HIGH_STREET,145000.0,111000.0,18883.826057825285
216058232,13168470000,arcadia,2020,East Staffordshire,RETAIL_HIGH_STREET,145000.0,52000.0,6135.395849122562
216058232,5730112000,arcadia,2020,East Staffordshire,RETAIL_HIGH_STREET,145000.0,46000.0,18959.917812410225
216973042,13910966000,poundworld,2018,Derby,RETAIL_HIGH_STREET,99500.0,76000.0,642.3584349776254
216973042,9812881000,poundworld,2018,Derby,RETAIL_HIGH_STREET,99500.0,66000.0,588.7705524446783
216973042,7145812000,poundworld,2018,Derby,RETAIL_HIGH_STREET,99500.0,57000.0,2344.769204957263
217040011,204336011,arcadia,2020,Bedford,RETAIL_HIGH_STREET,17000.0,17000.0,281.4386051016855
217040011,11555375000,arcadia,2020,Bedford,RETAIL_HIGH_STREET,17000.0,17000.0,1395.1428817478547
217040011,217040011,arcadia,2020,Bedford,RETAIL_HIGH_STREET,17000.0,17000.0,2156.276118305567
217182042,2449991000,bhs,2016,Derby,RETAIL_OTHER_SUPERSTORES_AND_WAREHOUSES,350000.0,347500.0,1983.1069147274172
217182042,14799587000,bhs,2016,Derby,RETAIL_OTHER_SUPERSTORES_AND_WAREHOUSES,350000.0,342500.0,624.6437213245441
217182042,138759000,bhs,2016,Derby,RETAIL_OTHER_SUPERSTORES_AND_WAREHOUSES,350000.0,357500.0,1726.9172138729139
217240232,9274212000,thomas cook,2019,East Staffordshire,RETAIL_HIGH_STREET,37500.0,37750.0,18883.826057825285
217240232,11842492000,thomas cook,2019,East Staffordshire,RETAIL_HIGH_STREET,37500.0,38000.0,2976.144463056382
217240232,1715283000,thomas cook,2019,East Staffordshire,RETAIL_HIGH_STREET,37500.0,36750.0,1174.8683412488108
217569072,217569072,arcadia,2020,Bromley,OFFICE_GENERAL,6100.0,6100.0,2911.6692172171815
217569072,7722846000,arcadia,2020,Bromley,OFFICE_GENERAL,6100.0,6100.0,324.8449099623048
217569072,7170605000,arcadia,2020,Bromley,OFFICE_GENERAL,6100.0,6100.0,360.7681122175115
217983011,182561011,arcadia,2020,Central Bedfordshire,RETAIL_RESTAURANTS_AND_CAFES,12000.0,12000.0,10277.047157192574
217983011,212111011,arcadia,2020,Central Bedfordshire,RETAIL_RESTAURANTS_AND_CAFES,12000.0,12000.0,2988.0595685959943
217983011,217983011,arcadia,2020,Central Bedfordshire,RETAIL_RESTAURANTS_AND_CAFES,12000.0,12000.0,3755.609046019639
220438214,14234712000,thomas cook,2019,Gloucester,RETAIL_HIGH_STREET,102000.0,94500.0,1659.502858350108
220438214,496286000,thomas cook,2019,Gloucester,RETAIL_HIGH_STREET,102000.0,89500.0,3414.468148555356
220438214,10915214,thomas cook,2019,Gloucester,RETAIL_HIGH_STREET,102000.0,79500.0,151.04972328429787
221590132,11914652000,wilko,2023,Cheshire West and Chester,RETAIL_HIGH_STREET,159000.0,148000.0,157.42957433596894
221590132,11840377000,wilko,2023,Cheshire West and Chester,RETAIL_HIGH_STREET,159000.0,138000.0,157.42957433596894
221590132,14608109000,wilko,2023,Cheshire West and Chester,RETAIL_HIGH_STREET,159000.0,131000.0,157.42957433596894
221789082,9762126000,strada,2018,Hammersmith and Fulham,RETAIL_RESTAURANTS_AND_CAFES,52000.0,52000.0,1106.1259898790267
221789082,221124082,strada,2018,Hammersmith and Fulham,RETAIL_RESTAURANTS_AND_CAFES,52000.0,52000.0,1641.69743589371
221789082,167646082,strada,2018,Hammersmith and Fulham,RETAIL_RESTAURANTS_AND_CAFES,52000.0,52000.0,862.8098165655693
222272072,39546072,thomas cook,2019,Bromley,RETAIL_HIGH_STREET,14500.0,14500.0,2683.9929417961735
222272072,234231072,thomas cook,2019,Bromley,RETAIL_HIGH_STREET,14500.0,14500.0,288.7346597729461
222272072,730425072,thomas cook,2019,Bromley,RETAIL_HIGH_STREET,14500.0,14500.0,3589.0205038329846
222314082,7736811000,poundworld,2018,Hammersmith and Fulham,RETAIL_OTHER_SUPERSTORES_AND_WAREHOUSES,97000.0,106000.0,492.75785636961507
222314082,14736396000,poundworld,2018,Hammersmith and Fulham,RETAIL_OTHER_SUPERSTORES_AND_WAREHOUSES,97000.0,84000.0,937.9665663248838
222314082,14589100000,poundworld,2018,Hammersmith and Fulham,RETAIL_OTHER_SUPERSTORES_AND_WAREHOUSES,97000.0,76000.0,2286.635812567912
222693214,14786616000,debenhams,2020,Gloucester,RETAIL_OTHER_SUPERSTORES_AND_WAREHOUSES,1170000.0,1160000.0,490.38968659014506
222693214,4421148000,debenhams,2020,Gloucester,RETAIL_OTHER_SUPERSTORES_AND_WAREHOUSES,1170000.0,1220000.0,1869.4248573872824
222693214,14962697000,debenhams,2020,Gloucester,RETAIL_OTHER_SUPERSTORES_AND_WAREHOUSES,1170000.0,1230000.0,282.7203432488495
223427237,14060041000,body shop,2024,Warwick,INDUSTRIAL_GENERAL,10750.0,10750.0,1820.86927223966
223427237,592980000,body shop,2024,Warwick,INDUSTRIAL_GENERAL,10750.0,10750.0,3853.136109350834
223427237,4007348000,body shop,2024,Warwick,INDUSTRIAL_GENERAL,10750.0,10750.0,685.8339341286941
223550044,9574942000,debenhams,2020,Leicester,RETAIL_OTHER_SUPERSTORES_AND_WAREHOUSES,1250000.0,1330000.0,1419.73288636158
223550044,14778052000,debenhams,2020,Leicester,RETAIL_OTHER_SUPERSTORES_AND_WAREHOUSES,1250000.0,1130000.0,1419.73288636158
223550044,9269847000,debenhams,2020,Leicester,RETAIL_OTHER_SUPERSTORES_AND_WAREHOUSES,1250000.0,1470000.0,1778.15226764277
223611063,12119450000,cafe rouge,2020,Camden,RETAIL_RESTAURANTS_AND_CAFES,178000.0,179000.0,261.2282434455793
223611063,11765732000,cafe rouge,2020,Camden,RETAIL_RESTAURANTS_AND_CAFES,178000.0,187000.0,997.2370131067626
223611063,14214492000,cafe rouge,2020,Camden,RETAIL_RESTAURANTS_AND_CAFES,178000.0,188000.0,174.55899110913455
223809042,14978799000,toys r us,2018,Derby,RETAIL_OTHER_SUPERSTORES_AND_WAREHOUSES,550000.0,515000.0,181.8810924519209
223809042,7611218000,toys r us,2018,Derby,RETAIL_OTHER_SUPERSTORES_AND_WAREHOUSES,550000.0,460000.0,1726.9172138729139
223809042,973528000,toys r us,2018,Derby,RETAIL_OTHER_SUPERSTORES_AND_WAREHOUSES,550000.0,412500.0,703.7888500189667
223810042,221942042,homebase,2024,Derby,RETAIL_OTHER_SUPERSTORES_AND_WAREHOUSES,485000.0,377500.0,2290.4361311627495
223810042,13880533000,homebase,2024,Derby,RETAIL_OTHER_SUPERSTORES_AND_WAREHOUSES,485000.0,340000.0,2588.695797665653
223810042,8079640000,homebase,2024,Derby,RETAIL_OTHER_SUPERSTORES_AND_WAREHOUSES,485000.0,325000.0,466.8342222613789
223947192,10135710000,mothercare,2019,Cardiff,RETAIL_OTHER_SUPERSTORES_AND_WAREHOUSES,214000.0,214000.0,997.8591143005962
223947192,9094239000,mothercare,2019,Cardiff,RETAIL_OTHER_SUPERSTORES_AND_WAREHOUSES,214000.0,211000.0,1566.8789734093534
223947192,761733000,mothercare,2019,Cardiff,RETAIL_OTHER_SUPERSTORES_AND_WAREHOUSES,214000.0,211000.0,3575.8431719377772
224825036,8215104000,body shop,2024,Norwich,OFFICE_GENERAL,5800.0,5800.0,176.91828440686953
224825036,13190582000,body shop,2024,Norwich,OFFICE_GENERAL,5800.0,5800.0,3321.12319345404
224825036,9939451000,body shop,2024,Norwich,OFFICE_GENERAL,5800.0,5800.0,323.780181320955
224847036,7632389000,arcadia,2020,Norwich,RETAIL_HIGH_STREET,5600.0,5600.0,821.2816385844004
224847036,62795036,arcadia,2020,Norwich,RETAIL_HIGH_STREET,5600.0,5600.0,510.3917549155259
224847036,4272218000,arcadia,2020,Norwich,RETAIL_HIGH_STREET,5600.0,5600.0,378.43197875912193
228447046,6419956000,body shop,2024,Charnwood,RETAIL_HIGH_STREET,27750.0,27250.0,510.84266540354315
228447046,11684885000,body shop,2024,Charnwood,RETAIL_HIGH_STREET,27750.0,29250.0,3915.0480439991966
228447046,5520697000,body shop,2024,Charnwood,RETAIL_HIGH_STREET,27750.0,25750.0,2331.5024523170578
229498082,282854082,arcadia,2020,Hammersmith and Fulham,RETAIL_HIGH_STREET,13250.0,13250.0,950.2625256464258
229498082,226449082,arcadia,2020,Hammersmith and Fulham,RETAIL_HIGH_STREET,13250.0,13250.0,1143.8913195136595
229498082,10366171000,arcadia,2020,Hammersmith and Fulham,RETAIL_HIGH_STREET,13250.0,13250.0,1014.2311808422626
229512082,5288826000,arcadia,2020,Hammersmith and Fulham,RETAIL_HIGH_STREET,153000.0,156000.0,1436.3896515630845
229512082,8771184000,arcadia,2020,Hammersmith and Fulham,RETAIL_HIGH_STREET,153000.0,164000.0,748.6840266579147
229512082,12625009000,arcadia,2020,Hammersmith and Fulham,RETAIL_HIGH_STREET,153000.0,166000.0,933.401087897024
229733046,9377772000,arcadia,2020,Charnwood,RETAIL_HIGH_STREET,96500.0,25250.0,2424.937470072648
229733046,8950812000,arcadia,2020,Charnwood,RETAIL_HIGH_STREET,96500.0,25250.0,2347.3218308965243
229733046,4615115000,arcadia,2020,Charnwood,RETAIL_HIGH_STREET,96500.0,24750.0,157.3078778008986
231057226,153033226,thomas cook,2019,Cannock Chase,RETAIL_HIGH_STREET,20000.0,19750.0,10031.413899134808
231057226,427075000,thomas cook,2019,Cannock Chase,RETAIL_HIGH_STREET,20000.0,19750.0,9965.127978595872
231057226,1219888000,thomas cook,2019,Cannock Chase,RETAIL_HIGH_STREET,20000.0,20250.0,152.27766128828114
231707222,3901817000,arcadia,2020,Coventry,RETAIL_HIGH_STREET,180000.0,142000.0,1620.2294251382848
231707222,8615787000,arcadia,2020,Coventry,RETAIL_HIGH_STREET,180000.0,130000.0,2132.3448614734243
231707222,9969303000,arcadia,2020,Coventry,RETAIL_HIGH_STREET,180000.0,128000.0,3608.715534858092
232356222,12741922000,thomas cook,2019,Coventry,RETAIL_HIGH_STREET,11500.0,11500.0,539.6256254218188
232356222,14409695000,thomas cook,2019,Coventry,RETAIL_HIGH_STREET,11500.0,11500.0,977.5107977721434
232356222,62480222,thomas cook,2019,Coventry,RETAIL_HIGH_STREET,11500.0,11500.0,1788.8752792033797
232453237,14463624000,mothercare,2019,Warwick,RETAIL_OTHER_SUPERSTORES_AND_WAREHOUSES,297500.0,249000.0,1061.9818119488368
232453237,13710169000,mothercare,2019,Warwick,RETAIL_OTHER_SUPERSTORES_AND_WAREHOUSES,297500.0,365000.0,1844.3732291676824
232453237,8705028000,mothercare,2019,Warwick,RETAIL_OTHER_SUPERSTORES_AND_WAREHOUSES,297500.0,216000.0,517.8748787869205
232656102,232656102,arcadia,2020,Hartlepool,RETAIL_HIGH_STREET,2275.0,2275.0,856.2368460736849
232656102,45451102,arcadia,2020,Hartlepool,RETAIL_HIGH_STREET,2275.0,2250.0,205.81006827811302
232656102,8495670000,arcadia,2020,Hartlepool,RETAIL_HIGH_STREET,2275.0,2250.0,4465.691459980328
232675222,13372612000,arcadia,2020,Coventry,RETAIL_HIGH_STREET,2200.0,2200.0,1107.9305611041111
232675222,3828994000,arcadia,2020,Coventry,RETAIL_HIGH_STREET,2200.0,2200.0,2271.4940062786395
232675222,94583222,arcadia,2020,Coventry,RETAIL_HIGH_STREET,2200.0,2200.0,804.9770640576066
233644241,11616022000,body shop,2024,Bradford,RETAIL_HIGH_STREET,47750.0,47500.0,772.014417611855
233644241,11898193000,body shop,2024,Bradford,RETAIL_HIGH_STREET,47750.0,47250.0,197.89827177135194
233644241,8357233000,body shop,2024,Bradford,RETAIL_HIGH_STREET,47750.0,47250.0,2614.560290081438
233678102,8790160000,poundworld,2018,Hartlepool,RETAIL_HIGH_STREET,93000.0,95500.0,2817.7367986458626
233678102,11148870000,poundworld,2018,Hartlepool,RETAIL_HIGH_STREET,93000.0,54000.0,1560.245305651986
233678102,8788544000,poundworld,2018,Hartlepool,RETAIL_HIGH_STREET,93000.0,49000.0,2874.8732249992104
233740102,7823326000,thomas cook,2019,Hartlepool,RETAIL_HIGH_STREET,76000.0,45000.0,153.0763928347602
233740102,9365397000,thomas cook,2019,Hartlepool,RETAIL_HIGH_STREET,76000.0,34750.0,1450.305125301356
233740102,8273675000,thomas cook,2019,Hartlepool,RETAIL_HIGH_STREET,76000.0,32000.0,1411.18214387573
234223072,236173072,poundworld,2018,Bromley,RETAIL_OTHER_SUPERSTORES_AND_WAREHOUSES,106000.0,101000.0,2894.016997002076
234223072,233914072,poundworld,2018,Bromley,RETAIL_OTHER_SUPERSTORES_AND_WAREHOUSES,106000.0,99000.0,3099.305579850116
234223072,71442072,poundworld,2018,Bromley,RETAIL_OTHER_SUPERSTORES_AND_WAREHOUSES,106000.0,113000.0,4860.718005860159
234314141,10366141,arcadia,2020,Brighton and Hove,RETAIL_HIGH_STREET,3750.0,3750.0,975.468431053173
234314141,13270141,arcadia,2020,Brighton and Hove,RETAIL_HIGH_STREET,3750.0,3750.0,1316.1114688539617
234314141,91652141,arcadia,2020,Brighton and Hove,RETAIL_HIGH_STREET,3750.0,3750.0,615.5049470507678
234569141,9488349000,maplin,2018,Brighton and Hove,RETAIL_HIGH_STREET,32750.0,32750.0,155.96424490255646
234569141,90737141,maplin,2018,Brighton and Hove,RETAIL_HIGH_STREET,32750.0,33000.0,250.54545549259598
234569141,236113141,maplin,2018,Brighton and Hove,RETAIL_HIGH_STREET,32750.0,33000.0,231.01825169037858
234894222,10765022000,homebase,2024,Coventry,RETAIL_OTHER_SUPERSTORES_AND_WAREHOUSES,515000.0,500000.0,3481.242733465792
234894222,9968921000,homebase,2024,Coventry,RETAIL_OTHER_SUPERSTORES_AND_WAREHOUSES,515000.0,535000.0,1620.2294251382848
234894222,276282222,homebase,2024,Coventry,RETAIL_OTHER_SUPERSTORES_AND_WAREHOUSES,515000.0,445000.0,811.9299360299716
234967222,3901820000,thomas cook,2019,Coventry,RETAIL_HIGH_STREET,77500.0,76500.0,1620.2294251382848
234967222,3901824000,thomas cook,2019,Coventry,RETAIL_HIGH_STREET,77500.0,76500.0,1620.2294251382848
234967222,11388774000,thomas cook,2019,Coventry,RETAIL_HIGH_STREET,77500.0,79000.0,2618.4624906761755
235493126,177816126,arcadia,2020,Preston,RETAIL_HIGH_STREET,417500.0,59500.0,256.31537973836123
235493126,4577140000,arcadia,2020,Preston,RETAIL_HIGH_STREET,417500.0,58000.0,708.5783818461682
235493126,849451000,arcadia,2020,Preston,RETAIL_HIGH_STREET,417500.0,56500.0,2534.905629989754
236140072,15040226000,prezzo,2018,Bromley,RETAIL_RESTAURANTS_AND_CAFES,34000.0,34000.0,185.29826434434375
236140072,234340072,prezzo,2018,Bromley,RETAIL_RESTAURANTS_AND_CAFES,34000.0,34250.0,8201.522804372678
236140072,10718680000,prezzo,2018,Bromley,RETAIL_RESTAURANTS_AND_CAFES,34000.0,34500.0,4453.262993025367
237268036,14847162000,debenhams,2020,Norwich,INDUSTRIAL_GENERAL,54500.0,54500.0,2927.731764028968
237268036,14468309000,debenhams,2020,Norwich,INDUSTRIAL_GENERAL,54500.0,54000.0,153.0430651665592
237268036,12678938000,debenhams,2020,Norwich,INDUSTRIAL_GENERAL,54500.0,55000.0,4396.098538757368
238474036,9454342000,debenhams,2020,Norwich,RETAIL_OTHER_SUPERSTORES_AND_WAREHOUSES,870000.0,850000.0,1142.3163550155086
238474036,2925036,debenhams,2020,Norwich,RETAIL_OTHER_SUPERSTORES_AND_WAREHOUSES,870000.0,1020000.0,200.68525450608303
238474036,14754600000,debenhams,2020,Norwich,RETAIL_OTHER_SUPERSTORES_AND_WAREHOUSES,870000.0,1030000.0,357.0787455715958
238493133,13683287000,arcadia,2020,Cheshire West and Chester,RETAIL_HIGH_STREET,76500.0,78000.0,157.42957433596894
238493133,12036232000,arcadia,2020,Cheshire West and Chester,RETAIL_HIGH_STREET,76500.0,78000.0,157.42957433596894
238493133,106895000,arcadia,2020,Cheshire West and Chester,RETAIL_HIGH_STREET,76500.0,73000.0,169.35942075740263
238586133,281937133,frankie&bennys,2020,Cheshire West and Chester,RETAIL_HIGH_STREET,16250.0,16250.0,15086.674661375506
238586133,16432132,frankie&bennys,2020,Cheshire West and Chester,RETAIL_HIGH_STREET,16250.0,16250.0,1983.8963074783392
238586133,9466365000,frankie&bennys,2020,Cheshire West and Chester,RETAIL_HIGH_STREET,16250.0,16250.0,411.7686081439783
238590133,2865132,thomas cook,2019,Cheshire West and Chester,RETAIL_HIGH_STREET,22500.0,22500.0,285.6781996619405
238590133,15056403000,thomas cook,2019,Cheshire West and Chester,RETAIL_HIGH_STREET,22500.0,22500.0,800.6069632938954
238590133,19426132,thomas cook,2019,Cheshire West and Chester,RETAIL_HIGH_STREET,22500.0,22500.0,169.35942075740263
238599133,308714133,arcadia,2020,Cheshire West and Chester,RETAIL_HIGH_STREET,61000.0,58000.0,7871.77649741802
238599133,14087356000,arcadia,2020,Cheshire West and Chester,RETAIL_HIGH_STREET,61000.0,57500.0,157.42957433596894
238599133,235755132,arcadia,2020,Cheshire West and Chester,RETAIL_HIGH_STREET,61000.0,56000.0,159.77400687426527
238606226,10903647000,homebase,2024,Cannock Chase,RETAIL_OTHER_SUPERSTORES_AND_WAREHOUSES,342500.0,355000.0,1528.2859571635197
238606226,9163914000,homebase,2024,Cannock Chase,RETAIL_OTHER_SUPERSTORES_AND_WAREHOUSES,342500.0,305000.0,1637.8769627113807
238606226,14912958000,homebase,2024,Cannock Chase,RETAIL_OTHER_SUPERSTORES_AND_WAREHOUSES,342500.0,305000.0,10669.147283552065
238987239,12402559000,thomas cook,2019,Dudley,RETAIL_HIGH_STREET,3600.0,3600.0,1667.5740154046446
238987239,1573912000,thomas cook,2019,Dudley,RETAIL_HIGH_STREET,3600.0,3600.0,4178.860349246509
238987239,82762239,thomas cook,2019,Dudley,RETAIL_HIGH_STREET,3600.0,3600.0,664.6554006394348
240177254,5472792000,wilko,2023,East Riding of Yorkshire,RETAIL_HIGH_STREET,108000.0,108000.0,17462.444563491194
240177254,8935662000,wilko,2023,East Riding of Yorkshire,RETAIL_HIGH_STREET,108000.0,106000.0,17462.444563491194
240177254,14776281000,wilko,2023,East Riding of Yorkshire,RETAIL_HIGH_STREET,108000.0,111000.0,34180.02109323491
240189141,5310667000,thomas cook,2019,Crawley,RETAIL_HIGH_STREET,48000.0,49250.0,4413.306256571062
240189141,10532998000,thomas cook,2019,Crawley,RETAIL_HIGH_STREET,48000.0,49750.0,4588.6125840409795
240189141,14606590000,thomas cook,2019,Crawley,RETAIL_HIGH_STREET,48000.0,46000.0,4588.6125840409795
240268241,12569482000,carluccios,2020,Bradford,RETAIL_RESTAURANTS_AND_CAFES,35750.0,35750.0,2075.8348617484044
240268241,115910241,carluccios,2020,Bradford,RETAIL_RESTAURANTS_AND_CAFES,35750.0,35500.0,2289.760377429813
240268241,109513241,carluccios,2020,Bradford,RETAIL_RESTAURANTS_AND_CAFES,35750.0,36000.0,4118.782855916946
241017234,12681964000,arcadia,2020,Telford and Wrekin,RETAIL_HIGH_STREET,240000.0,130000.0,2129.859238098612
241017234,9520695000,arcadia,2020,Telford and Wrekin,RETAIL_HIGH_STREET,240000.0,122000.0,2129.859238098612
241017234,268994234,arcadia,2020,Telford and Wrekin,RETAIL_HIGH_STREET,240000.0,114000.0,365.49196443526193
241020234,14078332000,thomas cook,2019,Telford and Wrekin,RETAIL_HIGH_STREET,133000.0,112500.0,2129.859238098612
241020234,1701327000,thomas cook,2019,Telford and Wrekin,RETAIL_HIGH_STREET,133000.0,95000.0,2127.482516331725
241020234,161063234,thomas cook,2019,Telford and Wrekin,RETAIL_HIGH_STREET,133000.0,62500.0,11074.62830032107
241061234,9426654000,debenhams,2020,Telford and Wrekin,RETAIL_OTHER_SUPERSTORES_AND_WAREHOUSES,705000.0,735000.0,4289.804267771764
241061234,9079665000,debenhams,2020,Telford and Wrekin,RETAIL_OTHER_SUPERSTORES_AND_WAREHOUSES,705000.0,650000.0,11102.543602849986
241061234,10444625000,debenhams,2020,Telford and Wrekin,RETAIL_OTHER_SUPERSTORES_AND_WAREHOUSES,705000.0,640000.0,1615.638478817108
241217072,10765146000,arcadia,2020,Bromley,OFFICE_GENERAL,38750.0,38500.0,405.772043439979
241217072,5939230000,arcadia,2020,Bromley,OFFICE_GENERAL,38750.0,38500.0,5741.179030059597
241217072,33690072,arcadia,2020,Bromley,OFFICE_GENERAL,38750.0,38500.0,726.8528894580585
242444144,12387630000,wilko,2023,Eastbourne,RETAIL_OTHER_SUPERSTORES_AND_WAREHOUSES,207000.0,205000.0,1030.1422257316883
242444144,6871113000,wilko,2023,Eastbourne,RETAIL_OTHER_SUPERSTORES_AND_WAREHOUSES,207000.0,213000.0,1383.41658110079
242444144,9643760000,wilko,2023,Eastbourne,RETAIL_OTHER_SUPERSTORES_AND_WAREHOUSES,207000.0,194000.0,1718.0019674030455
243148013,2835157000,thomas cook,2019,North Hertfordshire,INDUSTRIAL_GENERAL,41750.0,41750.0,1908.296964368596
243148013,7171874000,thomas cook,2019,North Hertfordshire,INDUSTRIAL_GENERAL,41750.0,41750.0,1887.6197706841501
243148013,5249228000,thomas cook,2019,North Hertfordshire,INDUSTRIAL_GENERAL,41750.0,41500.0,1966.4391923302387
243163236,9052274000,body shop,2024,Stoke-on-Trent,INDUSTRIAL_GENERAL,8400.0,8400.0,1985.4445538490475
243163236,10685613000,body shop,2024,Stoke-on-Trent,INDUSTRIAL_GENERAL,8400.0,8400.0,321.6605300995859
243163236,9113305000,body shop,2024,Stoke-on-Trent,INDUSTRIAL_GENERAL,8400.0,8400.0,1716.8683466089492
243258000,19422132,cath kidston,2020,Cheshire West and Chester,RETAIL_HIGH_STREET,56500.0,54500.0,169.35942075740263
243258000,3797877000,cath kidston,2020,Cheshire West and Chester,RETAIL_HIGH_STREET,56500.0,54500.0,7922.385682585844
243258000,246019133,cath kidston,2020,Cheshire West and Chester,RETAIL_HIGH_STREET,56500.0,52500.0,2401.466927612739
243635241,11296061000,maplin,2018,Bradford,RETAIL_OTHER_SUPERSTORES_AND_WAREHOUSES,78500.0,78500.0,850.9765986769173
243635241,104114241,maplin,2018,Bradford,RETAIL_OTHER_SUPERSTORES_AND_WAREHOUSES,78500.0,78500.0,4231.906718446324
243635241,194327241,maplin,2018,Bradford,RETAIL_OTHER_SUPERSTORES_AND_WAREHOUSES,78500.0,78000.0,983.142405243124
243716236,244804236,strada,2018,Stoke-on-Trent,LEISURE_LUXURY_HOTELS,35000.0,121500.0,1557.5873617569805
243716236,9183304000,strada,2018,Stoke-on-Trent,LEISURE_LUXURY_HOTELS,35000.0,151500.0,500.1116018404247
243716236,12460883000,strada,2018,Stoke-on-Trent,LEISURE_LUXURY_HOTELS,35000.0,157500.0,243.99941351096845
244308044,203446044,mothercare,2019,Leicester,RETAIL_OTHER_SUPERSTORES_AND_WAREHOUSES,287500.0,270000.0,177.1896639701953
244308044,40301044,mothercare,2019,Leicester,RETAIL_OTHER_SUPERSTORES_AND_WAREHOUSES,287500.0,317500.0,1527.0083825460697
244308044,14824101000,mothercare,2019,Leicester,RETAIL_OTHER_SUPERSTORES_AND_WAREHOUSES,287500.0,255000.0,3544.456294121937
244323239,10670773000,maplin,2018,Dudley,RETAIL_OTHER_SUPERSTORES_AND_WAREHOUSES,191000.0,191000.0,1578.550207621948
244323239,10415322000,maplin,2018,Dudley,RETAIL_OTHER_SUPERSTORES_AND_WAREHOUSES,191000.0,192000.0,4146.580805719315
244323239,7017384000,maplin,2018,Dudley,RETAIL_OTHER_SUPERSTORES_AND_WAREHOUSES,191000.0,198000.0,236.47536675590058
244467236,14006452000,wilko,2023,Stoke-on-Trent,RETAIL_OTHER_SUPERSTORES_AND_WAREHOUSES,275000.0,280000.0,996.8462551689264
244467236,8385019000,wilko,2023,Stoke-on-Trent,RETAIL_OTHER_SUPERSTORES_AND_WAREHOUSES,275000.0,282500.0,1933.9236944238191
244467236,11445021000,wilko,2023,Stoke-on-Trent,RETAIL_OTHER_SUPERSTORES_AND_WAREHOUSES,275000.0,260000.0,323.68046938284743
244590108,171010108,arcadia,2020,North Yorkshire,RETAIL_HIGH_STREET,16250.0,16250.0,552.6027542276227
244590108,10081660000,arcadia,2020,North Yorkshire,RETAIL_HIGH_STREET,16250.0,16250.0,42026.37289777786
244590108,195767105,arcadia,2020,North Yorkshire,RETAIL_HIGH_STREET,16250.0,16250.0,5031.302766985477
245740239,203682239,paperchase,2023,Dudley,RETAIL_HIGH_STREET,196000.0,65000.0,649.205751613263
245740239,208711239,paperchase,2023,Dudley,RETAIL_HIGH_STREET,196000.0,60000.0,649.205751613263
245740239,7268266000,paperchase,2023,Dudley,RETAIL_HIGH_STREET,196000.0,59000.0,649.205751613263
246270033,10579834000,thomas cook,2019,Chesterfield,RETAIL_HIGH_STREET,44750.0,41750.0,1800.0246299799219
246270033,3263324000,thomas cook,2019,Chesterfield,RETAIL_HIGH_STREET,44750.0,38000.0,663.4023434716914
246270033,8948397000,thomas cook,2019,Chesterfield,RETAIL_HIGH_STREET,44750.0,36750.0,635.4199909958431
246305236,4751405000,maplin,2018,Stoke-on-Trent,OTHER_COMMERCIAL,250.0,250.0,529.3200869793641
246305236,1690665000,maplin,2018,Stoke-on-Trent,OTHER_COMMERCIAL,250.0,225.0,350.03819108373546
246305236,15049479000,maplin,2018,Stoke-on-Trent,OTHER_COMMERCIAL,250.0,215.0,830.228776735031
246434234,150996234,toys r us,2018,Telford and Wrekin,RETAIL_HIGH_STREET,221000.0,51500.0,1936.4349616624688
246434234,10807372000,toys r us,2018,Telford and Wrekin,RETAIL_HIGH_STREET,221000.0,47000.0,1666.1635125103783
246434234,11383194000,toys r us,2018,Telford and Wrekin,RETAIL_HIGH_STREET,221000.0,43000.0,1195.8549068273257
246951239,203681239,cath kidston,2020,Dudley,RETAIL_HIGH_STREET,216000.0,58000.0,649.205751613263
246951239,9340807000,cath kidston,2020,Dudley,RETAIL_HIGH_STREET,216000.0,51500.0,1783.9488896699731
246951239,9331920000,cath kidston,2020,Dudley,RETAIL_HIGH_STREET,216000.0,46750.0,648.8672178627469
247106234,12242942000,mothercare,2019,Telford and Wrekin,RETAIL_OTHER_SUPERSTORES_AND_WAREHOUSES,340000.0,337500.0,11073.368866295705
247106234,975313000,mothercare,2019,Telford and Wrekin,RETAIL_OTHER_SUPERSTORES_AND_WAREHOUSES,340000.0,335000.0,441.6197474299782
247106234,3948404000,mothercare,2019,Telford and Wrekin,RETAIL_OTHER_SUPERSTORES_AND_WAREHOUSES,340000.0,315000.0,441.6197474299782
247491082,9413050000,thomas cook,2019,Hammersmith and Fulham,RETAIL_HIGH_STREET,78500.0,78000.0,940.9038180661532
247491082,8979922000,thomas cook,2019,Hammersmith and Fulham,RETAIL_HIGH_STREET,78500.0,77500.0,731.2990906879223
247491082,9282545000,thomas cook,2019,Hammersmith and Fulham,RETAIL_HIGH_STREET,78500.0,79500.0,910.3019390293601
247728162,11666829000,arcadia,2020,Buckinghamshire,RETAIL_HIGH_STREET,31000.0,31000.0,6905.791153950874
247728162,14533699000,arcadia,2020,Buckinghamshire,RETAIL_HIGH_STREET,31000.0,31000.0,6905.791153950874
247728162,546653162,arcadia,2020,Buckinghamshire,RETAIL_HIGH_STREET,31000.0,30750.0,8379.718770251397
247970141,12935395000,homebase,2024,Crawley,RETAIL_OTHER_SUPERSTORES_AND_WAREHOUSES,935000.0,870000.0,439.11675898754225
247970141,13558223000,homebase,2024,Crawley,RETAIL_OTHER_SUPERSTORES_AND_WAREHOUSES,935000.0,1010000.0,1366.5619362720226
247970141,12660012000,homebase,2024,Crawley,RETAIL_OTHER_SUPERSTORES_AND_WAREHOUSES,935000.0,1010000.0,1589.8257111526732
248269162,1756972000,prezzo,2018,Buckinghamshire,RETAIL_RESTAURANTS_AND_CAFES,64000.0,65000.0,13146.449219105267
248269162,14922123000,prezzo,2018,Buckinghamshire,RETAIL_RESTAURANTS_AND_CAFES,64000.0,66000.0,3037.561823232999
248269162,210605162,prezzo,2018,Buckinghamshire,RETAIL_RESTAURANTS_AND_CAFES,64000.0,66500.0,6303.4441326983915
250105000,182040184,thomas cook,2019,Plymouth,RETAIL_HIGH_STREET,84000.0,57000.0,1209.617556529574
250105000,194547184,thomas cook,2019,Plymouth,RETAIL_HIGH_STREET,84000.0,56500.0,1214.2592448639332
250105000,306316184,thomas cook,2019,Plymouth,RETAIL_HIGH_STREET,84000.0,56500.0,2515.807969429937
250860075,215156075,bhs,2016,Southwark,RETAIL_HIGH_STREET,9200.0,9200.0,5450.609543374642
250860075,1924435000,bhs,2016,Southwark,RETAIL_HIGH_STREET,9200.0,9200.0,3425.0914347981566
250860075,215504075,bhs,2016,Southwark,RETAIL_HIGH_STREET,9200.0,9200.0,4801.658305185959
251537222,3895257000,body shop,2024,Coventry,RETAIL_HIGH_STREET,64500.0,63000.0,1620.2294251382848
251537222,9934752000,body shop,2024,Coventry,RETAIL_HIGH_STREET,64500.0,60000.0,2918.222788782244
251537222,8340423000,body shop,2024,Coventry,RETAIL_HIGH_STREET,64500.0,69500.0,285.07043995154334
251542222,5374650000,arcadia,2020,Coventry,RETAIL_HIGH_STREET,165000.0,123000.0,2618.4624906761755
251542222,14295301000,arcadia,2020,Coventry,RETAIL_HIGH_STREET,165000.0,116000.0,420.1821888347497
251542222,10563769000,arcadia,2020,Coventry,RETAIL_HIGH_STREET,165000.0,111000.0,3481.242733465792
251551222,13885224000,arcadia,2020,Coventry,RETAIL_HIGH_STREET,85000.0,81500.0,3481.242733465792
251551222,11392713000,arcadia,2020,Coventry,RETAIL_HIGH_STREET,85000.0,91000.0,285.07043995154334
251551222,11379969000,arcadia,2020,Coventry,RETAIL_HIGH_STREET,85000.0,92500.0,3813.481704606641
251567222,8354861000,debenhams,2020,Coventry,RETAIL_OTHER_SUPERSTORES_AND_WAREHOUSES,735000.0,655000.0,1620.2294251382848
251567222,11446297000,debenhams,2020,Coventry,RETAIL_OTHER_SUPERSTORES_AND_WAREHOUSES,735000.0,590000.0,652.7356461172385
251567222,275982222,debenhams,2020,Coventry,RETAIL_OTHER_SUPERSTORES_AND_WAREHOUSES,735000.0,910000.0,811.9299360299716
251629239,485316000,body shop,2024,Dudley,OFFICE_GENERAL,690.0,690.0,1293.9331199017838
251629239,13122049000,body shop,2024,Dudley,OFFICE_GENERAL,690.0,690.0,3332.576334311014
251629239,13122045000,body shop,2024,Dudley,OFFICE_GENERAL,690.0,690.0,3332.576334311014
252735241,12520941000,poundworld,2018,Bradford,RETAIL_OTHER_SUPERSTORES_AND_WAREHOUSES,370000.0,367500.0,1920.558639556702
252735241,3457266000,poundworld,2018,Bradford,RETAIL_OTHER_SUPERSTORES_AND_WAREHOUSES,370000.0,352500.0,2480.6058864919596
252735241,12201965000,poundworld,2018,Bradford,RETAIL_OTHER_SUPERSTORES_AND_WAREHOUSES,370000.0,402500.0,4565.700784783598
253259239,2893415000,arcadia,2020,Dudley,RETAIL_HIGH_STREET,282500.0,44000.0,557.8900646760619
253259239,15030227000,arcadia,2020,Dudley,RETAIL_HIGH_STREET,282500.0,39750.0,731.708981711164
253259239,203796239,arcadia,2020,Dudley,RETAIL_HIGH_STREET,282500.0,39750.0,4090.7994763924426
253263239,105342239,body shop,2024,Dudley,RETAIL_HIGH_STREET,161000.0,39750.0,4164.641533480451
253263239,9716665000,body shop,2024,Dudley,RETAIL_HIGH_STREET,161000.0,39250.0,537.721306431352
253263239,5055234000,body shop,2024,Dudley,RETAIL_HIGH_STREET,161000.0,37500.0,592.555175588944
253293239,8597716000,arcadia,2020,Dudley,RETAIL_HIGH_STREET,210000.0,37500.0,1608.0011806890157
253293239,14665056000,arcadia,2020,Dudley,RETAIL_HIGH_STREET,210000.0,35750.0,2714.3820558043085
253293239,13662630000,arcadia,2020,Dudley,RETAIL_HIGH_STREET,210000.0,35000.0,3429.9320005049267
253304239,206819239,bhs,2016,Dudley,RETAIL_RESTAURANTS_AND_CAFES,46750.0,47250.0,842.5227048478233
253304239,201526239,bhs,2016,Dudley,RETAIL_RESTAURANTS_AND_CAFES,46750.0,45750.0,1568.5321300273408
253304239,265559239,bhs,2016,Dudley,RETAIL_RESTAURANTS_AND_CAFES,46750.0,45750.0,3312.377404592994
253756212,250686212,body shop,2024,"Bristol, City of",RETAIL_HIGH_STREET,44500.0,44500.0,1668.4858143831598
253756212,346837212,body shop,2024,"Bristol, City of",RETAIL_HIGH_STREET,44500.0,44500.0,1469.009232488078
253756212,10258704000,body shop,2024,"Bristol, City of",RETAIL_HIGH_STREET,44500.0,44500.0,215.58615928696744
254142241,5293226000,thomas cook,2019,Bradford,RETAIL_HIGH_STREET,39250.0,39000.0,601.850784303361
254142241,11741901000,thomas cook,2019,Bradford,RETAIL_HIGH_STREET,39250.0,38500.0,168.33292765207
254142241,11714548000,thomas cook,2019,Bradford,RETAIL_HIGH_STREET,39250.0,38000.0,1920.558639556702
255067212,2277280000,debenhams,2020,"Bristol, City of",RETAIL_OTHER_SUPERSTORES_AND_WAREHOUSES,1380000.0,1390000.0,2834.052128309371
255067212,9738992000,debenhams,2020,"Bristol, City of",RETAIL_OTHER_SUPERSTORES_AND_WAREHOUSES,1380000.0,1320000.0,3147.9654533602043
255067212,321392212,debenhams,2020,"Bristol, City of",RETAIL_OTHER_SUPERSTORES_AND_WAREHOUSES,1380000.0,1310000.0,4017.4960780525753
255752033,562201033,body shop,2024,Chesterfield,RETAIL_HIGH_STREET,11000.0,11000.0,310.4572596185761
255752033,14093423000,body shop,2024,Chesterfield,RETAIL_HIGH_STREET,11000.0,11000.0,429.9782347123751
255752033,14800109000,body shop,2024,Chesterfield,RETAIL_HIGH_STREET,11000.0,11000.0,1315.215978392419
256044000,10590844000,ted baker,2024,Cheshire West and Chester,RETAIL_HIGH_STREET,56500.0,51500.0,368.58916922669613
256044000,2379319000,ted baker,2024,Cheshire West and Chester,RETAIL_HIGH_STREET,56500.0,51000.0,396.3781990939521
256044000,319074133,ted baker,2024,Cheshire West and Chester,RETAIL_HIGH_STREET,56500.0,49750.0,299.9636497331954
256270000,8044396000,cafe rouge,2020,County Durham,RETAIL_RESTAURANTS_AND_CAFES,90000.0,91500.0,172.7245752967845
256270000,7898542000,cafe rouge,2020,County Durham,RETAIL_RESTAURANTS_AND_CAFES,90000.0,91500.0,228.14133659331057
256270000,4502489000,cafe rouge,2020,County Durham,RETAIL_RESTAURANTS_AND_CAFES,90000.0,88000.0,7879.9019323723705
256325239,8812322000,wilko,2023,Dudley,RETAIL_OTHER_SUPERSTORES_AND_WAREHOUSES,140000.0,140000.0,2242.147776493308
256325239,1427286000,wilko,2023,Dudley,RETAIL_OTHER_SUPERSTORES_AND_WAREHOUSES,140000.0,136000.0,1115.032082585177
256325239,3696976000,wilko,2023,Dudley,RETAIL_OTHER_SUPERSTORES_AND_WAREHOUSES,140000.0,146000.0,1748.8705658256554
257899033,12981632000,thomas cook,2019,Chesterfield,RETAIL_HIGH_STREET,43250.0,36500.0,2041.3137094933443
257899033,3368169000,thomas cook,2019,Chesterfield,RETAIL_HIGH_STREET,43250.0,35000.0,960.6554444645008
257899033,6483024000,thomas cook,2019,Chesterfield,RETAIL_HIGH_STREET,43250.0,33500.0,663.4023434716914
258402037,14080854000,maplin,2018,Nottingham,RETAIL_HIGH_STREET,14500.0,14500.0,633.9600486614577
258402037,14775273000,maplin,2018,Nottingham,RETAIL_HIGH_STREET,14500.0,14500.0,207.82851814355922
258402037,255788037,maplin,2018,Nottingham,RETAIL_HIGH_STREET,14500.0,14500.0,5423.04186977795
258604013,254923013,wilko,2023,North Hertfordshire,RETAIL_OTHER_SUPERSTORES_AND_WAREHOUSES,135000.0,140000.0,1530.100013768502
258604013,4784851000,wilko,2023,North Hertfordshire,RETAIL_OTHER_SUPERSTORES_AND_WAREHOUSES,135000.0,127000.0,684.0059532462302
258604013,14940179000,wilko,2023,North Hertfordshire,RETAIL_OTHER_SUPERSTORES_AND_WAREHOUSES,135000.0,146000.0,15959.822275177665
258605013,2285766000,wilko,2023,North Hertfordshire,WAREHOUSING_LARGE_SCALE_AND_HIGH_BAY,24500.0,24250.0,15877.169874802205
258605013,12407789000,wilko,2023,North Hertfordshire,WAREHOUSING_LARGE_SCALE_AND_HIGH_BAY,24500.0,24250.0,1283.6744606192403
258605013,2474793000,wilko,2023,North Hertfordshire,WAREHOUSING_LARGE_SCALE_AND_HIGH_BAY,24500.0,24750.0,1111.8962850987223
259064037,339888000,arcadia,2020,Nottingham,RETAIL_HIGH_STREET,285000.0,158000.0,752.0735986177261
259064037,71733037,arcadia,2020,Nottingham,RETAIL_HIGH_STREET,285000.0,50000.0,184.59651119843042
259064037,8788860000,arcadia,2020,Nottingham,RETAIL_HIGH_STREET,285000.0,49000.0,207.82851814355922
260098037,8788686000,arcadia,2020,Nottingham,RETAIL_HIGH_STREET,49000.0,47750.0,192.9836487922269
260098037,7713523000,arcadia,2020,Nottingham,RETAIL_HIGH_STREET,49000.0,47750.0,184.59651119843042
260098037,50084000,arcadia,2020,Nottingham,RETAIL_HIGH_STREET,49000.0,43750.0,2015.5033871592727
260122037,13434461000,bhs,2016,Nottingham,RETAIL_OTHER_SUPERSTORES_AND_WAREHOUSES,249000.0,249000.0,1281.4220651441722
260122037,11788729000,bhs,2016,Nottingham,RETAIL_OTHER_SUPERSTORES_AND_WAREHOUSES,249000.0,243000.0,3284.067868865016
260122037,14548608000,bhs,2016,Nottingham,RETAIL_OTHER_SUPERSTORES_AND_WAREHOUSES,249000.0,257500.0,930.0477920578214
260138037,10108269000,wilko,2023,Nottingham,RETAIL_OTHER_SUPERSTORES_AND_WAREHOUSES,77500.0,77500.0,1212.7480608327837
260138037,67234037,wilko,2023,Nottingham,RETAIL_OTHER_SUPERSTORES_AND_WAREHOUSES,77500.0,76000.0,2251.694116547545
260138037,333849037,wilko,2023,Nottingham,RETAIL_OTHER_SUPERSTORES_AND_WAREHOUSES,77500.0,72500.0,2210.59339689374
260216234,11142828000,bhs,2016,Telford and Wrekin,RETAIL_OTHER_SUPERSTORES_AND_WAREHOUSES,460000.0,422500.0,3951.3697404626946
260216234,14899025000,bhs,2016,Telford and Wrekin,RETAIL_OTHER_SUPERSTORES_AND_WAREHOUSES,460000.0,415000.0,1099.393550200322
260216234,7703236000,bhs,2016,Telford and Wrekin,RETAIL_OTHER_SUPERSTORES_AND_WAREHOUSES,460000.0,407500.0,1242.7684473557747
260395239,5518165000,wilko,2023,Dudley,RETAIL_OTHER_SUPERSTORES_AND_WAREHOUSES,203000.0,204000.0,2625.6109344860893
260395239,8015775000,wilko,2023,Dudley,RETAIL_OTHER_SUPERSTORES_AND_WAREHOUSES,203000.0,201000.0,2201.409601770692
260395239,8453733000,wilko,2023,Dudley,RETAIL_OTHER_SUPERSTORES_AND_WAREHOUSES,203000.0,205000.0,341.0706933715403
261606175,14539438000,homebase,2024,Fareham,RETAIL_OTHER_SUPERSTORES_AND_WAREHOUSES,452500.0,465000.0,5334.5286157005385
261606175,10633602000,homebase,2024,Fareham,RETAIL_OTHER_SUPERSTORES_AND_WAREHOUSES,452500.0,400000.0,4134.789464845229
261606175,113162175,homebase,2024,Fareham,RETAIL_OTHER_SUPERSTORES_AND_WAREHOUSES,452500.0,515000.0,5555.46227555894
262538175,13852789000,frankie&bennys,2020,Fareham,RETAIL_HIGH_STREET,8400.0,8400.0,3312.991299892859
262538175,112449175,frankie&bennys,2020,Fareham,RETAIL_HIGH_STREET,8400.0,8400.0,2775.8719001153313
262538175,202297175,frankie&bennys,2020,Fareham,RETAIL_HIGH_STREET,8400.0,8400.0,3621.2139323688007
263134239,49591239,thomas cook,2019,Dudley,RETAIL_HIGH_STREET,94500.0,34250.0,197.00005674222515
263134239,14988601000,thomas cook,2019,Dudley,RETAIL_HIGH_STREET,94500.0,34250.0,2204.141279940956
263134239,8832841000,thomas cook,2019,Dudley,RETAIL_HIGH_STREET,94500.0,34000.0,759.6770621772191
264730212,284673000,arcadia,2020,"Bristol, City of",OFFICE_GENERAL,5100.0,5100.0,8130.589805204586
264730212,9728763000,arcadia,2020,"Bristol, City of",OFFICE_GENERAL,5100.0,5100.0,1153.8480882597203
264730212,6816241000,arcadia,2020,"Bristol, City of",OFFICE_GENERAL,5100.0,5100.0,552.2489985948023
265114045,2844462000,wilko,2023,North Northamptonshire,RETAIL_OTHER_SUPERSTORES_AND_WAREHOUSES,156000.0,156000.0,1051.2009131704935
265114045,8813196000,wilko,2023,North Northamptonshire,RETAIL_OTHER_SUPERSTORES_AND_WAREHOUSES,156000.0,150000.0,12650.470707329438
265114045,1251387000,wilko,2023,North Northamptonshire,RETAIL_OTHER_SUPERSTORES_AND_WAREHOUSES,156000.0,149000.0,1723.1584647102536
265402037,67060037,arcadia,2020,Nottingham,RETAIL_HIGH_STREET,2300.0,2300.0,1613.4512301101088
265402037,27142037,arcadia,2020,Nottingham,RETAIL_HIGH_STREET,2300.0,2300.0,976.8697425994237
265402037,23150037,arcadia,2020,Nottingham,RETAIL_HIGH_STREET,2300.0,2300.0,1738.975829672367
265573144,55644144,homebase,2024,Eastbourne,RETAIL_OTHER_SUPERSTORES_AND_WAREHOUSES,450000.0,432500.0,1600.548517007052
265573144,257785144,homebase,2024,Eastbourne,RETAIL_OTHER_SUPERSTORES_AND_WAREHOUSES,450000.0,347500.0,489.50399219010455
265573144,8791922000,homebase,2024,Eastbourne,RETAIL_OTHER_SUPERSTORES_AND_WAREHOUSES,450000.0,347500.0,1520.6653097408682
265591216,279607216,cath kidston,2020,Wiltshire,RETAIL_HIGH_STREET,17000.0,17000.0,1683.4511787382908
265591216,1815092000,cath kidston,2020,Wiltshire,RETAIL_HIGH_STREET,17000.0,17000.0,9287.306731567056
265591216,10174287000,cath kidston,2020,Wiltshire,RETAIL_HIGH_STREET,17000.0,17000.0,5616.894147385925
265597216,8641358000,thomas cook,2019,Wiltshire,RETAIL_HIGH_STREET,19500.0,19500.0,14043.415620912725
265597216,3612016000,thomas cook,2019,Wiltshire,RETAIL_HIGH_STREET,19500.0,19500.0,5649.199345805254
265597216,14627271000,thomas cook,2019,Wiltshire,RETAIL_HIGH_STREET,19500.0,19500.0,1951.4004586270044
265862045,169616045,strada,2018,West Northamptonshire,RETAIL_HIGH_STREET,26000.0,26000.0,12523.831915534385
265862045,2920382000,strada,2018,West Northamptonshire,RETAIL_HIGH_STREET,26000.0,26000.0,2096.563326075823
265862045,14639674000,strada,2018,West Northamptonshire,RETAIL_HIGH_STREET,26000.0,25750.0,12173.19260007337
265868033,313190033,strada,2018,Chesterfield,RETAIL_HIGH_STREET,13750.0,13750.0,2612.1827441848427
265868033,14690934000,strada,2018,Chesterfield,RETAIL_HIGH_STREET,13750.0,13500.0,1258.4198397351836
265868033,8950182000,strada,2018,Chesterfield,RETAIL_HIGH_STREET,13750.0,14000.0,593.572103037721
265972000,12409917000,wilko,2023,Somerset,RETAIL_OTHER_SUPERSTORES_AND_WAREHOUSES,241000.0,246000.0,458.1985075364446
265972000,8833417000,wilko,2023,Somerset,RETAIL_OTHER_SUPERSTORES_AND_WAREHOUSES,241000.0,246000.0,8050.446812526296
265972000,9670377000,wilko,2023,Somerset,RETAIL_OTHER_SUPERSTORES_AND_WAREHOUSES,241000.0,247000.0,440.29237402583135
266599045,10606164000,wilko,2023,West Northamptonshire,RETAIL_OTHER_SUPERSTORES_AND_WAREHOUSES,100000.0,106000.0,18000.23169413333
266599045,205426045,wilko,2023,West Northamptonshire,RETAIL_OTHER_SUPERSTORES_AND_WAREHOUSES,100000.0,93000.0,413.80183881942986
266599045,1851559000,wilko,2023,West Northamptonshire,RETAIL_OTHER_SUPERSTORES_AND_WAREHOUSES,100000.0,107000.0,276.39407052600177
266701017,9682138000,maplin,2018,Watford,RETAIL_HIGH_STREET,47250.0,46750.0,267.53259264928914
266701017,4088853000,maplin,2018,Watford,RETAIL_HIGH_STREET,47250.0,46500.0,357.8147179369988
266701017,1729016000,maplin,2018,Watford,RETAIL_HIGH_STREET,47250.0,45000.0,1106.4455192997157
266828045,14425433000,poundworld,2018,West Northamptonshire,RETAIL_HIGH_STREET,82000.0,54500.0,5927.881774497239
266828045,4005103000,poundworld,2018,West Northamptonshire,RETAIL_HIGH_STREET,82000.0,53500.0,16084.505933764272
266828045,13755523000,poundworld,2018,West Northamptonshire,RETAIL_HIGH_STREET,82000.0,52500.0,1162.5358569800417
267066045,8896213000,homebase,2024,West Northamptonshire,RETAIL_OTHER_SUPERSTORES_AND_WAREHOUSES,595000.0,480000.0,2025.1928674486453
267066045,10759518000,homebase,2024,West Northamptonshire,RETAIL_OTHER_SUPERSTORES_AND_WAREHOUSES,595000.0,477500.0,886.11201734963
267066045,13439636000,homebase,2024,West Northamptonshire,RETAIL_OTHER_SUPERSTORES_AND_WAREHOUSES,595000.0,720000.0,3205.370225471257
267076045,763194000,body shop,2024,West Northamptonshire,LEISURE_PERIODIC_USE,4050.0,4100.0,6836.364503824029
267076045,463173045,body shop,2024,West Northamptonshire,LEISURE_PERIODIC_USE,4050.0,4150.0,22892.517726667713
267076045,4381314000,body shop,2024,West Northamptonshire,LEISURE_PERIODIC_USE,4050.0,3900.0,5416.228636146141
269028075,81243000,body shop,2024,Southwark,RETAIL_HIGH_STREET,51500.0,51500.0,1696.3109566549242
269028075,13428817000,body shop,2024,Southwark,RETAIL_HIGH_STREET,51500.0,51000.0,3204.3893952927724
269028075,268881075,body shop,2024,Southwark,RETAIL_HIGH_STREET,51500.0,52000.0,1803.572928101431
269032075,11858168000,thomas cook,2019,Southwark,RETAIL_HIGH_STREET,26250.0,26250.0,272.31274766114365
269032075,270659075,thomas cook,2019,Southwark,RETAIL_HIGH_STREET,26250.0,26250.0,3090.781591582904
269032075,11400619000,thomas cook,2019,Southwark,RETAIL_HIGH_STREET,26250.0,26250.0,514.2643433934824
269118075,8312674000,poundworld,2018,Southwark,RETAIL_HIGH_STREET,128000.0,129000.0,235.03590691903187
269118075,270662075,poundworld,2018,Southwark,RETAIL_HIGH_STREET,128000.0,130000.0,1803.572928101431
269118075,269116075,poundworld,2018,Southwark,RETAIL_HIGH_STREET,128000.0,124000.0,2960.6168713475486
269235132,1901993000,thomas cook,2019,Cheshire West and Chester,OTHER_COMMERCIAL,1000.0,1000.0,371.7692374300326
269235132,1901988000,thomas cook,2019,Cheshire West and Chester,OTHER_COMMERCIAL,1000.0,1000.0,371.7692374300326
269235132,1901985000,thomas cook,2019,Cheshire West and Chester,OTHER_COMMERCIAL,1000.0,1000.0,371.7692374300326
269871075,266779075,arcadia,2020,Southwark,INDUSTRIAL_GENERAL,11500.0,11500.0,2954.482532259359
269871075,10644323000,arcadia,2020,Southwark,INDUSTRIAL_GENERAL,11500.0,11500.0,433.33275106283884
269871075,8179285000,arcadia,2020,Southwark,INDUSTRIAL_GENERAL,11500.0,11500.0,857.0812339156405
270501045,2204414000,wilko,2023,West Northamptonshire,RETAIL_OTHER_SUPERSTORES_AND_WAREHOUSES,219000.0,222000.0,607.9519207229275
270501045,6685078000,wilko,2023,West Northamptonshire,RETAIL_OTHER_SUPERSTORES_AND_WAREHOUSES,219000.0,213000.0,27581.309115106684
270501045,8344752000,wilko,2023,West Northamptonshire,RETAIL_OTHER_SUPERSTORES_AND_WAREHOUSES,219000.0,225000.0,923.7963848728325
271787232,14299049000,body shop,2024,East Staffordshire,RETAIL_HIGH_STREET,63000.0,45500.0,7827.370091592968
271787232,9180415000,body shop,2024,East Staffordshire,RETAIL_HIGH_STREET,63000.0,41750.0,7261.42010426622
271787232,207478232,body shop,2024,East Staffordshire,RETAIL_HIGH_STREET,63000.0,41750.0,18807.246002060718
272579186,6453186,body shop,2024,Somerset,RETAIL_HIGH_STREET,2650.0,2650.0,21063.14466634167
272579186,1543998000,body shop,2024,Somerset,RETAIL_HIGH_STREET,2650.0,2650.0,9935.289049830535
272579186,185712186,body shop,2024,Somerset,RETAIL_HIGH_STREET,2650.0,2650.0,11791.782423801256
273396045,9867158000,bhs,2016,West Northamptonshire,RETAIL_RESTAURANTS_AND_CAFES,77000.0,76000.0,325.96932145311047
273396045,95278045,bhs,2016,West Northamptonshire,RETAIL_RESTAURANTS_AND_CAFES,77000.0,78000.0,10310.39116511859
273396045,45712045,bhs,2016,West Northamptonshire,RETAIL_RESTAURANTS_AND_CAFES,77000.0,75850.0,3637.304868105646
274903132,1589167000,thomas cook,2019,Cheshire West and Chester,RETAIL_HIGH_STREET,25500.0,25250.0,14922.437533606704
274903132,8960254000,thomas cook,2019,Cheshire West and Chester,RETAIL_HIGH_STREET,25500.0,25250.0,1937.5250594097513
274903132,238511133,thomas cook,2019,Cheshire West and Chester,RETAIL_HIGH_STREET,25500.0,25750.0,152.03504969500466
276334132,308739133,poundworld,2018,Cheshire West and Chester,RETAIL_HIGH_STREET,345000.0,106000.0,7871.77649741802
276334132,7049090000,poundworld,2018,Cheshire West and Chester,RETAIL_HIGH_STREET,345000.0,104000.0,7913.935294120053
276334132,7572420000,poundworld,2018,Cheshire West and Chester,RETAIL_HIGH_STREET,345000.0,98500.0,262.178295136091
276444032,8997237000,arcadia,2020,Lincoln,RETAIL_HIGH_STREET,59000.0,65500.0,181.30186737965255
276444032,8346134000,arcadia,2020,Lincoln,RETAIL_HIGH_STREET,59000.0,67000.0,3207.3736272120113
276444032,10897424000,arcadia,2020,Lincoln,RETAIL_HIGH_STREET,59000.0,49250.0,283.4443638037033
276587244,73630244,thomas cook,2019,Leeds,RETAIL_HIGH_STREET,13000.0,13000.0,3856.4115284276795
276587244,296744244,thomas cook,2019,Leeds,RETAIL_HIGH_STREET,13000.0,13000.0,12904.018819215713
276587244,111422000,thomas cook,2019,Leeds,RETAIL_HIGH_STREET,13000.0,13000.0,2749.194086608964
277413234,10093204000,homebase,2024,Telford and Wrekin,RETAIL_OTHER_SUPERSTORES_AND_WAREHOUSES,545000.0,405000.0,441.6197474299782
277413234,5555734000,homebase,2024,Telford and Wrekin,RETAIL_OTHER_SUPERSTORES_AND_WAREHOUSES,545000.0,287500.0,1099.393550200322
277413234,118915000,homebase,2024,Telford and Wrekin,RETAIL_OTHER_SUPERSTORES_AND_WAREHOUSES,545000.0,282500.0,441.6197474299782
278026171,2583366000,mothercare,2019,Rushmoor,RETAIL_OTHER_SUPERSTORES_AND_WAREHOUSES,48000.0,45750.0,1722.0494388005648
278026171,133818171,mothercare,2019,Rushmoor,RETAIL_OTHER_SUPERSTORES_AND_WAREHOUSES,48000.0,44250.0,1646.9227053187644
278026171,5922003000,mothercare,2019,Rushmoor,RETAIL_OTHER_SUPERSTORES_AND_WAREHOUSES,48000.0,43500.0,1830.7464638259933
278396132,3699534000,poundworld,2018,Cheshire West and Chester,RETAIL_HIGH_STREET,89500.0,84500.0,7922.385682585844
278396132,14278695000,poundworld,2018,Cheshire West and Chester,RETAIL_HIGH_STREET,89500.0,83500.0,157.42957433596894
278396132,11840368000,poundworld,2018,Cheshire West and Chester,RETAIL_HIGH_STREET,89500.0,82500.0,157.42957433596894
278927145,2596656000,thomas cook,2019,Canterbury,RETAIL_HIGH_STREET,9200.0,9200.0,1841.218493973675
278927145,9280967000,thomas cook,2019,Canterbury,RETAIL_HIGH_STREET,9200.0,9200.0,622.3315839994916
278927145,4390573000,thomas cook,2019,Canterbury,RETAIL_HIGH_STREET,9200.0,9200.0,7670.728609447609
279181011,5151984000,mothercare,2019,Bedford,RETAIL_OTHER_SUPERSTORES_AND_WAREHOUSES,171000.0,171000.0,1268.032983545204
279181011,9885512000,mothercare,2019,Bedford,RETAIL_OTHER_SUPERSTORES_AND_WAREHOUSES,171000.0,184000.0,365.1549839214374
279181011,9885540000,mothercare,2019,Bedford,RETAIL_OTHER_SUPERSTORES_AND_WAREHOUSES,171000.0,186000.0,365.1549839214374
279431216,13220782000,thomas cook,2019,Wiltshire,RETAIL_HIGH_STREET,24500.0,24500.0,13207.031059502984
279431216,12692620000,thomas cook,2019,Wiltshire,RETAIL_HIGH_STREET,24500.0,24500.0,27947.403742479506
279431216,349286216,thomas cook,2019,Wiltshire,RETAIL_HIGH_STREET,24500.0,24250.0,13409.727096848945
280184132,12790096000,arcadia,2020,Cheshire West and Chester,RETAIL_HIGH_STREET,3450.0,3450.0,8179.844290938851
280184132,10380149000,arcadia,2020,Cheshire West and Chester,RETAIL_HIGH_STREET,3450.0,3450.0,2920.664411353288
280184132,231808133,arcadia,2020,Cheshire West and Chester,RETAIL_HIGH_STREET,3450.0,3450.0,960.9833751356479
280739094,284114094,thomas cook,2019,Sunderland,RETAIL_HIGH_STREET,38250.0,38250.0,1634.3607674263264
280739094,9585914000,thomas cook,2019,Sunderland,RETAIL_HIGH_STREET,38250.0,38000.0,2441.65888022746
280739094,9794343000,thomas cook,2019,Sunderland,RETAIL_HIGH_STREET,38250.0,38500.0,3211.086294803653
280754154,7314180000,poundworld,2018,Spelthorne,RETAIL_HIGH_STREET,154000.0,128000.0,4534.366932789895
280754154,13476451000,poundworld,2018,Spelthorne,RETAIL_HIGH_STREET,154000.0,117000.0,979.2313670071425
280754154,420200000,poundworld,2018,Spelthorne,RETAIL_HIGH_STREET,154000.0,195000.0,6303.847883154084
281295094,6160226000,mothercare,2019,Sunderland,RETAIL_HIGH_STREET,114000.0,109000.0,7185.151418449033
281295094,8336071000,mothercare,2019,Sunderland,RETAIL_HIGH_STREET,114000.0,88000.0,1849.4573806468702
281295094,14269900000,mothercare,2019,Sunderland,RETAIL_HIGH_STREET,114000.0,81500.0,1310.9042896877054
281876011,2679873000,thomas cook,2019,Central Bedfordshire,RETAIL_HIGH_STREET,6400.0,6400.0,10970.418063381932
281876011,207871011,thomas cook,2019,Central Bedfordshire,RETAIL_HIGH_STREET,6400.0,6400.0,10214.09971998293
281876011,217655011,thomas cook,2019,Central Bedfordshire,RETAIL_HIGH_STREET,6400.0,6400.0,10971.386153753463
282037132,3699554000,paperchase,2023,Cheshire West and Chester,RETAIL_HIGH_STREET,92000.0,71000.0,7922.385682585844
282037132,282934133,paperchase,2023,Cheshire West and Chester,RETAIL_HIGH_STREET,92000.0,67500.0,9985.952932080661
282037132,1347844000,paperchase,2023,Cheshire West and Chester,RETAIL_HIGH_STREET,92000.0,49000.0,7930.78251565902
282404171,301670171,mothercare,2019,Basingstoke and Deane,RETAIL_OTHER_SUPERSTORES_AND_WAREHOUSES,224000.0,222000.0,773.0585290491107
282404171,11710609000,mothercare,2019,Basingstoke and Deane,RETAIL_OTHER_SUPERSTORES_AND_WAREHOUSES,224000.0,232000.0,1865.511409715017
282404171,8972449000,mothercare,2019,Basingstoke and Deane,RETAIL_OTHER_SUPERSTORES_AND_WAREHOUSES,224000.0,205000.0,2168.6625337600344
284448132,14404322000,cath kidston,2020,Cheshire West and Chester,RETAIL_HIGH_STREET,127000.0,48750.0,396.3781990939521
284448132,9532505000,cath kidston,2020,Cheshire West and Chester,RETAIL_HIGH_STREET,127000.0,48500.0,10800.839935469674
284448132,14482981000,cath kidston,2020,Cheshire West and Chester,RETAIL_HIGH_STREET,127000.0,48250.0,361.7477548460613
284618011,12518080000,wilko,2023,Bedford,RETAIL_OTHER_SUPERSTORES_AND_WAREHOUSES,240000.0,236000.0,719.4653908951673
284618011,14363492000,wilko,2023,Bedford,RETAIL_OTHER_SUPERSTORES_AND_WAREHOUSES,240000.0,236000.0,3750.893771154973
284618011,8199910000,wilko,2023,Bedford,RETAIL_OTHER_SUPERSTORES_AND_WAREHOUSES,240000.0,234000.0,356.1012124281748
285018171,195617171,poundworld,2018,Rushmoor,RETAIL_HIGH_STREET,49250.0,34000.0,160.0422845734089
285018171,8900395000,poundworld,2018,Rushmoor,RETAIL_HIGH_STREET,49250.0,33500.0,1442.1179355527004
285018171,9663472000,poundworld,2018,Rushmoor,RETAIL_HIGH_STREET,49250.0,32000.0,169.79213922036428
285409222,7830261000,toys r us,2018,Coventry,RETAIL_OTHER_SUPERSTORES_AND_WAREHOUSES,645000.0,435000.0,2289.5677845154964
285409222,4126731000,toys r us,2018,Coventry,RETAIL_OTHER_SUPERSTORES_AND_WAREHOUSES,645000.0,425000.0,1620.2294251382848
285409222,235239222,toys r us,2018,Coventry,RETAIL_OTHER_SUPERSTORES_AND_WAREHOUSES,645000.0,422500.0,595.1279479138032
285411222,11520219000,toys r us,2018,Coventry,WAREHOUSING_LARGE_SCALE_AND_HIGH_BAY,2970000.0,2890000.0,3940.638794017199
285411222,14632389000,toys r us,2018,Coventry,WAREHOUSING_LARGE_SCALE_AND_HIGH_BAY,2970000.0,2290000.0,599.9220383317039
285411222,1087934000,toys r us,2018,Coventry,WAREHOUSING_LARGE_SCALE_AND_HIGH_BAY,2970000.0,2270000.0,1370.0631621119014
286500113,7839595000,thomas cook,2019,Manchester,OFFICE_GENERAL,49500.0,49500.0,271.6560062591932
286500113,273407113,thomas cook,2019,Manchester,OFFICE_GENERAL,49500.0,49500.0,172.5867008190653
286500113,8491604000,thomas cook,2019,Manchester,OFFICE_GENERAL,49500.0,49500.0,676.5593541975965
287587154,283767154,body shop,2024,Spelthorne,RETAIL_HIGH_STREET,60500.0,56500.0,1842.9062741793966
287587154,8791587000,body shop,2024,Spelthorne,RETAIL_HIGH_STREET,60500.0,55500.0,4538.772746307464
287587154,14976053000,body shop,2024,Spelthorne,RETAIL_HIGH_STREET,60500.0,66500.0,6152.521513947305
287589154,14553019000,thomas cook,2019,Spelthorne,RETAIL_HIGH_STREET,59000.0,53000.0,4170.507615046751
287589154,944866000,thomas cook,2019,Spelthorne,RETAIL_HIGH_STREET,59000.0,52500.0,327.215078868942
287589154,12930614000,thomas cook,2019,Spelthorne,RETAIL_HIGH_STREET,59000.0,50500.0,3128.581926666995
288499145,3973778000,debenhams,2020,Canterbury,RETAIL_OTHER_SUPERSTORES_AND_WAREHOUSES,147000.0,146000.0,1363.1864121252165
288499145,7361494000,debenhams,2020,Canterbury,RETAIL_OTHER_SUPERSTORES_AND_WAREHOUSES,147000.0,149000.0,1647.7551613082737
288499145,4513516000,debenhams,2020,Canterbury,RETAIL_OTHER_SUPERSTORES_AND_WAREHOUSES,147000.0,149000.0,219.47272175691418
288799132,319247133,carluccios,2020,Cheshire West and Chester,RETAIL_HIGH_STREET,131000.0,47750.0,7913.935294120053
288799132,3816872000,carluccios,2020,Cheshire West and Chester,RETAIL_HIGH_STREET,131000.0,47000.0,3700.3755890526163
288799132,308727133,carluccios,2020,Cheshire West and Chester,RETAIL_HIGH_STREET,131000.0,46000.0,7871.77649741802
289708113,219578113,toys r us,2018,Manchester,RETAIL_OTHER_SUPERSTORES_AND_WAREHOUSES,575000.0,575000.0,655.4773681974333
289708113,5652497000,toys r us,2018,Manchester,RETAIL_OTHER_SUPERSTORES_AND_WAREHOUSES,575000.0,565000.0,4088.315545514936
289708113,15079279000,toys r us,2018,Manchester,RETAIL_OTHER_SUPERSTORES_AND_WAREHOUSES,575000.0,555000.0,4174.933306445249
289826236,720169000,maplin,2018,Stoke-on-Trent,OTHER_COMMERCIAL,250.0,200.0,501.4647445423761
289826236,1488015000,maplin,2018,Stoke-on-Trent,OTHER_COMMERCIAL,250.0,200.0,1047.504730041703
289826236,250148236,maplin,2018,Stoke-on-Trent,OTHER_COMMERCIAL,250.0,173.0,1032.1405800276204
289827236,14999119000,maplin,2018,Stoke-on-Trent,OTHER_COMMERCIAL,250.0,330.0,1372.4789345187912
289827236,14984669000,maplin,2018,Stoke-on-Trent,OTHER_COMMERCIAL,250.0,330.0,1372.4789345187912
289827236,14625247000,maplin,2018,Stoke-on-Trent,OTHER_COMMERCIAL,250.0,335.0,2441.2256223195177
289828236,10971776000,maplin,2018,Stoke-on-Trent,OTHER_COMMERCIAL,250.0,162.0,3837.6714420217454
289828236,15048489000,maplin,2018,Stoke-on-Trent,OTHER_COMMERCIAL,250.0,152.0,2096.1272234519797
289828236,12829142000,maplin,2018,Stoke-on-Trent,OTHER_COMMERCIAL,250.0,140.0,625.3025271322772
289836236,12829115000,maplin,2018,Stoke-on-Trent,OTHER_COMMERCIAL,250.0,140.0,1652.2049926527945
289836236,10291460000,maplin,2018,Stoke-on-Trent,OTHER_COMMERCIAL,250.0,375.0,569.4546558715003
289836236,14610003000,maplin,2018,Stoke-on-Trent,OTHER_COMMERCIAL,250.0,385.0,1083.16484526873
289837236,15049133000,maplin,2018,Stoke-on-Trent,OTHER_COMMERCIAL,250.0,112.0,1041.3064673257707
289837236,1250097000,maplin,2018,Stoke-on-Trent,OTHER_COMMERCIAL,250.0,400.0,1437.8929758485579
289837236,1250131000,maplin,2018,Stoke-on-Trent,OTHER_COMMERCIAL,250.0,405.0,193.7990355216821
289838236,1487717000,maplin,2018,Stoke-on-Trent,OTHER_COMMERCIAL,250.0,405.0,619.6598539546204
289838236,1267605000,maplin,2018,Stoke-on-Trent,OTHER_COMMERCIAL,250.0,420.0,2308.2856373793243
289838236,1592254000,maplin,2018,Stoke-on-Trent,OTHER_COMMERCIAL,250.0,420.0,1598.9716515983298
290791094,10702514000,toys r us,2018,Sunderland,RETAIL_HIGH_STREET,275000.0,267500.0,3323.6219844074817
290791094,14269899000,toys r us,2018,Sunderland,RETAIL_HIGH_STREET,275000.0,80000.0,1310.9042896877054
290791094,14269887000,toys r us,2018,Sunderland,RETAIL_HIGH_STREET,275000.0,73000.0,1310.9042896877054
290798094,11205729000,body shop,2024,Sunderland,RETAIL_HIGH_STREET,101000.0,65500.0,3092.974470963374
290798094,6965389000,body shop,2024,Sunderland,RETAIL_HIGH_STREET,101000.0,65000.0,3831.521570432341
290798094,345618094,body shop,2024,Sunderland,RETAIL_HIGH_STREET,101000.0,62000.0,3754.4966265821477
290962000,12457941000,poundworld,2018,Leeds,RETAIL_HIGH_STREET,195000.0,193000.0,187.71774209036408
290962000,10565627000,poundworld,2018,Leeds,RETAIL_HIGH_STREET,195000.0,189000.0,187.71774209036408
290962000,10565416000,poundworld,2018,Leeds,RETAIL_HIGH_STREET,195000.0,220000.0,187.71774209036408
291570094,12571750000,wilko,2023,Sunderland,RETAIL_OTHER_SUPERSTORES_AND_WAREHOUSES,485000.0,535000.0,680.3717810895212
291570094,12512951000,wilko,2023,Sunderland,RETAIL_OTHER_SUPERSTORES_AND_WAREHOUSES,485000.0,535000.0,680.3717810895212
291570094,10905179000,wilko,2023,Sunderland,RETAIL_OTHER_SUPERSTORES_AND_WAREHOUSES,485000.0,430000.0,3214.0907709104445
291937113,13788895000,prezzo,2018,Manchester,RETAIL_RESTAURANTS_AND_CAFES,148000.0,148000.0,586.4653877867322
291937113,237453113,prezzo,2018,Manchester,RETAIL_RESTAURANTS_AND_CAFES,148000.0,147000.0,3844.5364287827447
291937113,4135368000,prezzo,2018,Manchester,RETAIL_RESTAURANTS_AND_CAFES,148000.0,145000.0,4227.615426543893
292079182,15007236000,mothercare,2019,Torbay,RETAIL_OTHER_SUPERSTORES_AND_WAREHOUSES,407500.0,407500.0,4946.355295208507
292079182,158515182,mothercare,2019,Torbay,RETAIL_OTHER_SUPERSTORES_AND_WAREHOUSES,407500.0,412500.0,1786.433209442697
292079182,14288615000,mothercare,2019,Torbay,RETAIL_OTHER_SUPERSTORES_AND_WAREHOUSES,407500.0,367500.0,6575.950435428758
292266094,12778826000,homebase,2024,Sunderland,RETAIL_OTHER_SUPERSTORES_AND_WAREHOUSES,260000.0,260000.0,4519.497203536192
292266094,2820428000,homebase,2024,Sunderland,RETAIL_OTHER_SUPERSTORES_AND_WAREHOUSES,260000.0,260000.0,3211.086294803653
292266094,10662970000,homebase,2024,Sunderland,RETAIL_OTHER_SUPERSTORES_AND_WAREHOUSES,260000.0,260000.0,2322.1761084024597
292928132,1234571000,body shop,2024,Cheshire West and Chester,RETAIL_HIGH_STREET,55500.0,44000.0,508.7890467828292
292928132,366174133,body shop,2024,Cheshire West and Chester,RETAIL_HIGH_STREET,55500.0,44000.0,7922.385682585844
292928132,238512133,body shop,2024,Cheshire West and Chester,RETAIL_HIGH_STREET,55500.0,42500.0,152.03504969500466
293127132,8789053000,toys r us,2018,Cheshire West and Chester,RETAIL_OTHER_SUPERSTORES_AND_WAREHOUSES,695000.0,685000.0,10822.383024076991
293127132,14566272000,toys r us,2018,Cheshire West and Chester,RETAIL_OTHER_SUPERSTORES_AND_WAREHOUSES,695000.0,750000.0,10835.104173920057
293127132,14549154000,toys r us,2018,Cheshire West and Chester,RETAIL_OTHER_SUPERSTORES_AND_WAREHOUSES,695000.0,610000.0,1047.1864542322144
293547172,6212099000,prezzo,2018,"Bournemouth, Christchurch and Poole",RETAIL_RESTAURANTS_AND_CAFES,33000.0,33000.0,329.533690016378
293547172,183750172,prezzo,2018,"Bournemouth, Christchurch and Poole",RETAIL_RESTAURANTS_AND_CAFES,33000.0,32750.0,1864.5522259931793
293547172,5560391000,prezzo,2018,"Bournemouth, Christchurch and Poole",RETAIL_RESTAURANTS_AND_CAFES,33000.0,32750.0,498.2605002210334
293607216,14325692000,toys r us,2018,Swindon,RETAIL_OTHER_SUPERSTORES_AND_WAREHOUSES,500000.0,525000.0,1792.3290875972866
293607216,4913338000,toys r us,2018,Swindon,RETAIL_OTHER_SUPERSTORES_AND_WAREHOUSES,500000.0,465000.0,768.0598404618435
293607216,8292263000,toys r us,2018,Swindon,RETAIL_OTHER_SUPERSTORES_AND_WAREHOUSES,500000.0,455000.0,3882.0079979103484
295286222,940648000,wilko,2023,Coventry,RETAIL_OTHER_SUPERSTORES_AND_WAREHOUSES,170000.0,170000.0,1405.9481745868115
295286222,3469605000,wilko,2023,Coventry,RETAIL_OTHER_SUPERSTORES_AND_WAREHOUSES,170000.0,171000.0,3568.847837823899
295286222,10384217000,wilko,2023,Coventry,RETAIL_OTHER_SUPERSTORES_AND_WAREHOUSES,170000.0,168000.0,450.41665996670645
296841222,14591356000,wilko,2023,Coventry,RETAIL_OTHER_SUPERSTORES_AND_WAREHOUSES,300000.0,300000.0,811.9299360299716
296841222,9087069000,wilko,2023,Coventry,RETAIL_OTHER_SUPERSTORES_AND_WAREHOUSES,300000.0,300000.0,811.9299360299716
296841222,14689811000,wilko,2023,Coventry,RETAIL_OTHER_SUPERSTORES_AND_WAREHOUSES,300000.0,297500.0,1620.2294251382848
297211172,9621800000,debenhams,2020,"Bournemouth, Christchurch and Poole",RETAIL_OTHER_SUPERSTORES_AND_WAREHOUSES,760000.0,730000.0,3173.5619432378326
297211172,7007427000,debenhams,2020,"Bournemouth, Christchurch and Poole",RETAIL_OTHER_SUPERSTORES_AND_WAREHOUSES,760000.0,620000.0,2825.2525997985335
297211172,2069283000,debenhams,2020,"Bournemouth, Christchurch and Poole",RETAIL_OTHER_SUPERSTORES_AND_WAREHOUSES,760000.0,940000.0,1904.850154181355
298345113,188917113,bella italia,2020,Manchester,RETAIL_HIGH_STREET,13000.0,13000.0,4274.65148310006
298345113,4032439000,bella italia,2020,Manchester,RETAIL_HIGH_STREET,13000.0,13000.0,1626.5084206112244
298345113,11341112000,bella italia,2020,Manchester,RETAIL_HIGH_STREET,13000.0,13000.0,1023.2763337795428
299801222,11029002000,mothercare,2019,Coventry,RETAIL_OTHER_SUPERSTORES_AND_WAREHOUSES,265000.0,262500.0,4353.302676419361
299801222,3198235000,mothercare,2019,Coventry,RETAIL_OTHER_SUPERSTORES_AND_WAREHOUSES,265000.0,262500.0,1625.423766071415
299801222,4484647000,mothercare,2019,Coventry,RETAIL_OTHER_SUPERSTORES_AND_WAREHOUSES,265000.0,270000.0,1679.7393555599479
299809222,4527724000,arcadia,2020,Coventry,RETAIL_OTHER_SUPERSTORES_AND_WAREHOUSES,495000.0,410000.0,450.41665996670645
299809222,8973358000,arcadia,2020,Coventry,RETAIL_OTHER_SUPERSTORES_AND_WAREHOUSES,495000.0,405000.0,687.2799420407202
299809222,4126733000,arcadia,2020,Coventry,RETAIL_OTHER_SUPERSTORES_AND_WAREHOUSES,495000.0,382500.0,1620.2294251382848
299855244,3571691000,thomas cook,2019,Leeds,RETAIL_HIGH_STREET,17500.0,17500.0,790.3848790256571
299855244,7811729000,thomas cook,2019,Leeds,RETAIL_HIGH_STREET,17500.0,17500.0,3568.297207130515
299855244,8538253000,thomas cook,2019,Leeds,RETAIL_HIGH_STREET,17500.0,17500.0,291.7126884796902
300660171,195147171,toys r us,2018,Basingstoke and Deane,RETAIL_OTHER_SUPERSTORES_AND_WAREHOUSES,570000.0,555000.0,1718.4284787351444
300660171,5813875000,toys r us,2018,Basingstoke and Deane,RETAIL_OTHER_SUPERSTORES_AND_WAREHOUSES,570000.0,555000.0,1213.774122498473
300660171,10052234000,toys r us,2018,Basingstoke and Deane,RETAIL_OTHER_SUPERSTORES_AND_WAREHOUSES,570000.0,625000.0,313.1002650725765
301788145,11843302000,prezzo,2018,Thanet,RETAIL_RESTAURANTS_AND_CAFES,43250.0,43500.0,2928.552113325698
301788145,538828145,prezzo,2018,Thanet,RETAIL_RESTAURANTS_AND_CAFES,43250.0,39750.0,2928.552113325698
301788145,389125145,prezzo,2018,Thanet,RETAIL_RESTAURANTS_AND_CAFES,43250.0,37750.0,270.4426240230935
302911236,1493397000,maplin,2018,Stoke-on-Trent,OTHER_COMMERCIAL,250.0,420.0,1871.2189636456928
302911236,1390858000,maplin,2018,Stoke-on-Trent,OTHER_COMMERCIAL,250.0,420.0,417.5130479538495
302911236,2939216000,maplin,2018,Stoke-on-Trent,OTHER_COMMERCIAL,250.0,450.0,2051.541445508292
302956184,11920056000,homebase,2024,Plymouth,RETAIL_OTHER_SUPERSTORES_AND_WAREHOUSES,800000.0,920000.0,195.5074785169317
302956184,14566924000,homebase,2024,Plymouth,RETAIL_OTHER_SUPERSTORES_AND_WAREHOUSES,800000.0,565000.0,195.5074785169317
302956184,2077583000,homebase,2024,Plymouth,RETAIL_OTHER_SUPERSTORES_AND_WAREHOUSES,800000.0,550000.0,181.1009614263184
305219184,10935919000,debenhams,2020,Plymouth,RETAIL_OTHER_SUPERSTORES_AND_WAREHOUSES,1150000.0,1170000.0,1971.5912036626364
305219184,11252743000,debenhams,2020,Plymouth,RETAIL_OTHER_SUPERSTORES_AND_WAREHOUSES,1150000.0,1190000.0,1971.5912036626364
305219184,14194405000,debenhams,2020,Plymouth,RETAIL_OTHER_SUPERSTORES_AND_WAREHOUSES,1150000.0,1220000.0,1754.6510507180817
308178000,373713244,frankie&bennys,2020,Leeds,RETAIL_RESTAURANTS_AND_CAFES,88500.0,88000.0,1745.319378571143
308178000,18451244,frankie&bennys,2020,Leeds,RETAIL_RESTAURANTS_AND_CAFES,88500.0,88000.0,847.7877779684843
308178000,1304651000,frankie&bennys,2020,Leeds,RETAIL_RESTAURANTS_AND_CAFES,88500.0,89000.0,1307.6694728786306
309010133,5678393000,arcadia,2020,Cheshire West and Chester,RETAIL_HIGH_STREET,37250.0,37250.0,14916.295004724929
309010133,1768677000,arcadia,2020,Cheshire West and Chester,RETAIL_HIGH_STREET,37250.0,37250.0,2232.5485191035255
309010133,12059132,arcadia,2020,Cheshire West and Chester,RETAIL_HIGH_STREET,37250.0,37250.0,159.77400687426527
309068182,13705554000,bhs,2016,North Devon,RETAIL_OTHER_SUPERSTORES_AND_WAREHOUSES,260000.0,257500.0,1932.2261150409963
309068182,162303183,bhs,2016,North Devon,RETAIL_OTHER_SUPERSTORES_AND_WAREHOUSES,260000.0,246000.0,1932.2261150409963
309068182,166982183,bhs,2016,North Devon,RETAIL_OTHER_SUPERSTORES_AND_WAREHOUSES,260000.0,287500.0,1644.3923005267588
309919244,10565656000,poundworld,2018,Leeds,RETAIL_HIGH_STREET,162000.0,131000.0,187.71774209036408
309919244,9657951000,poundworld,2018,Leeds,RETAIL_HIGH_STREET,162000.0,128000.0,1297.755142920466
309919244,10565657000,poundworld,2018,Leeds,RETAIL_HIGH_STREET,162000.0,127000.0,187.71774209036408
311329244,10565634000,wilko,2023,Leeds,RETAIL_HIGH_STREET,107000.0,106000.0,187.71774209036408
311329244,15026157000,wilko,2023,Leeds,RETAIL_HIGH_STREET,107000.0,104000.0,187.71774209036408
311329244,10565642000,wilko,2023,Leeds,RETAIL_HIGH_STREET,107000.0,111000.0,187.71774209036408
311836244,49158244,arcadia,2020,Leeds,RETAIL_HIGH_STREET,2700.0,2700.0,1535.2525671299904
311836244,7874285000,arcadia,2020,Leeds,RETAIL_HIGH_STREET,2700.0,2700.0,5239.594321651672
311836244,308424244,arcadia,2020,Leeds,RETAIL_HIGH_STREET,2700.0,2700.0,1648.4127181449721
312147033,10579831000,arcadia,2020,Chesterfield,RETAIL_HIGH_STREET,73000.0,83500.0,1800.0246299799219
312147033,551756033,arcadia,2020,Chesterfield,RETAIL_HIGH_STREET,73000.0,56000.0,1490.503043388643
312147033,246811033,arcadia,2020,Chesterfield,RETAIL_HIGH_STREET,73000.0,29750.0,1083.0586925270466
312154033,13847053000,arcadia,2020,Chesterfield,RETAIL_HIGH_STREET,63000.0,29250.0,330.6808998921075
312154033,12429189000,arcadia,2020,Chesterfield,RETAIL_HIGH_STREET,63000.0,28000.0,328.7661887443405
312154033,13895588000,arcadia,2020,Chesterfield,RETAIL_HIGH_STREET,63000.0,27000.0,2012.948180740009
312430236,6313911000,maplin,2018,Stoke-on-Trent,RETAIL_HIGH_STREET,30000.0,30000.0,1328.6447091323175
312430236,451457236,maplin,2018,Stoke-on-Trent,RETAIL_HIGH_STREET,30000.0,30250.0,1276.7319058505027
312430236,5651606000,maplin,2018,Stoke-on-Trent,RETAIL_HIGH_STREET,30000.0,30250.0,791.7117871605702
312673102,9689978000,arcadia,2020,Stockton-on-Tees,OFFICE_GENERAL,5700.0,5700.0,2145.381316812844
312673102,11471589000,arcadia,2020,Stockton-on-Tees,OFFICE_GENERAL,5700.0,5700.0,6499.867684131847
312673102,8002352000,arcadia,2020,Stockton-on-Tees,OFFICE_GENERAL,5700.0,5700.0,661.0953173774298
312675102,7765252000,arcadia,2020,Stockton-on-Tees,OFFICE_GENERAL,2475.0,2475.0,227.31107926990012
312675102,8356881000,arcadia,2020,Stockton-on-Tees,OFFICE_GENERAL,2475.0,2475.0,7247.60421271493
312675102,10263553000,arcadia,2020,Stockton-on-Tees,OFFICE_GENERAL,2475.0,2475.0,4871.582876572774
313118244,2980289000,arcadia,2020,Leeds,RETAIL_HIGH_STREET,4500.0,4500.0,1147.6935229977491
313118244,3619248000,arcadia,2020,Leeds,RETAIL_HIGH_STREET,4500.0,4500.0,639.1868209106324
313118244,4040356000,arcadia,2020,Leeds,RETAIL_HIGH_STREET,4500.0,4500.0,1135.0846505483637
313312244,8749400000,thomas cook,2019,Leeds,RETAIL_HIGH_STREET,27750.0,27750.0,152.78487903905116
313312244,305889244,thomas cook,2019,Leeds,RETAIL_HIGH_STREET,27750.0,27750.0,1424.6647400972597
313312244,13494154000,thomas cook,2019,Leeds,RETAIL_HIGH_STREET,27750.0,27750.0,12896.922236769611
314947172,5362971000,body shop,2024,"Bournemouth, Christchurch and Poole",INDUSTRIAL_GENERAL,8500.0,8500.0,2305.4757355889556
314947172,6345170000,body shop,2024,"Bournemouth, Christchurch and Poole",INDUSTRIAL_GENERAL,8500.0,8500.0,534.8775882724437
314947172,6743304000,body shop,2024,"Bournemouth, Christchurch and Poole",INDUSTRIAL_GENERAL,8500.0,8500.0,3878.053587750416
315527244,12573658000,homebase,2024,Leeds,RETAIL_OTHER_SUPERSTORES_AND_WAREHOUSES,92500.0,93000.0,3102.6302418291775
315527244,627205000,homebase,2024,Leeds,RETAIL_OTHER_SUPERSTORES_AND_WAREHOUSES,92500.0,94000.0,2749.194086608964
315527244,10316295000,homebase,2024,Leeds,RETAIL_OTHER_SUPERSTORES_AND_WAREHOUSES,92500.0,95000.0,1582.818620446322
315814172,6437860000,homebase,2024,"Bournemouth, Christchurch and Poole",RETAIL_OTHER_SUPERSTORES_AND_WAREHOUSES,595000.0,570000.0,1885.6340729293024
315814172,10483204000,homebase,2024,"Bournemouth, Christchurch and Poole",RETAIL_OTHER_SUPERSTORES_AND_WAREHOUSES,595000.0,515000.0,442.49980532713124
315814172,3854319000,homebase,2024,"Bournemouth, Christchurch and Poole",RETAIL_OTHER_SUPERSTORES_AND_WAREHOUSES,595000.0,460000.0,1261.827770437467
315818172,14661008000,maplin,2018,"Bournemouth, Christchurch and Poole",RETAIL_OTHER_SUPERSTORES_AND_WAREHOUSES,103000.0,102000.0,1232.5149550904791
315818172,294568172,maplin,2018,"Bournemouth, Christchurch and Poole",RETAIL_OTHER_SUPERSTORES_AND_WAREHOUSES,103000.0,106000.0,2455.1653827446435
315818172,185032172,maplin,2018,"Bournemouth, Christchurch and Poole",RETAIL_OTHER_SUPERSTORES_AND_WAREHOUSES,103000.0,98500.0,820.7453312544919
319218133,14638826000,wilko,2023,Cheshire West and Chester,RETAIL_HIGH_STREET,64000.0,42000.0,1044.4124946130378
319218133,283656132,wilko,2023,Cheshire West and Chester,RETAIL_HIGH_STREET,64000.0,41250.0,174.63348630665087
319218133,321472133,wilko,2023,Cheshire West and Chester,RETAIL_HIGH_STREET,64000.0,40500.0,8030.799895116647
319256172,185010172,frankie&bennys,2020,"Bournemouth, Christchurch and Poole",RETAIL_HIGH_STREET,16500.0,16500.0,2875.0427341720856
319256172,311961172,frankie&bennys,2020,"Bournemouth, Christchurch and Poole",RETAIL_HIGH_STREET,16500.0,16500.0,1480.2364509777449
319256172,308399172,frankie&bennys,2020,"Bournemouth, Christchurch and Poole",RETAIL_HIGH_STREET,16500.0,16500.0,505.8398304741376
319717033,7029818000,poundworld,2018,Chesterfield,RETAIL_HIGH_STREET,86000.0,26250.0,825.516533589158
319717033,2938315000,poundworld,2018,Chesterfield,RETAIL_HIGH_STREET,86000.0,26250.0,310.4572596185761
319717033,8778449000,poundworld,2018,Chesterfield,RETAIL_HIGH_STREET,86000.0,25500.0,4203.827755501717
320236172,3821811000,thomas cook,2019,"Bournemouth, Christchurch and Poole",RETAIL_HIGH_STREET,85000.0,85500.0,383.9461827186744
320236172,12684171000,thomas cook,2019,"Bournemouth, Christchurch and Poole",RETAIL_HIGH_STREET,85000.0,80500.0,1750.721673028186
320236172,5063234000,thomas cook,2019,"Bournemouth, Christchurch and Poole",RETAIL_HIGH_STREET,85000.0,79000.0,343.09442875896656
320627244,10565620000,paperchase,2023,Leeds,RETAIL_HIGH_STREET,210000.0,245000.0,187.71774209036408
320627244,10565650000,paperchase,2023,Leeds,RETAIL_HIGH_STREET,210000.0,126000.0,187.71774209036408
320627244,10964612000,paperchase,2023,Leeds,RETAIL_HIGH_STREET,210000.0,123000.0,356.62004860177836
320877244,1816098000,arcadia,2020,Leeds,LEISURE_AMUSEMENT_AND_ENTERTAINMENT_CENTRES,57500.0,58500.0,502.889182857641
320877244,8296538000,arcadia,2020,Leeds,LEISURE_AMUSEMENT_AND_ENTERTAINMENT_CENTRES,57500.0,59000.0,765.9418481662208
320877244,2053401000,arcadia,2020,Leeds,LEISURE_AMUSEMENT_AND_ENTERTAINMENT_CENTRES,57500.0,60000.0,156.7895790048242
320972148,328785148,prezzo,2018,Ashford,RETAIL_RESTAURANTS_AND_CAFES,40000.0,41250.0,5170.7873839035265
320972148,10108116000,prezzo,2018,Ashford,RETAIL_RESTAURANTS_AND_CAFES,40000.0,38250.0,2552.986805568878
320972148,320981148,prezzo,2018,Ashford,RETAIL_RESTAURANTS_AND_CAFES,40000.0,42500.0,13602.16122389026
323714176,7429078000,debenhams,2020,Wiltshire,RETAIL_OTHER_SUPERSTORES_AND_WAREHOUSES,285000.0,285000.0,1449.736721541259
323714176,11900387000,debenhams,2020,Wiltshire,RETAIL_OTHER_SUPERSTORES_AND_WAREHOUSES,285000.0,282500.0,249.6927158940145
323714176,570401216,debenhams,2020,Wiltshire,RETAIL_OTHER_SUPERSTORES_AND_WAREHOUSES,285000.0,280000.0,604.7061357168236
323851037,5142786000,paperchase,2023,Nottingham,RETAIL_HIGH_STREET,58000.0,41500.0,2418.5554043563907
323851037,8830344000,paperchase,2023,Nottingham,RETAIL_HIGH_STREET,58000.0,40750.0,186.81559491382433
323851037,11657989000,paperchase,2023,Nottingham,RETAIL_HIGH_STREET,58000.0,38000.0,214.27863434813398
323852037,9980563000,prezzo,2018,Nottingham,RETAIL_RESTAURANTS_AND_CAFES,56500.0,56500.0,152.7922109316023
323852037,7679112000,prezzo,2018,Nottingham,RETAIL_RESTAURANTS_AND_CAFES,56500.0,56000.0,1053.6725769393279
323852037,567647037,prezzo,2018,Nottingham,RETAIL_RESTAURANTS_AND_CAFES,56500.0,56000.0,2850.602273590844
323855141,10534371000,body shop,2024,Crawley,RETAIL_HIGH_STREET,91000.0,82000.0,4588.6125840409795
323855141,10543541000,body shop,2024,Crawley,RETAIL_HIGH_STREET,91000.0,71500.0,288.0673321431951
323855141,10534352000,body shop,2024,Crawley,RETAIL_HIGH_STREET,91000.0,71000.0,4588.6125840409795
323881141,11844823000,paperchase,2023,Crawley,RETAIL_HIGH_STREET,129000.0,69500.0,4588.6125840409795
323881141,11038509000,paperchase,2023,Crawley,RETAIL_HIGH_STREET,129000.0,65000.0,4588.6125840409795
323881141,8791058000,paperchase,2023,Crawley,RETAIL_HIGH_STREET,129000.0,64000.0,1678.7136794638138
324955244,342128244,mothercare,2019,Leeds,RETAIL_OTHER_SUPERSTORES_AND_WAREHOUSES,745000.0,715000.0,1984.8447996175667
324955244,11529303000,mothercare,2019,Leeds,RETAIL_OTHER_SUPERSTORES_AND_WAREHOUSES,745000.0,700000.0,11789.470725856921
324955244,7435060000,mothercare,2019,Leeds,RETAIL_OTHER_SUPERSTORES_AND_WAREHOUSES,745000.0,690000.0,2988.3039212540984
325079037,7568138000,toys r us,2018,Nottingham,RETAIL_OTHER_SUPERSTORES_AND_WAREHOUSES,925000.0,900000.0,930.0477920578214
325079037,8403492000,toys r us,2018,Nottingham,RETAIL_OTHER_SUPERSTORES_AND_WAREHOUSES,925000.0,900000.0,930.0477920578214
325079037,7985658000,toys r us,2018,Nottingham,RETAIL_OTHER_SUPERSTORES_AND_WAREHOUSES,925000.0,870000.0,930.0477920578214
326202037,4568997000,wilko,2023,Nottingham,OFFICE_GENERAL,22500.0,22500.0,178.04795560139257
326202037,258393037,wilko,2023,Nottingham,OFFICE_GENERAL,22500.0,22500.0,181.4513673715116
326202037,9861685000,wilko,2023,Nottingham,OFFICE_GENERAL,22500.0,22500.0,2368.561953590966
327621244,10565658000,body shop,2024,Leeds,RETAIL_HIGH_STREET,240000.0,310000.0,187.71774209036408
327621244,10565661000,body shop,2024,Leeds,RETAIL_HIGH_STREET,240000.0,312500.0,187.71774209036408
327621244,10565655000,body shop,2024,Leeds,RETAIL_HIGH_STREET,240000.0,115000.0,187.71774209036408
329181214,4106539000,arcadia,2020,Gloucester,RETAIL_OTHER_SUPERSTORES_AND_WAREHOUSES,180000.0,180000.0,2376.360421886864
329181214,9095524000,arcadia,2020,Gloucester,RETAIL_OTHER_SUPERSTORES_AND_WAREHOUSES,180000.0,181000.0,3089.300016124877
329181214,8973919000,arcadia,2020,Gloucester,RETAIL_OTHER_SUPERSTORES_AND_WAREHOUSES,180000.0,168000.0,967.4280536964538
331060102,13067608000,wilko,2023,Hartlepool,RETAIL_OTHER_SUPERSTORES_AND_WAREHOUSES,280000.0,282500.0,1728.0105531184402
331060102,9514385000,wilko,2023,Hartlepool,RETAIL_OTHER_SUPERSTORES_AND_WAREHOUSES,280000.0,297500.0,1940.469414084471
331060102,3160441000,wilko,2023,Hartlepool,RETAIL_OTHER_SUPERSTORES_AND_WAREHOUSES,280000.0,257500.0,717.6510807570006
332231176,11191994000,paperchase,2023,Wiltshire,RETAIL_HIGH_STREET,73000.0,72500.0,491.3141110753772
332231176,8112894000,paperchase,2023,Wiltshire,RETAIL_HIGH_STREET,73000.0,74000.0,4359.701740021832
332231176,9197726000,paperchase,2023,Wiltshire,RETAIL_HIGH_STREET,73000.0,74500.0,8222.560038299884
332580176,8914621000,body shop,2024,Wiltshire,RETAIL_HIGH_STREET,50500.0,50000.0,176.01544679415053
332580176,337059216,body shop,2024,Wiltshire,RETAIL_HIGH_STREET,50500.0,49750.0,7443.677983028591
332580176,8391231000,body shop,2024,Wiltshire,RETAIL_HIGH_STREET,50500.0,51500.0,5515.70083260042
332734141,921009000,bhs,2016,Crawley,RETAIL_OTHER_SUPERSTORES_AND_WAREHOUSES,535000.0,525000.0,1589.8257111526732
332734141,242828141,bhs,2016,Crawley,RETAIL_OTHER_SUPERSTORES_AND_WAREHOUSES,535000.0,492500.0,1589.8257111526732
332734141,7904984000,bhs,2016,Crawley,RETAIL_OTHER_SUPERSTORES_AND_WAREHOUSES,535000.0,585000.0,166.43510831409057
333617148,11926749000,thomas cook,2019,Ashford,RETAIL_HIGH_STREET,41250.0,41000.0,339.4999815462664
333617148,331227148,thomas cook,2019,Ashford,RETAIL_HIGH_STREET,41250.0,39750.0,13508.922748200652
333617148,320929148,thomas cook,2019,Ashford,RETAIL_HIGH_STREET,41250.0,42750.0,13593.291147604306
333628148,9047290000,body shop,2024,Ashford,RETAIL_HIGH_STREET,44750.0,44750.0,13377.941637011427
333628148,7319769000,body shop,2024,Ashford,RETAIL_HIGH_STREET,44750.0,44250.0,13413.72017113228
333628148,8791546000,body shop,2024,Ashford,RETAIL_HIGH_STREET,44750.0,43000.0,483.8547756383664
333632148,8772080000,mothercare,2019,Ashford,RETAIL_HIGH_STREET,114000.0,118000.0,13377.941637011427
333632148,1433522000,mothercare,2019,Ashford,RETAIL_HIGH_STREET,114000.0,93500.0,13342.355794394522
333632148,12641945000,mothercare,2019,Ashford,RETAIL_HIGH_STREET,114000.0,86000.0,584.6415540791794
333640148,10540937000,bhs,2016,Ashford,RETAIL_OTHER_SUPERSTORES_AND_WAREHOUSES,347500.0,345000.0,2043.0778246401317
333640148,1780488000,bhs,2016,Ashford,RETAIL_OTHER_SUPERSTORES_AND_WAREHOUSES,347500.0,340000.0,1519.7918714260395
333640148,15059266000,bhs,2016,Ashford,RETAIL_OTHER_SUPERSTORES_AND_WAREHOUSES,347500.0,362500.0,1971.620738483943
333993212,264333212,wilko,2023,"Bristol, City of",RETAIL_OTHER_SUPERSTORES_AND_WAREHOUSES,232000.0,232000.0,378.4271891513921
333993212,1624941000,wilko,2023,"Bristol, City of",RETAIL_OTHER_SUPERSTORES_AND_WAREHOUSES,232000.0,236000.0,1417.2990757510604
333993212,2598173000,wilko,2023,"Bristol, City of",RETAIL_OTHER_SUPERSTORES_AND_WAREHOUSES,232000.0,227000.0,1755.318114829307
334228141,12481746000,homebase,2024,Brighton and Hove,RETAIL_OTHER_SUPERSTORES_AND_WAREHOUSES,520000.0,515000.0,1053.6350698204337
334228141,1346102000,homebase,2024,Brighton and Hove,RETAIL_OTHER_SUPERSTORES_AND_WAREHOUSES,520000.0,530000.0,1479.7213483283851
334228141,9915375000,homebase,2024,Brighton and Hove,RETAIL_OTHER_SUPERSTORES_AND_WAREHOUSES,520000.0,530000.0,1081.6387608010793
334345176,147323216,arcadia,2020,Wiltshire,INDUSTRIAL_GENERAL,6200.0,6200.0,9881.7552831695
334345176,11481083000,arcadia,2020,Wiltshire,INDUSTRIAL_GENERAL,6200.0,6200.0,9073.869387028555
334345176,333586216,arcadia,2020,Wiltshire,INDUSTRIAL_GENERAL,6200.0,6200.0,13777.85446848756
335718212,8794475000,maplin,2018,"Bristol, City of",RETAIL_HIGH_STREET,58000.0,58000.0,276.34636860672845
335718212,10258697000,maplin,2018,"Bristol, City of",RETAIL_HIGH_STREET,58000.0,57500.0,215.58615928696744
335718212,248115212,maplin,2018,"Bristol, City of",RETAIL_HIGH_STREET,58000.0,57000.0,849.1087099479813
335753221,8401836000,thomas cook,2019,Birmingham,RETAIL_HIGH_STREET,39500.0,39500.0,1957.6568444249976
335753221,12753820000,thomas cook,2019,Birmingham,RETAIL_HIGH_STREET,39500.0,39500.0,2784.747001991508
335753221,10309290000,thomas cook,2019,Birmingham,RETAIL_HIGH_STREET,39500.0,39500.0,1700.048843535145
337247037,12872598000,thomas cook,2019,Nottingham,RETAIL_HIGH_STREET,4250.0,4250.0,3256.13376564969
337247037,7643140000,thomas cook,2019,Nottingham,RETAIL_HIGH_STREET,4250.0,4250.0,1230.5687898870851
337247037,10009308000,thomas cook,2019,Nottingham,RETAIL_HIGH_STREET,4250.0,4250.0,957.3115022580656
339381221,5305793000,arcadia,2020,Birmingham,RETAIL_HIGH_STREET,60500.0,60500.0,2201.144749266712
339381221,11269257000,arcadia,2020,Birmingham,RETAIL_HIGH_STREET,60500.0,60000.0,3486.717546448453
339381221,11089197000,arcadia,2020,Birmingham,RETAIL_HIGH_STREET,60500.0,61000.0,1939.0946185614787
339492221,6565832000,arcadia,2020,Birmingham,RETAIL_HIGH_STREET,73500.0,73000.0,2373.7112035160208
339492221,441663221,arcadia,2020,Birmingham,RETAIL_HIGH_STREET,73500.0,73000.0,1793.0859072227215
339492221,4953813000,arcadia,2020,Birmingham,RETAIL_HIGH_STREET,73500.0,74000.0,2201.144749266712
340737244,11435315000,poundworld,2018,Leeds,RETAIL_OTHER_SUPERSTORES_AND_WAREHOUSES,161000.0,161000.0,4878.449095570559
340737244,13412142000,poundworld,2018,Leeds,RETAIL_OTHER_SUPERSTORES_AND_WAREHOUSES,161000.0,160000.0,10105.412833670585
340737244,10016983000,poundworld,2018,Leeds,RETAIL_OTHER_SUPERSTORES_AND_WAREHOUSES,161000.0,163000.0,2038.0695649916518
341585094,9555059000,thomas cook,2019,Sunderland,RETAIL_HIGH_STREET,63000.0,52000.0,3211.086294803653
341585094,4884823000,thomas cook,2019,Sunderland,RETAIL_HIGH_STREET,63000.0,51500.0,3534.8720449980947
341585094,347682094,thomas cook,2019,Sunderland,RETAIL_HIGH_STREET,63000.0,49750.0,7280.405897938777
342439214,224072214,homebase,2024,Gloucester,INDUSTRIAL_GENERAL,2800.0,2750.0,305.2567743633581
342439214,9096503000,homebase,2024,Gloucester,INDUSTRIAL_GENERAL,2800.0,2850.0,494.77774730476375
342439214,322145214,homebase,2024,Gloucester,INDUSTRIAL_GENERAL,2800.0,2900.0,354.14833543348186
344374152,22466152,thomas cook,2019,Surrey Heath,RETAIL_HIGH_STREET,43250.0,43500.0,2593.591016832781
344374152,8785817000,thomas cook,2019,Surrey Heath,RETAIL_HIGH_STREET,43250.0,44750.0,3085.1707393828847
344374152,169781152,thomas cook,2019,Surrey Heath,RETAIL_HIGH_STREET,43250.0,40500.0,1469.8453422823711
345069162,272067162,arcadia,2020,Buckinghamshire,RETAIL_HIGH_STREET,26500.0,26500.0,6850.959249075261
345069162,90563162,arcadia,2020,Buckinghamshire,RETAIL_HIGH_STREET,26500.0,26500.0,6346.817462474892
345069162,472737162,arcadia,2020,Buckinghamshire,RETAIL_HIGH_STREET,26500.0,26500.0,4505.377863416361
346392254,366309254,paperchase,2023,East Riding of Yorkshire,RETAIL_HIGH_STREET,81500.0,81000.0,32747.000658536275
346392254,271823254,paperchase,2023,East Riding of Yorkshire,RETAIL_HIGH_STREET,81500.0,80000.0,8739.295593876263
346392254,327253254,paperchase,2023,East Riding of Yorkshire,RETAIL_HIGH_STREET,81500.0,85500.0,34180.02109323491
347297082,224954082,arcadia,2020,Hammersmith and Fulham,RETAIL_HIGH_STREET,32000.0,32000.0,540.022553593432
347297082,133541082,arcadia,2020,Hammersmith and Fulham,RETAIL_HIGH_STREET,32000.0,32000.0,205.09325548736786
347297082,2544666000,arcadia,2020,Hammersmith and Fulham,RETAIL_HIGH_STREET,32000.0,32000.0,252.79436937995862
349200141,10541181000,mothercare,2019,Crawley,RETAIL_HIGH_STREET,114000.0,56000.0,4588.6125840409795
349200141,14256924000,mothercare,2019,Crawley,RETAIL_HIGH_STREET,114000.0,54500.0,1987.498959371756
349200141,11125349000,mothercare,2019,Crawley,RETAIL_HIGH_STREET,114000.0,42250.0,4626.292797816645
349310221,3239929000,thomas cook,2019,Birmingham,RETAIL_HIGH_STREET,29000.0,29000.0,221.96625820777095
349310221,11885814000,thomas cook,2019,Birmingham,RETAIL_HIGH_STREET,29000.0,29000.0,1044.4680834204064
349310221,4870777000,thomas cook,2019,Birmingham,RETAIL_HIGH_STREET,29000.0,29000.0,2814.8500561997034
349356141,4460207000,debenhams,2020,Crawley,RETAIL_OTHER_SUPERSTORES_AND_WAREHOUSES,960000.0,855000.0,1589.8257111526732
349356141,12616202000,debenhams,2020,Crawley,RETAIL_OTHER_SUPERSTORES_AND_WAREHOUSES,960000.0,845000.0,1589.8257111526732
349356141,11684049000,debenhams,2020,Crawley,RETAIL_OTHER_SUPERSTORES_AND_WAREHOUSES,960000.0,840000.0,1589.8257111526732
354375094,11479594000,poundworld,2018,Sunderland,RETAIL_OTHER_SUPERSTORES_AND_WAREHOUSES,52000.0,51500.0,2362.386493818928
354375094,7489248000,poundworld,2018,Sunderland,RETAIL_OTHER_SUPERSTORES_AND_WAREHOUSES,52000.0,50000.0,793.414404435193
354375094,9641437000,poundworld,2018,Sunderland,RETAIL_OTHER_SUPERSTORES_AND_WAREHOUSES,52000.0,54000.0,943.2786655206563
355222082,11372298000,paperchase,2023,Hammersmith and Fulham,RETAIL_HIGH_STREET,127000.0,126000.0,414.16342440919846
355222082,14733362000,paperchase,2023,Hammersmith and Fulham,RETAIL_HIGH_STREET,127000.0,130000.0,867.789303473265
355222082,14706470000,paperchase,2023,Hammersmith and Fulham,RETAIL_HIGH_STREET,127000.0,131000.0,1075.3433024498547
355920216,7486529000,homebase,2024,Swindon,RETAIL_OTHER_SUPERSTORES_AND_WAREHOUSES,695000.0,690000.0,1443.348458743442
355920216,5701263000,homebase,2024,Swindon,RETAIL_OTHER_SUPERSTORES_AND_WAREHOUSES,695000.0,655000.0,401.8464194209971
355920216,14587723000,homebase,2024,Swindon,RETAIL_OTHER_SUPERSTORES_AND_WAREHOUSES,695000.0,580000.0,768.0598404618435
356253082,117582082,poundworld,2018,Hammersmith and Fulham,RETAIL_HIGH_STREET,5100.0,5100.0,559.4508287269337
356253082,8620071000,poundworld,2018,Hammersmith and Fulham,RETAIL_HIGH_STREET,5100.0,5100.0,780.7695786660659
356253082,220817082,poundworld,2018,Hammersmith and Fulham,RETAIL_HIGH_STREET,5100.0,5100.0,1833.616357764119
356502075,178797075,byron,2020,Southwark,RETAIL_RESTAURANTS_AND_CAFES,29500.0,29500.0,385.65421623798693
356502075,6918071000,byron,2020,Southwark,RETAIL_RESTAURANTS_AND_CAFES,29500.0,29250.0,179.74016051575114
356502075,9980594000,byron,2020,Southwark,RETAIL_RESTAURANTS_AND_CAFES,29500.0,29250.0,828.1873271757179
356941075,3905013000,bhs,2016,Southwark,OFFICE_GENERAL,0.0,0.0,177.0789684690345
356941075,4655409000,bhs,2016,Southwark,OFFICE_GENERAL,0.0,0.0,177.0789684690345
356941075,4655408000,bhs,2016,Southwark,OFFICE_GENERAL,0.0,0.0,177.0789684690345
357811082,648811082,body shop,2024,Hammersmith and Fulham,RETAIL_HIGH_STREET,102000.0,102000.0,933.401087897024
357811082,5478029000,body shop,2024,Hammersmith and Fulham,RETAIL_HIGH_STREET,102000.0,101000.0,933.401087897024
357811082,3078904000,body shop,2024,Hammersmith and Fulham,RETAIL_HIGH_STREET,102000.0,103000.0,1138.4952013903696
360113216,11718108000,mothercare,2019,Swindon,RETAIL_OTHER_SUPERSTORES_AND_WAREHOUSES,347500.0,350000.0,711.5100659973697
360113216,8292469000,mothercare,2019,Swindon,RETAIL_OTHER_SUPERSTORES_AND_WAREHOUSES,347500.0,340000.0,1343.9843917742924
360113216,585812000,mothercare,2019,Swindon,RETAIL_OTHER_SUPERSTORES_AND_WAREHOUSES,347500.0,340000.0,1103.9934225934521
360114216,10626162000,wilko,2023,Swindon,RETAIL_OTHER_SUPERSTORES_AND_WAREHOUSES,239000.0,238000.0,1155.966419409708
360114216,2843163000,wilko,2023,Swindon,RETAIL_OTHER_SUPERSTORES_AND_WAREHOUSES,239000.0,241000.0,3871.196142666126
360114216,12087194000,wilko,2023,Swindon,RETAIL_OTHER_SUPERSTORES_AND_WAREHOUSES,239000.0,242000.0,2505.9721122539895
363623148,153122148,wilko,2023,Tunbridge Wells,RETAIL_HIGH_STREET,126000.0,123000.0,158.36608455475948
363623148,7764875000,wilko,2023,Tunbridge Wells,RETAIL_HIGH_STREET,126000.0,97500.0,3282.2280406891796
363623148,184404148,wilko,2023,Tunbridge Wells,RETAIL_HIGH_STREET,126000.0,83000.0,239.31019685269754
363642148,378852148,body shop,2024,Tunbridge Wells,RETAIL_HIGH_STREET,100000.0,79500.0,325.2247327092724
363642148,7764877000,body shop,2024,Tunbridge Wells,RETAIL_HIGH_STREET,100000.0,76000.0,3282.2280406891796
363642148,7376460000,body shop,2024,Tunbridge Wells,RETAIL_HIGH_STREET,100000.0,68500.0,325.2247327092724
363673148,153176148,paperchase,2023,Tunbridge Wells,RETAIL_HIGH_STREET,111000.0,63500.0,158.36608455475948
363673148,9854043000,paperchase,2023,Tunbridge Wells,RETAIL_HIGH_STREET,111000.0,63000.0,874.912068913385
363673148,4068822000,paperchase,2023,Tunbridge Wells,RETAIL_HIGH_STREET,111000.0,62000.0,298.3430025473087
363675148,5468415000,mothercare,2019,Tunbridge Wells,RETAIL_HIGH_STREET,217000.0,62000.0,1879.818726017303
363675148,187654148,mothercare,2019,Tunbridge Wells,RETAIL_HIGH_STREET,217000.0,60500.0,158.36608455475948
363675148,153181148,mothercare,2019,Tunbridge Wells,RETAIL_HIGH_STREET,217000.0,53000.0,158.36608455475948
363686148,14328322000,cath kidston,2020,Tunbridge Wells,RETAIL_HIGH_STREET,87000.0,51500.0,247.81647624333004
363686148,159971148,cath kidston,2020,Tunbridge Wells,RETAIL_HIGH_STREET,87000.0,50500.0,298.3430025473087
363686148,2897549000,cath kidston,2020,Tunbridge Wells,RETAIL_HIGH_STREET,87000.0,49500.0,196.99433900943876
373939244,8594109000,body shop,2024,Bradford,RETAIL_HIGH_STREET,4900.0,4900.0,1581.3556728757374
373939244,10539861000,body shop,2024,Bradford,RETAIL_HIGH_STREET,4900.0,4900.0,4704.656377653536
373939244,14419277000,body shop,2024,Bradford,RETAIL_HIGH_STREET,4900.0,4900.0,477.3114709898028
376993154,454724154,mothercare,2019,Spelthorne,RETAIL_HIGH_STREET,125000.0,98500.0,240.39849064328288
376993154,14371139000,mothercare,2019,Spelthorne,RETAIL_HIGH_STREET,125000.0,70500.0,327.215078868942
376993154,10147416000,mothercare,2019,Spelthorne,RETAIL_HIGH_STREET,125000.0,68000.0,1546.5503499961285
377016154,14039482000,bhs,2016,Spelthorne,RETAIL_OTHER_SUPERSTORES_AND_WAREHOUSES,475000.0,472500.0,2795.8771859526605
377016154,13450419000,bhs,2016,Spelthorne,RETAIL_OTHER_SUPERSTORES_AND_WAREHOUSES,475000.0,540000.0,2781.9979049847466
377016154,10881609000,bhs,2016,Spelthorne,RETAIL_OTHER_SUPERSTORES_AND_WAREHOUSES,475000.0,580000.0,2781.9979049847466
377098154,7753676000,debenhams,2020,Spelthorne,RETAIL_OTHER_SUPERSTORES_AND_WAREHOUSES,515000.0,203000.0,6606.751522374257
377098154,283076154,debenhams,2020,Spelthorne,RETAIL_OTHER_SUPERSTORES_AND_WAREHOUSES,515000.0,195000.0,1230.4698519570868
377098154,385408000,debenhams,2020,Spelthorne,RETAIL_OTHER_SUPERSTORES_AND_WAREHOUSES,515000.0,143000.0,2166.2440233033635
378173036,71421036,prezzo,2018,Norwich,RETAIL_RESTAURANTS_AND_CAFES,68500.0,68500.0,498.48319611539745
378173036,10706841000,prezzo,2018,Norwich,RETAIL_RESTAURANTS_AND_CAFES,68500.0,75000.0,197.98391969711375
378173036,10718483000,prezzo,2018,Norwich,RETAIL_RESTAURANTS_AND_CAFES,68500.0,76000.0,3920.941678279753
383299104,719518104,poundworld,2018,County Durham,RETAIL_HIGH_STREET,50500.0,50000.0,5308.700112544744
383299104,137077104,poundworld,2018,County Durham,RETAIL_HIGH_STREET,50500.0,49750.0,8704.155852192707
383299104,55303104,poundworld,2018,County Durham,RETAIL_HIGH_STREET,50500.0,49500.0,5500.928426999615
385256000,14985359000,paperchase,2023,Manchester,RETAIL_OTHER_SUPERSTORES_AND_WAREHOUSES,510000.0,510000.0,1751.5718036587036
385256000,14530200000,paperchase,2023,Manchester,RETAIL_OTHER_SUPERSTORES_AND_WAREHOUSES,510000.0,510000.0,1751.5718036587036
385256000,5091324000,paperchase,2023,Manchester,RETAIL_OTHER_SUPERSTORES_AND_WAREHOUSES,510000.0,500000.0,801.7137076931481
388252012,37533012,mothercare,2019,Cambridge,RETAIL_HIGH_STREET,185000.0,87500.0,163.210260801858
388252012,13653558000,mothercare,2019,Cambridge,RETAIL_HIGH_STREET,185000.0,82000.0,163.210260801858
388252012,8495636000,mothercare,2019,Cambridge,RETAIL_HIGH_STREET,185000.0,79000.0,1103.1357582958408
389825244,8960609000,wilko,2023,Leeds,RETAIL_OTHER_SUPERSTORES_AND_WAREHOUSES,181000.0,182000.0,2614.263790816536
389825244,381572244,wilko,2023,Leeds,RETAIL_OTHER_SUPERSTORES_AND_WAREHOUSES,181000.0,176000.0,710.6924693268138
389825244,8849073000,wilko,2023,Leeds,RETAIL_OTHER_SUPERSTORES_AND_WAREHOUSES,181000.0,174000.0,2290.6734626347784
390174148,8015269000,thomas cook,2019,Maidstone,INDUSTRIAL_GENERAL,8800.0,8800.0,4794.019456763268
390174148,8187823000,thomas cook,2019,Maidstone,INDUSTRIAL_GENERAL,8800.0,8800.0,4794.019456763268
390174148,2510353000,thomas cook,2019,Maidstone,INDUSTRIAL_GENERAL,8800.0,8800.0,6686.620142692219
391554148,14814834000,prezzo,2018,Tunbridge Wells,RETAIL_RESTAURANTS_AND_CAFES,71000.0,71000.0,421.2614950480767
391554148,8575656000,prezzo,2018,Tunbridge Wells,RETAIL_RESTAURANTS_AND_CAFES,71000.0,69500.0,2747.7612695694097
391554148,162854148,prezzo,2018,Tunbridge Wells,RETAIL_RESTAURANTS_AND_CAFES,71000.0,65000.0,173.06590745748196
392025244,8292538000,maplin,2018,Leeds,RETAIL_OTHER_SUPERSTORES_AND_WAREHOUSES,84500.0,84500.0,1132.625291983589
392025244,7491470000,maplin,2018,Leeds,RETAIL_OTHER_SUPERSTORES_AND_WAREHOUSES,84500.0,85500.0,1183.0602723022155
392025244,3167307000,maplin,2018,Leeds,RETAIL_OTHER_SUPERSTORES_AND_WAREHOUSES,84500.0,82000.0,1287.3184600385468
394984145,299106145,thomas cook,2019,Thanet,RETAIL_HIGH_STREET,7600.0,7600.0,6539.279163104052
394984145,12302574000,thomas cook,2019,Thanet,RETAIL_HIGH_STREET,7600.0,7600.0,1666.6613436795355
394984145,12216547000,thomas cook,2019,Thanet,RETAIL_HIGH_STREET,7600.0,7600.0,2903.99610624516
395289221,415603221,wilko,2023,Birmingham,RETAIL_OTHER_SUPERSTORES_AND_WAREHOUSES,168000.0,167000.0,2034.2517157736295
395289221,3739877000,wilko,2023,Birmingham,RETAIL_OTHER_SUPERSTORES_AND_WAREHOUSES,168000.0,169000.0,1178.4687765200133
395289221,1192746000,wilko,2023,Birmingham,RETAIL_OTHER_SUPERSTORES_AND_WAREHOUSES,168000.0,169000.0,2682.6598753057533
395528000,12171224000,mothercare,2019,Brighton and Hove,RETAIL_HIGH_STREET,241000.0,246000.0,197.08818948621007
395528000,12588289000,mothercare,2019,Brighton and Hove,RETAIL_HIGH_STREET,241000.0,252500.0,240.5647183591768
395528000,2910071000,mothercare,2019,Brighton and Hove,RETAIL_HIGH_STREET,241000.0,214000.0,2627.7924129681005
396724148,6911751000,arcadia,2020,Ashford,OTHER_PUBLIC,46750.0,47000.0,7862.309983722758
396724148,10613233000,arcadia,2020,Ashford,OTHER_PUBLIC,46750.0,45500.0,14671.80533721248
396724148,11853480000,arcadia,2020,Ashford,OTHER_PUBLIC,46750.0,48250.0,2724.0901920420515
398765244,10565622000,paperchase,2023,Leeds,RETAIL_HIGH_STREET,255000.0,377500.0,187.71774209036408
398765244,1792345000,paperchase,2023,Leeds,RETAIL_HIGH_STREET,255000.0,397500.0,1783.2752546933727
398765244,14021178000,paperchase,2023,Leeds,RETAIL_HIGH_STREET,255000.0,101000.0,1582.818620446322
398821244,10565637000,thomas cook,2019,Leeds,RETAIL_HIGH_STREET,200000.0,94000.0,187.71774209036408
398821244,14155806000,thomas cook,2019,Leeds,RETAIL_HIGH_STREET,200000.0,89500.0,156.61627477261692
398821244,8141167000,thomas cook,2019,Leeds,RETAIL_HIGH_STREET,200000.0,89500.0,698.9333102438108
398828244,11605398000,arcadia,2020,Leeds,RETAIL_HIGH_STREET,492500.0,88500.0,547.5700687847641
398828244,320533244,arcadia,2020,Leeds,RETAIL_HIGH_STREET,492500.0,88500.0,13030.380241244779
398828244,10306299000,arcadia,2020,Leeds,RETAIL_HIGH_STREET,492500.0,87500.0,1582.818620446322
398831244,9703250000,debenhams,2020,Leeds,RETAIL_OTHER_SUPERSTORES_AND_WAREHOUSES,1470000.0,1460000.0,2818.080609768821
398831244,10759131000,debenhams,2020,Leeds,RETAIL_OTHER_SUPERSTORES_AND_WAREHOUSES,1470000.0,1460000.0,1352.9119336503038
398831244,8790087000,debenhams,2020,Leeds,RETAIL_OTHER_SUPERSTORES_AND_WAREHOUSES,1470000.0,1480000.0,657.2675265434788
398847221,10340526000,paperchase,2023,Birmingham,RETAIL_HIGH_STREET,117000.0,116000.0,2584.0951051231996
398847221,8956610000,paperchase,2023,Birmingham,RETAIL_HIGH_STREET,117000.0,116000.0,1804.9355439664603
398847221,11422750000,paperchase,2023,Birmingham,RETAIL_HIGH_STREET,117000.0,116000.0,2584.0951051231996
402570148,3685821000,wilko,2023,Maidstone,RETAIL_HIGH_STREET,2850.0,2850.0,361.15782313751663
402570148,9932707000,wilko,2023,Maidstone,RETAIL_HIGH_STREET,2850.0,2850.0,7108.180480421802
402570148,13003567000,wilko,2023,Maidstone,RETAIL_HIGH_STREET,2850.0,2800.0,10782.868220220595
407124148,10450745000,homebase,2024,Sevenoaks,RETAIL_OTHER_SUPERSTORES_AND_WAREHOUSES,525000.0,442500.0,7320.952484542015
407124148,9318367000,homebase,2024,Sevenoaks,RETAIL_OTHER_SUPERSTORES_AND_WAREHOUSES,525000.0,620000.0,231.26161788398267
407124148,12209735000,homebase,2024,Sevenoaks,RETAIL_OTHER_SUPERSTORES_AND_WAREHOUSES,525000.0,420000.0,12238.223444456804
410570148,7511018000,homebase,2024,Tunbridge Wells,RETAIL_OTHER_SUPERSTORES_AND_WAREHOUSES,880000.0,895000.0,3405.047634567635
410570148,14968975000,homebase,2024,Tunbridge Wells,RETAIL_OTHER_SUPERSTORES_AND_WAREHOUSES,880000.0,765000.0,3405.047634567635
410570148,7511010000,homebase,2024,Tunbridge Wells,RETAIL_OTHER_SUPERSTORES_AND_WAREHOUSES,880000.0,995000.0,2747.7612695694097
412378000,305619172,frankie&bennys,2020,"Bournemouth, Christchurch and Poole",RETAIL_RESTAURANTS_AND_CAFES,86000.0,87000.0,191.75710990278318
412378000,305617172,frankie&bennys,2020,"Bournemouth, Christchurch and Poole",RETAIL_RESTAURANTS_AND_CAFES,86000.0,87400.0,2153.7587460377295
412378000,4637259000,frankie&bennys,2020,"Bournemouth, Christchurch and Poole",RETAIL_RESTAURANTS_AND_CAFES,86000.0,84500.0,477.3679107973062
414028000,14020245000,carluccios,2020,North Yorkshire,RETAIL_RESTAURANTS_AND_CAFES,93500.0,93000.0,39962.417899681925
414028000,11020336000,carluccios,2020,North Yorkshire,RETAIL_RESTAURANTS_AND_CAFES,93500.0,96000.0,26444.85859206743
414028000,1653076000,carluccios,2020,North Yorkshire,RETAIL_RESTAURANTS_AND_CAFES,93500.0,90500.0,4085.9853449808265
422075000,611324000,bhs,2016,East Staffordshire,RETAIL_OTHER_SUPERSTORES_AND_WAREHOUSES,0.0,4450.0,750.6281085132327
422075000,629461000,bhs,2016,East Staffordshire,RETAIL_OTHER_SUPERSTORES_AND_WAREHOUSES,0.0,4800.0,1765.8331890951547
422075000,1231936000,bhs,2016,East Staffordshire,RETAIL_OTHER_SUPERSTORES_AND_WAREHOUSES,0.0,5700.0,645.598887790936
424967221,416359221,arcadia,2020,Birmingham,RETAIL_HIGH_STREET,31750.0,31750.0,2900.293879547634
424967221,335703221,arcadia,2020,Birmingham,RETAIL_HIGH_STREET,31750.0,31750.0,1726.1254284666659
424967221,3204764000,arcadia,2020,Birmingham,RETAIL_HIGH_STREET,31750.0,31750.0,1005.9845780041328
427515105,10883395000,cath kidston,2020,North Yorkshire,RETAIL_HIGH_STREET,117000.0,119000.0,1434.8575823286697
427515105,78141105,cath kidston,2020,North Yorkshire,RETAIL_HIGH_STREET,117000.0,108000.0,39199.00675144525
427515105,3088481000,cath kidston,2020,North Yorkshire,RETAIL_HIGH_STREET,117000.0,102000.0,39065.57136097454
427870221,4349382000,homebase,2024,Birmingham,RETAIL_OTHER_SUPERSTORES_AND_WAREHOUSES,242000.0,245000.0,1177.384543289607
427870221,424475221,homebase,2024,Birmingham,RETAIL_OTHER_SUPERSTORES_AND_WAREHOUSES,242000.0,245000.0,2794.1936780453734
427870221,13056936000,homebase,2024,Birmingham,RETAIL_OTHER_SUPERSTORES_AND_WAREHOUSES,242000.0,237000.0,2812.175629526832
428782105,78045105,thomas cook,2019,North Yorkshire,RETAIL_HIGH_STREET,75500.0,74500.0,38835.0927717059
428782105,2230024000,thomas cook,2019,North Yorkshire,RETAIL_HIGH_STREET,75500.0,74000.0,15921.968271233889
428782105,14842896000,thomas cook,2019,North Yorkshire,RETAIL_HIGH_STREET,75500.0,73500.0,19905.7364075366
430568221,2265802000,arcadia,2020,Birmingham,RETAIL_HIGH_STREET,5000.0,5000.0,383.86800593515335
430568221,11652793000,arcadia,2020,Birmingham,RETAIL_HIGH_STREET,5000.0,5000.0,2409.5329250534255
430568221,9843902000,arcadia,2020,Birmingham,RETAIL_HIGH_STREET,5000.0,5000.0,2555.3278883644016
430955162,93104162,thomas cook,2019,Buckinghamshire,RETAIL_HIGH_STREET,32250.0,32250.0,7739.570965060601
430955162,10125280000,thomas cook,2019,Buckinghamshire,RETAIL_HIGH_STREET,32250.0,32250.0,1119.1738433931162
430955162,272159162,thomas cook,2019,Buckinghamshire,RETAIL_HIGH_STREET,32250.0,32000.0,6935.958013239248
438454221,14127115000,byron,2020,Birmingham,RETAIL_HIGH_STREET,189000.0,199000.0,170.8385276607441
438454221,10615945000,byron,2020,Birmingham,RETAIL_HIGH_STREET,189000.0,200000.0,2649.080684086794
438454221,2989022000,byron,2020,Birmingham,RETAIL_HIGH_STREET,189000.0,171000.0,203.65686943942927
438997154,10342183000,prezzo,2018,Spelthorne,RETAIL_RESTAURANTS_AND_CAFES,35750.0,35700.0,3050.1646522421916
438997154,292478154,prezzo,2018,Spelthorne,RETAIL_RESTAURANTS_AND_CAFES,35750.0,36000.0,6093.450759757966
438997154,376366154,prezzo,2018,Spelthorne,RETAIL_RESTAURANTS_AND_CAFES,35750.0,35000.0,4881.5012512992125
441623036,617690036,poundworld,2018,Norwich,RETAIL_HIGH_STREET,8000.0,8000.0,226.1890380087399
441623036,3212651000,poundworld,2018,Norwich,RETAIL_HIGH_STREET,8000.0,8000.0,2398.2677309398705
441623036,12444799000,poundworld,2018,Norwich,RETAIL_HIGH_STREET,8000.0,8000.0,1992.8013176527536
442702000,103570211,body shop,2024,South Gloucestershire,RETAIL_HIGH_STREET,2750.0,2750.0,1595.360795976207
442702000,123931211,body shop,2024,South Gloucestershire,RETAIL_HIGH_STREET,2750.0,2750.0,3450.105478555733
442702000,130388211,body shop,2024,South Gloucestershire,RETAIL_HIGH_STREET,2750.0,2750.0,10403.05681168178
449593221,8811777000,thomas cook,2019,Birmingham,RETAIL_HIGH_STREET,38250.0,38250.0,3431.90564962238
449593221,8388251000,thomas cook,2019,Birmingham,RETAIL_HIGH_STREET,38250.0,38250.0,1704.2081173776005
449593221,5290884000,thomas cook,2019,Birmingham,RETAIL_HIGH_STREET,38250.0,38250.0,1240.6645893233217
452033176,13460189000,arcadia,2020,Wiltshire,OFFICE_GENERAL,83000.0,82500.0,1228.6872755109757
452033176,14503784000,arcadia,2020,Wiltshire,OFFICE_GENERAL,83000.0,82500.0,754.2198973271038
452033176,14403802000,arcadia,2020,Wiltshire,OFFICE_GENERAL,83000.0,81500.0,10851.048598682115
453066221,7441998000,frankie&bennys,2020,Birmingham,RETAIL_RESTAURANTS_AND_CAFES,95000.0,95000.0,3151.794758911533
453066221,10044345000,frankie&bennys,2020,Birmingham,RETAIL_RESTAURANTS_AND_CAFES,95000.0,95000.0,615.4855733737619
453066221,575725221,frankie&bennys,2020,Birmingham,RETAIL_RESTAURANTS_AND_CAFES,95000.0,95000.0,675.6491152496956
453807012,28599012,prezzo,2018,Cambridge,RETAIL_RESTAURANTS_AND_CAFES,49250.0,46000.0,156.4296994216709
453807012,6502062000,prezzo,2018,Cambridge,RETAIL_RESTAURANTS_AND_CAFES,49250.0,46000.0,336.98798439177716
453807012,112370012,prezzo,2018,Cambridge,RETAIL_RESTAURANTS_AND_CAFES,49250.0,46000.0,952.5140130912132
453881221,436963221,homebase,2024,Birmingham,OTHER_PUBLIC,18500.0,18500.0,2824.3788698811154
453881221,1741958000,homebase,2024,Birmingham,OTHER_PUBLIC,18500.0,18500.0,1481.496109482475
453881221,1797304000,homebase,2024,Birmingham,OTHER_PUBLIC,18500.0,18500.0,1767.1555361641967
455896000,1192668000,poundworld,2018,Birmingham,RETAIL_OTHER_SUPERSTORES_AND_WAREHOUSES,81000.0,80500.0,2682.6598753057533
455896000,438409221,poundworld,2018,Birmingham,RETAIL_OTHER_SUPERSTORES_AND_WAREHOUSES,81000.0,80500.0,2864.0302468169143
455896000,13179649000,poundworld,2018,Birmingham,RETAIL_OTHER_SUPERSTORES_AND_WAREHOUSES,81000.0,81500.0,1359.2829920547047
459373162,4977928000,prezzo,2018,Buckinghamshire,RETAIL_RESTAURANTS_AND_CAFES,53500.0,53500.0,13244.476363004434
459373162,209632162,prezzo,2018,Buckinghamshire,RETAIL_RESTAURANTS_AND_CAFES,53500.0,53000.0,1948.041580025113
459373162,247274162,prezzo,2018,Buckinghamshire,RETAIL_RESTAURANTS_AND_CAFES,53500.0,53000.0,156.92703571805984
459415162,14541380000,thomas cook,2019,Buckinghamshire,RETAIL_HIGH_STREET,57000.0,57000.0,1447.7732431658621
459415162,6459631000,thomas cook,2019,Buckinghamshire,RETAIL_HIGH_STREET,57000.0,56000.0,1274.1508421114859
459415162,4606178000,thomas cook,2019,Buckinghamshire,RETAIL_HIGH_STREET,57000.0,56000.0,7739.570965060601
459744176,14027682000,arcadia,2020,Wiltshire,INDUSTRIAL_GENERAL,18250.0,18250.0,11675.35789040684
459744176,288836216,arcadia,2020,Wiltshire,INDUSTRIAL_GENERAL,18250.0,18250.0,1894.0743042089848
459744176,284244216,arcadia,2020,Wiltshire,INDUSTRIAL_GENERAL,18250.0,18250.0,3419.684734787485
459938000,825462000,arcadia,2020,Hartlepool,RETAIL_HIGH_STREET,74500.0,31500.0,2006.0506751740156
459938000,3171248000,arcadia,2020,Hartlepool,RETAIL_HIGH_STREET,74500.0,30500.0,158.15117880771035
459938000,6552636000,arcadia,2020,Hartlepool,RETAIL_HIGH_STREET,74500.0,29750.0,1791.1999512900768
459938145,1059324000,arcadia,2020,Thanet,OTHER_COMMERCIAL,8200.0,8300.0,3335.8644244901852
459938145,3396015000,arcadia,2020,Thanet,OTHER_COMMERCIAL,8200.0,8300.0,3335.8644244901852
459938145,1592391000,arcadia,2020,Thanet,OTHER_COMMERCIAL,8200.0,8300.0,1091.9618558522707
459940145,399535145,arcadia,2020,Thanet,OTHER_PUBLIC,10250.0,10250.0,1237.5467382582497
459940145,7821778000,arcadia,2020,Thanet,OTHER_PUBLIC,10250.0,10250.0,4998.5428260314675
459940145,1079984000,arcadia,2020,Thanet,OTHER_PUBLIC,10250.0,10250.0,2288.085798450192
460479162,463947162,cath kidston,2020,Buckinghamshire,RETAIL_RESTAURANTS_AND_CAFES,49750.0,49750.0,321.50177108139627
460479162,463247162,cath kidston,2020,Buckinghamshire,RETAIL_RESTAURANTS_AND_CAFES,49750.0,49500.0,397.12000071591365
460479162,209674162,cath kidston,2020,Buckinghamshire,RETAIL_RESTAURANTS_AND_CAFES,49750.0,50000.0,13776.63692800809
462520000,14746959000,paperchase,2023,County Durham,RETAIL_HIGH_STREET,81500.0,81000.0,164.75657543703574
462520000,6741887000,paperchase,2023,County Durham,RETAIL_HIGH_STREET,81500.0,82000.0,5753.113578896516
462520000,15061167000,paperchase,2023,County Durham,RETAIL_HIGH_STREET,81500.0,80000.0,1953.9814543321747
465424000,11038965000,arcadia,2020,Preston,RETAIL_OTHER_SUPERSTORES_AND_WAREHOUSES,625000.0,610000.0,760.2436458491962
465424000,4630404000,arcadia,2020,Preston,RETAIL_OTHER_SUPERSTORES_AND_WAREHOUSES,625000.0,735000.0,316.6231015320797
465424000,13235217000,arcadia,2020,Preston,RETAIL_OTHER_SUPERSTORES_AND_WAREHOUSES,625000.0,447500.0,723.5190725490047
470335162,2358650000,wilko,2023,Buckinghamshire,RETAIL_OTHER_SUPERSTORES_AND_WAREHOUSES,202000.0,202000.0,7935.923890514012
470335162,471051162,wilko,2023,Buckinghamshire,RETAIL_OTHER_SUPERSTORES_AND_WAREHOUSES,202000.0,202000.0,2734.4371161500353
470335162,14590332000,wilko,2023,Buckinghamshire,RETAIL_OTHER_SUPERSTORES_AND_WAREHOUSES,202000.0,208000.0,1341.947708907114
474510221,8553904000,arcadia,2020,Birmingham,RETAIL_HIGH_STREET,37000.0,37000.0,1804.9355439664603
474510221,8811761000,arcadia,2020,Birmingham,RETAIL_HIGH_STREET,37000.0,37000.0,3992.3387718587283
474510221,9607083000,arcadia,2020,Birmingham,RETAIL_HIGH_STREET,37000.0,37000.0,2900.293879547634
481298108,9103136000,bhs,2016,York,INDUSTRIAL_GENERAL,14750.0,14750.0,3997.465858932858
481298108,9103132000,bhs,2016,York,INDUSTRIAL_GENERAL,14750.0,14750.0,3997.465858932858
481298108,319676108,bhs,2016,York,INDUSTRIAL_GENERAL,14750.0,14750.0,3131.3446689991197
482948000,3298475000,toys r us,2018,Leicester,RETAIL_OTHER_SUPERSTORES_AND_WAREHOUSES,550000.0,477500.0,169.23652625467005
482948000,14986039000,toys r us,2018,Leicester,RETAIL_OTHER_SUPERSTORES_AND_WAREHOUSES,550000.0,410000.0,1208.1325478560473
482948000,12149674000,toys r us,2018,Leicester,RETAIL_OTHER_SUPERSTORES_AND_WAREHOUSES,550000.0,337500.0,1208.1325478560473
482949000,10764044,poundworld,2018,Leicester,RETAIL_OTHER_SUPERSTORES_AND_WAREHOUSES,141000.0,134000.0,1219.5633244171765
482949000,2573924000,poundworld,2018,Leicester,RETAIL_OTHER_SUPERSTORES_AND_WAREHOUSES,141000.0,130000.0,1100.9521722791535
482949000,5586388000,poundworld,2018,Leicester,RETAIL_OTHER_SUPERSTORES_AND_WAREHOUSES,141000.0,152000.0,1179.6297502055663
485318165,5317389000,arcadia,2020,Reading,INDUSTRIAL_GENERAL,122000.0,123000.0,766.7746607124378
485318165,196097165,arcadia,2020,Reading,INDUSTRIAL_GENERAL,122000.0,119000.0,396.73951890078035
485318165,4091406000,arcadia,2020,Reading,INDUSTRIAL_GENERAL,122000.0,125000.0,1811.8747860110382
486326000,13408669000,thomas cook,2019,Nottingham,OFFICE_GENERAL,2425.0,2425.0,2570.254522918934
486326000,566664037,thomas cook,2019,Nottingham,OFFICE_GENERAL,2425.0,2425.0,985.7159702374083
486326000,258695037,thomas cook,2019,Nottingham,OFFICE_GENERAL,2425.0,2425.0,452.18573662096213
494891104,497445104,thomas cook,2019,Darlington,RETAIL_HIGH_STREET,45750.0,45000.0,155.63572965640722
494891104,8848142000,thomas cook,2019,Darlington,RETAIL_HIGH_STREET,45750.0,50000.0,3050.1862301803167
494891104,547313104,thomas cook,2019,Darlington,RETAIL_HIGH_STREET,45750.0,39250.0,276.6570141240383
494963104,8853793000,poundworld,2018,Darlington,RETAIL_HIGH_STREET,104000.0,54000.0,1782.5949773846621
494963104,11331911000,poundworld,2018,Darlington,RETAIL_HIGH_STREET,104000.0,39000.0,229.32107082933973
494963104,8596712000,poundworld,2018,Darlington,RETAIL_HIGH_STREET,104000.0,33250.0,1295.9412320980393
496797165,11353415000,cath kidston,2020,Reading,RETAIL_HIGH_STREET,163000.0,61500.0,758.0288185480365
496797165,12617722000,cath kidston,2020,Reading,RETAIL_HIGH_STREET,163000.0,61500.0,181.2728615218089
496797165,10960566000,cath kidston,2020,Reading,RETAIL_HIGH_STREET,163000.0,58000.0,181.2728615218089
497894000,11768521000,thomas cook,2019,County Durham,RETAIL_HIGH_STREET,71000.0,70500.0,228.14133659331057
497894000,8848656000,thomas cook,2019,County Durham,RETAIL_HIGH_STREET,71000.0,73000.0,929.6139239080524
497894000,55309104,thomas cook,2019,County Durham,RETAIL_HIGH_STREET,71000.0,68500.0,5500.928426999615
502223163,994729000,strada,2018,South Oxfordshire,RETAIL_HIGH_STREET,10000.0,10000.0,13799.78688731588
502223163,477484163,strada,2018,South Oxfordshire,RETAIL_HIGH_STREET,10000.0,10000.0,262.1140242685881
502223163,4730599000,strada,2018,South Oxfordshire,RETAIL_HIGH_STREET,10000.0,10000.0,7320.549274586934
507789000,11173487000,wilko,2023,Cardiff,RETAIL_OTHER_SUPERSTORES_AND_WAREHOUSES,177000.0,177000.0,2338.5005831766734
507789000,629678000,wilko,2023,Cardiff,RETAIL_OTHER_SUPERSTORES_AND_WAREHOUSES,177000.0,178000.0,2338.5005831766734
507789000,223203192,wilko,2023,Cardiff,RETAIL_OTHER_SUPERSTORES_AND_WAREHOUSES,177000.0,180000.0,4173.225741556729
511630145,8336304000,thomas cook,2019,Canterbury,RETAIL_HIGH_STREET,95000.0,72500.0,155.41942749601603
511630145,14498545000,thomas cook,2019,Canterbury,RETAIL_HIGH_STREET,95000.0,71500.0,763.42333423276
511630145,8786434000,thomas cook,2019,Canterbury,RETAIL_HIGH_STREET,95000.0,64000.0,415.3836420289807
513155145,528952145,strada,2018,Canterbury,RETAIL_RESTAURANTS_AND_CAFES,87500.0,84500.0,180.4475703686403
513155145,14085471000,strada,2018,Canterbury,RETAIL_RESTAURANTS_AND_CAFES,87500.0,84000.0,763.42333423276
513155145,6753509000,strada,2018,Canterbury,RETAIL_RESTAURANTS_AND_CAFES,87500.0,82500.0,5786.752374055429
523512000,13652345000,paperchase,2023,Lincoln,RETAIL_HIGH_STREET,164000.0,84500.0,3151.431634470775
523512000,9252924000,paperchase,2023,Lincoln,RETAIL_HIGH_STREET,164000.0,84000.0,2080.680152860813
523512000,10897432000,paperchase,2023,Lincoln,RETAIL_HIGH_STREET,164000.0,48500.0,283.4443638037033
528957145,158668145,mothercare,2019,Canterbury,RETAIL_OTHER_SUPERSTORES_AND_WAREHOUSES,330000.0,332500.0,653.1123023517057
528957145,6410682000,mothercare,2019,Canterbury,RETAIL_OTHER_SUPERSTORES_AND_WAREHOUSES,330000.0,322500.0,1839.5171164316223
528957145,13487073000,mothercare,2019,Canterbury,RETAIL_OTHER_SUPERSTORES_AND_WAREHOUSES,330000.0,340000.0,2318.9497016840537
529347000,7631245000,homebase,2024,Guildford,RETAIL_OTHER_SUPERSTORES_AND_WAREHOUSES,81000.0,82000.0,1174.1469102012625
529347000,341617152,homebase,2024,Guildford,RETAIL_OTHER_SUPERSTORES_AND_WAREHOUSES,81000.0,78500.0,786.7898141569154
529347000,12557579000,homebase,2024,Guildford,RETAIL_OTHER_SUPERSTORES_AND_WAREHOUSES,81000.0,78000.0,6655.887627595357
534629176,8788822000,homebase,2024,Wiltshire,RETAIL_OTHER_SUPERSTORES_AND_WAREHOUSES,545000.0,555000.0,7954.0350529113
534629176,8554000000,homebase,2024,Wiltshire,RETAIL_OTHER_SUPERSTORES_AND_WAREHOUSES,545000.0,442500.0,1449.736721541259
534629176,8128958000,homebase,2024,Wiltshire,RETAIL_OTHER_SUPERSTORES_AND_WAREHOUSES,545000.0,422500.0,176.01544679415053
543765032,11354330000,arcadia,2020,Lincoln,RETAIL_HIGH_STREET,226000.0,340000.0,2059.8283590459882
543765032,5853392000,arcadia,2020,Lincoln,RETAIL_HIGH_STREET,226000.0,48000.0,532.8899257938843
543765032,13607144000,arcadia,2020,Lincoln,RETAIL_HIGH_STREET,226000.0,45000.0,507.5268705117817
544139162,12349488000,thomas cook,2019,Buckinghamshire,RETAIL_HIGH_STREET,15750.0,15750.0,334.7762683461102
544139162,439191162,thomas cook,2019,Buckinghamshire,RETAIL_HIGH_STREET,15750.0,15750.0,3644.8332471038116
544139162,217995162,thomas cook,2019,Buckinghamshire,RETAIL_HIGH_STREET,15750.0,15750.0,23476.31401535041
547297104,8848460000,arcadia,2020,Darlington,RETAIL_HIGH_STREET,92000.0,31250.0,2378.7394071814356
547297104,716659104,arcadia,2020,Darlington,RETAIL_HIGH_STREET,92000.0,30250.0,276.6570141240383
547297104,4182944000,arcadia,2020,Darlington,RETAIL_HIGH_STREET,92000.0,30000.0,237.23238611027594
550522176,5385846000,prezzo,2018,Southampton,RETAIL_RESTAURANTS_AND_CAFES,19500.0,19500.0,318.5288536905724
550522176,200481176,prezzo,2018,Southampton,RETAIL_RESTAURANTS_AND_CAFES,19500.0,19500.0,511.4224124578646
550522176,2730073000,prezzo,2018,Southampton,RETAIL_RESTAURANTS_AND_CAFES,19500.0,19250.0,322.1818870572972
555539176,15054934000,bhs,2016,Wiltshire,RETAIL_OTHER_SUPERSTORES_AND_WAREHOUSES,425000.0,395000.0,12064.824302644787
555539176,287968216,bhs,2016,Wiltshire,RETAIL_OTHER_SUPERSTORES_AND_WAREHOUSES,425000.0,385000.0,1449.736721541259
555539176,11984541000,bhs,2016,Wiltshire,RETAIL_OTHER_SUPERSTORES_AND_WAREHOUSES,425000.0,382500.0,1415.2756440382977
558017000,235567046,maplin,2018,Charnwood,RETAIL_OTHER_SUPERSTORES_AND_WAREHOUSES,60000.0,59000.0,673.4357550432219
558017000,11655291000,maplin,2018,Charnwood,RETAIL_OTHER_SUPERSTORES_AND_WAREHOUSES,60000.0,62500.0,673.4357550432219
558017000,242787046,maplin,2018,Charnwood,RETAIL_OTHER_SUPERSTORES_AND_WAREHOUSES,60000.0,67500.0,6136.208279245701
561182033,311679033,frankie&bennys,2020,Chesterfield,RETAIL_HIGH_STREET,16500.0,16250.0,729.0609241753391
561182033,7326121000,frankie&bennys,2020,Chesterfield,RETAIL_HIGH_STREET,16500.0,16250.0,1800.0246299799219
561182033,11523318000,frankie&bennys,2020,Chesterfield,RETAIL_HIGH_STREET,16500.0,16250.0,646.0182087537748
561966216,13702158000,arcadia,2020,Wiltshire,OFFICE_GENERAL,6700.0,6700.0,4636.965244499883
561966216,568260216,arcadia,2020,Wiltshire,OFFICE_GENERAL,6700.0,6700.0,2558.42504349309
561966216,9813610000,arcadia,2020,Wiltshire,OFFICE_GENERAL,6700.0,6700.0,12560.842786423107
562134032,7765150000,toys r us,2018,Lincoln,RETAIL_OTHER_SUPERSTORES_AND_WAREHOUSES,412500.0,395000.0,737.4524557558572
562134032,5881629000,toys r us,2018,Lincoln,RETAIL_OTHER_SUPERSTORES_AND_WAREHOUSES,412500.0,372500.0,737.4524557558572
562134032,5021696000,toys r us,2018,Lincoln,RETAIL_OTHER_SUPERSTORES_AND_WAREHOUSES,412500.0,367500.0,737.4524557558572
562346032,12054495000,homebase,2024,Lincoln,RETAIL_OTHER_SUPERSTORES_AND_WAREHOUSES,352500.0,340000.0,399.67953698282156
562346032,10924954000,homebase,2024,Lincoln,RETAIL_OTHER_SUPERSTORES_AND_WAREHOUSES,352500.0,337500.0,2704.3032685499543
562346032,10924958000,homebase,2024,Lincoln,RETAIL_OTHER_SUPERSTORES_AND_WAREHOUSES,352500.0,335000.0,2704.3032685499543
562627216,12438580000,body shop,2024,Wiltshire,INDUSTRIAL_LIGHT,5000.0,5000.0,19823.888229174354
562627216,134238216,body shop,2024,Wiltshire,INDUSTRIAL_LIGHT,5000.0,4950.0,8581.816411588903
562627216,13368300000,body shop,2024,Wiltshire,INDUSTRIAL_LIGHT,5000.0,4950.0,7246.721920489896
563790032,1947618000,arcadia,2020,Lincoln,RETAIL_HIGH_STREET,5800.0,5800.0,475.9546364345548
563790032,22495032,arcadia,2020,Lincoln,RETAIL_HIGH_STREET,5800.0,5800.0,1657.1702785882244
563790032,3965035000,arcadia,2020,Lincoln,RETAIL_HIGH_STREET,5800.0,5800.0,870.4077436085819
563793032,7625449000,arcadia,2020,Lincoln,RETAIL_HIGH_STREET,121000.0,37750.0,4015.759919668775
563793032,538777032,arcadia,2020,Lincoln,RETAIL_HIGH_STREET,121000.0,33750.0,1774.9488455549833
563793032,5301186000,arcadia,2020,Lincoln,RETAIL_HIGH_STREET,121000.0,33000.0,2545.151366988783
563809176,11360527000,wilko,2023,Southampton,RETAIL_OTHER_SUPERSTORES_AND_WAREHOUSES,325000.0,335000.0,342.61593477497394
563809176,13441265000,wilko,2023,Southampton,RETAIL_OTHER_SUPERSTORES_AND_WAREHOUSES,325000.0,350000.0,3214.0519766460307
563809176,5815337000,wilko,2023,Southampton,RETAIL_OTHER_SUPERSTORES_AND_WAREHOUSES,325000.0,362500.0,3214.0519766460307
563812176,198059176,mothercare,2019,Southampton,RETAIL_OTHER_SUPERSTORES_AND_WAREHOUSES,472500.0,442500.0,2943.170595406184
563812176,562972176,mothercare,2019,Southampton,RETAIL_OTHER_SUPERSTORES_AND_WAREHOUSES,472500.0,432500.0,4506.445274818013
563812176,9770428000,mothercare,2019,Southampton,RETAIL_OTHER_SUPERSTORES_AND_WAREHOUSES,472500.0,417500.0,342.61593477497394
564760162,12506897000,homebase,2024,Buckinghamshire,RETAIL_OTHER_SUPERSTORES_AND_WAREHOUSES,620000.0,620000.0,1688.4879296189683
564760162,217228162,homebase,2024,Buckinghamshire,RETAIL_OTHER_SUPERSTORES_AND_WAREHOUSES,620000.0,540000.0,10763.063166793378
564760162,13319463000,homebase,2024,Buckinghamshire,RETAIL_OTHER_SUPERSTORES_AND_WAREHOUSES,620000.0,520000.0,1688.4879296189683
566961216,14488195000,ted baker,2024,Swindon,RETAIL_HIGH_STREET,79500.0,75000.0,1739.0429791932922
566961216,9993333000,ted baker,2024,Swindon,RETAIL_HIGH_STREET,79500.0,71000.0,3047.789253781751
566961216,14789216,ted baker,2024,Swindon,RETAIL_HIGH_STREET,79500.0,69500.0,2207.455519058133
567361104,137747104,arcadia,2020,County Durham,RETAIL_HIGH_STREET,3650.0,3650.0,3165.173100935046
567361104,3996089000,arcadia,2020,County Durham,RETAIL_HIGH_STREET,3650.0,3650.0,8167.834799971392
567361104,163280104,arcadia,2020,County Durham,RETAIL_HIGH_STREET,3650.0,3650.0,1009.9791267243377
570130162,13618373000,frankie&bennys,2020,Buckinghamshire,RETAIL_HIGH_STREET,4550.0,4550.0,6259.103724214656
570130162,6316292000,frankie&bennys,2020,Buckinghamshire,RETAIL_HIGH_STREET,4550.0,4550.0,11335.288923057866
570130162,13705545000,frankie&bennys,2020,Buckinghamshire,RETAIL_HIGH_STREET,4550.0,4550.0,4339.494463843939
572113065,399982065,thomas cook,2019,Brent,RETAIL_HIGH_STREET,31250.0,31250.0,3154.73274159275
572113065,250523065,thomas cook,2019,Brent,RETAIL_HIGH_STREET,31250.0,31000.0,3922.229848595604
572113065,402163065,thomas cook,2019,Brent,RETAIL_HIGH_STREET,31250.0,31000.0,2000.2673229845577
572566162,9425664000,thomas cook,2019,Milton Keynes,RETAIL_HIGH_STREET,159000.0,59500.0,702.3791513073747
572566162,587340162,thomas cook,2019,Milton Keynes,RETAIL_HIGH_STREET,159000.0,58000.0,1700.547680304458
572566162,6332807000,thomas cook,2019,Milton Keynes,RETAIL_HIGH_STREET,159000.0,57500.0,1528.0709551109526
575919221,7851265000,body shop,2024,Birmingham,RETAIL_HIGH_STREET,133000.0,131000.0,1879.5833485689707
575919221,9594028000,body shop,2024,Birmingham,RETAIL_HIGH_STREET,133000.0,131000.0,507.2105399617563
575919221,12322943000,body shop,2024,Birmingham,RETAIL_HIGH_STREET,133000.0,130000.0,2718.609260597958
576818162,11330121000,ted baker,2024,Milton Keynes,RETAIL_HIGH_STREET,162000.0,55000.0,945.8691654889817
576818162,8814602000,ted baker,2024,Milton Keynes,RETAIL_HIGH_STREET,162000.0,51500.0,5066.210719975378
576818162,6518078000,ted baker,2024,Milton Keynes,RETAIL_HIGH_STREET,162000.0,51000.0,12595.92011963712
577777037,7163785000,poundworld,2018,Nottingham,RETAIL_HIGH_STREET,83500.0,38000.0,214.27863434813398
577777037,4048807000,poundworld,2018,Nottingham,RETAIL_HIGH_STREET,83500.0,37750.0,2906.644818143384
577777037,9418712000,poundworld,2018,Nottingham,RETAIL_HIGH_STREET,83500.0,37000.0,304.9435662252486
579784162,380580162,mothercare,2019,Buckinghamshire,RETAIL_OTHER_SUPERSTORES_AND_WAREHOUSES,181000.0,182000.0,5107.35936992476
579784162,551869162,mothercare,2019,Buckinghamshire,RETAIL_OTHER_SUPERSTORES_AND_WAREHOUSES,181000.0,183000.0,958.3301547037427
579784162,14742039000,mothercare,2019,Buckinghamshire,RETAIL_OTHER_SUPERSTORES_AND_WAREHOUSES,181000.0,178000.0,2398.0165685096654
580923042,14881956000,homebase,2024,Derby,RETAIL_OTHER_SUPERSTORES_AND_WAREHOUSES,505000.0,310000.0,5162.044635335013
580923042,13383402000,homebase,2024,Derby,RETAIL_OTHER_SUPERSTORES_AND_WAREHOUSES,505000.0,302500.0,2888.2721127700074
580923042,14427042000,homebase,2024,Derby,RETAIL_OTHER_SUPERSTORES_AND_WAREHOUSES,505000.0,300000.0,2298.231993498205
582083000,10617189000,bella italia,2020,Chelmsford,RETAIL_OTHER_SUPERSTORES_AND_WAREHOUSES,0.0,1125.0,2835.2059886132397
582083000,11698566000,bella italia,2020,Chelmsford,RETAIL_OTHER_SUPERSTORES_AND_WAREHOUSES,0.0,1375.0,13527.750683167784
582083000,11683490000,bella italia,2020,Chelmsford,RETAIL_OTHER_SUPERSTORES_AND_WAREHOUSES,0.0,1750.0,2835.2059886132397
583586032,13718991000,mothercare,2019,Lincoln,RETAIL_HIGH_STREET,163000.0,30000.0,318.88499670693034
583586032,13756412000,mothercare,2019,Lincoln,RETAIL_HIGH_STREET,163000.0,28000.0,3723.0477317010636
583586032,143806032,mothercare,2019,Lincoln,RETAIL_HIGH_STREET,163000.0,27250.0,197.97271242963666
584895221,8084224000,wilko,2023,Birmingham,RETAIL_OTHER_SUPERSTORES_AND_WAREHOUSES,620000.0,610000.0,916.3944250598125
584895221,12656168000,wilko,2023,Birmingham,RETAIL_OTHER_SUPERSTORES_AND_WAREHOUSES,620000.0,600000.0,1900.0882509593546
584895221,8811941000,wilko,2023,Birmingham,RETAIL_OTHER_SUPERSTORES_AND_WAREHOUSES,620000.0,600000.0,1900.0882509593546
584898221,10563680000,debenhams,2020,Birmingham,RETAIL_HIGH_STREET,470000.0,327500.0,2584.0951051231996
584898221,10289650000,debenhams,2020,Birmingham,RETAIL_HIGH_STREET,470000.0,272500.0,2584.0951051231996
584898221,8399277000,debenhams,2020,Birmingham,RETAIL_HIGH_STREET,470000.0,267500.0,1879.5833485689707
589713000,278022011,wilko,2023,Bedford,RETAIL_OTHER_SUPERSTORES_AND_WAREHOUSES,310000.0,302500.0,365.6398177573168
589713000,7413444000,wilko,2023,Bedford,RETAIL_OTHER_SUPERSTORES_AND_WAREHOUSES,310000.0,297500.0,1274.7141980116417
589713000,11208955000,wilko,2023,Bedford,RETAIL_OTHER_SUPERSTORES_AND_WAREHOUSES,310000.0,325000.0,365.6398177573168
589719000,11240715000,arcadia,2020,Bedford,RETAIL_OTHER_SUPERSTORES_AND_WAREHOUSES,450000.0,470000.0,2271.2294334852713
589719000,11905112000,arcadia,2020,Bedford,RETAIL_OTHER_SUPERSTORES_AND_WAREHOUSES,450000.0,480000.0,411.91827227304094
589719000,9076033000,arcadia,2020,Bedford,RETAIL_OTHER_SUPERSTORES_AND_WAREHOUSES,450000.0,480000.0,411.91827227304094
598028000,213814232,arcadia,2020,East Staffordshire,LEISURE_AMUSEMENT_AND_ENTERTAINMENT_CENTRES,18750.0,20000.0,17268.716066637367
598028000,4264768000,arcadia,2020,East Staffordshire,LEISURE_AMUSEMENT_AND_ENTERTAINMENT_CENTRES,18750.0,17250.0,11666.386361186806
598028000,213701232,arcadia,2020,East Staffordshire,LEISURE_AMUSEMENT_AND_ENTERTAINMENT_CENTRES,18750.0,13000.0,14009.279844564086
612047000,13309871000,thomas cook,2019,North Northamptonshire,RETAIL_HIGH_STREET,15000.0,15000.0,4747.009639727927
612047000,9373385000,thomas cook,2019,North Northamptonshire,RETAIL_HIGH_STREET,15000.0,15000.0,1639.473055879275
612047000,13668549000,thomas cook,2019,North Northamptonshire,RETAIL_HIGH_STREET,15000.0,15000.0,4747.009639727927
617569000,263864144,mothercare,2019,Eastbourne,RETAIL_OTHER_SUPERSTORES_AND_WAREHOUSES,143000.0,140000.0,440.8775041275918
617569000,4265682000,mothercare,2019,Eastbourne,RETAIL_OTHER_SUPERSTORES_AND_WAREHOUSES,143000.0,134000.0,1439.3450728205232
617569000,5039747000,mothercare,2019,Eastbourne,RETAIL_OTHER_SUPERSTORES_AND_WAREHOUSES,143000.0,153000.0,1600.548517007052
630709000,12054030000,homebase,2024,Central Bedfordshire,RETAIL_OTHER_SUPERSTORES_AND_WAREHOUSES,322500.0,320000.0,10144.21263512279
630709000,12183080000,homebase,2024,Central Bedfordshire,RETAIL_OTHER_SUPERSTORES_AND_WAREHOUSES,322500.0,317500.0,8209.561884017297
630709000,14478413000,homebase,2024,Central Bedfordshire,RETAIL_OTHER_SUPERSTORES_AND_WAREHOUSES,322500.0,335000.0,14366.69202377694
636567000,205386045,toys r us,2018,West Northamptonshire,RETAIL_RESTAURANTS_AND_CAFES,21500.0,21500.0,2244.06092125178
636567000,134038045,toys r us,2018,West Northamptonshire,RETAIL_RESTAURANTS_AND_CAFES,21500.0,21500.0,21879.76759508187
636567000,170248045,toys r us,2018,West Northamptonshire,RETAIL_RESTAURANTS_AND_CAFES,21500.0,21500.0,15132.22816283222
637038000,8975343000,toys r us,2018,Bedford,RETAIL_OTHER_SUPERSTORES_AND_WAREHOUSES,740000.0,845000.0,341.6990649701419
637038000,8790658000,toys r us,2018,Bedford,RETAIL_OTHER_SUPERSTORES_AND_WAREHOUSES,740000.0,1010000.0,1192.474003842708
637038000,13885501000,toys r us,2018,Bedford,RETAIL_OTHER_SUPERSTORES_AND_WAREHOUSES,740000.0,1050000.0,1192.474003842708
641819000,14198571000,cafe rouge,2020,Cheshire West and Chester,RETAIL_HIGH_STREET,79500.0,39000.0,8071.023851262372
641819000,319219133,cafe rouge,2020,Cheshire West and Chester,RETAIL_HIGH_STREET,79500.0,38750.0,7871.77649741802
641819000,14169131000,cafe rouge,2020,Cheshire West and Chester,RETAIL_HIGH_STREET,79500.0,38250.0,8071.023851262372
643290000,107656186,strada,2018,Somerset,RETAIL_HIGH_STREET,5500.0,5500.0,437.95863863194575
643290000,12669154000,strada,2018,Somerset,RETAIL_HIGH_STREET,5500.0,5500.0,12037.918965164337
643290000,125209186,strada,2018,Somerset,RETAIL_HIGH_STREET,5500.0,5500.0,7220.89797598237
645382082,338954082,byron,2020,Hammersmith and Fulham,RETAIL_HIGH_STREET,44750.0,44750.0,736.3621441266935
645382082,648226082,byron,2020,Hammersmith and Fulham,RETAIL_HIGH_STREET,44750.0,44750.0,933.401087897024
645382082,648267082,byron,2020,Hammersmith and Fulham,RETAIL_HIGH_STREET,44750.0,44500.0,933.401087897024
649713000,649685000,ted baker,2024,Dartford,RETAIL_HIGH_STREET,500000.0,322500.0,975.4598361064806
649713000,12109455000,ted baker,2024,Dartford,RETAIL_HIGH_STREET,500000.0,129000.0,3337.219292602317
649713000,14684535000,ted baker,2024,Dartford,RETAIL_HIGH_STREET,500000.0,77000.0,916.4939475210473
649832000,14684533000,cath kidston,2020,Dartford,RETAIL_HIGH_STREET,330000.0,64000.0,916.4939475210473
649832000,10037442000,cath kidston,2020,Dartford,RETAIL_HIGH_STREET,330000.0,61000.0,552.9851235476964
649832000,11875330000,cath kidston,2020,Dartford,RETAIL_HIGH_STREET,330000.0,50000.0,374.5823381038024
649849000,12209929000,body shop,2024,Dartford,RETAIL_HIGH_STREET,332500.0,46000.0,3129.2931557641277
649849000,12259859000,body shop,2024,Dartford,RETAIL_HIGH_STREET,332500.0,45250.0,3043.8972711040547
649849000,13432545000,body shop,2024,Dartford,RETAIL_HIGH_STREET,332500.0,44250.0,3337.219292602317
649984000,11652703000,arcadia,2020,Dartford,RETAIL_HIGH_STREET,322500.0,43250.0,552.9851235476964
649984000,15038135000,arcadia,2020,Dartford,RETAIL_HIGH_STREET,322500.0,42750.0,232.1363827043606
649984000,14684532000,arcadia,2020,Dartford,RETAIL_HIGH_STREET,322500.0,42250.0,916.4939475210473
649992000,11093368000,bella italia,2020,Dartford,RETAIL_RESTAURANTS_AND_CAFES,161000.0,154000.0,3129.2931557641277
649992000,4340147,bella italia,2020,Dartford,RETAIL_RESTAURANTS_AND_CAFES,161000.0,170000.0,1054.0541036020709
649992000,14365590000,bella italia,2020,Dartford,RETAIL_RESTAURANTS_AND_CAFES,161000.0,117000.0,1759.3020965591002
650465000,15021521000,paperchase,2023,Dartford,RETAIL_HIGH_STREET,255000.0,42250.0,2143.982925406643
650465000,8151612000,paperchase,2023,Dartford,RETAIL_HIGH_STREET,255000.0,42000.0,232.1363827043606
650465000,14611535000,paperchase,2023,Dartford,RETAIL_HIGH_STREET,255000.0,41500.0,3579.926976729801
650900000,9359638000,cafe rouge,2020,Dartford,RETAIL_RESTAURANTS_AND_CAFES,152000.0,104000.0,1585.9069054074203
650900000,483243000,cafe rouge,2020,Dartford,RETAIL_RESTAURANTS_AND_CAFES,152000.0,103000.0,1654.85051512794
650900000,7147559000,cafe rouge,2020,Dartford,RETAIL_RESTAURANTS_AND_CAFES,152000.0,100000.0,205.23304618886667
650951000,9441708000,mothercare,2019,Dartford,RETAIL_HIGH_STREET,710000.0,41400.0,158.8918366361072
650951000,1402990000,mothercare,2019,Dartford,RETAIL_HIGH_STREET,710000.0,39000.0,205.23304618886667
650951000,7915442000,mothercare,2019,Dartford,RETAIL_HIGH_STREET,710000.0,38750.0,2238.5825939907354
651050000,9163997000,byron,2020,Dartford,RETAIL_RESTAURANTS_AND_CAFES,124000.0,75500.0,1370.0723622929447
651050000,169240147,byron,2020,Dartford,RETAIL_RESTAURANTS_AND_CAFES,124000.0,70000.0,7148.769822226061
651050000,624359000,byron,2020,Dartford,RETAIL_RESTAURANTS_AND_CAFES,124000.0,67750.0,1140.2176639001905
655016000,336619141,bella italia,2020,Crawley,RETAIL_RESTAURANTS_AND_CAFES,88000.0,90000.0,1402.2254584286848
655016000,182369141,bella italia,2020,Crawley,RETAIL_RESTAURANTS_AND_CAFES,88000.0,84000.0,2306.340525495429
655016000,349662141,bella italia,2020,Crawley,RETAIL_RESTAURANTS_AND_CAFES,88000.0,83600.0,2360.236167352012
655205000,7138664000,arcadia,2020,Peterborough,RETAIL_HIGH_STREET,385000.0,171000.0,3374.322439121687
655205000,9705704000,arcadia,2020,Peterborough,RETAIL_HIGH_STREET,385000.0,49000.0,1536.0722957452754
655205000,7146334000,arcadia,2020,Peterborough,RETAIL_HIGH_STREET,385000.0,47750.0,3374.322439121687
660631000,3999652000,toys r us,2018,East Staffordshire,RETAIL_HIGH_STREET,0.0,0.0,825.3204783194279
660631000,5427291000,toys r us,2018,East Staffordshire,RETAIL_HIGH_STREET,0.0,0.0,6896.404447759354
660631000,5427293000,toys r us,2018,East Staffordshire,RETAIL_HIGH_STREET,0.0,0.0,6896.404447759354
666296000,11765157000,arcadia,2020,York,RETAIL_OTHER_SUPERSTORES_AND_WAREHOUSES,565000.0,485000.0,229.3020562845793
666296000,9166882000,arcadia,2020,York,RETAIL_OTHER_SUPERSTORES_AND_WAREHOUSES,565000.0,400000.0,379.0461504204413
666296000,10733085000,arcadia,2020,York,RETAIL_OTHER_SUPERSTORES_AND_WAREHOUSES,565000.0,390000.0,2375.1215896784115
671172000,10230559000,frankie&bennys,2020,Swindon,RETAIL_RESTAURANTS_AND_CAFES,105000.0,105000.0,4093.610383792175
671172000,23442216,frankie&bennys,2020,Swindon,RETAIL_RESTAURANTS_AND_CAFES,105000.0,102500.0,794.5860198864378
671172000,9575598000,frankie&bennys,2020,Swindon,RETAIL_RESTAURANTS_AND_CAFES,105000.0,99000.0,1291.826229872766
671179000,11564272000,chiquito,2020,Swindon,RETAIL_RESTAURANTS_AND_CAFES,129000.0,117000.0,3897.810207166741
671179000,6348771000,chiquito,2020,Swindon,RETAIL_RESTAURANTS_AND_CAFES,129000.0,141000.0,3871.196142666126
671179000,2343612000,chiquito,2020,Swindon,RETAIL_RESTAURANTS_AND_CAFES,129000.0,142500.0,4010.6235357581427
683014000,60206046,arcadia,2020,Charnwood,OFFICE_GENERAL,3800.0,3800.0,609.4782908729594
683014000,179891046,arcadia,2020,Charnwood,OFFICE_GENERAL,3800.0,3800.0,2223.336273451433
683014000,2500273000,arcadia,2020,Charnwood,OFFICE_GENERAL,3800.0,3800.0,1661.4046689066286
689398072,689784072,debenhams,2020,Bromley,RETAIL_OTHER_SUPERSTORES_AND_WAREHOUSES,850000.0,810000.0,1385.756480437614
689398072,8785722000,debenhams,2020,Bromley,RETAIL_OTHER_SUPERSTORES_AND_WAREHOUSES,850000.0,785000.0,4576.938972842011
689398072,8785896000,debenhams,2020,Bromley,RETAIL_OTHER_SUPERSTORES_AND_WAREHOUSES,850000.0,750000.0,3567.1497532746394
690033022,9968581000,poundworld,2018,Thurrock,RETAIL_HIGH_STREET,115000.0,93000.0,1294.2499189222683
690033022,14040220000,poundworld,2018,Thurrock,RETAIL_HIGH_STREET,115000.0,61500.0,1199.2179989065808
690033022,696042022,poundworld,2018,Thurrock,RETAIL_HIGH_STREET,115000.0,56000.0,1646.6257968963814
709069000,8308586000,body shop,2024,Coventry,INDUSTRIAL_GENERAL,16000.0,16000.0,309.8283192589259
709069000,14077972000,body shop,2024,Coventry,INDUSTRIAL_GENERAL,16000.0,16000.0,1757.1401328289578
709069000,6642054000,body shop,2024,Coventry,INDUSTRIAL_GENERAL,16000.0,16000.0,3556.527573651112
714009104,12535807000,body shop,2024,Darlington,RETAIL_HIGH_STREET,67500.0,29250.0,7838.383064773295
714009104,12788663000,body shop,2024,Darlington,RETAIL_HIGH_STREET,67500.0,29250.0,7838.383064773295
714009104,8788631000,body shop,2024,Darlington,RETAIL_HIGH_STREET,67500.0,28750.0,336.3939031053391
715280104,3004496000,arcadia,2020,Darlington,RETAIL_HIGH_STREET,96500.0,28500.0,664.8275299249768
715280104,546195104,arcadia,2020,Darlington,RETAIL_HIGH_STREET,96500.0,28250.0,1723.0887202856015
715280104,477992104,arcadia,2020,Darlington,RETAIL_HIGH_STREET,96500.0,27750.0,207.13205791842756
715557104,497446104,arcadia,2020,Darlington,RETAIL_HIGH_STREET,105000.0,26750.0,155.63572965640722
715557104,492819104,arcadia,2020,Darlington,RETAIL_HIGH_STREET,105000.0,23750.0,429.61314199437135
715557104,4201503000,arcadia,2020,Darlington,RETAIL_HIGH_STREET,105000.0,21250.0,7838.383064773295
716618000,11513974000,arcadia,2020,Spelthorne,RETAIL_HIGH_STREET,156000.0,49500.0,3252.065185101323
716618000,573389000,arcadia,2020,Spelthorne,RETAIL_HIGH_STREET,156000.0,47250.0,6338.565426097521
716618000,271701154,arcadia,2020,Spelthorne,RETAIL_HIGH_STREET,156000.0,46500.0,6024.944339279322
720773000,244162126,mothercare,2019,Preston,RETAIL_OTHER_SUPERSTORES_AND_WAREHOUSES,322500.0,317500.0,1166.730327646858
720773000,179202126,mothercare,2019,Preston,RETAIL_OTHER_SUPERSTORES_AND_WAREHOUSES,322500.0,330000.0,512.5098309110597
720773000,13963934000,mothercare,2019,Preston,RETAIL_OTHER_SUPERSTORES_AND_WAREHOUSES,322500.0,300000.0,157.31905194700462
725758000,11817612000,homebase,2024,Preston,RETAIL_OTHER_SUPERSTORES_AND_WAREHOUSES,670000.0,382500.0,316.6231015320797
725758000,240691126,homebase,2024,Preston,RETAIL_OTHER_SUPERSTORES_AND_WAREHOUSES,670000.0,382500.0,747.4935385987297
725758000,12008867000,homebase,2024,Preston,RETAIL_OTHER_SUPERSTORES_AND_WAREHOUSES,670000.0,367500.0,316.6231015320797
731197104,9996850000,arcadia,2020,County Durham,RETAIL_HIGH_STREET,42000.0,41000.0,4009.486954448605
731197104,8789248000,arcadia,2020,County Durham,RETAIL_HIGH_STREET,42000.0,43000.0,1461.969839389784
731197104,8358585000,arcadia,2020,County Durham,RETAIL_HIGH_STREET,42000.0,40500.0,418.9545780437357
736830104,718902104,wilko,2023,Darlington,RETAIL_OTHER_SUPERSTORES_AND_WAREHOUSES,435000.0,435000.0,2417.0189979489132
736830104,5291489000,wilko,2023,Darlington,RETAIL_OTHER_SUPERSTORES_AND_WAREHOUSES,435000.0,520000.0,623.808917388722
736830104,15028288000,wilko,2023,Darlington,RETAIL_OTHER_SUPERSTORES_AND_WAREHOUSES,435000.0,337500.0,1972.3948376382593
753262072,165207072,wilko,2023,Bromley,RETAIL_HIGH_STREET,213000.0,60500.0,2998.4824400131333
753262072,1823142000,wilko,2023,Bromley,RETAIL_HIGH_STREET,213000.0,60500.0,4835.826383460825
753262072,291825000,wilko,2023,Bromley,RETAIL_HIGH_STREET,213000.0,60000.0,479.84542660657377
779739000,3225819000,poundworld,2018,West Northamptonshire,RETAIL_OTHER_SUPERSTORES_AND_WAREHOUSES,153000.0,156000.0,11855.534600172145
779739000,3510143000,poundworld,2018,West Northamptonshire,RETAIL_OTHER_SUPERSTORES_AND_WAREHOUSES,153000.0,160000.0,11855.534600172145
779739000,8896207000,poundworld,2018,West Northamptonshire,RETAIL_OTHER_SUPERSTORES_AND_WAREHOUSES,153000.0,161000.0,1247.0414988359955
786565000,11118931000,arcadia,2020,Leeds,RETAIL_OTHER_SUPERSTORES_AND_WAREHOUSES,33000.0,33000.0,403.55519602289513
786565000,317424244,arcadia,2020,Leeds,RETAIL_OTHER_SUPERSTORES_AND_WAREHOUSES,33000.0,32750.0,8384.338902291109
786565000,5332704000,arcadia,2020,Leeds,RETAIL_OTHER_SUPERSTORES_AND_WAREHOUSES,33000.0,32750.0,1197.7123038280665
800761000,10501644000,frankie&bennys,2020,Rushmoor,RETAIL_HIGH_STREET,7100.0,7100.0,1336.032956328515
800761000,20321171,frankie&bennys,2020,Rushmoor,RETAIL_HIGH_STREET,7100.0,7000.0,1460.8398800446655
800761000,31398171,frankie&bennys,2020,Rushmoor,RETAIL_HIGH_STREET,7100.0,7200.0,206.29828752999248
808172022,7186721000,thomas cook,2019,Thurrock,RETAIL_HIGH_STREET,12250.0,12250.0,10013.742311892664
808172022,875064022,thomas cook,2019,Thurrock,RETAIL_HIGH_STREET,12250.0,12250.0,152.23440921661606
808172022,808651022,thomas cook,2019,Thurrock,RETAIL_HIGH_STREET,12250.0,12250.0,1753.1994367930558
817396022,12697477000,arcadia,2020,Thurrock,RETAIL_HIGH_STREET,372500.0,280000.0,2304.2331686838775
817396022,12697484000,arcadia,2020,Thurrock,RETAIL_HIGH_STREET,372500.0,185000.0,2304.2331686838775
817396022,807194022,arcadia,2020,Thurrock,RETAIL_HIGH_STREET,372500.0,46500.0,10048.191230516093
817405022,8308874000,body shop,2024,Thurrock,RETAIL_HIGH_STREET,233000.0,45250.0,7964.823065248471
817405022,773836022,body shop,2024,Thurrock,RETAIL_HIGH_STREET,233000.0,41250.0,10080.29283815817
817405022,909911022,body shop,2024,Thurrock,RETAIL_HIGH_STREET,233000.0,40500.0,3233.6522785407046
817407022,8915168000,cath kidston,2020,Thurrock,RETAIL_HIGH_STREET,215000.0,39500.0,1665.928136431571
817407022,10031116000,cath kidston,2020,Thurrock,RETAIL_HIGH_STREET,215000.0,38250.0,6477.022716191732
817407022,10286476000,cath kidston,2020,Thurrock,RETAIL_HIGH_STREET,215000.0,38250.0,2362.4021453974397
817420022,12856855000,paperchase,2023,Thurrock,RETAIL_HIGH_STREET,260000.0,37750.0,10048.191230516093
817420022,8791869000,paperchase,2023,Thurrock,RETAIL_HIGH_STREET,260000.0,36750.0,1792.1778418460565
817420022,6317237000,paperchase,2023,Thurrock,RETAIL_HIGH_STREET,260000.0,35000.0,1048.9326212909866
817423022,8956493000,paperchase,2023,Thurrock,RETAIL_HIGH_STREET,228000.0,33500.0,10048.191230516093
817423022,1786806000,paperchase,2023,Thurrock,RETAIL_HIGH_STREET,228000.0,32000.0,1792.1778418460565
817423022,7312912000,paperchase,2023,Thurrock,RETAIL_HIGH_STREET,228000.0,31750.0,278.4143384346052
817611022,10376611000,debenhams,2020,Thurrock,RETAIL_OTHER_SUPERSTORES_AND_WAREHOUSES,1820000.0,1540000.0,325.31212900568556
817611022,2737577000,debenhams,2020,Thurrock,RETAIL_OTHER_SUPERSTORES_AND_WAREHOUSES,1820000.0,1490000.0,642.2078820434841
817611022,13578838000,debenhams,2020,Thurrock,RETAIL_OTHER_SUPERSTORES_AND_WAREHOUSES,1820000.0,1460000.0,325.31212900568556
818004022,189445022,body shop,2024,Harlow,RETAIL_HIGH_STREET,32500.0,33750.0,411.61287408542853
818004022,9669089000,body shop,2024,Harlow,RETAIL_HIGH_STREET,32500.0,31000.0,402.49792516260976
818004022,13463982000,body shop,2024,Harlow,RETAIL_HIGH_STREET,32500.0,30750.0,195.10936139805207
818341022,899350022,chiquito,2020,Harlow,RETAIL_RESTAURANTS_AND_CAFES,115000.0,122250.0,2219.555595009223
818341022,1068758000,chiquito,2020,Harlow,RETAIL_RESTAURANTS_AND_CAFES,115000.0,99000.0,1671.2890961477362
818341022,4734265000,chiquito,2020,Harlow,RETAIL_RESTAURANTS_AND_CAFES,115000.0,87500.0,207.2849926823445
820001022,4096878000,body shop,2024,Chelmsford,RETAIL_HIGH_STREET,89500.0,65000.0,150.2190095439976
820001022,7580925000,body shop,2024,Chelmsford,RETAIL_HIGH_STREET,89500.0,61000.0,541.4192890945753
820001022,8518825000,body shop,2024,Chelmsford,RETAIL_HIGH_STREET,89500.0,60500.0,4519.550806748857
869544022,14258423000,bhs,2016,Chelmsford,RETAIL_OTHER_SUPERSTORES_AND_WAREHOUSES,487500.0,485000.0,4247.218942699886
869544022,4279628000,bhs,2016,Chelmsford,RETAIL_OTHER_SUPERSTORES_AND_WAREHOUSES,487500.0,480000.0,2957.4317490474846
869544022,11020247000,bhs,2016,Chelmsford,RETAIL_OTHER_SUPERSTORES_AND_WAREHOUSES,487500.0,480000.0,2932.21789197394
877343022,5450385000,toys r us,2018,Harlow,RETAIL_OTHER_SUPERSTORES_AND_WAREHOUSES,633000.0,800000.0,244.9542605870655
877343022,10498311000,toys r us,2018,Harlow,RETAIL_OTHER_SUPERSTORES_AND_WAREHOUSES,633000.0,350000.0,609.6136844191938
877343022,13172886000,toys r us,2018,Harlow,RETAIL_OTHER_SUPERSTORES_AND_WAREHOUSES,633000.0,325000.0,2959.2327432120237
879038022,3783754000,mothercare,2019,Harlow,RETAIL_OTHER_SUPERSTORES_AND_WAREHOUSES,322500.0,275000.0,241.3275920810634
879038022,7113491000,mothercare,2019,Harlow,RETAIL_OTHER_SUPERSTORES_AND_WAREHOUSES,322500.0,267500.0,244.9542605870655
879038022,883083022,mothercare,2019,Harlow,RETAIL_OTHER_SUPERSTORES_AND_WAREHOUSES,322500.0,181000.0,1681.5779463234549
885966023,10255127000,arcadia,2020,Southend-on-Sea,RETAIL_HIGH_STREET,67500.0,65000.0,3772.8993409591217
885966023,1124233023,arcadia,2020,Southend-on-Sea,RETAIL_HIGH_STREET,67500.0,63000.0,952.2797504879032
885966023,10255294000,arcadia,2020,Southend-on-Sea,RETAIL_HIGH_STREET,67500.0,62500.0,1084.9174962536447
886000023,9097619000,bhs,2016,Southend-on-Sea,RETAIL_OTHER_SUPERSTORES_AND_WAREHOUSES,510000.0,427500.0,507.0785750404566
886000023,13165734000,bhs,2016,Southend-on-Sea,RETAIL_OTHER_SUPERSTORES_AND_WAREHOUSES,510000.0,392500.0,4908.8961244988695
886000023,13024119000,bhs,2016,Southend-on-Sea,RETAIL_OTHER_SUPERSTORES_AND_WAREHOUSES,510000.0,342500.0,1626.1342319964958
886032023,1217677023,arcadia,2020,Southend-on-Sea,RETAIL_HIGH_STREET,145000.0,161000.0,320.0656506991385
886032023,1124912023,arcadia,2020,Southend-on-Sea,RETAIL_HIGH_STREET,145000.0,100000.0,390.9869945815404
886032023,5227896000,arcadia,2020,Southend-on-Sea,RETAIL_HIGH_STREET,145000.0,79000.0,4649.103130169813
886059023,10754831000,body shop,2024,Southend-on-Sea,RETAIL_HIGH_STREET,80000.0,51500.0,688.8156181388365
886059023,9280266000,body shop,2024,Southend-on-Sea,RETAIL_HIGH_STREET,80000.0,51500.0,1724.4800372702466
886059023,1127993023,body shop,2024,Southend-on-Sea,RETAIL_HIGH_STREET,80000.0,51000.0,294.1672979797703
893798022,15088612000,body shop,2024,Thurrock,INDUSTRIAL_GENERAL,21250.0,21250.0,3490.708463057528
893798022,2883980000,body shop,2024,Thurrock,INDUSTRIAL_GENERAL,21250.0,21250.0,1088.271573734861
893798022,816482022,body shop,2024,Thurrock,INDUSTRIAL_GENERAL,21250.0,21250.0,3233.6522785407046
895108022,9583814000,mothercare,2019,Chelmsford,RETAIL_OTHER_SUPERSTORES_AND_WAREHOUSES,194000.0,194000.0,2882.8518241754673
895108022,1224320000,mothercare,2019,Chelmsford,RETAIL_OTHER_SUPERSTORES_AND_WAREHOUSES,194000.0,190000.0,919.7828814096944
895108022,11062145000,mothercare,2019,Chelmsford,RETAIL_OTHER_SUPERSTORES_AND_WAREHOUSES,194000.0,198000.0,289.8276900566954
895111022,1443732000,maplin,2018,Chelmsford,RETAIL_HIGH_STREET,97500.0,60000.0,1528.5966079041389
895111022,3505226000,maplin,2018,Chelmsford,RETAIL_HIGH_STREET,97500.0,58500.0,1820.777711087203
895111022,12765292000,maplin,2018,Chelmsford,RETAIL_HIGH_STREET,97500.0,58000.0,13323.819831235574
895320000,12673055000,toys r us,2018,Preston,RETAIL_OTHER_SUPERSTORES_AND_WAREHOUSES,990000.0,995000.0,760.2436458491962
895320000,14193307000,toys r us,2018,Preston,RETAIL_OTHER_SUPERSTORES_AND_WAREHOUSES,990000.0,1060000.0,760.2436458491962
895320000,14596175000,toys r us,2018,Preston,RETAIL_OTHER_SUPERSTORES_AND_WAREHOUSES,990000.0,1250000.0,471.4886625559572
901297022,4567496000,cafe rouge,2020,Chelmsford,RETAIL_RESTAURANTS_AND_CAFES,42500.0,42000.0,2635.293155509131
901297022,40328022,cafe rouge,2020,Chelmsford,RETAIL_RESTAURANTS_AND_CAFES,42500.0,42000.0,2194.2492753870506
901297022,6199336000,cafe rouge,2020,Chelmsford,RETAIL_RESTAURANTS_AND_CAFES,42500.0,41250.0,2077.3529462382558
901881000,13630208000,byron,2020,Camden,RETAIL_RESTAURANTS_AND_CAFES,71500.0,71500.0,1206.1405728258496
901881000,2907810000,byron,2020,Camden,RETAIL_RESTAURANTS_AND_CAFES,71500.0,71000.0,1295.588588863959
901881000,107119063,byron,2020,Camden,RETAIL_RESTAURANTS_AND_CAFES,71500.0,72000.0,3007.450404467959
908903023,1123633023,maplin,2018,Southend-on-Sea,RETAIL_HIGH_STREET,4800.0,4800.0,3340.754127006214
908903023,1094137023,maplin,2018,Southend-on-Sea,RETAIL_HIGH_STREET,4800.0,4800.0,2550.573270622008
908903023,1100531023,maplin,2018,Southend-on-Sea,RETAIL_HIGH_STREET,4800.0,4800.0,1524.926108336374
910821022,1441040000,maplin,2018,Thurrock,RETAIL_OTHER_SUPERSTORES_AND_WAREHOUSES,203000.0,196000.0,2437.7434326031507
910821022,4052648000,maplin,2018,Thurrock,RETAIL_OTHER_SUPERSTORES_AND_WAREHOUSES,203000.0,193000.0,245.21353583013703
910821022,10952951000,maplin,2018,Thurrock,RETAIL_OTHER_SUPERSTORES_AND_WAREHOUSES,203000.0,225000.0,10048.191230516093
913012022,198441022,arcadia,2020,Chelmsford,RETAIL_HIGH_STREET,165000.0,262500.0,8031.678461183151
913012022,14111734000,arcadia,2020,Chelmsford,RETAIL_HIGH_STREET,165000.0,58000.0,13323.819831235574
913012022,8439363000,arcadia,2020,Chelmsford,RETAIL_HIGH_STREET,165000.0,56500.0,1022.3385692858542
913181022,896664022,wilko,2023,Thurrock,RETAIL_OTHER_SUPERSTORES_AND_WAREHOUSES,177000.0,177000.0,245.21353583013703
913181022,5421370000,wilko,2023,Thurrock,RETAIL_OTHER_SUPERSTORES_AND_WAREHOUSES,177000.0,172000.0,2325.453753954093
913181022,10146962000,wilko,2023,Thurrock,RETAIL_OTHER_SUPERSTORES_AND_WAREHOUSES,177000.0,169000.0,385.70872285196845
913336000,209861232,poundworld,2018,East Staffordshire,RETAIL_HIGH_STREET,132000.0,40000.0,18330.27425795551
913336000,264120000,poundworld,2018,East Staffordshire,RETAIL_HIGH_STREET,132000.0,36750.0,18777.67363193328
913336000,8812963000,poundworld,2018,East Staffordshire,RETAIL_HIGH_STREET,132000.0,36750.0,2889.9733933162356
915213000,332550176,cafe rouge,2020,Wiltshire,RETAIL_RESTAURANTS_AND_CAFES,98500.0,100000.0,2227.1412239405417
915213000,4410319000,cafe rouge,2020,Wiltshire,RETAIL_RESTAURANTS_AND_CAFES,98500.0,96000.0,11776.153577119157
915213000,10252524000,cafe rouge,2020,Wiltshire,RETAIL_RESTAURANTS_AND_CAFES,98500.0,95000.0,8582.718462120643
930791000,10081751000,carluccios,2020,Dartford,RETAIL_RESTAURANTS_AND_CAFES,96000.0,58500.0,215.94784717093782
930791000,399622147,carluccios,2020,Dartford,RETAIL_RESTAURANTS_AND_CAFES,96000.0,55000.0,192.71465287011162
930791000,2279065000,carluccios,2020,Dartford,RETAIL_RESTAURANTS_AND_CAFES,96000.0,54000.0,4585.122896302304
948332000,8906778000,body shop,2024,Braintree,RETAIL_HIGH_STREET,28750.0,28750.0,5635.300213784925
948332000,5791250000,body shop,2024,Braintree,RETAIL_HIGH_STREET,28750.0,28500.0,632.8409456984573
948332000,4951337000,body shop,2024,Braintree,RETAIL_HIGH_STREET,28750.0,28500.0,193.62107481910863
950600000,9973811000,homebase,2024,Camden,RETAIL_OTHER_SUPERSTORES_AND_WAREHOUSES,1050000.0,1230000.0,171.52715097620936
950600000,7815935000,homebase,2024,Camden,RETAIL_OTHER_SUPERSTORES_AND_WAREHOUSES,1050000.0,705000.0,150.23748613646313
950600000,14280475000,homebase,2024,Camden,RETAIL_OTHER_SUPERSTORES_AND_WAREHOUSES,1050000.0,650000.0,234.62198751882576
964792000,4628394000,arcadia,2020,Southampton,OFFICE_GENERAL,0.0,0.0,1534.3098012215048
964792000,7962382000,arcadia,2020,Southampton,OFFICE_GENERAL,0.0,0.0,696.7220383777958
964792000,197149176,arcadia,2020,Southampton,OFFICE_GENERAL,0.0,0.0,518.6249143771454
975174000,11974878000,homebase,2024,Bedford,RETAIL_OTHER_SUPERSTORES_AND_WAREHOUSES,450000.0,392500.0,411.91827227304094
975174000,267338011,homebase,2024,Bedford,RETAIL_OTHER_SUPERSTORES_AND_WAREHOUSES,450000.0,355000.0,1172.0426569250915
975174000,11362916000,homebase,2024,Bedford,RETAIL_OTHER_SUPERSTORES_AND_WAREHOUSES,450000.0,342500.0,1526.7301465084445
980228000,9543136000,bella italia,2020,Reading,RETAIL_HIGH_STREET,153000.0,56500.0,2181.082213888542
980228000,462573165,bella italia,2020,Reading,RETAIL_HIGH_STREET,153000.0,55000.0,1215.4647277529461
980228000,14494871000,bella italia,2020,Reading,RETAIL_HIGH_STREET,153000.0,53500.0,261.51489115269624
980379000,11780026000,cafe rouge,2020,Reading,RETAIL_RESTAURANTS_AND_CAFES,145000.0,150000.0,1310.3503167723295
980379000,195538165,cafe rouge,2020,Reading,RETAIL_RESTAURANTS_AND_CAFES,145000.0,136300.0,1264.462543988638
980379000,2113013000,cafe rouge,2020,Reading,RETAIL_RESTAURANTS_AND_CAFES,145000.0,133000.0,1102.4741632757953
980437000,12667558000,strada,2018,Reading,RETAIL_RESTAURANTS_AND_CAFES,129000.0,131000.0,992.3553406306886
980437000,198617165,strada,2018,Reading,RETAIL_RESTAURANTS_AND_CAFES,129000.0,126000.0,542.0581095610181
980437000,2893209000,strada,2018,Reading,RETAIL_RESTAURANTS_AND_CAFES,129000.0,110000.0,195.60441507352843
980985000,465238165,paperchase,2023,Reading,RETAIL_HIGH_STREET,182000.0,52000.0,1347.2891845889435
980985000,11725385000,paperchase,2023,Reading,RETAIL_HIGH_STREET,182000.0,51000.0,261.51489115269624
980985000,7930453000,paperchase,2023,Reading,RETAIL_HIGH_STREET,182000.0,49750.0,1529.5677149841288
981039000,480725165,paperchase,2023,Reading,RETAIL_HIGH_STREET,170000.0,49500.0,956.5418540033958
981039000,10289380000,paperchase,2023,Reading,RETAIL_HIGH_STREET,170000.0,49250.0,3059.685328263892
981039000,5088434000,paperchase,2023,Reading,RETAIL_HIGH_STREET,170000.0,49000.0,1021.8324158588423
981118000,488630165,debenhams,2020,Reading,RETAIL_OTHER_SUPERSTORES_AND_WAREHOUSES,1310000.0,1110000.0,4511.70922815804
981118000,14794060000,debenhams,2020,Reading,RETAIL_OTHER_SUPERSTORES_AND_WAREHOUSES,1310000.0,1660000.0,1077.6129442952483
981118000,14973042000,debenhams,2020,Reading,RETAIL_OTHER_SUPERSTORES_AND_WAREHOUSES,1310000.0,895000.0,977.2156442778369
987332000,11935906000,ted baker,2024,Braintree,RETAIL_HIGH_STREET,68500.0,63000.0,4039.807755909243
987332000,1737179000,ted baker,2024,Braintree,RETAIL_HIGH_STREET,68500.0,56000.0,493.41059417038997
987332000,10040769000,ted baker,2024,Braintree,RETAIL_HIGH_STREET,68500.0,39250.0,7823.891779776987
987494000,10401219000,cath kidston,2020,Warwick,RETAIL_HIGH_STREET,36750.0,36500.0,3360.97220941301
987494000,172932237,cath kidston,2020,Warwick,RETAIL_HIGH_STREET,36750.0,36000.0,547.4154765915208
987494000,8812551000,cath kidston,2020,Warwick,RETAIL_HIGH_STREET,36750.0,36000.0,1254.0206842541036
995594000,240131222,prezzo,2018,Rugby,RETAIL_RESTAURANTS_AND_CAFES,39500.0,39000.0,12476.268957022881
995594000,5608007000,prezzo,2018,Rugby,RETAIL_RESTAURANTS_AND_CAFES,39500.0,40000.0,10018.532696899862
995594000,4087045000,prezzo,2018,Rugby,RETAIL_RESTAURANTS_AND_CAFES,39500.0,40000.0,10946.067374304352
1069082000,14156371000,wilko,2023,Swindon,RETAIL_OTHER_SUPERSTORES_AND_WAREHOUSES,350000.0,360000.0,8245.487013805441
1069082000,12725636000,wilko,2023,Swindon,RETAIL_OTHER_SUPERSTORES_AND_WAREHOUSES,350000.0,337500.0,3897.8683779215867
1069082000,3333688000,wilko,2023,Swindon,RETAIL_OTHER_SUPERSTORES_AND_WAREHOUSES,350000.0,317500.0,1839.313022890009
1083901000,458089154,paperchase,2023,Spelthorne,RETAIL_HIGH_STREET,75500.0,46000.0,327.215078868942
1083901000,523363000,paperchase,2023,Spelthorne,RETAIL_HIGH_STREET,75500.0,45000.0,6303.847883154084
1083901000,10124901000,paperchase,2023,Spelthorne,RETAIL_HIGH_STREET,75500.0,41000.0,3071.216914898763
1085160000,10654208000,maplin,2018,Colchester,RETAIL_OTHER_SUPERSTORES_AND_WAREHOUSES,91500.0,91500.0,541.8615838576976
1085160000,15052165000,maplin,2018,Colchester,RETAIL_OTHER_SUPERSTORES_AND_WAREHOUSES,91500.0,91500.0,1002.468553842397
1085160000,190951023,maplin,2018,Colchester,RETAIL_OTHER_SUPERSTORES_AND_WAREHOUSES,91500.0,96000.0,954.3808422528166
1111797000,11946816000,maplin,2018,Brent,RETAIL_OTHER_SUPERSTORES_AND_WAREHOUSES,92500.0,94500.0,4128.626486695831
1111797000,402069065,maplin,2018,Brent,RETAIL_OTHER_SUPERSTORES_AND_WAREHOUSES,92500.0,90000.0,1946.2784709181808
1111797000,11441104000,maplin,2018,Brent,RETAIL_OTHER_SUPERSTORES_AND_WAREHOUSES,92500.0,88000.0,1405.807945423544
1120284023,8830225000,thomas cook,2019,Southend-on-Sea,RETAIL_HIGH_STREET,65000.0,47000.0,3149.305920654377
1120284023,8918259000,thomas cook,2019,Southend-on-Sea,RETAIL_HIGH_STREET,65000.0,45750.0,3100.0305477728525
1120284023,7466281000,thomas cook,2019,Southend-on-Sea,RETAIL_HIGH_STREET,65000.0,45000.0,468.51748002837587
1120399023,14970206000,arcadia,2020,Southend-on-Sea,RETAIL_HIGH_STREET,265000.0,42250.0,4832.601628833749
1120399023,1125635023,arcadia,2020,Southend-on-Sea,RETAIL_HIGH_STREET,265000.0,42250.0,3298.3264369433236
1120399023,1119436023,arcadia,2020,Southend-on-Sea,RETAIL_HIGH_STREET,265000.0,41250.0,3202.166124159498
1124857023,13016448000,maplin,2018,Southend-on-Sea,INDUSTRIAL_GENERAL,13500.0,13500.0,507.0785750404566
1124857023,1124970023,maplin,2018,Southend-on-Sea,INDUSTRIAL_GENERAL,13500.0,13500.0,1845.963769030178
1124857023,1107855023,maplin,2018,Southend-on-Sea,INDUSTRIAL_GENERAL,13500.0,13500.0,1388.7089661339894
1125135023,884386023,body shop,2024,Southend-on-Sea,INDUSTRIAL_GENERAL,3650.0,3650.0,2453.811854469967
1125135023,11932175000,body shop,2024,Southend-on-Sea,INDUSTRIAL_GENERAL,3650.0,3650.0,5007.266764666827
1125135023,3692868000,body shop,2024,Southend-on-Sea,INDUSTRIAL_GENERAL,3650.0,3650.0,4583.948914461422
1127936023,126296000,debenhams,2020,Southend-on-Sea,RETAIL_OTHER_SUPERSTORES_AND_WAREHOUSES,780000.0,327500.0,5006.013681590129
1127936023,7297624000,debenhams,2020,Southend-on-Sea,RETAIL_OTHER_SUPERSTORES_AND_WAREHOUSES,780000.0,317500.0,507.58463134751
1127936023,10114493000,debenhams,2020,Southend-on-Sea,RETAIL_OTHER_SUPERSTORES_AND_WAREHOUSES,780000.0,310000.0,4993.021432804335
1130912000,8622830000,body shop,2024,Cheshire West and Chester,RETAIL_HIGH_STREET,94500.0,38250.0,7913.935294120053
1130912000,319215133,body shop,2024,Cheshire West and Chester,RETAIL_HIGH_STREET,94500.0,37250.0,7871.77649741802
1130912000,10314435000,body shop,2024,Cheshire West and Chester,RETAIL_HIGH_STREET,94500.0,36250.0,3852.2131265739804
1136796000,3836473000,wilko,2023,East Staffordshire,RETAIL_OTHER_SUPERSTORES_AND_WAREHOUSES,180000.0,178000.0,1777.6601406195466
1136796000,5460587000,wilko,2023,East Staffordshire,RETAIL_OTHER_SUPERSTORES_AND_WAREHOUSES,180000.0,175000.0,3172.316824740152
1136796000,12316388000,wilko,2023,East Staffordshire,RETAIL_OTHER_SUPERSTORES_AND_WAREHOUSES,180000.0,189000.0,2687.831473657863
1138870000,91816173,debenhams,2020,Dorset,RETAIL_OTHER_SUPERSTORES_AND_WAREHOUSES,432500.0,445000.0,607.9224766609282
1138870000,10490630000,debenhams,2020,Dorset,RETAIL_OTHER_SUPERSTORES_AND_WAREHOUSES,432500.0,412500.0,3981.1363791444774
1138870000,14757229000,debenhams,2020,Dorset,RETAIL_OTHER_SUPERSTORES_AND_WAREHOUSES,432500.0,407500.0,40063.63486874929
1163464000,85078175,body shop,2024,Fareham,INDUSTRIAL_GENERAL,18500.0,18500.0,918.0083339170985
1163464000,12361842000,body shop,2024,Fareham,INDUSTRIAL_GENERAL,18500.0,18500.0,880.6101496587067
1163464000,206370175,body shop,2024,Fareham,INDUSTRIAL_GENERAL,18500.0,18500.0,5486.535221184336
1171207000,350393082,cath kidston,2020,Kensington and Chelsea,RETAIL_HIGH_STREET,185000.0,185000.0,152.8717322199346
1171207000,3085880000,cath kidston,2020,Kensington and Chelsea,RETAIL_HIGH_STREET,185000.0,185000.0,698.0384185905551
1171207000,10006602000,cath kidston,2020,Kensington and Chelsea,RETAIL_HIGH_STREET,185000.0,185000.0,1083.715481070938
1192502000,3541390000,thomas cook,2019,Swindon,RETAIL_HIGH_STREET,229000.0,203000.0,288.4444608175574
1192502000,13374713000,thomas cook,2019,Swindon,RETAIL_HIGH_STREET,229000.0,153000.0,2207.455519058133
1192502000,783361000,thomas cook,2019,Swindon,RETAIL_HIGH_STREET,229000.0,66500.0,4010.6235357581427
1194498000,14190375000,homebase,2024,North Northamptonshire,WAREHOUSING_LARGE_SCALE_AND_HIGH_BAY,1270000.0,1260000.0,2927.2537294061335
1194498000,3926148000,homebase,2024,North Northamptonshire,WAREHOUSING_LARGE_SCALE_AND_HIGH_BAY,1270000.0,1250000.0,3063.343360596736
1194498000,11231616000,homebase,2024,North Northamptonshire,WAREHOUSING_LARGE_SCALE_AND_HIGH_BAY,1270000.0,1200000.0,2517.2740497271056
1197189000,9667215000,paperchase,2023,Dudley,RETAIL_HIGH_STREET,165000.0,34000.0,1013.3722794132246
1197189000,264991239,paperchase,2023,Dudley,RETAIL_HIGH_STREET,165000.0,32750.0,2595.1878343954263
1197189000,10062260000,paperchase,2023,Dudley,RETAIL_HIGH_STREET,165000.0,32500.0,197.00005674222515
1209419023,8383793000,arcadia,2020,Colchester,OFFICE_GENERAL,23250.0,23250.0,5295.263632137665
1209419023,1209419023,arcadia,2020,Colchester,OFFICE_GENERAL,23250.0,23250.0,2990.7493627960816
1209419023,10882756000,arcadia,2020,Colchester,OFFICE_GENERAL,23250.0,23250.0,2770.5625178248
1210739023,190425023,paperchase,2023,Colchester,RETAIL_HIGH_STREET,89500.0,41500.0,2545.0410779747117
1210739023,8176885000,paperchase,2023,Colchester,RETAIL_HIGH_STREET,89500.0,40000.0,751.729601385516
1210739023,21428023,paperchase,2023,Colchester,RETAIL_HIGH_STREET,89500.0,39250.0,1625.5888785195907
1222047000,12614477000,arcadia,2020,Stoke-on-Trent,RETAIL_HIGH_STREET,81500.0,79500.0,969.6619370335452
1222047000,10913904000,arcadia,2020,Stoke-on-Trent,RETAIL_HIGH_STREET,81500.0,64500.0,3347.067562680712
1222047000,14655579000,arcadia,2020,Stoke-on-Trent,RETAIL_HIGH_STREET,81500.0,62500.0,531.8773207314593
1222072000,14737212000,body shop,2024,Stoke-on-Trent,RETAIL_HIGH_STREET,53000.0,51000.0,1967.10865040554
1222072000,132976236,body shop,2024,Stoke-on-Trent,RETAIL_HIGH_STREET,53000.0,46250.0,2235.119020885113
1222072000,11514596000,body shop,2024,Stoke-on-Trent,RETAIL_HIGH_STREET,53000.0,45500.0,1276.7319058505027
1243266023,14124377000,wilko,2023,Southend-on-Sea,RETAIL_OTHER_SUPERSTORES_AND_WAREHOUSES,187000.0,213000.0,3458.9976097764593
1243266023,9819284000,wilko,2023,Southend-on-Sea,RETAIL_OTHER_SUPERSTORES_AND_WAREHOUSES,187000.0,150000.0,3941.4359676534555
1243266023,14339231000,wilko,2023,Southend-on-Sea,RETAIL_OTHER_SUPERSTORES_AND_WAREHOUSES,187000.0,145000.0,390.9869945815404
1245190023,198643023,wilko,2023,Colchester,RETAIL_OTHER_SUPERSTORES_AND_WAREHOUSES,265000.0,265000.0,233.91286386741766
1245190023,3261714000,wilko,2023,Colchester,RETAIL_OTHER_SUPERSTORES_AND_WAREHOUSES,265000.0,272500.0,1283.239401724241
1245190023,2928973000,wilko,2023,Colchester,RETAIL_OTHER_SUPERSTORES_AND_WAREHOUSES,265000.0,255000.0,1283.239401724241
1247777000,6671170000,arcadia,2020,Southampton,OFFICE_GENERAL,0.0,0.0,518.6249143771454
1247777000,53002000,arcadia,2020,Southampton,OFFICE_GENERAL,0.0,0.0,237.69332006184877
1247777000,4537962000,arcadia,2020,Southampton,OFFICE_GENERAL,0.0,0.0,1715.9260681326546
1252141000,4879642000,cath kidston,2020,Ashford,RETAIL_HIGH_STREET,57500.0,57500.0,946.4637379692605
1252141000,8366479000,cath kidston,2020,Ashford,RETAIL_HIGH_STREET,57500.0,56000.0,1374.2834686683332
1252141000,320949148,cath kidston,2020,Ashford,RETAIL_HIGH_STREET,57500.0,59000.0,13483.952809047934
1252186000,320987148,body shop,2024,Ashford,RETAIL_HIGH_STREET,57500.0,54500.0,13413.72017113228
1252186000,330010148,body shop,2024,Ashford,RETAIL_HIGH_STREET,57500.0,60500.0,13483.952809047934
1252186000,320994148,body shop,2024,Ashford,RETAIL_HIGH_STREET,57500.0,50500.0,13413.72017113228
1269630000,10007637000,maplin,2018,North Yorkshire,RETAIL_OTHER_SUPERSTORES_AND_WAREHOUSES,83500.0,83500.0,44154.78501521469
1269630000,14936122000,maplin,2018,North Yorkshire,RETAIL_OTHER_SUPERSTORES_AND_WAREHOUSES,83500.0,84000.0,2953.604778227602
1269630000,428702105,maplin,2018,North Yorkshire,RETAIL_OTHER_SUPERSTORES_AND_WAREHOUSES,83500.0,84000.0,39802.88140688257
1278721000,12572987000,thomas cook,2019,Leicester,RETAIL_HIGH_STREET,24000.0,24000.0,408.30170057101645
1278721000,258778044,thomas cook,2019,Leicester,RETAIL_HIGH_STREET,24000.0,24000.0,1474.025039544922
1278721000,12573011000,thomas cook,2019,Leicester,RETAIL_HIGH_STREET,24000.0,24000.0,408.30170057101645
1281164000,13718473000,arcadia,2020,Tower Hamlets,RETAIL_HIGH_STREET,290000.0,297500.0,520.1633247311772
1281164000,13341965000,arcadia,2020,Tower Hamlets,RETAIL_HIGH_STREET,290000.0,255000.0,183.31535844089385
1281164000,10893566000,arcadia,2020,Tower Hamlets,RETAIL_HIGH_STREET,290000.0,226000.0,212.64291400901112
1290866000,10762795000,arcadia,2020,Wiltshire,OFFICE_GENERAL,3050.0,3050.0,7947.27234559966
1290866000,1290866000,arcadia,2020,Wiltshire,OFFICE_GENERAL,3050.0,3050.0,14118.83965275026
1290866000,10670162000,arcadia,2020,Wiltshire,OFFICE_GENERAL,3050.0,3050.0,4993.839578423207
1296349000,141401186,strada,2018,Somerset,RETAIL_HIGH_STREET,3950.0,3950.0,9169.008819161296
1296349000,3795138000,strada,2018,Somerset,RETAIL_HIGH_STREET,3950.0,3950.0,5443.118640964841
1296349000,157547186,strada,2018,Somerset,RETAIL_HIGH_STREET,3950.0,3950.0,931.9980591203384
1309661000,168927147,body shop,2024,Dartford,INDUSTRIAL_LIGHT,8500.0,8600.0,2534.1116759067254
1309661000,171223147,body shop,2024,Dartford,INDUSTRIAL_LIGHT,8500.0,8100.0,163.7235272781431
1309661000,7263852000,body shop,2024,Dartford,INDUSTRIAL_LIGHT,8500.0,8900.0,4115.817070745805
1310704000,14095019000,ted baker,2024,Camden,OFFICE_GENERAL,890000.0,880000.0,224.2271414992271
1310704000,11184931000,ted baker,2024,Camden,OFFICE_GENERAL,890000.0,900000.0,266.7638201712573
1310704000,4491113000,ted baker,2024,Camden,OFFICE_GENERAL,890000.0,875000.0,270.8358804139596
1312555000,10206483000,wilko,2023,Buckinghamshire,RETAIL_OTHER_SUPERSTORES_AND_WAREHOUSES,245000.0,244000.0,1608.557666129074
1312555000,10205805000,wilko,2023,Buckinghamshire,RETAIL_OTHER_SUPERSTORES_AND_WAREHOUSES,245000.0,241000.0,1608.557666129074
1312555000,10755335000,wilko,2023,Buckinghamshire,RETAIL_OTHER_SUPERSTORES_AND_WAREHOUSES,245000.0,241000.0,6118.151618276042
1314162000,229748102,poundworld,2018,Stockton-on-Tees,RETAIL_HIGH_STREET,52500.0,52000.0,6410.408805147112
1314162000,8994233000,poundworld,2018,Stockton-on-Tees,RETAIL_HIGH_STREET,52500.0,50000.0,4676.562408260181
1314162000,13816267000,poundworld,2018,Stockton-on-Tees,RETAIL_HIGH_STREET,52500.0,55000.0,2104.5523988232744
1324812000,538575145,homebase,2024,Canterbury,RETAIL_OTHER_SUPERSTORES_AND_WAREHOUSES,335000.0,355000.0,2357.5143079793006
1324812000,10805929000,homebase,2024,Canterbury,RETAIL_OTHER_SUPERSTORES_AND_WAREHOUSES,335000.0,307500.0,8114.204944943487
1324812000,12664434000,homebase,2024,Canterbury,RETAIL_OTHER_SUPERSTORES_AND_WAREHOUSES,335000.0,305000.0,1820.4601088004194
1335935000,4408044000,body shop,2024,Dudley,RETAIL_HIGH_STREET,4000.0,4000.0,3011.8191864787977
1335935000,5287015000,body shop,2024,Dudley,RETAIL_HIGH_STREET,4000.0,4000.0,1433.860259376948
1335935000,25823239,body shop,2024,Dudley,RETAIL_HIGH_STREET,4000.0,4000.0,627.1435331371648
1336847000,12362571000,maplin,2018,Cheshire West and Chester,RETAIL_HIGH_STREET,97000.0,34000.0,152.03504969500466
1336847000,9897144000,maplin,2018,Cheshire West and Chester,RETAIL_HIGH_STREET,97000.0,34000.0,1502.458240663422
1336847000,2592530000,maplin,2018,Cheshire West and Chester,RETAIL_HIGH_STREET,97000.0,33750.0,11139.688438071673
1348424000,11773584000,debenhams,2020,Bedford,RETAIL_OTHER_SUPERSTORES_AND_WAREHOUSES,452500.0,277500.0,556.9366671912212
1348424000,2898557000,debenhams,2020,Bedford,RETAIL_OTHER_SUPERSTORES_AND_WAREHOUSES,452500.0,267500.0,356.1012124281748
1348424000,10800093000,debenhams,2020,Bedford,RETAIL_OTHER_SUPERSTORES_AND_WAREHOUSES,452500.0,262500.0,958.3634223962689
1349938000,13806108000,poundworld,2018,Chesterfield,RETAIL_HIGH_STREET,133000.0,24250.0,2012.948180740009
1349938000,7475632000,poundworld,2018,Chesterfield,RETAIL_HIGH_STREET,133000.0,23250.0,1362.8438958647491
1349938000,7397967000,poundworld,2018,Chesterfield,RETAIL_HIGH_STREET,133000.0,21750.0,1800.0246299799219
1349995000,12313973000,bhs,2016,Chesterfield,RETAIL_OTHER_SUPERSTORES_AND_WAREHOUSES,415000.0,455000.0,2055.747881754227
1349995000,15078345000,bhs,2016,Chesterfield,RETAIL_OTHER_SUPERSTORES_AND_WAREHOUSES,415000.0,362500.0,3411.320983532998
1349995000,569361042,bhs,2016,Chesterfield,RETAIL_OTHER_SUPERSTORES_AND_WAREHOUSES,415000.0,255000.0,663.4023434716914
1366523000,8992921000,arcadia,2020,Manchester,RETAIL_OTHER_SUPERSTORES_AND_WAREHOUSES,750000.0,765000.0,2930.509247051748
1366523000,8995371000,arcadia,2020,Manchester,RETAIL_OTHER_SUPERSTORES_AND_WAREHOUSES,750000.0,765000.0,174.88240084653202
1366523000,9331351000,arcadia,2020,Manchester,RETAIL_OTHER_SUPERSTORES_AND_WAREHOUSES,750000.0,725000.0,2230.705040958627
1392939000,584092000,toys r us,2018,Thurrock,RETAIL_OTHER_SUPERSTORES_AND_WAREHOUSES,700000.0,412500.0,642.2078820434841
1392939000,14088273000,toys r us,2018,Thurrock,RETAIL_OTHER_SUPERSTORES_AND_WAREHOUSES,700000.0,340000.0,462.6189073061506
1392939000,14405714000,toys r us,2018,Thurrock,RETAIL_OTHER_SUPERSTORES_AND_WAREHOUSES,700000.0,1160000.0,1664.2061358382873
1406271000,13253862000,wilko,2023,Dorset,RETAIL_OTHER_SUPERSTORES_AND_WAREHOUSES,129000.0,128000.0,6683.167409421805
1406271000,6701459000,wilko,2023,Dorset,RETAIL_OTHER_SUPERSTORES_AND_WAREHOUSES,129000.0,130000.0,27789.04477563859
1406271000,14358285000,wilko,2023,Dorset,RETAIL_OTHER_SUPERSTORES_AND_WAREHOUSES,129000.0,131000.0,38233.54852845619
1432352000,95100063,prezzo,2018,Camden,RETAIL_FINANCIAL_AND_PROFESSIONAL_SERVICES,69500.0,67000.0,261.2994913642605
1432352000,198595063,prezzo,2018,Camden,RETAIL_FINANCIAL_AND_PROFESSIONAL_SERVICES,69500.0,66500.0,731.013926577966
1432352000,104518063,prezzo,2018,Camden,RETAIL_FINANCIAL_AND_PROFESSIONAL_SERVICES,69500.0,80000.0,1135.5660610759523
1434315000,4096028000,bhs,2016,"Bournemouth, Christchurch and Poole",RETAIL_OTHER_SUPERSTORES_AND_WAREHOUSES,347500.0,350000.0,2562.1333547587305
1434315000,303309172,bhs,2016,"Bournemouth, Christchurch and Poole",RETAIL_OTHER_SUPERSTORES_AND_WAREHOUSES,347500.0,342500.0,2384.232762596479
1434315000,10511416000,bhs,2016,"Bournemouth, Christchurch and Poole",RETAIL_OTHER_SUPERSTORES_AND_WAREHOUSES,347500.0,337500.0,2219.3287238248686
1434634000,7523740000,wilko,2023,Chesterfield,RETAIL_OTHER_SUPERSTORES_AND_WAREHOUSES,235000.0,250000.0,646.0182087537748
1434634000,11947886000,wilko,2023,Chesterfield,RETAIL_OTHER_SUPERSTORES_AND_WAREHOUSES,235000.0,214000.0,3035.3735336944255
1434634000,9202492000,wilko,2023,Chesterfield,RETAIL_OTHER_SUPERSTORES_AND_WAREHOUSES,235000.0,191000.0,1718.0493149045476
1450423000,8935321000,homebase,2024,Leeds,RETAIL_OTHER_SUPERSTORES_AND_WAREHOUSES,655000.0,660000.0,4182.405837565638
1450423000,10700166000,homebase,2024,Leeds,RETAIL_OTHER_SUPERSTORES_AND_WAREHOUSES,655000.0,640000.0,2716.787436975125
1450423000,8788379000,homebase,2024,Leeds,RETAIL_OTHER_SUPERSTORES_AND_WAREHOUSES,655000.0,620000.0,11789.470725856921
1457640000,12262536000,poundworld,2018,Bradford,RETAIL_HIGH_STREET,96500.0,94500.0,223.44744869298776
1457640000,13840442000,poundworld,2018,Bradford,RETAIL_HIGH_STREET,96500.0,115000.0,832.0646992162197
1457640000,3775910000,poundworld,2018,Bradford,RETAIL_HIGH_STREET,96500.0,72500.0,1691.400499030071
1468942000,12587665000,thomas cook,2019,Bradford,RETAIL_HIGH_STREET,21000.0,21000.0,597.3618031547758
1468942000,7852908000,thomas cook,2019,Bradford,RETAIL_HIGH_STREET,21000.0,21000.0,360.94835115016804
1468942000,15023576000,thomas cook,2019,Bradford,RETAIL_HIGH_STREET,21000.0,20750.0,682.8366344811513
1490599000,96087173,body shop,2024,Dorset,RETAIL_HIGH_STREET,19500.0,19500.0,1995.11479904046
1490599000,13544129000,body shop,2024,Dorset,RETAIL_HIGH_STREET,19500.0,19500.0,41071.75549128433
1490599000,318653172,body shop,2024,Dorset,RETAIL_HIGH_STREET,19500.0,19500.0,33126.66833599508
1509459000,13019274000,debenhams,2020,Milton Keynes,RETAIL_OTHER_SUPERSTORES_AND_WAREHOUSES,1570000.0,1640000.0,679.3812168614307
1509459000,13269699000,debenhams,2020,Milton Keynes,RETAIL_OTHER_SUPERSTORES_AND_WAREHOUSES,1570000.0,1640000.0,1742.9269675552762
1509459000,4604634000,debenhams,2020,Milton Keynes,RETAIL_OTHER_SUPERSTORES_AND_WAREHOUSES,1570000.0,1690000.0,822.5604374224752
1514112000,13682033000,homebase,2024,Somerset,RETAIL_OTHER_SUPERSTORES_AND_WAREHOUSES,367500.0,357500.0,776.4747578424355
1514112000,14606957000,homebase,2024,Somerset,RETAIL_OTHER_SUPERSTORES_AND_WAREHOUSES,367500.0,350000.0,934.9013976771856
1514112000,3561833000,homebase,2024,Somerset,RETAIL_OTHER_SUPERSTORES_AND_WAREHOUSES,367500.0,347500.0,527.7911564540302
1516043000,8837420000,body shop,2024,Bedford,INDUSTRIAL_LIGHT,8500.0,8300.0,3305.224743969447
1516043000,3865491000,body shop,2024,Bedford,INDUSTRIAL_LIGHT,8500.0,8700.0,407.65937554712406
1516043000,266685011,body shop,2024,Bedford,INDUSTRIAL_LIGHT,8500.0,8200.0,1837.4856553967854
1526597000,538382176,prezzo,2018,Wiltshire,RETAIL_RESTAURANTS_AND_CAFES,48250.0,48250.0,11193.053935517933
1526597000,7873540000,prezzo,2018,Wiltshire,RETAIL_RESTAURANTS_AND_CAFES,48250.0,48250.0,16434.96672421512
1526597000,283881216,prezzo,2018,Wiltshire,RETAIL_RESTAURANTS_AND_CAFES,48250.0,47500.0,5433.343673288122
1526791000,8848954000,thomas cook,2019,Bradford,RETAIL_HIGH_STREET,44000.0,44000.0,1486.0076608439754
1526791000,945715000,thomas cook,2019,Bradford,RETAIL_HIGH_STREET,44000.0,43750.0,606.8692988756796
1526791000,9248008000,thomas cook,2019,Bradford,RETAIL_HIGH_STREET,44000.0,43250.0,4751.3577644131965
1527349000,570778216,arcadia,2020,Swindon,RETAIL_HIGH_STREET,175000.0,66000.0,711.5100659973697
1527349000,567931216,arcadia,2020,Swindon,RETAIL_HIGH_STREET,175000.0,64000.0,2207.455519058133
1527349000,145767216,arcadia,2020,Swindon,RETAIL_HIGH_STREET,175000.0,63500.0,2207.455519058133
1533257000,159269124,wilko,2023,Cumberland,RETAIL_OTHER_SUPERSTORES_AND_WAREHOUSES,262500.0,260000.0,1123.1812982572005
1533257000,102170124,wilko,2023,Cumberland,RETAIL_OTHER_SUPERSTORES_AND_WAREHOUSES,262500.0,260000.0,331.45234958368394
1533257000,14202645000,wilko,2023,Cumberland,RETAIL_OTHER_SUPERSTORES_AND_WAREHOUSES,262500.0,265000.0,3883.8727418634103
1539680000,8033670000,frankie&bennys,2020,East Staffordshire,RETAIL_RESTAURANTS_AND_CAFES,81000.0,83500.0,2687.831473657863
1539680000,8033660000,frankie&bennys,2020,East Staffordshire,RETAIL_RESTAURANTS_AND_CAFES,81000.0,83500.0,2687.831473657863
1539680000,213989232,frankie&bennys,2020,East Staffordshire,RETAIL_RESTAURANTS_AND_CAFES,81000.0,75000.0,4898.689218141751
1541640000,198919176,thomas cook,2019,Southampton,RETAIL_HIGH_STREET,227000.0,65000.0,2362.3780468621467
1541640000,14422125000,thomas cook,2019,Southampton,RETAIL_HIGH_STREET,227000.0,64500.0,555.6976617058386
1541640000,8788425000,thomas cook,2019,Southampton,RETAIL_HIGH_STREET,227000.0,60000.0,593.6816590709527
1541641000,9343466000,paperchase,2023,Southampton,RETAIL_HIGH_STREET,267500.0,59500.0,573.6583428407971
1541641000,3901686000,paperchase,2023,Southampton,RETAIL_HIGH_STREET,267500.0,56000.0,952.849564040855
1541641000,200346176,paperchase,2023,Southampton,RETAIL_HIGH_STREET,267500.0,55500.0,250.23076478449912
1541643000,5085095000,cath kidston,2020,Southampton,RETAIL_HIGH_STREET,255000.0,55000.0,3002.830351732167
1541643000,8821615000,cath kidston,2020,Southampton,RETAIL_HIGH_STREET,255000.0,54500.0,1287.498059067581
1541643000,42136176,cath kidston,2020,Southampton,RETAIL_HIGH_STREET,255000.0,54000.0,548.3805701931441
1541714000,5957386000,body shop,2024,Southampton,RETAIL_HIGH_STREET,154000.0,53000.0,582.6454135280079
1541714000,12529570000,body shop,2024,Southampton,RETAIL_HIGH_STREET,154000.0,50000.0,1209.7240306473489
1541714000,8821747000,body shop,2024,Southampton,RETAIL_HIGH_STREET,154000.0,48750.0,374.1320730788032
1551009000,208350017,mothercare,2019,Watford,INDUSTRIAL_GENERAL,720000.0,755000.0,556.8591046391598
1551009000,9025586000,mothercare,2019,Watford,INDUSTRIAL_GENERAL,720000.0,600000.0,1103.2718982814376
1551009000,11713430000,mothercare,2019,Watford,INDUSTRIAL_GENERAL,720000.0,580000.0,831.073494757386
1551882000,115873012,wilko,2023,East Cambridgeshire,RETAIL_OTHER_SUPERSTORES_AND_WAREHOUSES,97500.0,99500.0,832.2850892389988
1551882000,6410216000,wilko,2023,East Cambridgeshire,RETAIL_OTHER_SUPERSTORES_AND_WAREHOUSES,97500.0,87500.0,8285.940134919374
1551882000,88626012,wilko,2023,East Cambridgeshire,RETAIL_OTHER_SUPERSTORES_AND_WAREHOUSES,97500.0,83000.0,12852.31630333521
1571947000,12317750000,thomas cook,2019,"Bournemouth, Christchurch and Poole",RETAIL_HIGH_STREET,49250.0,49250.0,1750.721673028186
1571947000,9520549000,thomas cook,2019,"Bournemouth, Christchurch and Poole",RETAIL_HIGH_STREET,49250.0,49000.0,1564.4791184565402
1571947000,8561183000,thomas cook,2019,"Bournemouth, Christchurch and Poole",RETAIL_HIGH_STREET,49250.0,49000.0,1756.6872253164536
1580324000,10728608000,toys r us,2018,Norwich,RETAIL_OTHER_SUPERSTORES_AND_WAREHOUSES,640000.0,410000.0,240.0043602906915
1580324000,616240036,toys r us,2018,Norwich,RETAIL_OTHER_SUPERSTORES_AND_WAREHOUSES,640000.0,382500.0,2811.983761144996
1580324000,13192954000,toys r us,2018,Norwich,RETAIL_OTHER_SUPERSTORES_AND_WAREHOUSES,640000.0,362500.0,1142.3163550155086
1581506000,176118172,wilko,2023,Dorset,WAREHOUSING_LARGE_SCALE_AND_HIGH_BAY,4500.0,4450.0,48662.719889630054
1581506000,11901964000,wilko,2023,Dorset,WAREHOUSING_LARGE_SCALE_AND_HIGH_BAY,4500.0,4450.0,7403.557892457256
1581506000,107605173,wilko,2023,Dorset,WAREHOUSING_LARGE_SCALE_AND_HIGH_BAY,4500.0,4550.0,32766.61732680294
1596684000,695133000,wilko,2023,"Bournemouth, Christchurch and Poole",RETAIL_OTHER_SUPERSTORES_AND_WAREHOUSES,214000.0,208000.0,2384.232762596479
1596684000,6790711000,wilko,2023,"Bournemouth, Christchurch and Poole",RETAIL_OTHER_SUPERSTORES_AND_WAREHOUSES,214000.0,220000.0,1981.0950671000637
1596684000,9530493000,wilko,2023,"Bournemouth, Christchurch and Poole",RETAIL_OTHER_SUPERSTORES_AND_WAREHOUSES,214000.0,204000.0,1924.5559348539527
1602166000,14940054000,debenhams,2020,Sunderland,RETAIL_OTHER_SUPERSTORES_AND_WAREHOUSES,785000.0,780000.0,6725.445437678378
1602166000,11300696000,debenhams,2020,Sunderland,RETAIL_OTHER_SUPERSTORES_AND_WAREHOUSES,785000.0,670000.0,680.3717810895212
1602166000,11300694000,debenhams,2020,Sunderland,RETAIL_OTHER_SUPERSTORES_AND_WAREHOUSES,785000.0,585000.0,680.3717810895212
1605175000,8918659000,debenhams,2020,Cumberland,RETAIL_OTHER_SUPERSTORES_AND_WAREHOUSES,720000.0,740000.0,1123.1812982572005
1605175000,9334120000,debenhams,2020,Cumberland,RETAIL_OTHER_SUPERSTORES_AND_WAREHOUSES,720000.0,695000.0,688.1530604944303
1605175000,3120587000,debenhams,2020,Cumberland,RETAIL_OTHER_SUPERSTORES_AND_WAREHOUSES,720000.0,690000.0,26380.385679873907
1622086000,253938234,wilko,2023,Telford and Wrekin,RETAIL_OTHER_SUPERSTORES_AND_WAREHOUSES,153000.0,153000.0,4723.066123173982
1622086000,1696862000,wilko,2023,Telford and Wrekin,RETAIL_OTHER_SUPERSTORES_AND_WAREHOUSES,153000.0,150000.0,441.6197474299782
1622086000,2773566000,wilko,2023,Telford and Wrekin,RETAIL_OTHER_SUPERSTORES_AND_WAREHOUSES,153000.0,150000.0,11026.241304605232
1633813000,107136063,paperchase,2023,Camden,RETAIL_OTHER_SUPERSTORES_AND_WAREHOUSES,650000.0,460000.0,184.43409204537213
1633813000,109821063,paperchase,2023,Camden,RETAIL_OTHER_SUPERSTORES_AND_WAREHOUSES,650000.0,285000.0,846.2935849342438
1633813000,216249063,paperchase,2023,Camden,RETAIL_OTHER_SUPERSTORES_AND_WAREHOUSES,650000.0,277500.0,405.7642226937427
1648355000,10686623000,maplin,2018,West Northamptonshire,RETAIL_OTHER_SUPERSTORES_AND_WAREHOUSES,92000.0,90500.0,5215.154534947621
1648355000,14705918000,maplin,2018,West Northamptonshire,RETAIL_OTHER_SUPERSTORES_AND_WAREHOUSES,92000.0,88000.0,12173.19260007337
1648355000,455853045,maplin,2018,West Northamptonshire,RETAIL_OTHER_SUPERSTORES_AND_WAREHOUSES,92000.0,87500.0,756.5668648535753
1661865000,449889162,frankie&bennys,2020,Buckinghamshire,RETAIL_RESTAURANTS_AND_CAFES,4600.0,4750.0,3567.479478929645
1661865000,128728162,frankie&bennys,2020,Buckinghamshire,RETAIL_RESTAURANTS_AND_CAFES,4600.0,4800.0,16069.95102496564
1661865000,471108162,frankie&bennys,2020,Buckinghamshire,RETAIL_RESTAURANTS_AND_CAFES,4600.0,4800.0,2338.8323751972025
1691183000,184408148,wilko,2023,Tunbridge Wells,RETAIL_HIGH_STREET,270000.0,49250.0,239.31019685269754
1691183000,159986148,wilko,2023,Tunbridge Wells,RETAIL_HIGH_STREET,270000.0,45000.0,415.8308079805448
1691183000,159976148,wilko,2023,Tunbridge Wells,RETAIL_HIGH_STREET,270000.0,42500.0,366.72411975995715
1702005000,10604983000,wilko,2023,Crawley,RETAIL_OTHER_SUPERSTORES_AND_WAREHOUSES,292500.0,292500.0,1641.874411683194
1702005000,347304141,wilko,2023,Crawley,RETAIL_OTHER_SUPERSTORES_AND_WAREHOUSES,292500.0,310000.0,1589.8257111526732
1702005000,14225752000,wilko,2023,Crawley,RETAIL_OTHER_SUPERSTORES_AND_WAREHOUSES,292500.0,267500.0,1366.5619362720226
1738768000,9278865000,poundworld,2018,Manchester,RETAIL_HIGH_STREET,46250.0,46250.0,184.78854448570263
1738768000,206797113,poundworld,2018,Manchester,RETAIL_HIGH_STREET,46250.0,46250.0,3709.2675579328725
1738768000,7892368000,poundworld,2018,Manchester,RETAIL_HIGH_STREET,46250.0,46250.0,3820.163767462425
1772009000,13337700000,debenhams,2020,West Northamptonshire,WAREHOUSING_LARGE_SCALE_AND_HIGH_BAY,835000.0,830000.0,2263.502977766452
1772009000,13002382000,debenhams,2020,West Northamptonshire,WAREHOUSING_LARGE_SCALE_AND_HIGH_BAY,835000.0,830000.0,2263.502977766452
1772009000,10479296000,debenhams,2020,West Northamptonshire,WAREHOUSING_LARGE_SCALE_AND_HIGH_BAY,835000.0,845000.0,18169.008644471163
1794489000,319187244,poundworld,2018,Leeds,RETAIL_HIGH_STREET,71500.0,70500.0,13030.380241244779
1794489000,8849220000,poundworld,2018,Leeds,RETAIL_HIGH_STREET,71500.0,72500.0,231.25219781695924
1794489000,12574465000,poundworld,2018,Leeds,RETAIL_HIGH_STREET,71500.0,69500.0,3102.6302418291775
1795507000,8830279000,thomas cook,2019,Milton Keynes,RETAIL_HIGH_STREET,23500.0,23500.0,983.0840306508742
1795507000,11020087000,thomas cook,2019,Milton Keynes,RETAIL_HIGH_STREET,23500.0,23500.0,5165.385219898531
1795507000,10671082000,thomas cook,2019,Milton Keynes,RETAIL_HIGH_STREET,23500.0,23250.0,1527.3612140587936
1796277000,1592069000,wilko,2023,Leeds,RETAIL_HIGH_STREET,1500.0,1500.0,206.67227927621906
1796277000,46230244,wilko,2023,Leeds,RETAIL_HIGH_STREET,1500.0,1500.0,1030.9071089218442
1796277000,125418244,wilko,2023,Leeds,RETAIL_HIGH_STREET,1500.0,1500.0,2412.6514290656155
1808939000,14562462000,cafe rouge,2020,Camden,RETAIL_RESTAURANTS_AND_CAFES,80000.0,79000.0,175.48934948350032
1808939000,7241890000,cafe rouge,2020,Camden,RETAIL_RESTAURANTS_AND_CAFES,80000.0,79000.0,204.51753462753908
1808939000,3395328000,cafe rouge,2020,Camden,RETAIL_RESTAURANTS_AND_CAFES,80000.0,77500.0,1340.5243548735627
1809558000,11309800000,paperchase,2023,Reading,RETAIL_HIGH_STREET,3600.0,3600.0,1356.8085539972656
1809558000,13937346000,paperchase,2023,Reading,RETAIL_HIGH_STREET,3600.0,3600.0,181.2728615218089
1809558000,8367165,paperchase,2023,Reading,RETAIL_HIGH_STREET,3600.0,3550.0,1391.0528239308846
1828759000,14549551000,paperchase,2023,Camden,OFFICE_GENERAL,207000.0,207000.0,226.48812092337926
1828759000,11996298000,paperchase,2023,Camden,OFFICE_GENERAL,207000.0,208000.0,186.1744984892739
1828759000,11077237000,paperchase,2023,Camden,OFFICE_GENERAL,207000.0,205000.0,267.5260997803471
1836856000,3496274000,poundworld,2018,Coventry,RETAIL_OTHER_SUPERSTORES_AND_WAREHOUSES,161000.0,161000.0,4493.684213954012
1836856000,1839521000,poundworld,2018,Coventry,RETAIL_OTHER_SUPERSTORES_AND_WAREHOUSES,161000.0,162000.0,528.6511295337419
1836856000,298110222,poundworld,2018,Coventry,RETAIL_OTHER_SUPERSTORES_AND_WAREHOUSES,161000.0,158000.0,450.41665996670645
1837760000,6974165000,body shop,2024,Reading,RETAIL_HIGH_STREET,128000.0,48750.0,1365.9372272779297
1837760000,89419165,body shop,2024,Reading,RETAIL_HIGH_STREET,128000.0,47750.0,4470.927968499749
1837760000,9318098000,body shop,2024,Reading,RETAIL_HIGH_STREET,128000.0,46750.0,261.51489115269624
1842076000,3367792000,arcadia,2020,Birmingham,RETAIL_RESTAURANTS_AND_CAFES,48000.0,48000.0,186.9433637217392
1842076000,425294221,arcadia,2020,Birmingham,RETAIL_RESTAURANTS_AND_CAFES,48000.0,47500.0,892.5814962064842
1842076000,14771643000,arcadia,2020,Birmingham,RETAIL_RESTAURANTS_AND_CAFES,48000.0,47500.0,235.50928787194994
1922701000,3181332000,arcadia,2020,Thanet,RETAIL_RESTAURANTS_AND_CAFES,37000.0,37250.0,2928.552113325698
1922701000,12156583000,arcadia,2020,Thanet,RETAIL_RESTAURANTS_AND_CAFES,37000.0,36500.0,3266.714989949451
1922701000,1981158000,arcadia,2020,Thanet,RETAIL_RESTAURANTS_AND_CAFES,37000.0,36500.0,1286.5496934605642
1923605000,942397000,carluccios,2020,Tunbridge Wells,RETAIL_RESTAURANTS_AND_CAFES,105000.0,110000.0,2975.6288913253734
1923605000,653082000,carluccios,2020,Tunbridge Wells,RETAIL_RESTAURANTS_AND_CAFES,105000.0,95000.0,2975.6288913253734
1923605000,387823148,carluccios,2020,Tunbridge Wells,RETAIL_RESTAURANTS_AND_CAFES,105000.0,89750.0,3832.3902293352135
1927721000,13081623000,homebase,2024,Norwich,RETAIL_OTHER_SUPERSTORES_AND_WAREHOUSES,940000.0,1190000.0,357.0787455715958
1927721000,9503154000,homebase,2024,Norwich,RETAIL_OTHER_SUPERSTORES_AND_WAREHOUSES,940000.0,1290000.0,357.0787455715958
1927721000,14121170000,homebase,2024,Norwich,RETAIL_OTHER_SUPERSTORES_AND_WAREHOUSES,940000.0,362500.0,1142.3163550155086
1942264000,14299900000,arcadia,2020,Wiltshire,RETAIL_HIGH_STREET,42500.0,42750.0,2493.9713220808385
1942264000,13802238000,arcadia,2020,Wiltshire,RETAIL_HIGH_STREET,42500.0,43000.0,7673.0895932113535
1942264000,8902838000,arcadia,2020,Wiltshire,RETAIL_HIGH_STREET,42500.0,41250.0,7889.886159755398
1984064000,173679108,arcadia,2020,North Yorkshire,RETAIL_HIGH_STREET,33250.0,33250.0,11999.50329508791
1984064000,5780544000,arcadia,2020,North Yorkshire,RETAIL_HIGH_STREET,33250.0,33000.0,15912.372454777153
1984064000,109610105,arcadia,2020,North Yorkshire,RETAIL_HIGH_STREET,33250.0,33000.0,160.40193929072854
1986414000,14553058000,maplin,2018,Spelthorne,RETAIL_HIGH_STREET,121000.0,40250.0,3074.683437851318
1986414000,260222154,maplin,2018,Spelthorne,RETAIL_HIGH_STREET,121000.0,40250.0,3128.581926666995
1986414000,3526930000,maplin,2018,Spelthorne,RETAIL_HIGH_STREET,121000.0,39000.0,6338.565426097521
1987490000,377768244,arcadia,2020,Leeds,OFFICE_GENERAL,297500.0,297500.0,926.8228031198868
1987490000,6177441000,arcadia,2020,Leeds,OFFICE_GENERAL,297500.0,297500.0,701.4789196774993
1987490000,14233804000,arcadia,2020,Leeds,OFFICE_GENERAL,297500.0,297500.0,418.50334434311935
1988718000,12255541000,debenhams,2020,Milton Keynes,INDUSTRIAL_GENERAL,94500.0,94500.0,1744.731722039488
1988718000,3273308000,debenhams,2020,Milton Keynes,INDUSTRIAL_GENERAL,94500.0,94000.0,938.8008114240313
1988718000,7663241000,debenhams,2020,Milton Keynes,INDUSTRIAL_GENERAL,94500.0,93500.0,2463.0490505147563
2002561000,2627495000,body shop,2024,Wiltshire,RETAIL_HIGH_STREET,43750.0,44000.0,17045.793128805923
2002561000,459240176,body shop,2024,Wiltshire,RETAIL_HIGH_STREET,43750.0,46250.0,160.93935117226457
2002561000,10589690000,body shop,2024,Wiltshire,RETAIL_HIGH_STREET,43750.0,46500.0,4359.701740021832
2011383000,6115603000,bella italia,2020,Manchester,RETAIL_RESTAURANTS_AND_CAFES,106000.0,106000.0,236.50232991294578
2011383000,278197113,bella italia,2020,Manchester,RETAIL_RESTAURANTS_AND_CAFES,106000.0,106000.0,4765.560518786086
2011383000,2602395000,bella italia,2020,Manchester,RETAIL_RESTAURANTS_AND_CAFES,106000.0,105000.0,200.1099817193495
2039402000,3403868000,poundworld,2018,Nottingham,RETAIL_OTHER_SUPERSTORES_AND_WAREHOUSES,117000.0,117000.0,1967.3891408386442
2039402000,4738055000,poundworld,2018,Nottingham,RETAIL_OTHER_SUPERSTORES_AND_WAREHOUSES,117000.0,125000.0,1053.6725769393279
2039402000,8789011000,poundworld,2018,Nottingham,RETAIL_OTHER_SUPERSTORES_AND_WAREHOUSES,117000.0,125000.0,2425.2904907746893
2069352000,7389642000,toys r us,2018,Plymouth,RETAIL_OTHER_SUPERSTORES_AND_WAREHOUSES,267500.0,270000.0,4101.35159284755
2069352000,10767318000,toys r us,2018,Plymouth,RETAIL_OTHER_SUPERSTORES_AND_WAREHOUSES,267500.0,275000.0,340.533783172468
2069352000,11100716000,toys r us,2018,Plymouth,RETAIL_OTHER_SUPERSTORES_AND_WAREHOUSES,267500.0,282500.0,340.533783172468
2101276000,10443223000,bella italia,2020,Nottingham,RETAIL_RESTAURANTS_AND_CAFES,59000.0,59000.0,1865.9778183535368
2101276000,100388037,bella italia,2020,Nottingham,RETAIL_RESTAURANTS_AND_CAFES,59000.0,58000.0,5806.777925243035
2101276000,290579037,bella italia,2020,Nottingham,RETAIL_RESTAURANTS_AND_CAFES,59000.0,60000.0,696.8221884909627
2117694000,354754141,homebase,2024,Crawley,RETAIL_OTHER_SUPERSTORES_AND_WAREHOUSES,90500.0,87500.0,1980.991706887268
2117694000,8495055000,homebase,2024,Crawley,RETAIL_OTHER_SUPERSTORES_AND_WAREHOUSES,90500.0,87500.0,1589.8257111526732
2117694000,247785141,homebase,2024,Crawley,RETAIL_OTHER_SUPERSTORES_AND_WAREHOUSES,90500.0,97500.0,812.9069379747602
2123579000,5309106000,mothercare,2019,Derby,RETAIL_OTHER_SUPERSTORES_AND_WAREHOUSES,247000.0,247000.0,1726.9172138729139
2123579000,14931860000,mothercare,2019,Derby,RETAIL_OTHER_SUPERSTORES_AND_WAREHOUSES,247000.0,249000.0,2290.4361311627495
2123579000,1269817000,mothercare,2019,Derby,RETAIL_OTHER_SUPERSTORES_AND_WAREHOUSES,247000.0,250000.0,841.544255808668
2135054000,2117048000,maplin,2018,Hammersmith and Fulham,RETAIL_HIGH_STREET,69000.0,68500.0,938.5206629508328
2135054000,13560023000,maplin,2018,Hammersmith and Fulham,RETAIL_HIGH_STREET,69000.0,68500.0,1075.3433024498547
2135054000,442024000,maplin,2018,Hammersmith and Fulham,RETAIL_HIGH_STREET,69000.0,68500.0,933.401087897024
2175649000,4066662000,wilko,2023,Manchester,RETAIL_OTHER_SUPERSTORES_AND_WAREHOUSES,385000.0,377500.0,5006.2492391840115
2175649000,11698266000,wilko,2023,Manchester,RETAIL_OTHER_SUPERSTORES_AND_WAREHOUSES,385000.0,392500.0,3687.0894454947666
2175649000,834942000,wilko,2023,Manchester,RETAIL_OTHER_SUPERSTORES_AND_WAREHOUSES,385000.0,375000.0,2535.2759958574643
2199366000,329658012,arcadia,2020,East Cambridgeshire,RETAIL_HIGH_STREET,35500.0,33750.0,364.1011739298117
2199366000,90447012,arcadia,2020,East Cambridgeshire,RETAIL_HIGH_STREET,35500.0,37250.0,12338.918188906606
2199366000,2000985000,arcadia,2020,East Cambridgeshire,RETAIL_HIGH_STREET,35500.0,33500.0,24596.952628010018
2209177000,107495124,poundworld,2018,Cumberland,RETAIL_OTHER_SUPERSTORES_AND_WAREHOUSES,59500.0,59000.0,4330.958400627036
2209177000,10632328000,poundworld,2018,Cumberland,RETAIL_OTHER_SUPERSTORES_AND_WAREHOUSES,59500.0,61000.0,4083.351856870207
2209177000,7573490000,poundworld,2018,Cumberland,RETAIL_OTHER_SUPERSTORES_AND_WAREHOUSES,59500.0,53000.0,1103.255268187844
2210644000,9545308000,bhs,2016,Blackpool,RETAIL_OTHER_SUPERSTORES_AND_WAREHOUSES,392500.0,390000.0,4572.7659252511185
2210644000,5022218000,bhs,2016,Blackpool,RETAIL_OTHER_SUPERSTORES_AND_WAREHOUSES,392500.0,402500.0,4277.879631301766
2210644000,1650054000,bhs,2016,Blackpool,RETAIL_OTHER_SUPERSTORES_AND_WAREHOUSES,392500.0,412500.0,3501.4843840299313
2220092000,385135000,wilko,2023,"Bristol, City of",RETAIL_OTHER_SUPERSTORES_AND_WAREHOUSES,325000.0,325000.0,2775.4957290989987
2220092000,12956927000,wilko,2023,"Bristol, City of",RETAIL_OTHER_SUPERSTORES_AND_WAREHOUSES,325000.0,315000.0,2834.052128309371
2220092000,4949173000,wilko,2023,"Bristol, City of",RETAIL_OTHER_SUPERSTORES_AND_WAREHOUSES,325000.0,310000.0,802.4601637217684
2238252000,10475872000,poundworld,2018,Bradford,RETAIL_HIGH_STREET,124000.0,156000.0,2269.4386201071943
2238252000,945713000,poundworld,2018,Bradford,RETAIL_HIGH_STREET,124000.0,65500.0,606.8692988756796
2238252000,9313798000,poundworld,2018,Bradford,RETAIL_HIGH_STREET,124000.0,65500.0,3651.47788709913
2239035000,234066222,thomas cook,2019,Coventry,RETAIL_HIGH_STREET,11250.0,11250.0,1087.6391185468729
2239035000,11285098000,thomas cook,2019,Coventry,RETAIL_HIGH_STREET,11250.0,11250.0,1406.6917932307488
2239035000,39996222,thomas cook,2019,Coventry,RETAIL_HIGH_STREET,11250.0,11250.0,1025.1364418063145
2244737000,10310076000,ted baker,2024,Brighton and Hove,RETAIL_HIGH_STREET,60500.0,61000.0,254.99898715853047
2244737000,8325444000,ted baker,2024,Brighton and Hove,RETAIL_HIGH_STREET,60500.0,61500.0,1543.399766220585
2244737000,9411226000,ted baker,2024,Brighton and Hove,RETAIL_HIGH_STREET,60500.0,58500.0,3367.4148459954354
2252812000,12123923000,carluccios,2020,Tower Hamlets,RETAIL_RESTAURANTS_AND_CAFES,131000.0,131000.0,1050.6398330040447
2252812000,15008480000,carluccios,2020,Tower Hamlets,RETAIL_RESTAURANTS_AND_CAFES,131000.0,130000.0,540.6079952815267
2252812000,9493869000,carluccios,2020,Tower Hamlets,RETAIL_RESTAURANTS_AND_CAFES,131000.0,132000.0,742.1779944120182
2268531000,1060600000,prezzo,2018,Southampton,RETAIL_RESTAURANTS_AND_CAFES,63500.0,62500.0,3712.73330205481
2268531000,6832256000,prezzo,2018,Southampton,RETAIL_RESTAURANTS_AND_CAFES,63500.0,62500.0,431.5008114387685
2268531000,7857527000,prezzo,2018,Southampton,RETAIL_RESTAURANTS_AND_CAFES,63500.0,62500.0,444.9608341334264
2273220000,13906810000,arcadia,2020,Bromley,RETAIL_OTHER_SUPERSTORES_AND_WAREHOUSES,595000.0,565000.0,1249.31382496891
2273220000,225250072,arcadia,2020,Bromley,RETAIL_OTHER_SUPERSTORES_AND_WAREHOUSES,595000.0,560000.0,3405.050218721538
2273220000,8785723000,arcadia,2020,Bromley,RETAIL_OTHER_SUPERSTORES_AND_WAREHOUSES,595000.0,685000.0,3106.0459646342097
2273784000,4404694000,arcadia,2020,Hammersmith and Fulham,RETAIL_RESTAURANTS_AND_CAFES,59000.0,59000.0,1169.124009333955
2273784000,122457082,arcadia,2020,Hammersmith and Fulham,RETAIL_RESTAURANTS_AND_CAFES,59000.0,59000.0,796.4304621087089
2273784000,125207082,arcadia,2020,Hammersmith and Fulham,RETAIL_RESTAURANTS_AND_CAFES,59000.0,58500.0,184.67753649563298
2291569000,10590105000,ted baker,2024,Leeds,RETAIL_HIGH_STREET,205000.0,87500.0,187.71774209036408
2291569000,10565619000,ted baker,2024,Leeds,RETAIL_HIGH_STREET,205000.0,86500.0,187.71774209036408
2291569000,8831339000,ted baker,2024,Leeds,RETAIL_HIGH_STREET,205000.0,86000.0,434.96224843065073
2298191000,9359728000,poundworld,2018,Watford,RETAIL_HIGH_STREET,123000.0,43250.0,713.5976439214072
2298191000,2160616000,poundworld,2018,Watford,RETAIL_HIGH_STREET,123000.0,42500.0,1051.311153185679
2298191000,3922725000,poundworld,2018,Watford,RETAIL_HIGH_STREET,123000.0,35750.0,170.40270443879388
2303335000,6459656000,mothercare,2019,Norwich,RETAIL_OTHER_SUPERSTORES_AND_WAREHOUSES,236000.0,223000.0,2569.217785032677
2303335000,8324450000,mothercare,2019,Norwich,RETAIL_OTHER_SUPERSTORES_AND_WAREHOUSES,236000.0,252500.0,781.3371067831383
2303335000,8356656000,mothercare,2019,Norwich,RETAIL_OTHER_SUPERSTORES_AND_WAREHOUSES,236000.0,252500.0,505.10436202969163
2303883000,14257592000,body shop,2024,Sevenoaks,RETAIL_HIGH_STREET,37000.0,34250.0,8513.31616022514
2303883000,8792103000,body shop,2024,Sevenoaks,RETAIL_HIGH_STREET,37000.0,33500.0,12047.289108140272
2303883000,1262942000,body shop,2024,Sevenoaks,RETAIL_HIGH_STREET,37000.0,33250.0,2116.7112292893994
2326286000,14642140000,thomas cook,2019,Cardiff,RETAIL_HIGH_STREET,16500.0,16500.0,688.5162709119719
2326286000,10455266000,thomas cook,2019,Cardiff,RETAIL_HIGH_STREET,16500.0,16500.0,3437.7886610944624
2326286000,650674000,thomas cook,2019,Cardiff,RETAIL_HIGH_STREET,16500.0,16500.0,1129.70619459133
2326289000,11287193000,thomas cook,2019,Cardiff,OFFICE_GENERAL,8600.0,8600.0,517.7599732618418
2326289000,14611698000,thomas cook,2019,Cardiff,OFFICE_GENERAL,8600.0,8600.0,2407.843986473267
2326289000,13696256000,thomas cook,2019,Cardiff,OFFICE_GENERAL,8600.0,8600.0,223.437179251283
2326568000,163765234,wilko,2023,Telford and Wrekin,WAREHOUSING_LARGE_SCALE_AND_HIGH_BAY,14250.0,14500.0,5806.834745931574
2326568000,12307394000,wilko,2023,Telford and Wrekin,WAREHOUSING_LARGE_SCALE_AND_HIGH_BAY,14250.0,13750.0,3703.3505844340334
2326568000,9667430000,wilko,2023,Telford and Wrekin,WAREHOUSING_LARGE_SCALE_AND_HIGH_BAY,14250.0,14750.0,259.42412282585116
2340783000,295559154,prezzo,2018,Spelthorne,RETAIL_HIGH_STREET,69000.0,37250.0,6265.883611657617
2340783000,3450561000,prezzo,2018,Spelthorne,RETAIL_HIGH_STREET,69000.0,35500.0,7273.35400932956
2340783000,376256154,prezzo,2018,Spelthorne,RETAIL_HIGH_STREET,69000.0,35250.0,5976.363770145605
2354852000,571013037,wilko,2023,Nottingham,RETAIL_OTHER_SUPERSTORES_AND_WAREHOUSES,95000.0,95500.0,2538.884903931136
2354852000,2924526000,wilko,2023,Nottingham,RETAIL_OTHER_SUPERSTORES_AND_WAREHOUSES,95000.0,93500.0,2608.0468816518296
2354852000,8308262000,wilko,2023,Nottingham,RETAIL_OTHER_SUPERSTORES_AND_WAREHOUSES,95000.0,99500.0,1053.6725769393279
2371882000,1349431000,carluccios,2020,City of London,RETAIL_RESTAURANTS_AND_CAFES,90000.0,90000.0,207.0742455382671
2371882000,120079000,carluccios,2020,City of London,RETAIL_RESTAURANTS_AND_CAFES,90000.0,90000.0,202.02508499493558
2371882000,7274904000,carluccios,2020,City of London,RETAIL_RESTAURANTS_AND_CAFES,90000.0,88500.0,498.36277075781175
2373121000,6840412000,thomas cook,2019,Peterborough,OFFICE_GENERAL,206000.0,201000.0,1409.203650622358
2373121000,9950646000,thomas cook,2019,Peterborough,OFFICE_GENERAL,206000.0,199000.0,3803.0548632376945
2373121000,10269485000,thomas cook,2019,Peterborough,OFFICE_GENERAL,206000.0,197000.0,3727.8682359198083
2379552000,14585087000,arcadia,2020,York,RETAIL_OTHER_SUPERSTORES_AND_WAREHOUSES,605000.0,825000.0,654.9399129496356
2379552000,9194889000,arcadia,2020,York,RETAIL_OTHER_SUPERSTORES_AND_WAREHOUSES,605000.0,850000.0,654.9399129496356
2379552000,13223320000,arcadia,2020,York,RETAIL_OTHER_SUPERSTORES_AND_WAREHOUSES,605000.0,350000.0,289.6299765482491
2382968000,219474042,wilko,2023,Derby,RETAIL_OTHER_SUPERSTORES_AND_WAREHOUSES,52000.0,52000.0,3956.761720636272
2382968000,3895546000,wilko,2023,Derby,RETAIL_OTHER_SUPERSTORES_AND_WAREHOUSES,52000.0,51500.0,1983.1069147274172
2382968000,8672165000,wilko,2023,Derby,RETAIL_OTHER_SUPERSTORES_AND_WAREHOUSES,52000.0,51500.0,2462.6581399306574
2441487000,11261713000,cath kidston,2020,Kensington and Chelsea,OFFICE_GENERAL,115000.0,115000.0,864.3031745037524
2441487000,31370082,cath kidston,2020,Kensington and Chelsea,OFFICE_GENERAL,115000.0,115000.0,571.9954565261703
2441487000,9308371000,cath kidston,2020,Kensington and Chelsea,OFFICE_GENERAL,115000.0,115000.0,197.44965693684836
2441523000,299029184,homebase,2024,Plymouth,RETAIL_OTHER_SUPERSTORES_AND_WAREHOUSES,72000.0,74500.0,1436.217952176676
2441523000,4571992000,homebase,2024,Plymouth,RETAIL_OTHER_SUPERSTORES_AND_WAREHOUSES,72000.0,75000.0,436.37567885616954
2441523000,12557759000,homebase,2024,Plymouth,RETAIL_OTHER_SUPERSTORES_AND_WAREHOUSES,72000.0,75000.0,450.69052590720287
2445076000,6001311000,body shop,2024,Central Bedfordshire,INDUSTRIAL_GENERAL,11000.0,11000.0,13107.627697578908
2445076000,12160087000,body shop,2024,Central Bedfordshire,INDUSTRIAL_GENERAL,11000.0,11000.0,6365.522000352851
2445076000,13025601000,body shop,2024,Central Bedfordshire,INDUSTRIAL_GENERAL,11000.0,11000.0,516.7266323645763
2461064000,13872227000,frankie&bennys,2020,Somerset,RETAIL_RESTAURANTS_AND_CAFES,76500.0,77000.0,1639.3616208402218
2461064000,1957660000,frankie&bennys,2020,Somerset,RETAIL_RESTAURANTS_AND_CAFES,76500.0,75500.0,32710.441049473626
2461064000,1063489000,frankie&bennys,2020,Somerset,RETAIL_RESTAURANTS_AND_CAFES,76500.0,77500.0,18329.40962667765
2462424023,5111421000,homebase,2024,Southend-on-Sea,RETAIL_OTHER_SUPERSTORES_AND_WAREHOUSES,620000.0,300000.0,4042.559737630358
2462424023,2665296000,homebase,2024,Southend-on-Sea,RETAIL_OTHER_SUPERSTORES_AND_WAREHOUSES,620000.0,300000.0,3505.2772991660604
2462424023,10748189000,homebase,2024,Southend-on-Sea,RETAIL_OTHER_SUPERSTORES_AND_WAREHOUSES,620000.0,282500.0,1877.0838677951008
2463335023,1123637023,maplin,2018,Southend-on-Sea,RETAIL_HIGH_STREET,24750.0,24750.0,3298.3264369433236
2463335023,1240461023,maplin,2018,Southend-on-Sea,RETAIL_HIGH_STREET,24750.0,24750.0,294.1672979797703
2463335023,6947559000,maplin,2018,Southend-on-Sea,RETAIL_HIGH_STREET,24750.0,24500.0,4832.601628833749
2520835000,2520835000,arcadia,2020,Hartlepool,RETAIL_RESTAURANTS_AND_CAFES,13500.0,13500.0,1241.7363568861408
2520835000,234159102,arcadia,2020,Hartlepool,RETAIL_RESTAURANTS_AND_CAFES,13500.0,13250.0,426.77459309603324
2520835000,9949384000,arcadia,2020,Hartlepool,RETAIL_RESTAURANTS_AND_CAFES,13500.0,13750.0,1176.9078525344191
2526034000,11283642000,body shop,2024,Norwich,RETAIL_HIGH_STREET,15750.0,15750.0,412.24889185202244
2526034000,52607036,body shop,2024,Norwich,RETAIL_HIGH_STREET,15750.0,15750.0,882.6635781365128
2526034000,3745969000,body shop,2024,Norwich,RETAIL_HIGH_STREET,15750.0,15750.0,712.0417864865987
2530034000,9359183000,wilko,2023,Ashford,RETAIL_OTHER_SUPERSTORES_AND_WAREHOUSES,200000.0,193000.0,2043.0778246401317
2530034000,12279558000,wilko,2023,Ashford,RETAIL_OTHER_SUPERSTORES_AND_WAREHOUSES,200000.0,211000.0,378.8577747479713
2530034000,5680286000,wilko,2023,Ashford,RETAIL_OTHER_SUPERSTORES_AND_WAREHOUSES,200000.0,184000.0,588.5318999192441
2533776000,192261186,maplin,2018,Somerset,RETAIL_OTHER_SUPERSTORES_AND_WAREHOUSES,68500.0,68500.0,18780.433341899756
2533776000,194002186,maplin,2018,Somerset,RETAIL_OTHER_SUPERSTORES_AND_WAREHOUSES,68500.0,68500.0,3933.7413444800704
2533776000,7252568000,maplin,2018,Somerset,RETAIL_OTHER_SUPERSTORES_AND_WAREHOUSES,68500.0,68500.0,12647.831007444445
2537740000,7007146000,arcadia,2020,Bradford,INDUSTRIAL_GENERAL,103000.0,103000.0,976.9371162129908
2537740000,6833923000,arcadia,2020,Bradford,INDUSTRIAL_GENERAL,103000.0,103000.0,4377.495356073237
2537740000,2760849000,arcadia,2020,Bradford,INDUSTRIAL_GENERAL,103000.0,103000.0,1461.9540306384122
2544906000,9762541000,body shop,2024,Bedford,INDUSTRIAL_GENERAL,79000.0,78500.0,999.4854363723667
2544906000,3777884000,body shop,2024,Bedford,INDUSTRIAL_GENERAL,79000.0,78500.0,420.81464813084426
2544906000,12748272000,body shop,2024,Bedford,INDUSTRIAL_GENERAL,79000.0,79500.0,1120.8524953919962
2592493000,8397796000,body shop,2024,Bradford,INDUSTRIAL_GENERAL,6200.0,6200.0,1049.2679719856364
2592493000,238027241,body shop,2024,Bradford,INDUSTRIAL_GENERAL,6200.0,6200.0,576.7909114727629
2592493000,5293198000,body shop,2024,Bradford,INDUSTRIAL_GENERAL,6200.0,6200.0,944.9899902250007
2604341000,12013084000,arcadia,2020,"Bristol, City of",RETAIL_OTHER_SUPERSTORES_AND_WAREHOUSES,352500.0,352500.0,241.63655239742326
2604341000,10143478000,arcadia,2020,"Bristol, City of",RETAIL_OTHER_SUPERSTORES_AND_WAREHOUSES,352500.0,350000.0,928.9981188708332
2604341000,11347729000,arcadia,2020,"Bristol, City of",RETAIL_OTHER_SUPERSTORES_AND_WAREHOUSES,352500.0,367500.0,6257.405540122289
2634691000,13072943000,homebase,2024,Peterborough,RETAIL_OTHER_SUPERSTORES_AND_WAREHOUSES,500000.0,470000.0,2395.2298639663336
2634691000,5835075000,homebase,2024,Peterborough,RETAIL_OTHER_SUPERSTORES_AND_WAREHOUSES,500000.0,452500.0,909.3956933374955
2634691000,15029893000,homebase,2024,Peterborough,RETAIL_OTHER_SUPERSTORES_AND_WAREHOUSES,500000.0,445000.0,382.4016762210983
2641176000,12169849000,poundworld,2018,Birmingham,RETAIL_HIGH_STREET,252500.0,252500.0,2584.0951051231996
2641176000,10289642000,poundworld,2018,Birmingham,RETAIL_HIGH_STREET,252500.0,247000.0,2584.0951051231996
2641176000,14009237000,poundworld,2018,Birmingham,RETAIL_HIGH_STREET,252500.0,235000.0,1879.5833485689707
2660919000,13906577000,homebase,2024,Colchester,RETAIL_OTHER_SUPERSTORES_AND_WAREHOUSES,740000.0,685000.0,418.23303580751667
2660919000,15012874000,homebase,2024,Colchester,RETAIL_OTHER_SUPERSTORES_AND_WAREHOUSES,740000.0,570000.0,1508.6649613363281
2660919000,11666357000,homebase,2024,Colchester,RETAIL_OTHER_SUPERSTORES_AND_WAREHOUSES,740000.0,540000.0,1271.6163391850773
2661852000,10563774000,poundworld,2018,Coventry,RETAIL_HIGH_STREET,144000.0,98500.0,3481.242733465792
2661852000,3901810000,poundworld,2018,Coventry,RETAIL_HIGH_STREET,144000.0,95500.0,1620.2294251382848
2661852000,6451908000,poundworld,2018,Coventry,RETAIL_HIGH_STREET,144000.0,92500.0,2431.6328259753554
2671661000,3133246000,mothercare,2019,Bradford,RETAIL_OTHER_SUPERSTORES_AND_WAREHOUSES,355000.0,317500.0,1985.8742354109459
2671661000,67482241,mothercare,2019,Bradford,RETAIL_OTHER_SUPERSTORES_AND_WAREHOUSES,355000.0,315000.0,3926.2245738269044
2671661000,3486564000,mothercare,2019,Bradford,RETAIL_OTHER_SUPERSTORES_AND_WAREHOUSES,355000.0,407500.0,2541.8021751524507
2689514000,9926119000,poundworld,2018,Bedford,RETAIL_HIGH_STREET,117000.0,71000.0,1190.8000375808815
2689514000,12923084000,poundworld,2018,Bedford,RETAIL_HIGH_STREET,117000.0,69500.0,4189.058039523263
2689514000,10223582000,poundworld,2018,Bedford,RETAIL_HIGH_STREET,117000.0,67000.0,178.1629631981361
2700398000,10052242000,bhs,2016,Basingstoke and Deane,RETAIL_OTHER_SUPERSTORES_AND_WAREHOUSES,595000.0,675000.0,313.1002650725765
2700398000,14133104000,bhs,2016,Basingstoke and Deane,RETAIL_OTHER_SUPERSTORES_AND_WAREHOUSES,595000.0,487500.0,10793.180276053577
2700398000,13657541000,bhs,2016,Basingstoke and Deane,RETAIL_OTHER_SUPERSTORES_AND_WAREHOUSES,595000.0,482500.0,1865.511409715017
2701404000,648239082,paperchase,2023,Hammersmith and Fulham,RETAIL_HIGH_STREET,99000.0,99000.0,933.401087897024
2701404000,8831764000,paperchase,2023,Hammersmith and Fulham,RETAIL_HIGH_STREET,99000.0,99000.0,441.84344878981506
2701404000,13855075000,paperchase,2023,Hammersmith and Fulham,RETAIL_HIGH_STREET,99000.0,98500.0,933.401087897024
2711281000,8750099000,paperchase,2023,Basingstoke and Deane,RETAIL_HIGH_STREET,63000.0,64000.0,2699.8681259607724
2711281000,14486948000,paperchase,2023,Basingstoke and Deane,RETAIL_HIGH_STREET,63000.0,61500.0,24019.27490900768
2711281000,10770462000,paperchase,2023,Basingstoke and Deane,RETAIL_HIGH_STREET,63000.0,60000.0,2124.9178262543282
2714463000,11725646000,poundworld,2018,County Durham,RETAIL_HIGH_STREET,65500.0,64500.0,1610.8398555740077
2714463000,142455104,poundworld,2018,County Durham,RETAIL_HIGH_STREET,65500.0,63500.0,5619.982453960152
2714463000,752365000,poundworld,2018,County Durham,RETAIL_HIGH_STREET,65500.0,67500.0,5240.748020823675
2714904000,7420192,thomas cook,2019,Cardiff,RETAIL_HIGH_STREET,10250.0,10250.0,1237.235676142923
2714904000,1066208000,thomas cook,2019,Cardiff,RETAIL_HIGH_STREET,10250.0,10250.0,186.1178185389194
2714904000,108372192,thomas cook,2019,Cardiff,RETAIL_HIGH_STREET,10250.0,10250.0,1153.5966768512212
2714906000,443031000,thomas cook,2019,Cardiff,OFFICE_GENERAL,7900.0,7900.0,1407.6462558357
2714906000,9868443000,thomas cook,2019,Cardiff,OFFICE_GENERAL,7900.0,7900.0,1336.7196621828296
2714906000,10470151000,thomas cook,2019,Cardiff,OFFICE_GENERAL,7900.0,7900.0,295.0036563536603
2715888000,10086942000,maplin,2018,Telford and Wrekin,RETAIL_OTHER_SUPERSTORES_AND_WAREHOUSES,106000.0,106000.0,862.8932477352917
2715888000,12054535000,maplin,2018,Telford and Wrekin,RETAIL_OTHER_SUPERSTORES_AND_WAREHOUSES,106000.0,105000.0,11073.368866295705
2715888000,14883877000,maplin,2018,Telford and Wrekin,RETAIL_OTHER_SUPERSTORES_AND_WAREHOUSES,106000.0,101000.0,2129.859238098612
2716506000,10363104000,wilko,2023,Cumberland,RETAIL_OTHER_SUPERSTORES_AND_WAREHOUSES,194000.0,190000.0,1244.8299872033251
2716506000,9607027000,wilko,2023,Cumberland,RETAIL_OTHER_SUPERSTORES_AND_WAREHOUSES,194000.0,199000.0,886.8430328081306
2716506000,150763124,wilko,2023,Cumberland,RETAIL_OTHER_SUPERSTORES_AND_WAREHOUSES,194000.0,200000.0,2128.019818647294
2731776000,11016980000,wilko,2023,County Durham,RETAIL_OTHER_SUPERSTORES_AND_WAREHOUSES,200000.0,206000.0,2101.059186977004
2731776000,4846511000,wilko,2023,County Durham,RETAIL_OTHER_SUPERSTORES_AND_WAREHOUSES,200000.0,206000.0,2101.059186977004
2731776000,14986307000,wilko,2023,County Durham,RETAIL_OTHER_SUPERSTORES_AND_WAREHOUSES,200000.0,191000.0,312.20194823981035
2734460000,328056244,debenhams,2020,Leeds,RETAIL_OTHER_SUPERSTORES_AND_WAREHOUSES,1370000.0,1390000.0,10423.950131195128
2734460000,257820244,debenhams,2020,Leeds,RETAIL_OTHER_SUPERSTORES_AND_WAREHOUSES,1370000.0,1330000.0,8505.47323706002
2734460000,3646997000,debenhams,2020,Leeds,RETAIL_OTHER_SUPERSTORES_AND_WAREHOUSES,1370000.0,1410000.0,13030.380241244779
2734657000,8827197000,wilko,2023,Birmingham,RETAIL_OTHER_SUPERSTORES_AND_WAREHOUSES,175000.0,175000.0,1940.5233250723122
2734657000,449911221,wilko,2023,Birmingham,RETAIL_OTHER_SUPERSTORES_AND_WAREHOUSES,175000.0,175000.0,894.8358437173954
2734657000,3364976000,wilko,2023,Birmingham,RETAIL_OTHER_SUPERSTORES_AND_WAREHOUSES,175000.0,174000.0,1038.8802381642533
2741278000,327194102,arcadia,2020,Hartlepool,RETAIL_HIGH_STREET,6100.0,6100.0,276.54321336537953
2741278000,10000664000,arcadia,2020,Hartlepool,RETAIL_HIGH_STREET,6100.0,6100.0,364.06358129016166
2741278000,2741278000,arcadia,2020,Hartlepool,RETAIL_HIGH_STREET,6100.0,6100.0,1241.7363568861408
2747920000,3827718000,body shop,2024,Basingstoke and Deane,RETAIL_HIGH_STREET,82000.0,58000.0,2728.674628279721
2747920000,12862756000,body shop,2024,Basingstoke and Deane,RETAIL_HIGH_STREET,82000.0,57000.0,10587.6806494643
2747920000,14348168000,body shop,2024,Basingstoke and Deane,RETAIL_HIGH_STREET,82000.0,51500.0,5276.988732242472
2762494000,14946601000,homebase,2024,Leicester,RETAIL_OTHER_SUPERSTORES_AND_WAREHOUSES,372500.0,335000.0,3656.018325098183
2762494000,9592513000,homebase,2024,Leicester,RETAIL_OTHER_SUPERSTORES_AND_WAREHOUSES,372500.0,325000.0,1208.1325478560473
2762494000,156044,homebase,2024,Leicester,RETAIL_OTHER_SUPERSTORES_AND_WAREHOUSES,372500.0,239000.0,1869.9557747201568
2770559000,9529803000,prezzo,2018,Braintree,RETAIL_RESTAURANTS_AND_CAFES,76500.0,74000.0,155.635724789532
2770559000,2948742000,prezzo,2018,Braintree,RETAIL_RESTAURANTS_AND_CAFES,76500.0,80000.0,657.3663781601811
2770559000,134061023,prezzo,2018,Braintree,RETAIL_RESTAURANTS_AND_CAFES,76500.0,72000.0,9236.410562778245
2770800000,3042275000,mothercare,2019,"Bristol, City of",RETAIL_OTHER_SUPERSTORES_AND_WAREHOUSES,360000.0,372500.0,3608.6385344338746
2770800000,143031212,mothercare,2019,"Bristol, City of",RETAIL_OTHER_SUPERSTORES_AND_WAREHOUSES,360000.0,375000.0,1594.9531618269143
2770800000,4754392000,mothercare,2019,"Bristol, City of",RETAIL_OTHER_SUPERSTORES_AND_WAREHOUSES,360000.0,377500.0,1062.9610826661644
2771295000,10328319000,cath kidston,2020,Kensington and Chelsea,OFFICE_GENERAL,45500.0,45500.0,455.96376846680624
2771295000,88811082,cath kidston,2020,Kensington and Chelsea,OFFICE_GENERAL,45500.0,45250.0,661.6430381097308
2771295000,13877724000,cath kidston,2020,Kensington and Chelsea,OFFICE_GENERAL,45500.0,45250.0,842.4989993193637
2773728000,13976473000,homebase,2024,Swindon,RETAIL_OTHER_SUPERSTORES_AND_WAREHOUSES,805000.0,550000.0,1443.348458743442
2773728000,9118539000,homebase,2024,Swindon,RETAIL_OTHER_SUPERSTORES_AND_WAREHOUSES,805000.0,1070000.0,2243.746733643019
2773728000,6723750000,homebase,2024,Swindon,RETAIL_OTHER_SUPERSTORES_AND_WAREHOUSES,805000.0,1140000.0,3897.8683779215867
2787566000,153707148,homebase,2024,Tunbridge Wells,RETAIL_HIGH_STREET,56500.0,42000.0,255.9145521874423
2787566000,159977148,homebase,2024,Tunbridge Wells,RETAIL_HIGH_STREET,56500.0,41750.0,366.72411975995715
2787566000,380530148,homebase,2024,Tunbridge Wells,RETAIL_HIGH_STREET,56500.0,41250.0,325.2247327092724
2787877000,8329214000,poundworld,2018,Chelmsford,RETAIL_OTHER_SUPERSTORES_AND_WAREHOUSES,192000.0,185000.0,505.97733296587177
2787877000,191114022,poundworld,2018,Chelmsford,RETAIL_OTHER_SUPERSTORES_AND_WAREHOUSES,192000.0,199000.0,1787.5913750608368
2787877000,12213826000,poundworld,2018,Chelmsford,RETAIL_OTHER_SUPERSTORES_AND_WAREHOUSES,192000.0,177000.0,1676.5181859679856
2809887000,11491636000,wilko,2023,Plymouth,RETAIL_OTHER_SUPERSTORES_AND_WAREHOUSES,217000.0,214000.0,4101.35159284755
2809887000,11344055000,wilko,2023,Plymouth,RETAIL_OTHER_SUPERSTORES_AND_WAREHOUSES,217000.0,207000.0,4101.35159284755
2809887000,6363967000,wilko,2023,Plymouth,RETAIL_OTHER_SUPERSTORES_AND_WAREHOUSES,217000.0,229000.0,1939.6174515089283
2820431000,25331000,poundworld,2018,Sunderland,RETAIL_OTHER_SUPERSTORES_AND_WAREHOUSES,163000.0,165000.0,981.4822672070247
2820431000,1991467000,poundworld,2018,Sunderland,RETAIL_OTHER_SUPERSTORES_AND_WAREHOUSES,163000.0,166000.0,589.4470938061279
2820431000,354853094,poundworld,2018,Sunderland,RETAIL_OTHER_SUPERSTORES_AND_WAREHOUSES,163000.0,157000.0,3211.086294803653
2846891000,11041988000,body shop,2024,Leeds,OTHER_COMMERCIAL,1475.0,1475.0,1487.1851985244607
2846891000,11041978000,body shop,2024,Leeds,OTHER_COMMERCIAL,1475.0,1475.0,1487.1851985244607
2846891000,311744244,body shop,2024,Leeds,OTHER_COMMERCIAL,1475.0,1475.0,291.60635517630556
2853636000,180707063,maplin,2018,Camden,RETAIL_HIGH_STREET,241000.0,242000.0,167.2671461704268
2853636000,163194063,maplin,2018,Camden,RETAIL_HIGH_STREET,241000.0,243000.0,960.6056352023878
2853636000,9940795000,maplin,2018,Camden,RETAIL_HIGH_STREET,241000.0,236000.0,275.14221267146746
2859831000,13990266000,arcadia,2020,Watford,RETAIL_HIGH_STREET,347500.0,35500.0,627.8362795480704
2859831000,206263017,arcadia,2020,Watford,RETAIL_HIGH_STREET,347500.0,35500.0,170.40270443879388
2859831000,206271017,arcadia,2020,Watford,RETAIL_HIGH_STREET,347500.0,35250.0,170.40270443879388
2861745000,8830143000,thomas cook,2019,Cannock Chase,RETAIL_HIGH_STREET,25000.0,25000.0,3458.5536972870113
2861745000,13381423000,thomas cook,2019,Cannock Chase,RETAIL_HIGH_STREET,25000.0,25250.0,952.2562812887613
2861745000,156247226,thomas cook,2019,Cannock Chase,RETAIL_HIGH_STREET,25000.0,25250.0,9930.96409932524
2871554000,680880000,wilko,2023,West Northamptonshire,RETAIL_OTHER_SUPERSTORES_AND_WAREHOUSES,210000.0,210000.0,3648.49842559653
2871554000,8147219000,wilko,2023,West Northamptonshire,RETAIL_OTHER_SUPERSTORES_AND_WAREHOUSES,210000.0,206000.0,12251.94041919823
2871554000,215334045,wilko,2023,West Northamptonshire,RETAIL_OTHER_SUPERSTORES_AND_WAREHOUSES,210000.0,205000.0,607.9519207229275
2893626000,11373454000,thomas cook,2019,Isle of Wight,RETAIL_HIGH_STREET,37250.0,36750.0,10247.520950683025
2893626000,28483178,thomas cook,2019,Isle of Wight,RETAIL_HIGH_STREET,37250.0,36000.0,9524.482049414977
2893626000,8788538000,thomas cook,2019,Isle of Wight,RETAIL_HIGH_STREET,37250.0,38500.0,6851.9554048651635
2929383000,117330012,maplin,2018,Cambridge,RETAIL_HIGH_STREET,46750.0,46250.0,266.06080551134204
2929383000,10071263000,maplin,2018,Cambridge,RETAIL_HIGH_STREET,46750.0,47250.0,627.1555282080863
2929383000,11533532000,maplin,2018,Cambridge,RETAIL_HIGH_STREET,46750.0,46000.0,1001.0073246697476
2931626000,11522543000,wilko,2023,Basingstoke and Deane,RETAIL_OTHER_SUPERSTORES_AND_WAREHOUSES,295000.0,295000.0,1154.877395325867
2931626000,5218774000,wilko,2023,Basingstoke and Deane,RETAIL_OTHER_SUPERSTORES_AND_WAREHOUSES,295000.0,292500.0,1794.8026443996457
2931626000,10870161000,wilko,2023,Basingstoke and Deane,RETAIL_OTHER_SUPERSTORES_AND_WAREHOUSES,295000.0,312500.0,1285.5347116828339
2943585000,11258510000,body shop,2024,West Northamptonshire,OFFICE_GENERAL,14000.0,14000.0,1105.100114423859
2943585000,3870632000,body shop,2024,West Northamptonshire,OFFICE_GENERAL,14000.0,14000.0,8334.556730563505
2943585000,8982893000,body shop,2024,West Northamptonshire,OFFICE_GENERAL,14000.0,14000.0,17480.554534722152
2992479000,9428668000,wilko,2023,Rugby,RETAIL_OTHER_SUPERSTORES_AND_WAREHOUSES,153000.0,150000.0,1910.207351912795
2992479000,5958066000,wilko,2023,Rugby,RETAIL_OTHER_SUPERSTORES_AND_WAREHOUSES,153000.0,148000.0,353.952604453583
2992479000,661172000,wilko,2023,Rugby,RETAIL_OTHER_SUPERSTORES_AND_WAREHOUSES,153000.0,136000.0,1426.7010552476281
2993471000,15029324000,thomas cook,2019,Rugby,RETAIL_HIGH_STREET,44250.0,45250.0,663.2894837412199
2993471000,6163386000,thomas cook,2019,Rugby,RETAIL_HIGH_STREET,44250.0,42750.0,347.3447484201776
2993471000,11243021000,thomas cook,2019,Rugby,RETAIL_HIGH_STREET,44250.0,47500.0,6941.493497224047
3007347000,142419104,body shop,2024,County Durham,RETAIL_HIGH_STREET,23750.0,24000.0,5619.982453960152
3007347000,719475104,body shop,2024,County Durham,RETAIL_HIGH_STREET,23750.0,24000.0,8857.025657507682
3007347000,9642009000,body shop,2024,County Durham,RETAIL_HIGH_STREET,23750.0,24000.0,8876.448405558564
3032508000,11446911000,body shop,2024,Manchester,RETAIL_HIGH_STREET,129000.0,107000.0,3250.81142172605
3032508000,13903198000,body shop,2024,Manchester,RETAIL_HIGH_STREET,129000.0,105000.0,932.6643207130734
3032508000,13874841000,body shop,2024,Manchester,RETAIL_HIGH_STREET,129000.0,100000.0,185.3888100560541
3041906000,8665771000,debenhams,2020,Preston,RETAIL_OTHER_SUPERSTORES_AND_WAREHOUSES,925000.0,1370000.0,471.4886625559572
3041906000,15037958000,debenhams,2020,Preston,RETAIL_OTHER_SUPERSTORES_AND_WAREHOUSES,925000.0,1460000.0,725.678474656431
3041906000,11817613000,debenhams,2020,Preston,RETAIL_OTHER_SUPERSTORES_AND_WAREHOUSES,925000.0,367500.0,316.6231015320797
3046501000,13638134000,poundworld,2018,Manchester,RETAIL_HIGH_STREET,92500.0,92000.0,191.9286503157496
3046501000,10459135000,poundworld,2018,Manchester,RETAIL_HIGH_STREET,92500.0,95000.0,165.43910890485498
3046501000,9330463000,poundworld,2018,Manchester,RETAIL_HIGH_STREET,92500.0,96500.0,2032.8340564473644
3053915000,2695331000,homebase,2024,Birmingham,RETAIL_OTHER_SUPERSTORES_AND_WAREHOUSES,760000.0,755000.0,2288.2270706260647
3053915000,12479198000,homebase,2024,Birmingham,RETAIL_OTHER_SUPERSTORES_AND_WAREHOUSES,760000.0,805000.0,1161.3460883026412
3053915000,14806423000,homebase,2024,Birmingham,RETAIL_OTHER_SUPERSTORES_AND_WAREHOUSES,760000.0,830000.0,4156.825718622454
3069761000,410554148,strada,2018,Tunbridge Wells,RETAIL_RESTAURANTS_AND_CAFES,51500.0,52000.0,421.2614950480767
3069761000,3263478000,strada,2018,Tunbridge Wells,RETAIL_RESTAURANTS_AND_CAFES,51500.0,52000.0,241.99110908023326
3069761000,178660148,strada,2018,Tunbridge Wells,RETAIL_RESTAURANTS_AND_CAFES,51500.0,50000.0,3466.7489881632005
3076705000,8993216000,debenhams,2020,Birmingham,RETAIL_OTHER_SUPERSTORES_AND_WAREHOUSES,2470000.0,2420000.0,3664.040578076328
3076705000,13641148000,debenhams,2020,Birmingham,RETAIL_OTHER_SUPERSTORES_AND_WAREHOUSES,2470000.0,2390000.0,3664.040578076328
3076705000,8879847000,debenhams,2020,Birmingham,RETAIL_OTHER_SUPERSTORES_AND_WAREHOUSES,2470000.0,2600000.0,3496.815340871364
3077205000,11370429000,cafe rouge,2020,Birmingham,RETAIL_RESTAURANTS_AND_CAFES,83000.0,82500.0,515.1058575919219
3077205000,15119221,cafe rouge,2020,Birmingham,RETAIL_RESTAURANTS_AND_CAFES,83000.0,83500.0,3141.7053913988893
3077205000,4303179000,cafe rouge,2020,Birmingham,RETAIL_RESTAURANTS_AND_CAFES,83000.0,83500.0,520.0206851091064
3077283000,12187072000,body shop,2024,Birmingham,RETAIL_HIGH_STREET,162000.0,125000.0,170.8385276607441
3077283000,8956611000,body shop,2024,Birmingham,RETAIL_HIGH_STREET,162000.0,123000.0,1804.9355439664603
3077283000,12633013000,body shop,2024,Birmingham,RETAIL_HIGH_STREET,162000.0,122000.0,2546.831157101916
3078128000,8425364000,arcadia,2020,Birmingham,RETAIL_OTHER_SUPERSTORES_AND_WAREHOUSES,785000.0,865000.0,1161.3460883026412
3078128000,13656890000,arcadia,2020,Birmingham,RETAIL_OTHER_SUPERSTORES_AND_WAREHOUSES,785000.0,870000.0,3918.3535475735803
3078128000,8838865000,arcadia,2020,Birmingham,RETAIL_OTHER_SUPERSTORES_AND_WAREHOUSES,785000.0,875000.0,3918.3535475735803
3105168000,3621719000,arcadia,2020,Wiltshire,RETAIL_HIGH_STREET,56500.0,56000.0,5649.199345805254
3105168000,12570983000,arcadia,2020,Wiltshire,RETAIL_HIGH_STREET,56500.0,57000.0,6190.597979811679
3105168000,8380710000,arcadia,2020,Wiltshire,RETAIL_HIGH_STREET,56500.0,55500.0,180.6659224847625
3124530000,11201503000,arcadia,2020,Birmingham,RETAIL_HIGH_STREET,470000.0,113000.0,1084.3473651777674
3124530000,3239931000,arcadia,2020,Birmingham,RETAIL_HIGH_STREET,470000.0,110000.0,221.96625820777095
3124530000,2996116000,arcadia,2020,Birmingham,RETAIL_HIGH_STREET,470000.0,107000.0,221.96625820777095
3152932000,3152932000,arcadia,2020,Cardiff,OFFICE_GENERAL,770.0,770.0,1648.625480267135
3152932000,10470157000,arcadia,2020,Cardiff,OFFICE_GENERAL,770.0,770.0,295.0036563536603
3152932000,3152940000,arcadia,2020,Cardiff,OFFICE_GENERAL,770.0,770.0,1648.625480267135
3153879000,13380984000,wilko,2023,Cannock Chase,RETAIL_HIGH_STREET,73000.0,72500.0,952.2562812887613
3153879000,13249668000,wilko,2023,Cannock Chase,RETAIL_HIGH_STREET,73000.0,73500.0,952.2562812887613
3153879000,13381325000,wilko,2023,Cannock Chase,RETAIL_HIGH_STREET,73000.0,73500.0,952.2562812887613
3155282000,14764155000,homebase,2024,Nottingham,RETAIL_OTHER_SUPERSTORES_AND_WAREHOUSES,1100000.0,1170000.0,1079.619737233706
3155282000,12977414000,homebase,2024,Nottingham,RETAIL_OTHER_SUPERSTORES_AND_WAREHOUSES,1100000.0,1000000.0,1281.4220651441722
3155282000,12764265000,homebase,2024,Nottingham,RETAIL_OTHER_SUPERSTORES_AND_WAREHOUSES,1100000.0,1290000.0,329.51679391669126
3156265000,204133045,prezzo,2018,West Northamptonshire,INDUSTRIAL_GENERAL,22750.0,22750.0,16633.89142655222
3156265000,7345526000,prezzo,2018,West Northamptonshire,INDUSTRIAL_GENERAL,22750.0,22750.0,928.3426278336079
3156265000,26421045,prezzo,2018,West Northamptonshire,INDUSTRIAL_GENERAL,22750.0,22750.0,2259.8154731511545
3162032000,7719687000,arcadia,2020,Stockton-on-Tees,RETAIL_HIGH_STREET,83000.0,80500.0,2104.5523988232744
3162032000,8084983000,arcadia,2020,Stockton-on-Tees,RETAIL_HIGH_STREET,83000.0,79500.0,5128.238140499985
3162032000,10757644000,arcadia,2020,Stockton-on-Tees,RETAIL_HIGH_STREET,83000.0,76500.0,2134.8510407315575
3181987000,8593498000,paperchase,2023,Somerset,RETAIL_HIGH_STREET,58000.0,58000.0,3113.241013175616
3181987000,102249183,paperchase,2023,Somerset,RETAIL_HIGH_STREET,58000.0,58500.0,32826.34332050238
3181987000,5376515000,paperchase,2023,Somerset,RETAIL_HIGH_STREET,58000.0,58500.0,494.2044456321119
3182003000,36389186,body shop,2024,Somerset,RETAIL_HIGH_STREET,60000.0,60000.0,11852.6492155954
3182003000,145821186,body shop,2024,Somerset,RETAIL_HIGH_STREET,60000.0,59500.0,11121.191617437298
3182003000,9427135000,body shop,2024,Somerset,RETAIL_HIGH_STREET,60000.0,59000.0,889.9405100316636
3191801000,12503185000,arcadia,2020,Wiltshire,OFFICE_GENERAL,4150.0,4150.0,4846.553664423744
3191801000,10774682000,arcadia,2020,Wiltshire,OFFICE_GENERAL,4150.0,4150.0,6044.212662641656
3191801000,13176984000,arcadia,2020,Wiltshire,OFFICE_GENERAL,4150.0,4150.0,192.60594049688459
3203625000,9686206000,body shop,2024,Wiltshire,RETAIL_HIGH_STREET,27250.0,27250.0,17613.185181284854
3203625000,282393000,body shop,2024,Wiltshire,RETAIL_HIGH_STREET,27250.0,27250.0,4359.701740021832
3203625000,343840216,body shop,2024,Wiltshire,RETAIL_HIGH_STREET,27250.0,27250.0,749.5266735045535
3217980000,8791683000,arcadia,2020,East Staffordshire,RETAIL_HIGH_STREET,87500.0,36500.0,1909.8508877976549
3217980000,11790276000,arcadia,2020,East Staffordshire,RETAIL_HIGH_STREET,87500.0,36500.0,18837.20563372224
3217980000,14409405000,arcadia,2020,East Staffordshire,RETAIL_HIGH_STREET,87500.0,36000.0,26962.973080709333
3218022000,207799232,arcadia,2020,East Staffordshire,RETAIL_HIGH_STREET,80000.0,35750.0,18777.67363193328
3218022000,170253232,arcadia,2020,East Staffordshire,RETAIL_HIGH_STREET,80000.0,34500.0,18807.246002060718
3218022000,170258232,arcadia,2020,East Staffordshire,RETAIL_HIGH_STREET,80000.0,33750.0,18807.246002060718
3241062000,1234573000,paperchase,2023,Cheshire West and Chester,RETAIL_HIGH_STREET,189000.0,33750.0,508.7890467828292
3241062000,10936541000,paperchase,2023,Cheshire West and Chester,RETAIL_HIGH_STREET,189000.0,33750.0,10906.4287959197
3241062000,308730133,paperchase,2023,Cheshire West and Chester,RETAIL_HIGH_STREET,189000.0,32750.0,7871.77649741802
3248237000,4925739000,arcadia,2020,Maidstone,INDUSTRIAL_GENERAL,19500.0,19500.0,360.6080572248973
3248237000,10789727000,arcadia,2020,Maidstone,INDUSTRIAL_GENERAL,19500.0,19500.0,6520.98430284834
3248237000,14791339000,arcadia,2020,Maidstone,INDUSTRIAL_GENERAL,19500.0,19500.0,6520.98430284834
3248819000,5576459000,paperchase,2023,Tower Hamlets,RETAIL_HIGH_STREET,96500.0,98000.0,178.9297292955965
3248819000,10908288000,paperchase,2023,Tower Hamlets,RETAIL_HIGH_STREET,96500.0,98500.0,465.2058085869424
3248819000,12371859000,paperchase,2023,Tower Hamlets,RETAIL_HIGH_STREET,96500.0,99500.0,2170.0732145249494
3248840000,12345238000,body shop,2024,Tower Hamlets,RETAIL_HIGH_STREET,91500.0,91500.0,1340.9765628263722
3248840000,14125298000,body shop,2024,Tower Hamlets,RETAIL_HIGH_STREET,91500.0,91000.0,481.9176918479522
3248840000,11617012000,body shop,2024,Tower Hamlets,RETAIL_HIGH_STREET,91500.0,91000.0,155.39069638996645
3250949000,7609943000,homebase,2024,Milton Keynes,OFFICE_GENERAL,277500.0,277500.0,1283.6274549287282
3250949000,14739440000,homebase,2024,Milton Keynes,OFFICE_GENERAL,277500.0,277500.0,1204.7412723720588
3250949000,10271757000,homebase,2024,Milton Keynes,OFFICE_GENERAL,277500.0,272500.0,2207.1342892002144
3253042000,14288068000,wilko,2023,Chelmsford,RETAIL_OTHER_SUPERSTORES_AND_WAREHOUSES,297500.0,292500.0,1787.5913750608368
3253042000,11224614000,wilko,2023,Chelmsford,RETAIL_OTHER_SUPERSTORES_AND_WAREHOUSES,297500.0,290000.0,1676.5181859679856
3253042000,902172022,wilko,2023,Chelmsford,RETAIL_OTHER_SUPERSTORES_AND_WAREHOUSES,297500.0,307500.0,289.8276900566954
3255365000,9784704000,body shop,2024,Hammersmith and Fulham,INDUSTRIAL_GENERAL,20750.0,20750.0,2399.171515765125
3255365000,640450082,body shop,2024,Hammersmith and Fulham,INDUSTRIAL_GENERAL,20750.0,20750.0,191.51100397019678
3255365000,2856521000,body shop,2024,Hammersmith and Fulham,INDUSTRIAL_GENERAL,20750.0,20750.0,543.3920386805577
3259743000,10835960000,body shop,2024,Leeds,RETAIL_HIGH_STREET,144000.0,85000.0,242.06366412671412
3259743000,10565647000,body shop,2024,Leeds,RETAIL_HIGH_STREET,144000.0,83000.0,187.71774209036408
3259743000,320884244,body shop,2024,Leeds,RETAIL_HIGH_STREET,144000.0,81500.0,207.12522853426304
3280017000,10107583000,debenhams,2020,Dudley,INDUSTRIAL_GENERAL,68500.0,68500.0,1732.6614792534165
3280017000,12319218000,debenhams,2020,Dudley,INDUSTRIAL_GENERAL,68500.0,68500.0,1282.9295465100072
3280017000,1510973000,debenhams,2020,Dudley,INDUSTRIAL_GENERAL,68500.0,68500.0,645.7657321228054
3295638000,3295653000,arcadia,2020,"Bournemouth, Christchurch and Poole",RETAIL_HIGH_STREET,395000.0,385000.0,592.250095627617
3295638000,3295651000,arcadia,2020,"Bournemouth, Christchurch and Poole",RETAIL_HIGH_STREET,395000.0,367500.0,592.250095627617
3295638000,3295645000,arcadia,2020,"Bournemouth, Christchurch and Poole",RETAIL_HIGH_STREET,395000.0,367500.0,592.250095627617
3297207000,13899395000,frankie&bennys,2020,Leicester,RETAIL_HIGH_STREET,6400.0,6400.0,2023.579890027173
3297207000,197095044,frankie&bennys,2020,Leicester,RETAIL_HIGH_STREET,6400.0,6400.0,633.0341093125041
3297207000,7173488000,frankie&bennys,2020,Leicester,RETAIL_HIGH_STREET,6400.0,6400.0,318.0181268544602
3298324000,13276296000,ted baker,2024,Manchester,RETAIL_HIGH_STREET,272500.0,239000.0,2993.3037778301
3298324000,2846980000,ted baker,2024,Manchester,RETAIL_HIGH_STREET,272500.0,307500.0,165.28401874683428
3298324000,210372113,ted baker,2024,Manchester,RETAIL_HIGH_STREET,272500.0,213000.0,165.28401874683428
3301145000,8606082000,arcadia,2020,Leeds,OFFICE_GENERAL,6200.0,6200.0,289.1226052705447
3301145000,10076501000,arcadia,2020,Leeds,OFFICE_GENERAL,6200.0,6200.0,257.27090649857075
3301145000,8971675000,arcadia,2020,Leeds,OFFICE_GENERAL,6200.0,6200.0,517.2880191070745
3304603000,3876803000,paperchase,2023,York,RETAIL_HIGH_STREET,173000.0,47000.0,2644.565035810616
3304603000,6586741000,paperchase,2023,York,RETAIL_HIGH_STREET,173000.0,46500.0,223.35094215633654
3304603000,6922682000,paperchase,2023,York,RETAIL_HIGH_STREET,173000.0,46000.0,150.94170092447231
3304695000,3304689000,arcadia,2020,"Bournemouth, Christchurch and Poole",RETAIL_HIGH_STREET,377500.0,357500.0,592.250095627617
3304695000,3295657000,arcadia,2020,"Bournemouth, Christchurch and Poole",RETAIL_HIGH_STREET,377500.0,352500.0,740.0762774128937
3304695000,3304703000,arcadia,2020,"Bournemouth, Christchurch and Poole",RETAIL_HIGH_STREET,377500.0,347500.0,740.0762774128937
3330896000,10616239000,wilko,2023,County Durham,RETAIL_OTHER_SUPERSTORES_AND_WAREHOUSES,220000.0,220000.0,2822.024323043455
3330896000,14533318000,wilko,2023,County Durham,RETAIL_OTHER_SUPERSTORES_AND_WAREHOUSES,220000.0,217000.0,5654.388384878048
3330896000,728958104,wilko,2023,County Durham,RETAIL_OTHER_SUPERSTORES_AND_WAREHOUSES,220000.0,224000.0,5946.497027623632
3331912000,566510221,arcadia,2020,Birmingham,RETAIL_HIGH_STREET,1450.0,1450.0,2804.780013475179
3331912000,539948221,arcadia,2020,Birmingham,RETAIL_HIGH_STREET,1450.0,1450.0,2725.4733221141178
3331912000,8161831000,arcadia,2020,Birmingham,RETAIL_HIGH_STREET,1450.0,1450.0,2080.07622092666
3337960000,452527045,strada,2018,West Northamptonshire,RETAIL_RESTAURANTS_AND_CAFES,16500.0,16500.0,1935.9984084003256
3337960000,10904170000,strada,2018,West Northamptonshire,RETAIL_RESTAURANTS_AND_CAFES,16500.0,16500.0,462.41856540938375
3337960000,9691433000,strada,2018,West Northamptonshire,RETAIL_RESTAURANTS_AND_CAFES,16500.0,16500.0,9439.275731924878
3361063000,161935234,arcadia,2020,Telford and Wrekin,RETAIL_HIGH_STREET,108000.0,41250.0,2095.0028361334566
3361063000,14933400000,arcadia,2020,Telford and Wrekin,RETAIL_HIGH_STREET,108000.0,38250.0,2046.1089209009801
3361063000,161057234,arcadia,2020,Telford and Wrekin,RETAIL_HIGH_STREET,108000.0,38000.0,11074.62830032107
3378144000,3744354000,homebase,2024,Buckinghamshire,RETAIL_OTHER_SUPERSTORES_AND_WAREHOUSES,695000.0,725000.0,2398.0165685096654
3378144000,10124071000,homebase,2024,Buckinghamshire,RETAIL_OTHER_SUPERSTORES_AND_WAREHOUSES,695000.0,750000.0,1904.4676403393566
3378144000,471086162,homebase,2024,Buckinghamshire,RETAIL_OTHER_SUPERSTORES_AND_WAREHOUSES,695000.0,780000.0,2734.4371161500353
3396343000,15042277000,homebase,2024,North Yorkshire,RETAIL_OTHER_SUPERSTORES_AND_WAREHOUSES,317500.0,315000.0,305.7511835738734
3396343000,15072576000,homebase,2024,North Yorkshire,RETAIL_OTHER_SUPERSTORES_AND_WAREHOUSES,317500.0,320000.0,40373.41872849411
3396343000,5949151000,homebase,2024,North Yorkshire,RETAIL_OTHER_SUPERSTORES_AND_WAREHOUSES,317500.0,305000.0,39755.6145901467
3415685000,931271000,arcadia,2020,Southampton,OFFICE_GENERAL,0.0,0.0,374.1320730788032
3415685000,9105280000,arcadia,2020,Southampton,OFFICE_GENERAL,0.0,0.0,438.0205776016062
3415685000,9105282000,arcadia,2020,Southampton,OFFICE_GENERAL,0.0,0.0,438.0205776016062
3416488000,220445214,homebase,2024,Gloucester,RETAIL_OTHER_SUPERSTORES_AND_WAREHOUSES,635000.0,540000.0,237.25866552062524
3416488000,14665243000,homebase,2024,Gloucester,RETAIL_OTHER_SUPERSTORES_AND_WAREHOUSES,635000.0,730000.0,4351.083165753681
3416488000,3416624000,homebase,2024,Gloucester,RETAIL_OTHER_SUPERSTORES_AND_WAREHOUSES,635000.0,467500.0,241.4531292197562
3437256000,2306745000,body shop,2024,Sevenoaks,INDUSTRIAL_GENERAL,59500.0,59500.0,3791.028662492773
3437256000,6683129000,body shop,2024,Sevenoaks,INDUSTRIAL_GENERAL,59500.0,59000.0,11423.827533734571
3437256000,7956232000,body shop,2024,Sevenoaks,INDUSTRIAL_GENERAL,59500.0,59000.0,11437.250377325237
3437551000,887161022,mothercare,2019,Thurrock,RETAIL_OTHER_SUPERSTORES_AND_WAREHOUSES,247000.0,165000.0,462.6189073061506
3437551000,887196022,mothercare,2019,Thurrock,RETAIL_OTHER_SUPERSTORES_AND_WAREHOUSES,247000.0,109000.0,462.6189073061506
3437551000,809238022,mothercare,2019,Thurrock,RETAIL_OTHER_SUPERSTORES_AND_WAREHOUSES,247000.0,100000.0,5257.726878541328
3443925000,8062263000,maplin,2018,Isle of Wight,INDUSTRIAL_GENERAL,14000.0,14000.0,1761.6871850492682
3443925000,14046921000,maplin,2018,Isle of Wight,INDUSTRIAL_GENERAL,14000.0,14000.0,4975.4277742165905
3443925000,80716178,maplin,2018,Isle of Wight,INDUSTRIAL_GENERAL,14000.0,14000.0,10612.656982125724
3456466000,9514167000,body shop,2024,Leeds,RETAIL_HIGH_STREET,39250.0,39250.0,156.61627477261692
3456466000,4165649000,body shop,2024,Leeds,RETAIL_HIGH_STREET,39250.0,39000.0,530.4634752459407
3456466000,7152446000,body shop,2024,Leeds,RETAIL_HIGH_STREET,39250.0,39500.0,337.1017219774046
3491610000,589435162,paperchase,2023,Buckinghamshire,INDUSTRIAL_GENERAL,9200.0,9200.0,1015.0203797982701
3491610000,8951292000,paperchase,2023,Buckinghamshire,INDUSTRIAL_GENERAL,9200.0,9200.0,1666.2761963205412
3491610000,103649162,paperchase,2023,Buckinghamshire,INDUSTRIAL_GENERAL,9200.0,9200.0,2572.0810888012843
3494904000,4914178,maplin,2018,Isle of Wight,RETAIL_OTHER_SUPERSTORES_AND_WAREHOUSES,70500.0,73000.0,4569.24641522942
3494904000,108678000,maplin,2018,Isle of Wight,RETAIL_OTHER_SUPERSTORES_AND_WAREHOUSES,70500.0,65500.0,1583.3541858128456
3494904000,3150807000,maplin,2018,Isle of Wight,RETAIL_OTHER_SUPERSTORES_AND_WAREHOUSES,70500.0,78500.0,528.0613334247918
3499029000,11434254000,wilko,2023,Leicester,RETAIL_OTHER_SUPERSTORES_AND_WAREHOUSES,260000.0,235000.0,3544.456294121937
3499029000,639543000,wilko,2023,Leicester,RETAIL_OTHER_SUPERSTORES_AND_WAREHOUSES,260000.0,233000.0,594.3916714439916
3499029000,6388062000,wilko,2023,Leicester,RETAIL_OTHER_SUPERSTORES_AND_WAREHOUSES,260000.0,224000.0,2844.871553994765
3500094000,14933682000,homebase,2024,Cambridge,RETAIL_OTHER_SUPERSTORES_AND_WAREHOUSES,1360000.0,1490000.0,327.578892238606
3500094000,1597517000,homebase,2024,Cambridge,RETAIL_OTHER_SUPERSTORES_AND_WAREHOUSES,1360000.0,1180000.0,3705.229681892177
3500094000,13265794000,homebase,2024,Cambridge,RETAIL_OTHER_SUPERSTORES_AND_WAREHOUSES,1360000.0,1690000.0,152.83705151665913
3500243000,47679023,prezzo,2018,Braintree,RETAIL_RESTAURANTS_AND_CAFES,16250.0,16000.0,11058.12568428457
3500243000,80759023,prezzo,2018,Braintree,RETAIL_RESTAURANTS_AND_CAFES,16250.0,16000.0,3961.5720223927055
3500243000,192534023,prezzo,2018,Braintree,RETAIL_RESTAURANTS_AND_CAFES,16250.0,16000.0,155.635724789532
3500547000,15037635000,prezzo,2018,Reading,RETAIL_RESTAURANTS_AND_CAFES,73500.0,74000.0,186.9075803749341
3500547000,4438244000,prezzo,2018,Reading,RETAIL_RESTAURANTS_AND_CAFES,73500.0,75000.0,155.09278825852022
3500547000,8728463000,prezzo,2018,Reading,RETAIL_RESTAURANTS_AND_CAFES,73500.0,75000.0,868.8160128269864
3507164000,13127406000,arcadia,2020,Milton Keynes,WAREHOUSING_LARGE_SCALE_AND_HIGH_BAY,1270000.0,1280000.0,1531.671552412207
3507164000,575509162,arcadia,2020,Milton Keynes,WAREHOUSING_LARGE_SCALE_AND_HIGH_BAY,1270000.0,1280000.0,1522.7909818890087
3507164000,12985545000,arcadia,2020,Milton Keynes,WAREHOUSING_LARGE_SCALE_AND_HIGH_BAY,1270000.0,1200000.0,3055.839472951995
3518095000,894669000,arcadia,2020,Southampton,OFFICE_GENERAL,0.0,0.0,1403.0479707004008
3518095000,6671124000,arcadia,2020,Southampton,OFFICE_GENERAL,0.0,0.0,518.6249143771454
3518095000,58849176,arcadia,2020,Southampton,OFFICE_GENERAL,0.0,0.0,1885.0183199383403
3542441000,3514475000,arcadia,2020,Stoke-on-Trent,RETAIL_HIGH_STREET,16500.0,16500.0,2018.5202324981267
3542441000,4333329000,arcadia,2020,Stoke-on-Trent,RETAIL_HIGH_STREET,16500.0,16500.0,484.83038777318205
3542441000,81815236,arcadia,2020,Stoke-on-Trent,RETAIL_HIGH_STREET,16500.0,16500.0,193.7990355216821
3542743000,12414812000,arcadia,2020,Tower Hamlets,RETAIL_HIGH_STREET,26000.0,26000.0,155.29235442060872
3542743000,10764921000,arcadia,2020,Tower Hamlets,RETAIL_HIGH_STREET,26000.0,26000.0,182.10226057663937
3542743000,50840000,arcadia,2020,Tower Hamlets,RETAIL_HIGH_STREET,26000.0,26000.0,464.53597308893677
3543155000,4862379000,body shop,2024,Canterbury,RETAIL_HIGH_STREET,100000.0,137000.0,1082.414027930342
3543155000,13873444000,body shop,2024,Canterbury,RETAIL_HIGH_STREET,100000.0,62000.0,9350.101050599118
3543155000,11563541000,body shop,2024,Canterbury,RETAIL_HIGH_STREET,100000.0,61500.0,155.41942749601603
3548391000,378326133,wilko,2023,Cheshire West and Chester,RETAIL_OTHER_SUPERSTORES_AND_WAREHOUSES,153000.0,153000.0,1047.1864542322144
3548391000,229658132,wilko,2023,Cheshire West and Chester,RETAIL_OTHER_SUPERSTORES_AND_WAREHOUSES,153000.0,154000.0,1482.4474573290845
3548391000,44728132,wilko,2023,Cheshire West and Chester,RETAIL_OTHER_SUPERSTORES_AND_WAREHOUSES,153000.0,154000.0,3787.2441465265306
3559245000,112530012,maplin,2018,Cambridge,RETAIL_OTHER_SUPERSTORES_AND_WAREHOUSES,96000.0,101000.0,2440.4419209345547
3559245000,1192012,maplin,2018,Cambridge,RETAIL_OTHER_SUPERSTORES_AND_WAREHOUSES,96000.0,88500.0,1787.5018149956554
3559245000,8873763000,maplin,2018,Cambridge,RETAIL_OTHER_SUPERSTORES_AND_WAREHOUSES,96000.0,86000.0,1324.1376291404545
3580680000,11400627000,frankie&bennys,2020,Buckinghamshire,RETAIL_RESTAURANTS_AND_CAFES,90000.0,89500.0,7513.360253260304
3580680000,2355220000,frankie&bennys,2020,Buckinghamshire,RETAIL_RESTAURANTS_AND_CAFES,90000.0,90500.0,12772.02705942444
3580680000,210792162,frankie&bennys,2020,Buckinghamshire,RETAIL_RESTAURANTS_AND_CAFES,90000.0,89000.0,7929.595906446255
3593772000,193454013,wilko,2023,North Hertfordshire,OTHER_COMMERCIAL,480.0,480.0,609.7247665113073
3593772000,3671339000,wilko,2023,North Hertfordshire,OTHER_COMMERCIAL,480.0,480.0,718.3985097609905
3593772000,3506659000,wilko,2023,North Hertfordshire,OTHER_COMMERCIAL,480.0,480.0,199.16979353555436
3628473000,13531694000,wilko,2023,Canterbury,RETAIL_OTHER_SUPERSTORES_AND_WAREHOUSES,352500.0,377500.0,1606.636183325858
3628473000,12958021000,wilko,2023,Canterbury,RETAIL_OTHER_SUPERSTORES_AND_WAREHOUSES,352500.0,382500.0,9487.950748310275
3628473000,3601010000,wilko,2023,Canterbury,RETAIL_OTHER_SUPERSTORES_AND_WAREHOUSES,352500.0,387500.0,1363.1864121252165
3643770000,8399276000,poundworld,2018,Birmingham,RETAIL_HIGH_STREET,124000.0,107000.0,1879.5833485689707
3643770000,441661221,poundworld,2018,Birmingham,RETAIL_HIGH_STREET,124000.0,104000.0,1793.0859072227215
3643770000,8795163000,poundworld,2018,Birmingham,RETAIL_HIGH_STREET,124000.0,104000.0,3643.957471255964
3643773000,8795354000,arcadia,2020,Birmingham,RETAIL_HIGH_STREET,97000.0,96000.0,225.48450097111615
3643773000,7967573000,arcadia,2020,Birmingham,RETAIL_HIGH_STREET,97000.0,95500.0,1793.0859072227215
3643773000,335756221,arcadia,2020,Birmingham,RETAIL_HIGH_STREET,97000.0,98500.0,1831.1335773748876
3653662000,215009162,prezzo,2018,Buckinghamshire,RETAIL_RESTAURANTS_AND_CAFES,38750.0,38750.0,17160.53747573942
3653662000,14984665000,prezzo,2018,Buckinghamshire,RETAIL_RESTAURANTS_AND_CAFES,38750.0,38500.0,10578.882292621747
3653662000,15090108000,prezzo,2018,Buckinghamshire,RETAIL_RESTAURANTS_AND_CAFES,38750.0,38250.0,11487.629868676091
3661780000,9787945000,poundworld,2018,Blackpool,RETAIL_HIGH_STREET,162000.0,96000.0,328.9310652019835
3661780000,5775407000,poundworld,2018,Blackpool,RETAIL_HIGH_STREET,162000.0,74000.0,1837.1286263447435
3661780000,10013100000,poundworld,2018,Blackpool,RETAIL_HIGH_STREET,162000.0,71000.0,305.38094480121345
3690080000,278700234,arcadia,2020,Telford and Wrekin,RETAIL_OTHER_SUPERSTORES_AND_WAREHOUSES,310000.0,270000.0,370.74786883938134
3690080000,11351621000,arcadia,2020,Telford and Wrekin,RETAIL_OTHER_SUPERSTORES_AND_WAREHOUSES,310000.0,255000.0,11026.241304605232
3690080000,1336030000,arcadia,2020,Telford and Wrekin,RETAIL_OTHER_SUPERSTORES_AND_WAREHOUSES,310000.0,255000.0,441.6197474299782
3694547000,760432000,homebase,2024,Dorset,RETAIL_OTHER_SUPERSTORES_AND_WAREHOUSES,247500.0,245000.0,507.1213857520171
3694547000,159681173,homebase,2024,Dorset,RETAIL_OTHER_SUPERSTORES_AND_WAREHOUSES,247500.0,237000.0,1873.4503177463926
3694547000,12625505000,homebase,2024,Dorset,RETAIL_OTHER_SUPERSTORES_AND_WAREHOUSES,247500.0,272500.0,37205.27434010993
3695292000,6377579000,paperchase,2023,Brighton and Hove,RETAIL_HIGH_STREET,51000.0,51500.0,176.23829509786887
3695292000,13994665000,paperchase,2023,Brighton and Hove,RETAIL_HIGH_STREET,51000.0,50000.0,349.3146081689633
3695292000,8791873000,paperchase,2023,Brighton and Hove,RETAIL_HIGH_STREET,51000.0,52000.0,255.8895783303798
3722848000,10587243000,poundworld,2018,Harlow,RETAIL_OTHER_SUPERSTORES_AND_WAREHOUSES,171000.0,170000.0,2959.2327432120237
3722848000,12905294000,poundworld,2018,Harlow,RETAIL_OTHER_SUPERSTORES_AND_WAREHOUSES,171000.0,172000.0,1020.1231540036694
3722848000,894814022,poundworld,2018,Harlow,RETAIL_OTHER_SUPERSTORES_AND_WAREHOUSES,171000.0,173000.0,706.1945990321743
3724004000,8236461000,thomas cook,2019,Peterborough,WAREHOUSING_LARGE_SCALE_AND_HIGH_BAY,21500.0,21500.0,598.1599333988687
3724004000,13459809000,thomas cook,2019,Peterborough,WAREHOUSING_LARGE_SCALE_AND_HIGH_BAY,21500.0,21000.0,440.16702280792884
3724004000,5886219000,thomas cook,2019,Peterborough,WAREHOUSING_LARGE_SCALE_AND_HIGH_BAY,21500.0,21000.0,276.9627582168906
3753078000,13001428000,thomas cook,2019,Sunderland,RETAIL_HIGH_STREET,101000.0,47750.0,172.18800779401758
3753078000,10159254000,thomas cook,2019,Sunderland,RETAIL_HIGH_STREET,101000.0,47250.0,1479.3643646957892
3753078000,9414975000,thomas cook,2019,Sunderland,RETAIL_HIGH_STREET,101000.0,47000.0,9977.683749860067
3771026000,6125247000,arcadia,2020,Derby,INDUSTRIAL_GENERAL,7700.0,7700.0,1983.1069147274172
3771026000,473258042,arcadia,2020,Derby,INDUSTRIAL_GENERAL,7700.0,7700.0,721.0317889432946
3771026000,3771026000,arcadia,2020,Derby,INDUSTRIAL_GENERAL,7700.0,7700.0,1717.1731245069684
3777368000,242000175,wilko,2023,Fareham,RETAIL_OTHER_SUPERSTORES_AND_WAREHOUSES,280000.0,270000.0,1915.6780148432663
3777368000,261777175,wilko,2023,Fareham,RETAIL_OTHER_SUPERSTORES_AND_WAREHOUSES,280000.0,300000.0,5334.5286157005385
3777368000,10254457000,wilko,2023,Fareham,RETAIL_OTHER_SUPERSTORES_AND_WAREHOUSES,280000.0,255000.0,555.3353400739185
3794917000,180697163,prezzo,2018,South Oxfordshire,RETAIL_RESTAURANTS_AND_CAFES,25750.0,25750.0,9324.9872194935
3794917000,180822163,prezzo,2018,South Oxfordshire,RETAIL_RESTAURANTS_AND_CAFES,25750.0,25500.0,13357.488416088461
3794917000,3772620000,prezzo,2018,South Oxfordshire,RETAIL_RESTAURANTS_AND_CAFES,25750.0,25500.0,7055.081034680235
3802265000,4235171000,bhs,2016,North Northamptonshire,INDUSTRIAL_GENERAL,13000.0,13000.0,1110.412984224091
3802265000,212980045,bhs,2016,North Northamptonshire,INDUSTRIAL_GENERAL,13000.0,13000.0,1477.3333564121024
3802265000,14578342000,bhs,2016,North Northamptonshire,INDUSTRIAL_GENERAL,13000.0,13000.0,933.573704417587
3802956000,1709850000,carluccios,2020,Kensington and Chelsea,RETAIL_RESTAURANTS_AND_CAFES,184000.0,184000.0,430.7267948998859
3802956000,11728839000,carluccios,2020,Kensington and Chelsea,RETAIL_RESTAURANTS_AND_CAFES,184000.0,185000.0,381.9629760876626
3802956000,20712082,carluccios,2020,Kensington and Chelsea,RETAIL_RESTAURANTS_AND_CAFES,184000.0,187000.0,456.45030970845175
3810849000,12603064000,toys r us,2018,Cambridge,RETAIL_OTHER_SUPERSTORES_AND_WAREHOUSES,430000.0,450000.0,507.00840882727886
3810849000,384821012,toys r us,2018,Cambridge,RETAIL_OTHER_SUPERSTORES_AND_WAREHOUSES,430000.0,380000.0,237.5328132970605
3810849000,2632285000,toys r us,2018,Cambridge,RETAIL_OTHER_SUPERSTORES_AND_WAREHOUSES,430000.0,352500.0,507.00840882727886
3819618000,3850472000,maplin,2018,Rushmoor,RETAIL_OTHER_SUPERSTORES_AND_WAREHOUSES,160000.0,162000.0,1661.2089006452352
3819618000,6478604000,maplin,2018,Rushmoor,RETAIL_OTHER_SUPERSTORES_AND_WAREHOUSES,160000.0,156000.0,1764.1211460967663
3819618000,295669171,maplin,2018,Rushmoor,RETAIL_OTHER_SUPERSTORES_AND_WAREHOUSES,160000.0,140000.0,1822.9694287281416
3845859000,7494571000,arcadia,2020,Buckinghamshire,OFFICE_GENERAL,35250.0,35250.0,3073.4528946521673
3845859000,9751761000,arcadia,2020,Buckinghamshire,OFFICE_GENERAL,35250.0,35250.0,4658.347385520391
3845859000,10136240000,arcadia,2020,Buckinghamshire,OFFICE_GENERAL,35250.0,35250.0,3368.528209860285
3848654000,9558694000,wilko,2023,Thanet,RETAIL_OTHER_SUPERSTORES_AND_WAREHOUSES,128000.0,133000.0,179.4655458115724
3848654000,6885886000,wilko,2023,Thanet,RETAIL_OTHER_SUPERSTORES_AND_WAREHOUSES,128000.0,119000.0,179.4655458115724
3848654000,9608412000,wilko,2023,Thanet,RETAIL_OTHER_SUPERSTORES_AND_WAREHOUSES,128000.0,115000.0,190.01700460972847
3871377000,3304737000,arcadia,2020,"Bournemouth, Christchurch and Poole",RETAIL_HIGH_STREET,220000.0,217000.0,740.0762774128937
3871377000,3304730000,arcadia,2020,"Bournemouth, Christchurch and Poole",RETAIL_HIGH_STREET,220000.0,216000.0,740.0762774128937
3871377000,3304735000,arcadia,2020,"Bournemouth, Christchurch and Poole",RETAIL_HIGH_STREET,220000.0,224000.0,740.0762774128937
3878910000,4097053000,chiquito,2020,Cardiff,RETAIL_RESTAURANTS_AND_CAFES,80500.0,80900.0,1665.836826124637
3878910000,1143659000,chiquito,2020,Cardiff,RETAIL_RESTAURANTS_AND_CAFES,80500.0,80000.0,568.2306828509319
3878910000,13699079000,chiquito,2020,Cardiff,RETAIL_RESTAURANTS_AND_CAFES,80500.0,80000.0,3320.8926841949637
3880611000,11904706000,homebase,2024,Central Bedfordshire,RETAIL_OTHER_SUPERSTORES_AND_WAREHOUSES,335000.0,357500.0,10144.21263512279
3880611000,4958203000,homebase,2024,Central Bedfordshire,RETAIL_OTHER_SUPERSTORES_AND_WAREHOUSES,335000.0,297500.0,8209.561884017297
3880611000,216549011,homebase,2024,Central Bedfordshire,RETAIL_OTHER_SUPERSTORES_AND_WAREHOUSES,335000.0,290000.0,1122.1770781291316
3886075000,14398440000,arcadia,2020,Milton Keynes,OFFICE_GENERAL,12000.0,12000.0,1118.5566961471663
3886075000,13642232000,arcadia,2020,Milton Keynes,OFFICE_GENERAL,12000.0,12000.0,1356.7544988473967
3886075000,11788310000,arcadia,2020,Milton Keynes,OFFICE_GENERAL,12000.0,12000.0,12468.904091562345
3888126000,12201820000,wilko,2023,Cardiff,RETAIL_HIGH_STREET,590000.0,201000.0,251.9275293156621
3888126000,160005192,wilko,2023,Cardiff,RETAIL_HIGH_STREET,590000.0,152000.0,1173.283607862451
3888126000,12199309000,wilko,2023,Cardiff,RETAIL_HIGH_STREET,590000.0,142000.0,251.9275293156621
3914237000,9183377000,debenhams,2020,Chelmsford,RETAIL_OTHER_SUPERSTORES_AND_WAREHOUSES,700000.0,630000.0,1311.0688447047603
3914237000,9243518000,debenhams,2020,Chelmsford,RETAIL_OTHER_SUPERSTORES_AND_WAREHOUSES,700000.0,620000.0,1810.9400416097162
3914237000,198600022,debenhams,2020,Chelmsford,RETAIL_OTHER_SUPERSTORES_AND_WAREHOUSES,700000.0,590000.0,1311.0688447047603
3917674000,3446177000,poundworld,2018,East Riding of Yorkshire,RETAIL_HIGH_STREET,21000.0,21000.0,10452.132918129622
3917674000,4315230000,poundworld,2018,East Riding of Yorkshire,RETAIL_HIGH_STREET,21000.0,21000.0,30080.57265962255
3917674000,241102254,poundworld,2018,East Riding of Yorkshire,RETAIL_HIGH_STREET,21000.0,21000.0,32586.104828456035
3922109000,8795398000,thomas cook,2019,Birmingham,RETAIL_HIGH_STREET,155000.0,100000.0,1201.2550077155163
3922109000,2300931000,thomas cook,2019,Birmingham,RETAIL_HIGH_STREET,155000.0,100000.0,356.0957459989549
3922109000,8788824000,thomas cook,2019,Birmingham,RETAIL_HIGH_STREET,155000.0,100000.0,1793.0859072227215
3922793000,2274217000,frankie&bennys,2020,Dudley,RETAIL_RESTAURANTS_AND_CAFES,73000.0,73500.0,2526.171217240578
3922793000,12603305000,frankie&bennys,2020,Dudley,RETAIL_RESTAURANTS_AND_CAFES,73000.0,71000.0,392.75870086971787
3922793000,202478239,frankie&bennys,2020,Dudley,RETAIL_RESTAURANTS_AND_CAFES,73000.0,70000.0,2849.470325736579
3930803000,1212281000,paperchase,2023,Brighton and Hove,RETAIL_HIGH_STREET,131000.0,119000.0,250.54545549259598
3930803000,10131523000,paperchase,2023,Brighton and Hove,RETAIL_HIGH_STREET,131000.0,148000.0,349.3146081689633
3930803000,10828546000,paperchase,2023,Brighton and Hove,RETAIL_HIGH_STREET,131000.0,113000.0,188.49527177515506
3930805000,351084141,arcadia,2020,Brighton and Hove,RETAIL_HIGH_STREET,467500.0,510000.0,1277.6792219484887
3930805000,9584975000,arcadia,2020,Brighton and Hove,RETAIL_HIGH_STREET,467500.0,194000.0,349.3146081689633
3930805000,1086444000,arcadia,2020,Brighton and Hove,RETAIL_HIGH_STREET,467500.0,175000.0,188.49527177515506
3933389000,8193658000,maplin,2018,Swindon,RETAIL_OTHER_SUPERSTORES_AND_WAREHOUSES,111000.0,111000.0,1443.348458743442
3933389000,9812383000,maplin,2018,Swindon,RETAIL_OTHER_SUPERSTORES_AND_WAREHOUSES,111000.0,109000.0,1443.348458743442
3933389000,8822024000,maplin,2018,Swindon,RETAIL_OTHER_SUPERSTORES_AND_WAREHOUSES,111000.0,113000.0,1993.730561376387
3939999000,10542801000,arcadia,2020,Harlow,RETAIL_OTHER_SUPERSTORES_AND_WAREHOUSES,138000.0,134000.0,706.1945990321743
3939999000,13328084000,arcadia,2020,Harlow,RETAIL_OTHER_SUPERSTORES_AND_WAREHOUSES,138000.0,133000.0,1161.9438466134434
3939999000,189595022,arcadia,2020,Harlow,RETAIL_OTHER_SUPERSTORES_AND_WAREHOUSES,138000.0,130000.0,706.1945990321743
3941287000,9779148000,wilko,2023,Leicester,RETAIL_OTHER_SUPERSTORES_AND_WAREHOUSES,220000.0,212000.0,1251.1002194924138
3941287000,1585159000,wilko,2023,Leicester,RETAIL_OTHER_SUPERSTORES_AND_WAREHOUSES,220000.0,208000.0,1208.1325478560473
3941287000,10081417000,wilko,2023,Leicester,RETAIL_OTHER_SUPERSTORES_AND_WAREHOUSES,220000.0,206000.0,990.3745295693008
3942015000,235770141,body shop,2024,Brighton and Hove,RETAIL_HIGH_STREET,93500.0,94000.0,301.09033529255004
3942015000,3997696000,body shop,2024,Brighton and Hove,RETAIL_HIGH_STREET,93500.0,95000.0,197.08818948621007
3942015000,353868141,body shop,2024,Brighton and Hove,RETAIL_HIGH_STREET,93500.0,88500.0,188.49527177515506
3947182000,291016113,mothercare,2019,Manchester,RETAIL_OTHER_SUPERSTORES_AND_WAREHOUSES,497500.0,487500.0,655.4773681974333
3947182000,10464765000,mothercare,2019,Manchester,RETAIL_OTHER_SUPERSTORES_AND_WAREHOUSES,497500.0,457500.0,318.4079587094425
3947182000,14353849000,mothercare,2019,Manchester,RETAIL_OTHER_SUPERSTORES_AND_WAREHOUSES,497500.0,550000.0,4174.933306445249
3947311000,275632113,maplin,2018,Manchester,RETAIL_OTHER_SUPERSTORES_AND_WAREHOUSES,122000.0,122000.0,2713.6950103921345
3947311000,14433030000,maplin,2018,Manchester,RETAIL_OTHER_SUPERSTORES_AND_WAREHOUSES,122000.0,125000.0,318.4079587094425
3947311000,12671000000,maplin,2018,Manchester,RETAIL_OTHER_SUPERSTORES_AND_WAREHOUSES,122000.0,127000.0,2947.5110267406967
3947384000,3459442000,poundworld,2018,Manchester,RETAIL_OTHER_SUPERSTORES_AND_WAREHOUSES,166000.0,164000.0,3423.534308067435
3947384000,14259930000,poundworld,2018,Manchester,RETAIL_OTHER_SUPERSTORES_AND_WAREHOUSES,166000.0,164000.0,629.6339837521853
3947384000,835000000,poundworld,2018,Manchester,RETAIL_OTHER_SUPERSTORES_AND_WAREHOUSES,166000.0,168000.0,2535.2759958574643
3948487000,112476012,cafe rouge,2020,Cambridge,RETAIL_RESTAURANTS_AND_CAFES,62000.0,61000.0,648.5066274960184
3948487000,13207247000,cafe rouge,2020,Cambridge,RETAIL_RESTAURANTS_AND_CAFES,62000.0,61000.0,336.98798439177716
3948487000,111846012,cafe rouge,2020,Cambridge,RETAIL_RESTAURANTS_AND_CAFES,62000.0,61000.0,2131.2044539497406
3948654000,204987045,thomas cook,2019,West Northamptonshire,RETAIL_HIGH_STREET,22250.0,22250.0,28077.514416384656
3948654000,126137045,thomas cook,2019,West Northamptonshire,RETAIL_HIGH_STREET,22250.0,22250.0,16084.505933764272
3948654000,12881602000,thomas cook,2019,West Northamptonshire,RETAIL_HIGH_STREET,22250.0,22250.0,12620.348573266025
3972607000,1127401000,wilko,2023,Thurrock,RETAIL_OTHER_SUPERSTORES_AND_WAREHOUSES,0.0,0.0,10893.185115755457
3972607000,1398431000,wilko,2023,Thurrock,RETAIL_OTHER_SUPERSTORES_AND_WAREHOUSES,0.0,2475.0,10089.446550157561
3972607000,13199959000,wilko,2023,Thurrock,RETAIL_OTHER_SUPERSTORES_AND_WAREHOUSES,0.0,4950.0,11964.687831671892
3992459000,14477093000,debenhams,2020,Canterbury,RETAIL_OTHER_SUPERSTORES_AND_WAREHOUSES,415000.0,420000.0,2357.5143079793006
3992459000,538573145,debenhams,2020,Canterbury,RETAIL_OTHER_SUPERSTORES_AND_WAREHOUSES,415000.0,402500.0,2357.5143079793006
3992459000,295248145,debenhams,2020,Canterbury,RETAIL_OTHER_SUPERSTORES_AND_WAREHOUSES,415000.0,432500.0,8962.79207478596
4005081000,39111094,frankie&bennys,2020,Sunderland,RETAIL_RESTAURANTS_AND_CAFES,63500.0,63000.0,2386.545230176013
4005081000,13721035000,frankie&bennys,2020,Sunderland,RETAIL_RESTAURANTS_AND_CAFES,63500.0,64000.0,270.8148153167478
4005081000,4048102000,frankie&bennys,2020,Sunderland,RETAIL_RESTAURANTS_AND_CAFES,63500.0,62500.0,178.32396010790325
4005634000,9348481000,wilko,2023,Gloucester,OFFICE_GENERAL,2175.0,2150.0,1126.657152430866
4005634000,10878387000,wilko,2023,Gloucester,OFFICE_GENERAL,2175.0,2150.0,4999.650591049024
4005634000,16481000,wilko,2023,Gloucester,OFFICE_GENERAL,2175.0,2150.0,195.83987680613777
4011710000,12864836000,carluccios,2020,Manchester,RETAIL_RESTAURANTS_AND_CAFES,36500.0,36500.0,326.3206943344774
4011710000,298168000,carluccios,2020,Manchester,RETAIL_RESTAURANTS_AND_CAFES,36500.0,36500.0,4412.56932829191
4011710000,7589861000,carluccios,2020,Manchester,RETAIL_RESTAURANTS_AND_CAFES,36500.0,36250.0,419.72646063322816
4015800000,1721854000,frankie&bennys,2020,Thurrock,RETAIL_RESTAURANTS_AND_CAFES,117000.0,131500.0,1505.5763474553423
4015800000,887370022,frankie&bennys,2020,Thurrock,RETAIL_RESTAURANTS_AND_CAFES,117000.0,99300.0,1794.7334173087208
4015800000,13971626000,frankie&bennys,2020,Thurrock,RETAIL_RESTAURANTS_AND_CAFES,117000.0,93000.0,315.99703682592985
4036029000,97663063,carluccios,2020,Camden,RETAIL_RESTAURANTS_AND_CAFES,84000.0,84000.0,178.84514088663192
4036029000,107040063,carluccios,2020,Camden,RETAIL_RESTAURANTS_AND_CAFES,84000.0,83500.0,1321.0961673072165
4036029000,11186076000,carluccios,2020,Camden,RETAIL_RESTAURANTS_AND_CAFES,84000.0,83500.0,232.25609064891262
4044009000,254925013,wilko,2023,North Hertfordshire,RETAIL_OTHER_SUPERSTORES_AND_WAREHOUSES,136000.0,111000.0,1530.100013768502
4044009000,6018515000,wilko,2023,North Hertfordshire,RETAIL_OTHER_SUPERSTORES_AND_WAREHOUSES,136000.0,104000.0,16111.624571291519
4044009000,254924013,wilko,2023,North Hertfordshire,RETAIL_OTHER_SUPERSTORES_AND_WAREHOUSES,136000.0,102000.0,1530.100013768502
4054913000,4639821000,poundworld,2018,West Northamptonshire,OFFICE_GENERAL,3950.0,3950.0,5656.006039188914
4054913000,12803231000,poundworld,2018,West Northamptonshire,OFFICE_GENERAL,3950.0,3950.0,1179.8445311359985
4054913000,13777513000,poundworld,2018,West Northamptonshire,OFFICE_GENERAL,3950.0,3950.0,20239.684651768388
4063912000,9279523000,ted baker,2024,Dudley,RETAIL_HIGH_STREET,198000.0,32500.0,1281.357858126754
4063912000,10184067000,ted baker,2024,Dudley,RETAIL_HIGH_STREET,198000.0,32250.0,1365.8033656434745
4063912000,1249983000,ted baker,2024,Dudley,RETAIL_HIGH_STREET,198000.0,31500.0,1365.6059592317247
4067057000,12602932000,debenhams,2020,Stoke-on-Trent,RETAIL_OTHER_SUPERSTORES_AND_WAREHOUSES,1180000.0,1140000.0,1568.0212218425495
4067057000,10705114000,debenhams,2020,Stoke-on-Trent,RETAIL_OTHER_SUPERSTORES_AND_WAREHOUSES,1180000.0,1220000.0,1568.0212218425495
4067057000,14525947000,debenhams,2020,Stoke-on-Trent,RETAIL_OTHER_SUPERSTORES_AND_WAREHOUSES,1180000.0,1360000.0,1366.8662837934676
4070050000,24847148,prezzo,2018,Maidstone,RETAIL_RESTAURANTS_AND_CAFES,43000.0,43250.0,173.22180458432257
4070050000,10584526000,prezzo,2018,Maidstone,RETAIL_RESTAURANTS_AND_CAFES,43000.0,43250.0,2490.408852210391
4070050000,67736148,prezzo,2018,Maidstone,RETAIL_RESTAURANTS_AND_CAFES,43000.0,43500.0,12199.65263650786
4073859000,14938810000,homebase,2024,Warwick,RETAIL_OTHER_SUPERSTORES_AND_WAREHOUSES,482500.0,500000.0,1041.0060901930042
4073859000,11928958000,homebase,2024,Warwick,RETAIL_OTHER_SUPERSTORES_AND_WAREHOUSES,482500.0,530000.0,185.62732077776087
4073859000,13789542000,homebase,2024,Warwick,RETAIL_OTHER_SUPERSTORES_AND_WAREHOUSES,482500.0,545000.0,1244.4225960308777
4114014000,1354881000,wilko,2023,East Riding of Yorkshire,RETAIL_HIGH_STREET,75500.0,75000.0,30979.644300918157
4114014000,345150254,wilko,2023,East Riding of Yorkshire,RETAIL_HIGH_STREET,75500.0,76500.0,31189.257337062765
4114014000,2380433000,wilko,2023,East Riding of Yorkshire,RETAIL_HIGH_STREET,75500.0,72500.0,18023.53614648461
4138838000,27091012,bella italia,2020,Cambridge,RETAIL_RESTAURANTS_AND_CAFES,104000.0,101000.0,1626.9608436348396
4138838000,112881012,bella italia,2020,Cambridge,RETAIL_RESTAURANTS_AND_CAFES,104000.0,112000.0,265.2953169671905
4138838000,11485536000,bella italia,2020,Cambridge,RETAIL_RESTAURANTS_AND_CAFES,104000.0,93500.0,1022.2310481803696
4141914000,77663082,arcadia,2020,Kensington and Chelsea,OFFICE_GENERAL,137000.0,137000.0,239.15053845979472
4141914000,8281247000,arcadia,2020,Kensington and Chelsea,OFFICE_GENERAL,137000.0,137000.0,628.8333104809723
4141914000,289438082,arcadia,2020,Kensington and Chelsea,OFFICE_GENERAL,137000.0,137000.0,923.1945353426297
4148494000,14274131000,maplin,2018,"Bournemouth, Christchurch and Poole",RETAIL_OTHER_SUPERSTORES_AND_WAREHOUSES,89000.0,89500.0,1981.0950671000637
4148494000,95611172,maplin,2018,"Bournemouth, Christchurch and Poole",RETAIL_OTHER_SUPERSTORES_AND_WAREHOUSES,89000.0,94000.0,658.9283981809725
4148494000,318734172,maplin,2018,"Bournemouth, Christchurch and Poole",RETAIL_OTHER_SUPERSTORES_AND_WAREHOUSES,89000.0,83750.0,2819.569497010559
4155763000,11136260000,arcadia,2020,City of London,OFFICE_GENERAL,5800.0,5800.0,208.35139468617365
4155763000,4073834000,arcadia,2020,City of London,OFFICE_GENERAL,5800.0,5800.0,560.8002064434564
4155763000,10757264000,arcadia,2020,City of London,OFFICE_GENERAL,5800.0,5800.0,208.35139468617365
4156140000,10997475000,body shop,2024,Thanet,RETAIL_HIGH_STREET,46750.0,46000.0,582.7307476520635
4156140000,372075145,body shop,2024,Thanet,RETAIL_HIGH_STREET,46750.0,44500.0,2836.594797447328
4156140000,12293550000,body shop,2024,Thanet,RETAIL_HIGH_STREET,46750.0,49000.0,2836.594797447328
4156489000,13637090000,poundworld,2018,Thanet,RETAIL_HIGH_STREET,124000.0,127000.0,582.7307476520635
4156489000,13028657000,poundworld,2018,Thanet,RETAIL_HIGH_STREET,124000.0,97500.0,582.7307476520635
4156489000,372032145,poundworld,2018,Thanet,RETAIL_HIGH_STREET,124000.0,69000.0,3016.1810292673963
4156558000,512636145,wilko,2023,Thanet,RETAIL_HIGH_STREET,222000.0,63500.0,2999.6401340617676
4156558000,4751107000,wilko,2023,Thanet,RETAIL_HIGH_STREET,222000.0,50000.0,2810.9315597076693
4156558000,5269108000,wilko,2023,Thanet,RETAIL_HIGH_STREET,222000.0,49500.0,789.6237193913157
4157057000,8035672000,debenhams,2020,Thanet,RETAIL_OTHER_SUPERSTORES_AND_WAREHOUSES,530000.0,570000.0,498.13420178554475
4157057000,7012685000,debenhams,2020,Thanet,RETAIL_OTHER_SUPERSTORES_AND_WAREHOUSES,530000.0,465000.0,498.13420178554475
4157057000,8035671000,debenhams,2020,Thanet,RETAIL_OTHER_SUPERSTORES_AND_WAREHOUSES,530000.0,445000.0,498.13420178554475
4158492000,65997013,wilko,2023,North Hertfordshire,RETAIL_OTHER_SUPERSTORES_AND_WAREHOUSES,135000.0,91500.0,9494.433547722152
4158492000,5673886000,wilko,2023,North Hertfordshire,RETAIL_OTHER_SUPERSTORES_AND_WAREHOUSES,135000.0,85500.0,1381.2351650332944
4158492000,15076542000,wilko,2023,North Hertfordshire,RETAIL_OTHER_SUPERSTORES_AND_WAREHOUSES,135000.0,85500.0,731.7554376393186
4166851000,12841694000,arcadia,2020,Bradford,RETAIL_OTHER_SUPERSTORES_AND_WAREHOUSES,262500.0,262500.0,1799.9204019252343
4166851000,11317519000,arcadia,2020,Bradford,RETAIL_OTHER_SUPERSTORES_AND_WAREHOUSES,262500.0,260000.0,1256.3863357489433
4166851000,10487160000,arcadia,2020,Bradford,RETAIL_OTHER_SUPERSTORES_AND_WAREHOUSES,262500.0,260000.0,2269.4386201071943
4168009000,10022419000,thomas cook,2019,Maidstone,RETAIL_HIGH_STREET,99500.0,73000.0,2114.5954528193047
4168009000,8830615000,thomas cook,2019,Maidstone,RETAIL_HIGH_STREET,99500.0,70500.0,741.4358937318532
4168009000,3504046000,thomas cook,2019,Maidstone,RETAIL_HIGH_STREET,99500.0,70000.0,629.294593764155
4170735000,2285826000,prezzo,2018,Maidstone,RETAIL_RESTAURANTS_AND_CAFES,63500.0,63500.0,629.294593764155
4170735000,64889148,prezzo,2018,Maidstone,RETAIL_RESTAURANTS_AND_CAFES,63500.0,65500.0,3819.030346310809
4170735000,350660148,prezzo,2018,Maidstone,RETAIL_RESTAURANTS_AND_CAFES,63500.0,59000.0,5511.433622715657
4174957000,53641046,poundworld,2018,Charnwood,RETAIL_HIGH_STREET,58000.0,22750.0,1926.2778464972394
4174957000,10219126000,poundworld,2018,Charnwood,RETAIL_HIGH_STREET,58000.0,22750.0,1746.3675825687933
4174957000,11786453000,poundworld,2018,Charnwood,RETAIL_HIGH_STREET,58000.0,21750.0,1908.301728659559
4214022000,62961000,maplin,2018,"Bristol, City of",RETAIL_OTHER_SUPERSTORES_AND_WAREHOUSES,175000.0,174000.0,5027.958706205628
4214022000,261542212,maplin,2018,"Bristol, City of",RETAIL_OTHER_SUPERSTORES_AND_WAREHOUSES,175000.0,173000.0,2026.8343996917033
4214022000,2785187000,maplin,2018,"Bristol, City of",RETAIL_OTHER_SUPERSTORES_AND_WAREHOUSES,175000.0,177000.0,2834.052128309371
4215137000,211195148,arcadia,2020,Ashford,LEISURE_SPORTS_CENTRES_AND_PRIVATE_CLUBS,73500.0,59000.0,1663.8511584083599
4215137000,322413148,arcadia,2020,Ashford,LEISURE_SPORTS_CENTRES_AND_PRIVATE_CLUBS,73500.0,55000.0,11911.623336282071
4215137000,12400404000,arcadia,2020,Ashford,LEISURE_SPORTS_CENTRES_AND_PRIVATE_CLUBS,73500.0,44500.0,8881.580936152455
4218094000,304375244,frankie&bennys,2020,Leeds,RETAIL_RESTAURANTS_AND_CAFES,74000.0,74000.0,182.8510113754358
4218094000,7068364000,frankie&bennys,2020,Leeds,RETAIL_RESTAURANTS_AND_CAFES,74000.0,73000.0,3815.0500383746585
4218094000,11208329000,frankie&bennys,2020,Leeds,RETAIL_RESTAURANTS_AND_CAFES,74000.0,75000.0,910.8428373194096
4221038000,11125347000,arcadia,2020,Crawley,RETAIL_HIGH_STREET,141000.0,42000.0,4626.292797816645
4221038000,8831637000,arcadia,2020,Crawley,RETAIL_HIGH_STREET,141000.0,40250.0,1094.512472200777
4221038000,13836569000,arcadia,2020,Crawley,RETAIL_HIGH_STREET,141000.0,39500.0,1991.3954271140733
4221157000,9799888000,bella italia,2020,Plymouth,RETAIL_RESTAURANTS_AND_CAFES,78000.0,76500.0,358.44258273233504
4221157000,10827397000,bella italia,2020,Plymouth,RETAIL_RESTAURANTS_AND_CAFES,78000.0,80500.0,4095.5394493068866
4221157000,1108840000,bella italia,2020,Plymouth,RETAIL_RESTAURANTS_AND_CAFES,78000.0,75000.0,913.3130386439148
4224673000,8786773000,paperchase,2023,Maidstone,RETAIL_HIGH_STREET,118000.0,65500.0,13478.543741739912
4224673000,11456122000,paperchase,2023,Maidstone,RETAIL_HIGH_STREET,118000.0,49500.0,629.8589781659972
4224673000,13330138000,paperchase,2023,Maidstone,RETAIL_HIGH_STREET,118000.0,49250.0,2490.408852210391
4252187000,9950110000,homebase,2024,Harlow,RETAIL_OTHER_SUPERSTORES_AND_WAREHOUSES,1150000.0,1080000.0,2386.57849704005
4252187000,12473062000,homebase,2024,Harlow,RETAIL_OTHER_SUPERSTORES_AND_WAREHOUSES,1150000.0,1460000.0,923.5804288869296
4252187000,10818124000,homebase,2024,Harlow,RETAIL_OTHER_SUPERSTORES_AND_WAREHOUSES,1150000.0,1500000.0,858.1482132681467
4266501000,12951391000,mothercare,2019,York,RETAIL_OTHER_SUPERSTORES_AND_WAREHOUSES,355000.0,322500.0,281.22221523738085
4266501000,12529394000,mothercare,2019,York,RETAIL_OTHER_SUPERSTORES_AND_WAREHOUSES,355000.0,307500.0,462.2843359503639
4266501000,11087605000,mothercare,2019,York,RETAIL_OTHER_SUPERSTORES_AND_WAREHOUSES,355000.0,287500.0,682.4517497918349
4270197000,11760586000,thomas cook,2019,Peterborough,OFFICE_GENERAL,835000.0,905000.0,4220.278121454718
4270197000,8541329000,thomas cook,2019,Peterborough,OFFICE_GENERAL,835000.0,945000.0,3803.0548632376945
4270197000,14493519000,thomas cook,2019,Peterborough,OFFICE_GENERAL,835000.0,720000.0,493.59653549973683
4271046000,8657246000,prezzo,2018,Dorset,RETAIL_RESTAURANTS_AND_CAFES,61000.0,61000.0,352.618125968241
4271046000,33952173,prezzo,2018,Dorset,RETAIL_RESTAURANTS_AND_CAFES,61000.0,61250.0,1162.3947062543573
4271046000,14319356000,prezzo,2018,Dorset,RETAIL_RESTAURANTS_AND_CAFES,61000.0,61500.0,409.75941364349615
4278646000,11680803000,prezzo,2018,Colchester,RETAIL_RESTAURANTS_AND_CAFES,41500.0,43000.0,1052.5916894680997
4278646000,11287533000,prezzo,2018,Colchester,RETAIL_RESTAURANTS_AND_CAFES,41500.0,45000.0,171.48865782137028
4278646000,10141071000,prezzo,2018,Colchester,RETAIL_RESTAURANTS_AND_CAFES,41500.0,45000.0,171.48865782137028
4287285000,11337162000,thomas cook,2019,York,RETAIL_HIGH_STREET,44500.0,44250.0,237.13056291081554
4287285000,9732456000,thomas cook,2019,York,RETAIL_HIGH_STREET,44500.0,44250.0,2820.4347434248216
4287285000,8789920000,thomas cook,2019,York,RETAIL_HIGH_STREET,44500.0,43500.0,385.57576362696597
4287292000,11670225000,body shop,2024,Maidstone,RETAIL_HIGH_STREET,95500.0,49250.0,2490.408852210391
4287292000,10356944000,body shop,2024,Maidstone,RETAIL_HIGH_STREET,95500.0,48000.0,4122.820554297838
4287292000,11718968000,body shop,2024,Maidstone,RETAIL_HIGH_STREET,95500.0,46750.0,10959.3483003606
4288057000,8619852000,wilko,2023,York,RETAIL_OTHER_SUPERSTORES_AND_WAREHOUSES,490000.0,282500.0,597.758778299651
4288057000,7566298000,wilko,2023,York,RETAIL_OTHER_SUPERSTORES_AND_WAREHOUSES,490000.0,277500.0,586.7257855398017
4288057000,8198706000,wilko,2023,York,RETAIL_OTHER_SUPERSTORES_AND_WAREHOUSES,490000.0,265000.0,179.60401977108972
4290027000,11773860000,homebase,2024,Milton Keynes,RETAIL_OTHER_SUPERSTORES_AND_WAREHOUSES,1130000.0,915000.0,2410.3713903425933
4290027000,8682380000,homebase,2024,Milton Keynes,RETAIL_OTHER_SUPERSTORES_AND_WAREHOUSES,1130000.0,880000.0,1827.6373807475609
4290027000,9283239000,homebase,2024,Milton Keynes,RETAIL_OTHER_SUPERSTORES_AND_WAREHOUSES,1130000.0,815000.0,2043.0440836183834
4322281000,25372165,homebase,2024,Reading,RETAIL_OTHER_SUPERSTORES_AND_WAREHOUSES,39500.0,41750.0,1102.4741632757953
4322281000,196250165,homebase,2024,Reading,RETAIL_OTHER_SUPERSTORES_AND_WAREHOUSES,39500.0,42000.0,3212.7971948748827
4322281000,1689765000,homebase,2024,Reading,RETAIL_OTHER_SUPERSTORES_AND_WAREHOUSES,39500.0,36750.0,2458.94491679556
4326573000,10911717000,arcadia,2020,Maidstone,RETAIL_HIGH_STREET,267500.0,44500.0,13968.748529975723
4326573000,15089261000,arcadia,2020,Maidstone,RETAIL_HIGH_STREET,267500.0,43000.0,629.294593764155
4326573000,15043099000,arcadia,2020,Maidstone,RETAIL_HIGH_STREET,267500.0,39000.0,178.08488492968252
4328426000,7358563000,cafe rouge,2020,Canterbury,RETAIL_RESTAURANTS_AND_CAFES,183000.0,176000.0,10216.47559810704
4328426000,6611424000,cafe rouge,2020,Canterbury,RETAIL_RESTAURANTS_AND_CAFES,183000.0,200000.0,10151.221144038249
4328426000,280293145,cafe rouge,2020,Canterbury,RETAIL_RESTAURANTS_AND_CAFES,183000.0,140000.0,9739.97538527858
4348629000,5928134000,wilko,2023,Manchester,RETAIL_OTHER_SUPERSTORES_AND_WAREHOUSES,168000.0,169000.0,4103.317950935462
4348629000,286619113,wilko,2023,Manchester,RETAIL_OTHER_SUPERSTORES_AND_WAREHOUSES,168000.0,170000.0,4741.305267145913
4348629000,201456113,wilko,2023,Manchester,RETAIL_OTHER_SUPERSTORES_AND_WAREHOUSES,168000.0,171000.0,909.8463319035268
4355706000,1268863000,wilko,2023,South Oxfordshire,RETAIL_OTHER_SUPERSTORES_AND_WAREHOUSES,131000.0,131000.0,23760.70684525506
4355706000,182086163,wilko,2023,South Oxfordshire,RETAIL_OTHER_SUPERSTORES_AND_WAREHOUSES,131000.0,137000.0,9150.66092516609
4355706000,14507044000,wilko,2023,South Oxfordshire,RETAIL_OTHER_SUPERSTORES_AND_WAREHOUSES,131000.0,138000.0,12135.115079446316
4370929000,458934012,arcadia,2020,Cambridge,RETAIL_OTHER_SUPERSTORES_AND_WAREHOUSES,315000.0,310000.0,997.5807803689689
4370929000,12939228000,arcadia,2020,Cambridge,RETAIL_OTHER_SUPERSTORES_AND_WAREHOUSES,315000.0,350000.0,237.5328132970605
4370929000,382204012,arcadia,2020,Cambridge,RETAIL_OTHER_SUPERSTORES_AND_WAREHOUSES,315000.0,350000.0,507.00840882727886
4376880000,3682260000,arcadia,2020,Somerset,OFFICE_GENERAL,6300.0,6300.0,32237.230838374864
4376880000,7017652000,arcadia,2020,Somerset,OFFICE_GENERAL,6300.0,6300.0,16510.019126880754
4376880000,10762127000,arcadia,2020,Somerset,OFFICE_GENERAL,6300.0,6300.0,179.38643393488715
4376881000,1555538000,arcadia,2020,Somerset,OFFICE_GENERAL,13250.0,13250.0,18404.178070762184
4376881000,12098942000,arcadia,2020,Somerset,OFFICE_GENERAL,13250.0,13250.0,9881.44382060967
4376881000,7601253000,arcadia,2020,Somerset,OFFICE_GENERAL,13250.0,13250.0,12230.665744874455
4414622000,8625564000,prezzo,2018,Dorset,RETAIL_RESTAURANTS_AND_CAFES,48000.0,48000.0,434.47142470765795
4414622000,12448937000,prezzo,2018,Dorset,RETAIL_RESTAURANTS_AND_CAFES,48000.0,48000.0,298.7389728157151
4414622000,187683172,prezzo,2018,Dorset,RETAIL_RESTAURANTS_AND_CAFES,48000.0,47500.0,33146.7994486501
4415103000,7985990000,wilko,2023,Leeds,RETAIL_OTHER_SUPERSTORES_AND_WAREHOUSES,158000.0,158000.0,1690.6326533224767
4415103000,388935244,wilko,2023,Leeds,RETAIL_OTHER_SUPERSTORES_AND_WAREHOUSES,158000.0,154000.0,1256.4587882799774
4415103000,11878242000,wilko,2023,Leeds,RETAIL_OTHER_SUPERSTORES_AND_WAREHOUSES,158000.0,164000.0,4065.352856629589
4416682000,361786141,cath kidston,2020,Brighton and Hove,RETAIL_HIGH_STREET,146000.0,87000.0,353.60537379005126
4416682000,3428408000,cath kidston,2020,Brighton and Hove,RETAIL_HIGH_STREET,146000.0,86000.0,779.2413008919075
4416682000,4699930000,cath kidston,2020,Brighton and Hove,RETAIL_HIGH_STREET,146000.0,79000.0,941.7147698132196
4427401000,11934423000,prezzo,2018,"Bournemouth, Christchurch and Poole",RETAIL_RESTAURANTS_AND_CAFES,55000.0,55000.0,169.44647685823625
4427401000,13377178000,prezzo,2018,"Bournemouth, Christchurch and Poole",RETAIL_RESTAURANTS_AND_CAFES,55000.0,54500.0,2200.384586851731
4427401000,6866127000,prezzo,2018,"Bournemouth, Christchurch and Poole",RETAIL_RESTAURANTS_AND_CAFES,55000.0,55500.0,2467.10713428618
4445617000,3371125000,wilko,2023,"Bristol, City of",RETAIL_OTHER_SUPERSTORES_AND_WAREHOUSES,136000.0,138000.0,1926.838968908707
4445617000,13994979000,wilko,2023,"Bristol, City of",RETAIL_OTHER_SUPERSTORES_AND_WAREHOUSES,136000.0,133000.0,931.8946120029823
4445617000,9472631000,wilko,2023,"Bristol, City of",RETAIL_OTHER_SUPERSTORES_AND_WAREHOUSES,136000.0,141000.0,1268.065120108806
4445762000,13671901000,debenhams,2020,Peterborough,WAREHOUSING_LARGE_SCALE_AND_HIGH_BAY,2880000.0,2860000.0,1153.9872067774381
4445762000,8410395000,debenhams,2020,Peterborough,WAREHOUSING_LARGE_SCALE_AND_HIGH_BAY,2880000.0,3230000.0,1580.70058504706
4445762000,13368845000,debenhams,2020,Peterborough,WAREHOUSING_LARGE_SCALE_AND_HIGH_BAY,2880000.0,2500000.0,2977.3890205518214
4446244000,5013464000,prezzo,2018,Nottingham,RETAIL_RESTAURANTS_AND_CAFES,42250.0,42250.0,216.89022126144238
4446244000,250854037,prezzo,2018,Nottingham,RETAIL_RESTAURANTS_AND_CAFES,42250.0,42250.0,2368.561953590966
4446244000,11066938000,prezzo,2018,Nottingham,RETAIL_RESTAURANTS_AND_CAFES,42250.0,42000.0,2778.7680410397506
4454752000,8788549000,poundworld,2018,Leeds,RETAIL_HIGH_STREET,75000.0,74000.0,3870.6976434465105
4454752000,8596018000,poundworld,2018,Leeds,RETAIL_HIGH_STREET,75000.0,76000.0,156.61627477261692
4454752000,5613566000,poundworld,2018,Leeds,RETAIL_HIGH_STREET,75000.0,76000.0,2646.7979066083426
4457510000,319217133,arcadia,2020,Cheshire West and Chester,RETAIL_HIGH_STREET,375000.0,32500.0,7871.77649741802
4457510000,9796865000,arcadia,2020,Cheshire West and Chester,RETAIL_HIGH_STREET,375000.0,32000.0,411.7686081439783
4457510000,325230133,arcadia,2020,Cheshire West and Chester,RETAIL_HIGH_STREET,375000.0,32000.0,8001.836975733416
4460995000,15061172000,mothercare,2019,West Northamptonshire,WAREHOUSING_LARGE_SCALE_AND_HIGH_BAY,1690000.0,1660000.0,2239.6250731619116
4460995000,13872927000,mothercare,2019,West Northamptonshire,WAREHOUSING_LARGE_SCALE_AND_HIGH_BAY,1690000.0,1730000.0,4889.743004082181
4460995000,461187045,mothercare,2019,West Northamptonshire,WAREHOUSING_LARGE_SCALE_AND_HIGH_BAY,1690000.0,1640000.0,3354.5642416744777
4495531000,10323174000,wilko,2023,Preston,RETAIL_OTHER_SUPERSTORES_AND_WAREHOUSES,480000.0,362500.0,2410.1090449894687
4495531000,14704759000,wilko,2023,Preston,RETAIL_OTHER_SUPERSTORES_AND_WAREHOUSES,480000.0,350000.0,624.5736479167623
4495531000,13618602000,wilko,2023,Preston,RETAIL_OTHER_SUPERSTORES_AND_WAREHOUSES,480000.0,295000.0,4151.51651517325
4498755000,10263173000,prezzo,2018,Gloucester,RETAIL_RESTAURANTS_AND_CAFES,31000.0,30000.0,218.10540545252823
4498755000,13241556000,prezzo,2018,Gloucester,RETAIL_RESTAURANTS_AND_CAFES,31000.0,32000.0,406.15583994889056
4498755000,316708214,prezzo,2018,Gloucester,RETAIL_RESTAURANTS_AND_CAFES,31000.0,28500.0,602.1225130772782
4502626000,10891175000,wilko,2023,North Northamptonshire,RETAIL_OTHER_SUPERSTORES_AND_WAREHOUSES,202000.0,196000.0,736.4977736332982
4502626000,7030143000,wilko,2023,North Northamptonshire,RETAIL_OTHER_SUPERSTORES_AND_WAREHOUSES,202000.0,193000.0,557.4723507245855
4502626000,262461045,wilko,2023,North Northamptonshire,RETAIL_OTHER_SUPERSTORES_AND_WAREHOUSES,202000.0,186000.0,2543.2701884992985
4511948000,111456000,wilko,2023,Derby,RETAIL_OTHER_SUPERSTORES_AND_WAREHOUSES,137000.0,139000.0,2290.4361311627495
4511948000,9303663000,wilko,2023,Derby,RETAIL_OTHER_SUPERSTORES_AND_WAREHOUSES,137000.0,140000.0,2462.6581399306574
4511948000,5770730000,wilko,2023,Derby,RETAIL_OTHER_SUPERSTORES_AND_WAREHOUSES,137000.0,142000.0,2620.223448852217
4515934000,23756178,prezzo,2018,Isle of Wight,RETAIL_RESTAURANTS_AND_CAFES,66000.0,64000.0,3398.0658557363586
4515934000,55764178,prezzo,2018,Isle of Wight,RETAIL_RESTAURANTS_AND_CAFES,66000.0,63500.0,14301.27908012768
4515934000,36400178,prezzo,2018,Isle of Wight,RETAIL_RESTAURANTS_AND_CAFES,66000.0,68500.0,5306.070942263845
4515940000,10447862000,prezzo,2018,Isle of Wight,RETAIL_HIGH_STREET,5000.0,5000.0,16428.761933010763
4515940000,10618311000,prezzo,2018,Isle of Wight,RETAIL_HIGH_STREET,5000.0,5000.0,5629.023008104433
4515940000,14618197000,prezzo,2018,Isle of Wight,RETAIL_HIGH_STREET,5000.0,5000.0,12794.842953761532
4530841000,9719839000,arcadia,2020,Nottingham,RETAIL_OTHER_SUPERSTORES_AND_WAREHOUSES,720000.0,675000.0,5252.57567232303
4530841000,13979450000,arcadia,2020,Nottingham,RETAIL_OTHER_SUPERSTORES_AND_WAREHOUSES,720000.0,495000.0,2210.59339689374
4530841000,9574399000,arcadia,2020,Nottingham,RETAIL_OTHER_SUPERSTORES_AND_WAREHOUSES,720000.0,485000.0,5610.608384492053
4535952000,8833411000,homebase,2024,North Devon,RETAIL_OTHER_SUPERSTORES_AND_WAREHOUSES,555000.0,560000.0,12869.187377950295
4535952000,8791697000,homebase,2024,North Devon,RETAIL_OTHER_SUPERSTORES_AND_WAREHOUSES,555000.0,545000.0,7556.409376509183
4535952000,15087829000,homebase,2024,North Devon,RETAIL_OTHER_SUPERSTORES_AND_WAREHOUSES,555000.0,370000.0,1656.7934972897388
4555250000,108904124,poundworld,2018,Cumberland,RETAIL_HIGH_STREET,64500.0,59500.0,26644.655703987464
4555250000,3900450000,poundworld,2018,Cumberland,RETAIL_HIGH_STREET,64500.0,59500.0,26521.599168175486
4555250000,9282356000,poundworld,2018,Cumberland,RETAIL_HIGH_STREET,64500.0,58500.0,4667.469277346595
4556494000,13493175000,prezzo,2018,Peterborough,RETAIL_RESTAURANTS_AND_CAFES,48250.0,48500.0,4536.299951656313
4556494000,7192373000,prezzo,2018,Peterborough,RETAIL_RESTAURANTS_AND_CAFES,48250.0,47750.0,3374.322439121687
4556494000,3801286000,prezzo,2018,Peterborough,RETAIL_RESTAURANTS_AND_CAFES,48250.0,47500.0,383.32383170194606
4563896000,12937421000,poundworld,2018,Crawley,RETAIL_HIGH_STREET,159000.0,39250.0,439.11675898754225
4563896000,12380777000,poundworld,2018,Crawley,RETAIL_HIGH_STREET,159000.0,39250.0,2417.3245902067233
4563896000,11158279000,poundworld,2018,Crawley,RETAIL_HIGH_STREET,159000.0,39000.0,4588.6125840409795
4574200000,8854187000,toys r us,2018,Milton Keynes,RETAIL_OTHER_SUPERSTORES_AND_WAREHOUSES,720000.0,700000.0,2410.3713903425933
4574200000,10828001000,toys r us,2018,Milton Keynes,RETAIL_OTHER_SUPERSTORES_AND_WAREHOUSES,720000.0,795000.0,2410.3713903425933
4574200000,9421088000,toys r us,2018,Milton Keynes,RETAIL_OTHER_SUPERSTORES_AND_WAREHOUSES,720000.0,630000.0,2410.3713903425933
4580555000,374582244,poundworld,2018,Leeds,RETAIL_OTHER_SUPERSTORES_AND_WAREHOUSES,50500.0,50500.0,2749.194086608964
4580555000,13255491000,poundworld,2018,Leeds,RETAIL_OTHER_SUPERSTORES_AND_WAREHOUSES,50500.0,50500.0,1681.9270418777344
4580555000,10101220000,poundworld,2018,Leeds,RETAIL_OTHER_SUPERSTORES_AND_WAREHOUSES,50500.0,50000.0,1795.4594748549143
4585303000,9387872000,thomas cook,2019,Somerset,RETAIL_HIGH_STREET,13500.0,13500.0,175.89638577807506
4585303000,144704186,thomas cook,2019,Somerset,RETAIL_HIGH_STREET,13500.0,13500.0,10948.494060465277
4585303000,12816182000,thomas cook,2019,Somerset,RETAIL_HIGH_STREET,13500.0,13500.0,13882.220374432158
4619033000,9442548000,arcadia,2020,Bradford,RETAIL_HIGH_STREET,65500.0,64500.0,224.51435637595407
4619033000,10089802000,arcadia,2020,Bradford,RETAIL_HIGH_STREET,65500.0,63500.0,1044.9944775874135
4619033000,430573000,arcadia,2020,Bradford,RETAIL_HIGH_STREET,65500.0,62500.0,192.09725296649307
4638128000,8127397000,wilko,2023,"Bristol, City of",WAREHOUSING_LARGE_SCALE_AND_HIGH_BAY,1975.0,1950.0,402.73609992958524
4638128000,247139212,wilko,2023,"Bristol, City of",WAREHOUSING_LARGE_SCALE_AND_HIGH_BAY,1975.0,2025.0,7706.1963329896935
4638128000,13508202000,wilko,2023,"Bristol, City of",WAREHOUSING_LARGE_SCALE_AND_HIGH_BAY,1975.0,2100.0,1886.1154685836696
4647892000,6365775000,homebase,2024,Cardiff,RETAIL_OTHER_SUPERSTORES_AND_WAREHOUSES,790000.0,690000.0,3512.7251220477774
4647892000,12505319000,homebase,2024,Cardiff,RETAIL_OTHER_SUPERSTORES_AND_WAREHOUSES,790000.0,675000.0,2323.622986214773
4647892000,14784131000,homebase,2024,Cardiff,RETAIL_OTHER_SUPERSTORES_AND_WAREHOUSES,790000.0,925000.0,462.1270088111375
4654983000,764530000,arcadia,2020,Eastbourne,RETAIL_HIGH_STREET,312500.0,49000.0,1579.3029224724946
4654983000,81975000,arcadia,2020,Eastbourne,RETAIL_HIGH_STREET,312500.0,45250.0,299.2017039193825
4654983000,3058431000,arcadia,2020,Eastbourne,RETAIL_HIGH_STREET,312500.0,44000.0,1520.6653097408682
4658992000,12860469000,arcadia,2020,Charnwood,RETAIL_OTHER_SUPERSTORES_AND_WAREHOUSES,238000.0,233000.0,1742.1244778596133
4658992000,11712828000,arcadia,2020,Charnwood,RETAIL_OTHER_SUPERSTORES_AND_WAREHOUSES,238000.0,257500.0,1908.301728659559
4658992000,241576046,arcadia,2020,Charnwood,RETAIL_OTHER_SUPERSTORES_AND_WAREHOUSES,238000.0,217000.0,814.8990192354133
4660118000,8319148000,arcadia,2020,Blackpool,OFFICE_GENERAL,6100.0,6100.0,3890.6736719005653
4660118000,10433921000,arcadia,2020,Blackpool,OFFICE_GENERAL,6100.0,6100.0,296.10032503082346
4660118000,5309554000,arcadia,2020,Blackpool,OFFICE_GENERAL,6100.0,6100.0,958.0054515629386
4663702000,1543192000,wilko,2023,Milton Keynes,RETAIL_OTHER_SUPERSTORES_AND_WAREHOUSES,199000.0,197000.0,940.7507510281879
4663702000,6898704000,wilko,2023,Milton Keynes,RETAIL_OTHER_SUPERSTORES_AND_WAREHOUSES,199000.0,202000.0,2416.8695233685426
4663702000,4607854000,wilko,2023,Milton Keynes,RETAIL_OTHER_SUPERSTORES_AND_WAREHOUSES,199000.0,203000.0,2443.467183131007
4697440000,12235918000,arcadia,2020,Leeds,INDUSTRIAL_LIGHT,745000.0,755000.0,521.1318897247404
4697440000,14589555000,arcadia,2020,Leeds,INDUSTRIAL_LIGHT,745000.0,760000.0,8000.021262228517
4697440000,7214807000,arcadia,2020,Leeds,INDUSTRIAL_LIGHT,745000.0,670000.0,4286.525864621578
4714411000,2477100000,arcadia,2020,Harlow,RETAIL_OTHER_SUPERSTORES_AND_WAREHOUSES,214000.0,179000.0,590.4905403520045
4714411000,12329778000,arcadia,2020,Harlow,RETAIL_OTHER_SUPERSTORES_AND_WAREHOUSES,214000.0,173000.0,706.1945990321743
4714411000,13284918000,arcadia,2020,Harlow,RETAIL_OTHER_SUPERSTORES_AND_WAREHOUSES,214000.0,130000.0,706.1945990321743
4725879000,9923983000,homebase,2024,Chelmsford,RETAIL_OTHER_SUPERSTORES_AND_WAREHOUSES,765000.0,880000.0,534.501277625453
4725879000,1573425000,homebase,2024,Chelmsford,RETAIL_OTHER_SUPERSTORES_AND_WAREHOUSES,765000.0,500000.0,1810.9400416097162
4725879000,8994167000,homebase,2024,Chelmsford,RETAIL_OTHER_SUPERSTORES_AND_WAREHOUSES,765000.0,1070000.0,2107.9070886294135
4732685000,195158165,carluccios,2020,Reading,RETAIL_RESTAURANTS_AND_CAFES,42250.0,44000.0,867.827005234668
4732685000,195635165,carluccios,2020,Reading,RETAIL_RESTAURANTS_AND_CAFES,42250.0,40000.0,2954.092959929401
4732685000,15032280000,carluccios,2020,Reading,RETAIL_RESTAURANTS_AND_CAFES,42250.0,39500.0,1173.6027767387254
4745853000,291272186,prezzo,2018,Somerset,RETAIL_RESTAURANTS_AND_CAFES,73000.0,73000.0,241.10305817819446
4745853000,182773186,prezzo,2018,Somerset,RETAIL_RESTAURANTS_AND_CAFES,73000.0,73000.0,157.6380670855039
4745853000,13297319000,prezzo,2018,Somerset,RETAIL_RESTAURANTS_AND_CAFES,73000.0,73000.0,2737.6700504894216
4746500000,448067154,wilko,2023,Spelthorne,RETAIL_OTHER_SUPERSTORES_AND_WAREHOUSES,267500.0,88500.0,6976.091472423473
4746500000,2011479000,wilko,2023,Spelthorne,RETAIL_OTHER_SUPERSTORES_AND_WAREHOUSES,267500.0,79000.0,1287.1573897447852
4746500000,271594154,wilko,2023,Spelthorne,RETAIL_OTHER_SUPERSTORES_AND_WAREHOUSES,267500.0,78500.0,6072.731258096004
4758535000,7231315000,carluccios,2020,Kensington and Chelsea,RETAIL_RESTAURANTS_AND_CAFES,191000.0,192000.0,920.0496083637879
4758535000,12334044000,carluccios,2020,Kensington and Chelsea,RETAIL_RESTAURANTS_AND_CAFES,191000.0,188000.0,848.0298260108294
4758535000,11232340000,carluccios,2020,Kensington and Chelsea,RETAIL_RESTAURANTS_AND_CAFES,191000.0,201000.0,1120.865138924951
4762117000,1624940000,wilko,2023,"Bristol, City of",RETAIL_OTHER_SUPERSTORES_AND_WAREHOUSES,120000.0,121000.0,1417.2990757510604
4762117000,14357641000,wilko,2023,"Bristol, City of",RETAIL_OTHER_SUPERSTORES_AND_WAREHOUSES,120000.0,121000.0,1417.2990757510604
4762117000,503605000,wilko,2023,"Bristol, City of",RETAIL_OTHER_SUPERSTORES_AND_WAREHOUSES,120000.0,118000.0,194.99949389499923
4767681000,9101462000,strada,2018,Southwark,RETAIL_RESTAURANTS_AND_CAFES,127000.0,124000.0,228.31822027538487
4767681000,215327075,strada,2018,Southwark,RETAIL_RESTAURANTS_AND_CAFES,127000.0,130000.0,4407.19401719001
4767681000,11670051000,strada,2018,Southwark,RETAIL_RESTAURANTS_AND_CAFES,127000.0,123000.0,184.4298853062206
4797472000,2754653000,mothercare,2019,Gloucester,RETAIL_OTHER_SUPERSTORES_AND_WAREHOUSES,169000.0,154000.0,2507.9513998257225
4797472000,13169687000,mothercare,2019,Gloucester,RETAIL_OTHER_SUPERSTORES_AND_WAREHOUSES,169000.0,152000.0,237.25866552062524
4797472000,3203971000,mothercare,2019,Gloucester,RETAIL_OTHER_SUPERSTORES_AND_WAREHOUSES,169000.0,150000.0,235.04036024402208
4814430000,88566141,carluccios,2020,Brighton and Hove,RETAIL_RESTAURANTS_AND_CAFES,99500.0,99800.0,526.212901551438
4814430000,9906601000,carluccios,2020,Brighton and Hove,RETAIL_RESTAURANTS_AND_CAFES,99500.0,91500.0,1081.6387608010793
4814430000,192282000,carluccios,2020,Brighton and Hove,RETAIL_RESTAURANTS_AND_CAFES,99500.0,91000.0,4414.414636641886
4814892000,174679237,prezzo,2018,Warwick,RETAIL_RESTAURANTS_AND_CAFES,30250.0,30250.0,4443.997243929757
4814892000,3403401000,prezzo,2018,Warwick,RETAIL_RESTAURANTS_AND_CAFES,30250.0,30000.0,622.6982663417219
4814892000,183858237,prezzo,2018,Warwick,RETAIL_RESTAURANTS_AND_CAFES,30250.0,29750.0,545.1900917344084
4820368000,354958133,body shop,2024,Cheshire West and Chester,INDUSTRIAL_LIGHT,10250.0,10000.0,7662.230607420196
4820368000,254511133,body shop,2024,Cheshire West and Chester,INDUSTRIAL_LIGHT,10250.0,10000.0,6632.892715584584
4820368000,228458132,body shop,2024,Cheshire West and Chester,INDUSTRIAL_LIGHT,10250.0,10500.0,900.7640632051684
4828948000,10356947000,thomas cook,2019,Maidstone,RETAIL_HIGH_STREET,96000.0,38750.0,4122.820554297838
4828948000,183826148,thomas cook,2019,Maidstone,RETAIL_HIGH_STREET,96000.0,38500.0,1491.2323644364346
4828948000,6408546000,thomas cook,2019,Maidstone,RETAIL_HIGH_STREET,96000.0,36000.0,2533.0483348588914
4830805000,10334385000,frankie&bennys,2020,Bradford,RETAIL_RESTAURANTS_AND_CAFES,80500.0,80000.0,217.0093280712942
4830805000,256163241,frankie&bennys,2020,Bradford,RETAIL_RESTAURANTS_AND_CAFES,80500.0,81000.0,2246.0075147088573
4830805000,12105866000,frankie&bennys,2020,Bradford,RETAIL_RESTAURANTS_AND_CAFES,80500.0,79000.0,1799.9204019252343
4835944000,3219389000,wilko,2023,Bradford,RETAIL_OTHER_SUPERSTORES_AND_WAREHOUSES,310000.0,292500.0,728.4369146173681
4835944000,13662394000,wilko,2023,Bradford,RETAIL_OTHER_SUPERSTORES_AND_WAREHOUSES,310000.0,285000.0,531.2773593466782
4835944000,13531858000,wilko,2023,Bradford,RETAIL_OTHER_SUPERSTORES_AND_WAREHOUSES,310000.0,285000.0,2720.6517243645008
4836655000,8301002000,wilko,2023,Charnwood,RETAIL_OTHER_SUPERSTORES_AND_WAREHOUSES,250000.0,262500.0,804.4736797653528
4836655000,226461046,wilko,2023,Charnwood,RETAIL_OTHER_SUPERSTORES_AND_WAREHOUSES,250000.0,216000.0,814.8990192354133
4836655000,8983773000,wilko,2023,Charnwood,RETAIL_OTHER_SUPERSTORES_AND_WAREHOUSES,250000.0,211000.0,5559.049608210308
4838905000,9330594000,arcadia,2020,Manchester,RETAIL_OTHER_SUPERSTORES_AND_WAREHOUSES,1090000.0,960000.0,4371.514466090544
4838905000,14311304000,arcadia,2020,Manchester,RETAIL_OTHER_SUPERSTORES_AND_WAREHOUSES,1090000.0,910000.0,4371.514466090544
4838905000,10540186000,arcadia,2020,Manchester,RETAIL_OTHER_SUPERSTORES_AND_WAREHOUSES,1090000.0,1300000.0,4322.8862631550755
4846512000,10402656000,poundworld,2018,County Durham,RETAIL_OTHER_SUPERSTORES_AND_WAREHOUSES,103000.0,105000.0,5654.388384878048
4846512000,9559646000,poundworld,2018,County Durham,RETAIL_OTHER_SUPERSTORES_AND_WAREHOUSES,103000.0,98000.0,4502.864148798533
4846512000,14948706000,poundworld,2018,County Durham,RETAIL_OTHER_SUPERSTORES_AND_WAREHOUSES,103000.0,98000.0,332.93152812596435
4871829000,11426812000,wilko,2023,Stoke-on-Trent,RETAIL_OTHER_SUPERSTORES_AND_WAREHOUSES,128000.0,128000.0,1604.2220711941648
4871829000,3450521000,wilko,2023,Stoke-on-Trent,RETAIL_OTHER_SUPERSTORES_AND_WAREHOUSES,128000.0,123000.0,1457.9265000443518
4871829000,5782583000,wilko,2023,Stoke-on-Trent,RETAIL_OTHER_SUPERSTORES_AND_WAREHOUSES,128000.0,122000.0,1363.721959945377
4874367000,84714023,homebase,2024,Braintree,RETAIL_OTHER_SUPERSTORES_AND_WAREHOUSES,43750.0,43250.0,785.1861433167259
4874367000,12445060000,homebase,2024,Braintree,RETAIL_OTHER_SUPERSTORES_AND_WAREHOUSES,43750.0,44250.0,2022.6718343312955
4874367000,7792190000,homebase,2024,Braintree,RETAIL_OTHER_SUPERSTORES_AND_WAREHOUSES,43750.0,43000.0,2355.2829233858056
4879962000,8668760000,body shop,2024,Manchester,RETAIL_HIGH_STREET,111000.0,77000.0,2032.8340564473644
4879962000,14973249000,body shop,2024,Manchester,RETAIL_HIGH_STREET,111000.0,76000.0,585.7126730461692
4879962000,3451251000,body shop,2024,Manchester,RETAIL_HIGH_STREET,111000.0,76000.0,160.16551207603806
4893355000,737166072,debenhams,2020,Bromley,RETAIL_OTHER_SUPERSTORES_AND_WAREHOUSES,247000.0,240000.0,2805.2967210623974
4893355000,14015562000,debenhams,2020,Bromley,RETAIL_OTHER_SUPERSTORES_AND_WAREHOUSES,247000.0,262500.0,4453.262993025367
4893355000,736977072,debenhams,2020,Bromley,RETAIL_OTHER_SUPERSTORES_AND_WAREHOUSES,247000.0,224000.0,1580.2623392132734
4893392000,165378072,mothercare,2019,Bromley,RETAIL_OTHER_SUPERSTORES_AND_WAREHOUSES,200000.0,199000.0,2931.8752676284576
4893392000,8320582000,mothercare,2019,Bromley,RETAIL_OTHER_SUPERSTORES_AND_WAREHOUSES,200000.0,203000.0,5103.531912273079
4893392000,4794537000,mothercare,2019,Bromley,RETAIL_OTHER_SUPERSTORES_AND_WAREHOUSES,200000.0,207000.0,191.94695740701061
4897993000,5336912000,prezzo,2018,Somerset,RETAIL_RESTAURANTS_AND_CAFES,40000.0,40000.0,11252.906179754213
4897993000,187600186,prezzo,2018,Somerset,RETAIL_RESTAURANTS_AND_CAFES,40000.0,40000.0,18313.76524404318
4897993000,185722186,prezzo,2018,Somerset,RETAIL_RESTAURANTS_AND_CAFES,40000.0,40000.0,10926.863599095424
4900668000,13894526000,prezzo,2018,Leicester,RETAIL_HIGH_STREET,45250.0,44750.0,165.39839804922644
4900668000,13894527000,prezzo,2018,Leicester,RETAIL_HIGH_STREET,45250.0,44750.0,165.39839804922644
4900668000,194591044,prezzo,2018,Leicester,RETAIL_HIGH_STREET,45250.0,45750.0,192.81754817488948
4920127000,92804212,toys r us,2018,"Bristol, City of",RETAIL_OTHER_SUPERSTORES_AND_WAREHOUSES,525000.0,515000.0,2671.605585265241
4920127000,2598171000,toys r us,2018,"Bristol, City of",RETAIL_OTHER_SUPERSTORES_AND_WAREHOUSES,525000.0,505000.0,1755.318114829307
4920127000,251008212,toys r us,2018,"Bristol, City of",RETAIL_OTHER_SUPERSTORES_AND_WAREHOUSES,525000.0,500000.0,2612.6339570463924
4929049000,14062484000,maplin,2018,Cumberland,RETAIL_OTHER_SUPERSTORES_AND_WAREHOUSES,110000.0,107000.0,4083.351856870207
4929049000,8641131000,maplin,2018,Cumberland,RETAIL_OTHER_SUPERSTORES_AND_WAREHOUSES,110000.0,113000.0,662.4312060199381
4929049000,7267522000,maplin,2018,Cumberland,RETAIL_OTHER_SUPERSTORES_AND_WAREHOUSES,110000.0,106000.0,3383.417106149259
4929081000,8814700000,body shop,2024,Rugby,RETAIL_HIGH_STREET,36750.0,36750.0,2347.544275249738
4929081000,9397856000,body shop,2024,Rugby,RETAIL_HIGH_STREET,36750.0,33750.0,2529.4999219971837
4929081000,8831942000,body shop,2024,Rugby,RETAIL_HIGH_STREET,36750.0,39750.0,788.9092258173763
4933379000,14520446000,homebase,2024,County Durham,RETAIL_OTHER_SUPERSTORES_AND_WAREHOUSES,292500.0,292500.0,2384.0060850888462
4933379000,14728501000,homebase,2024,County Durham,RETAIL_OTHER_SUPERSTORES_AND_WAREHOUSES,292500.0,295000.0,2296.501685852609
4933379000,278392104,homebase,2024,County Durham,RETAIL_OTHER_SUPERSTORES_AND_WAREHOUSES,292500.0,295000.0,664.6792108884571
4944643000,89251186,strada,2018,Somerset,RETAIL_RESTAURANTS_AND_CAFES,13000.0,13000.0,14842.457121829295
4944643000,193538186,strada,2018,Somerset,RETAIL_RESTAURANTS_AND_CAFES,13000.0,13000.0,12710.783725339634
4944643000,52342186,strada,2018,Somerset,RETAIL_RESTAURANTS_AND_CAFES,13000.0,13000.0,12684.510397305155
4985602000,6513041000,arcadia,2020,Charnwood,LEISURE_AMUSEMENT_AND_ENTERTAINMENT_CENTRES,9300.0,9100.0,3462.780602132276
4985602000,2032640000,arcadia,2020,Charnwood,LEISURE_AMUSEMENT_AND_ENTERTAINMENT_CENTRES,9300.0,10000.0,4633.658790351091
4985602000,7347107000,arcadia,2020,Charnwood,LEISURE_AMUSEMENT_AND_ENTERTAINMENT_CENTRES,9300.0,10250.0,8968.280647504476
5001093000,14468598000,thomas cook,2019,Manchester,OFFICE_GENERAL,81500.0,82000.0,225.55796470974573
5001093000,13733115000,thomas cook,2019,Manchester,OFFICE_GENERAL,81500.0,82000.0,167.69436592914363
5001093000,9209915000,thomas cook,2019,Manchester,OFFICE_GENERAL,81500.0,82000.0,232.5989601318619
5002619000,3682651000,byron,2020,Cambridge,RETAIL_RESTAURANTS_AND_CAFES,93500.0,93500.0,1452.4559618500587
5002619000,112325012,byron,2020,Cambridge,RETAIL_RESTAURANTS_AND_CAFES,93500.0,92000.0,320.3551871962757
5002619000,9171517000,byron,2020,Cambridge,RETAIL_RESTAURANTS_AND_CAFES,93500.0,81500.0,1210.8648369976747
5021320000,565346032,prezzo,2018,Lincoln,RETAIL_RESTAURANTS_AND_CAFES,70000.0,71000.0,3360.147373216857
5021320000,1935577000,prezzo,2018,Lincoln,RETAIL_RESTAURANTS_AND_CAFES,70000.0,66000.0,2262.3202490957447
5021320000,7900716000,prezzo,2018,Lincoln,RETAIL_RESTAURANTS_AND_CAFES,70000.0,66000.0,188.06733305435034
5022557000,14992707000,debenhams,2020,Cumberland,RETAIL_OTHER_SUPERSTORES_AND_WAREHOUSES,432500.0,390000.0,2146.3767490998475
5022557000,9330683000,debenhams,2020,Cumberland,RETAIL_OTHER_SUPERSTORES_AND_WAREHOUSES,432500.0,377500.0,171.08750299947505
5022557000,148447124,debenhams,2020,Cumberland,RETAIL_OTHER_SUPERSTORES_AND_WAREHOUSES,432500.0,360000.0,1123.1812982572005
5033711000,1089000,frankie&bennys,2020,South Gloucestershire,RETAIL_RESTAURANTS_AND_CAFES,89500.0,88000.0,4173.237629648421
5033711000,659623000,frankie&bennys,2020,South Gloucestershire,RETAIL_RESTAURANTS_AND_CAFES,89500.0,92500.0,970.8359814693982
5033711000,1045095000,frankie&bennys,2020,South Gloucestershire,RETAIL_RESTAURANTS_AND_CAFES,89500.0,93000.0,490.2086866335529
5056332000,4748694000,chiquito,2020,Dudley,RETAIL_RESTAURANTS_AND_CAFES,68500.0,68900.0,1425.2783301479965
5056332000,203728239,chiquito,2020,Dudley,RETAIL_RESTAURANTS_AND_CAFES,68500.0,70000.0,3502.5248607893354
5056332000,1219641000,chiquito,2020,Dudley,RETAIL_RESTAURANTS_AND_CAFES,68500.0,63250.0,1328.977514032195
5093853000,15054244000,arcadia,2020,Manchester,RETAIL_OTHER_SUPERSTORES_AND_WAREHOUSES,8100.0,8100.0,629.6339837521853
5093853000,3261500000,arcadia,2020,Manchester,RETAIL_OTHER_SUPERSTORES_AND_WAREHOUSES,8100.0,8100.0,594.516561057825
5093853000,15054245000,arcadia,2020,Manchester,RETAIL_OTHER_SUPERSTORES_AND_WAREHOUSES,8100.0,8100.0,629.6339837521853
5096347000,9283964000,mothercare,2019,Plymouth,RETAIL_HIGH_STREET,277500.0,54000.0,293.56543982220273
5096347000,11105368000,mothercare,2019,Plymouth,RETAIL_HIGH_STREET,277500.0,53000.0,3441.161853387688
5096347000,10521835000,mothercare,2019,Plymouth,RETAIL_HIGH_STREET,277500.0,50500.0,1377.0116842632026
5096360000,10023900000,cath kidston,2020,Plymouth,RETAIL_HIGH_STREET,90500.0,49250.0,2973.537937823731
5096360000,7648785000,cath kidston,2020,Plymouth,RETAIL_HIGH_STREET,90500.0,48500.0,177.07608198846205
5096360000,9283965000,cath kidston,2020,Plymouth,RETAIL_HIGH_STREET,90500.0,47500.0,293.56543982220273
5096361000,14057438000,paperchase,2023,Plymouth,RETAIL_HIGH_STREET,143000.0,47500.0,168.01958368762553
5096361000,10701842000,paperchase,2023,Plymouth,RETAIL_HIGH_STREET,143000.0,47000.0,999.9047369901492
5096361000,8821121000,paperchase,2023,Plymouth,RETAIL_HIGH_STREET,143000.0,46750.0,999.9047369901492
5097490000,6386795000,poundworld,2018,Reading,RETAIL_HIGH_STREET,140000.0,44750.0,195.18071565250827
5097490000,197436165,poundworld,2018,Reading,RETAIL_HIGH_STREET,140000.0,44750.0,851.9036302062968
5097490000,11046103000,poundworld,2018,Reading,RETAIL_HIGH_STREET,140000.0,44250.0,195.18071565250827
5100392000,5100392000,arcadia,2020,West Northamptonshire,RETAIL_HIGH_STREET,18000.0,18000.0,12592.610837556895
5100392000,126126045,arcadia,2020,West Northamptonshire,RETAIL_HIGH_STREET,18000.0,18000.0,16084.505933764272
5100392000,10954006000,arcadia,2020,West Northamptonshire,RETAIL_HIGH_STREET,18000.0,18000.0,245.27620603630655
5100461000,9577033000,toys r us,2018,Dudley,RETAIL_OTHER_SUPERSTORES_AND_WAREHOUSES,550000.0,550000.0,4477.373711361731
5100461000,14796226000,toys r us,2018,Dudley,RETAIL_OTHER_SUPERSTORES_AND_WAREHOUSES,550000.0,462500.0,4477.373711361731
5100461000,158926000,toys r us,2018,Dudley,RETAIL_OTHER_SUPERSTORES_AND_WAREHOUSES,550000.0,395000.0,196.01529621676366
5106398000,72825141,arcadia,2020,Brighton and Hove,RETAIL_HIGH_STREET,16750.0,16750.0,2503.2009038217957
5106398000,112563141,arcadia,2020,Brighton and Hove,RETAIL_HIGH_STREET,16750.0,16750.0,794.2696607755249
5106398000,13657566000,arcadia,2020,Brighton and Hove,RETAIL_HIGH_STREET,16750.0,16750.0,2891.2786970945676
5115750000,862181000,maplin,2018,Reading,RETAIL_OTHER_SUPERSTORES_AND_WAREHOUSES,115000.0,124000.0,940.4005657081458
5115750000,12667559000,maplin,2018,Reading,RETAIL_OTHER_SUPERSTORES_AND_WAREHOUSES,115000.0,105000.0,992.3553406306886
5115750000,5115748000,maplin,2018,Reading,RETAIL_OTHER_SUPERSTORES_AND_WAREHOUSES,115000.0,125000.0,977.2156442778369
5116457000,206069000,carluccios,2020,Camden,RETAIL_HIGH_STREET,89500.0,89500.0,882.520260741034
5116457000,11410714000,carluccios,2020,Camden,RETAIL_HIGH_STREET,89500.0,90000.0,948.8466501695796
5116457000,102196063,carluccios,2020,Camden,RETAIL_HIGH_STREET,89500.0,90000.0,472.4466737323502
5128611000,6541907000,poundworld,2018,Dudley,RETAIL_HIGH_STREET,192000.0,29250.0,3502.5248607893354
5128611000,8545060000,poundworld,2018,Dudley,RETAIL_HIGH_STREET,192000.0,28500.0,2213.6789528745253
5128611000,205237239,poundworld,2018,Dudley,RETAIL_HIGH_STREET,192000.0,28250.0,175.76982297953072
5130856000,58851176,arcadia,2020,Southampton,OFFICE_GENERAL,0.0,0.0,1885.0183199383403
5130856000,4259735000,arcadia,2020,Southampton,OFFICE_GENERAL,0.0,0.0,830.4660215225155
5130856000,9105283000,arcadia,2020,Southampton,OFFICE_GENERAL,0.0,0.0,438.0205776016062
5130864000,9105285000,arcadia,2020,Southampton,OFFICE_GENERAL,0.0,0.0,438.0205776016062
5130864000,7962383000,arcadia,2020,Southampton,OFFICE_GENERAL,0.0,0.0,696.7220383777958
5130864000,7200728000,arcadia,2020,Southampton,OFFICE_GENERAL,0.0,0.0,518.6249143771454
5130872000,7200713000,arcadia,2020,Southampton,OFFICE_GENERAL,0.0,0.0,518.6249143771454
5130872000,7483523000,arcadia,2020,Southampton,OFFICE_GENERAL,0.0,0.0,696.7220383777958
5130872000,2718189000,arcadia,2020,Southampton,OFFICE_GENERAL,0.0,0.0,310.46466882540363
5130873000,58850176,arcadia,2020,Southampton,OFFICE_GENERAL,0.0,0.0,1885.0183199383403
5130873000,10471117000,arcadia,2020,Southampton,OFFICE_GENERAL,0.0,0.0,582.6454135280079
5130873000,2897313000,arcadia,2020,Southampton,OFFICE_GENERAL,0.0,0.0,237.69332006184877
5130922000,2104874000,arcadia,2020,Southampton,OFFICE_GENERAL,0.0,0.0,518.6249143771454
5130922000,207648176,arcadia,2020,Southampton,OFFICE_GENERAL,0.0,0.0,498.2395545625198
5130922000,2016980000,arcadia,2020,Southampton,OFFICE_GENERAL,0.0,0.0,518.6249143771454
5130923000,2017030000,arcadia,2020,Southampton,OFFICE_GENERAL,0.0,0.0,518.6249143771454
5130923000,2099156000,arcadia,2020,Southampton,OFFICE_GENERAL,0.0,0.0,518.6249143771454
5130923000,2534593000,arcadia,2020,Southampton,OFFICE_GENERAL,0.0,0.0,726.4250474445467
5130928000,2100888000,arcadia,2020,Southampton,OFFICE_GENERAL,0.0,0.0,518.6249143771454
5130928000,2100889000,arcadia,2020,Southampton,OFFICE_GENERAL,0.0,0.0,518.6249143771454
5130928000,2100897000,arcadia,2020,Southampton,OFFICE_GENERAL,0.0,0.0,518.6249143771454
5130933000,225680000,arcadia,2020,Southampton,OFFICE_GENERAL,0.0,0.0,590.1301847830243
5130933000,1945042000,arcadia,2020,Southampton,OFFICE_GENERAL,0.0,0.0,518.6249143771454
5130933000,527671176,arcadia,2020,Southampton,OFFICE_GENERAL,0.0,0.0,458.5781377080792
5136487000,14837691000,maplin,2018,Camden,RETAIL_HIGH_STREET,155000.0,155000.0,186.19250325707358
5136487000,12119562000,maplin,2018,Camden,RETAIL_HIGH_STREET,155000.0,154000.0,261.2282434455793
5136487000,635566000,maplin,2018,Camden,RETAIL_HIGH_STREET,155000.0,157000.0,206.63673602882338
5145182000,453144045,frankie&bennys,2020,West Northamptonshire,INDUSTRIAL_GENERAL,14000.0,14000.0,12923.742532037748
5145182000,212581045,frankie&bennys,2020,West Northamptonshire,INDUSTRIAL_GENERAL,14000.0,14000.0,155.01895583362838
5145182000,100800045,frankie&bennys,2020,West Northamptonshire,INDUSTRIAL_GENERAL,14000.0,14000.0,28005.192803491227
5153599000,6505458000,maplin,2018,Milton Keynes,RETAIL_OTHER_SUPERSTORES_AND_WAREHOUSES,86000.0,85500.0,745.9368869680584
5153599000,8424991000,maplin,2018,Milton Keynes,RETAIL_OTHER_SUPERSTORES_AND_WAREHOUSES,86000.0,87000.0,816.1447510754679
5153599000,13218357000,maplin,2018,Milton Keynes,RETAIL_OTHER_SUPERSTORES_AND_WAREHOUSES,86000.0,87500.0,745.9368869680584
5156455000,1778356000,wilko,2023,Leeds,RETAIL_OTHER_SUPERSTORES_AND_WAREHOUSES,300000.0,302500.0,1375.0579949339951
5156455000,342674244,wilko,2023,Leeds,RETAIL_OTHER_SUPERSTORES_AND_WAREHOUSES,300000.0,302500.0,3856.4115284276795
5156455000,6755332000,wilko,2023,Leeds,RETAIL_OTHER_SUPERSTORES_AND_WAREHOUSES,300000.0,292500.0,1523.7738695149758
5167970000,12981923000,maplin,2018,Basingstoke and Deane,RETAIL_OTHER_SUPERSTORES_AND_WAREHOUSES,65000.0,64000.0,1865.511409715017
5167970000,8437484000,maplin,2018,Basingstoke and Deane,RETAIL_OTHER_SUPERSTORES_AND_WAREHOUSES,65000.0,69000.0,12193.287449993204
5167970000,1840508000,maplin,2018,Basingstoke and Deane,RETAIL_OTHER_SUPERSTORES_AND_WAREHOUSES,65000.0,72250.0,6169.001281084304
5171508000,455517045,mothercare,2019,West Northamptonshire,RETAIL_OTHER_SUPERSTORES_AND_WAREHOUSES,165000.0,166000.0,276.39407052600177
5171508000,5101254000,mothercare,2019,West Northamptonshire,RETAIL_OTHER_SUPERSTORES_AND_WAREHOUSES,165000.0,170000.0,413.80183881942986
5171508000,129653045,mothercare,2019,West Northamptonshire,RETAIL_OTHER_SUPERSTORES_AND_WAREHOUSES,165000.0,170000.0,16233.817966677161
5191550000,1425153000,toys r us,2018,Watford,RETAIL_OTHER_SUPERSTORES_AND_WAREHOUSES,735000.0,710000.0,566.4118281011922
5191550000,5209175000,toys r us,2018,Watford,RETAIL_OTHER_SUPERSTORES_AND_WAREHOUSES,735000.0,675000.0,515.2991512409461
5191550000,14024636000,toys r us,2018,Watford,RETAIL_OTHER_SUPERSTORES_AND_WAREHOUSES,735000.0,665000.0,293.10797073049844
5202244000,957335000,paperchase,2023,York,RETAIL_HIGH_STREET,78000.0,41750.0,1735.5917743932714
5202244000,8453594000,paperchase,2023,York,RETAIL_HIGH_STREET,78000.0,41500.0,1157.0768490239348
5202244000,10476452000,paperchase,2023,York,RETAIL_HIGH_STREET,78000.0,40750.0,493.8864486135844
5203063000,175364108,paperchase,2023,York,RETAIL_HIGH_STREET,57000.0,40500.0,2577.348411872708
5203063000,163834108,paperchase,2023,York,RETAIL_HIGH_STREET,57000.0,37000.0,3594.3309973084006
5203063000,9338553000,paperchase,2023,York,RETAIL_HIGH_STREET,57000.0,36250.0,799.3321667084189
5203094000,246216108,body shop,2024,York,RETAIL_HIGH_STREET,59000.0,35000.0,2451.83208510767
5203094000,9368478000,body shop,2024,York,RETAIL_HIGH_STREET,59000.0,35000.0,1744.443165910593
5203094000,14312010000,body shop,2024,York,RETAIL_HIGH_STREET,59000.0,34000.0,225.48542051949426
5203098000,8850629000,cath kidston,2020,York,RETAIL_HIGH_STREET,89000.0,32500.0,3279.8887259145527
5203098000,1623755000,cath kidston,2020,York,RETAIL_HIGH_STREET,89000.0,32000.0,615.7013546561317
5203098000,8611367000,cath kidston,2020,York,RETAIL_HIGH_STREET,89000.0,31750.0,347.81382554359175
5203223000,4088222000,ted baker,2024,York,RETAIL_HIGH_STREET,91000.0,31750.0,291.0977189658129
5203223000,10186914000,ted baker,2024,York,RETAIL_HIGH_STREET,91000.0,31500.0,303.1448832831314
5203223000,11241458000,ted baker,2024,York,RETAIL_HIGH_STREET,91000.0,31500.0,303.1448832831314
5203225000,233005108,ted baker,2024,York,RETAIL_HIGH_STREET,44000.0,31500.0,170.49756095894463
5203225000,8850880000,ted baker,2024,York,RETAIL_HIGH_STREET,44000.0,31000.0,1342.5928953937405
5203225000,10790530000,ted baker,2024,York,RETAIL_HIGH_STREET,44000.0,30500.0,201.42696293226786
5211141000,4530404000,chiquito,2020,"Bournemouth, Christchurch and Poole",RETAIL_RESTAURANTS_AND_CAFES,90500.0,90500.0,3550.9555093894473
5211141000,8598996000,chiquito,2020,"Bournemouth, Christchurch and Poole",RETAIL_RESTAURANTS_AND_CAFES,90500.0,90000.0,324.0394199173322
5211141000,10492026000,chiquito,2020,"Bournemouth, Christchurch and Poole",RETAIL_RESTAURANTS_AND_CAFES,90500.0,91250.0,1491.1247133197617
5213608000,7940933000,chiquito,2020,County Durham,RETAIL_RESTAURANTS_AND_CAFES,72000.0,72000.0,7858.52608069279
5213608000,13499261000,chiquito,2020,County Durham,RETAIL_RESTAURANTS_AND_CAFES,72000.0,73000.0,7765.027181202482
5213608000,13051295000,chiquito,2020,County Durham,RETAIL_RESTAURANTS_AND_CAFES,72000.0,73000.0,263.63159610381405
5218512000,7758413000,wilko,2023,Somerset,RETAIL_OTHER_SUPERSTORES_AND_WAREHOUSES,412500.0,392500.0,8983.202991207287
5218512000,14328087000,wilko,2023,Somerset,RETAIL_OTHER_SUPERSTORES_AND_WAREHOUSES,412500.0,387500.0,8179.20495155987
5218512000,12141129000,wilko,2023,Somerset,RETAIL_OTHER_SUPERSTORES_AND_WAREHOUSES,412500.0,442500.0,11721.082905507712
5240513000,2589119000,prezzo,2018,Torbay,RETAIL_RESTAURANTS_AND_CAFES,74000.0,75750.0,2146.4575834175766
5240513000,9823705000,prezzo,2018,Torbay,RETAIL_RESTAURANTS_AND_CAFES,74000.0,76500.0,438.3655586029675
5240513000,212919182,prezzo,2018,Torbay,RETAIL_RESTAURANTS_AND_CAFES,74000.0,78000.0,3928.2539041969635
5264503000,78109105,body shop,2024,North Yorkshire,RETAIL_HIGH_STREET,66500.0,66500.0,38961.79778686177
5264503000,134016105,body shop,2024,North Yorkshire,RETAIL_HIGH_STREET,66500.0,66000.0,15976.719048040059
5264503000,1821226000,body shop,2024,North Yorkshire,RETAIL_HIGH_STREET,66500.0,67000.0,43974.6245739795
5282587000,2288557000,body shop,2024,Bromley,INDUSTRIAL_GENERAL,101000.0,101000.0,444.35136563925687
5282587000,13214549000,body shop,2024,Bromley,INDUSTRIAL_GENERAL,101000.0,100000.0,7394.457304029982
5282587000,7287964000,body shop,2024,Bromley,INDUSTRIAL_GENERAL,101000.0,103000.0,7822.527747718819
5293115000,7430237000,poundworld,2018,Darlington,RETAIL_OTHER_SUPERSTORES_AND_WAREHOUSES,45250.0,47000.0,1688.8242911799302
5293115000,546138104,poundworld,2018,Darlington,RETAIL_OTHER_SUPERSTORES_AND_WAREHOUSES,45250.0,48500.0,1410.0869874283605
5293115000,720961000,poundworld,2018,Darlington,RETAIL_OTHER_SUPERSTORES_AND_WAREHOUSES,45250.0,49000.0,588.9932607703265
5298849000,586766000,frankie&bennys,2020,Crawley,RETAIL_RESTAURANTS_AND_CAFES,105000.0,105000.0,2510.1838117621965
5298849000,14950210000,frankie&bennys,2020,Crawley,RETAIL_RESTAURANTS_AND_CAFES,105000.0,102000.0,2084.654761427534
5298849000,361195141,frankie&bennys,2020,Crawley,RETAIL_RESTAURANTS_AND_CAFES,105000.0,110000.0,2417.3245902067233
5309251000,151023234,body shop,2024,Telford and Wrekin,RETAIL_HIGH_STREET,89000.0,32750.0,1936.4349616624688
5309251000,161618234,body shop,2024,Telford and Wrekin,RETAIL_HIGH_STREET,89000.0,32000.0,1926.433168292177
5309251000,15065033000,body shop,2024,Telford and Wrekin,RETAIL_HIGH_STREET,89000.0,31000.0,2028.962993018704
5310634000,246525141,thomas cook,2019,Crawley,INDUSTRIAL_GENERAL,15500.0,15500.0,1714.8824202792757
5310634000,5801221000,thomas cook,2019,Crawley,INDUSTRIAL_GENERAL,15500.0,15500.0,1802.9302550742882
5310634000,166544141,thomas cook,2019,Crawley,INDUSTRIAL_GENERAL,15500.0,15500.0,2972.36238716795
5341906000,184186172,body shop,2024,"Bournemouth, Christchurch and Poole",INDUSTRIAL_GENERAL,10500.0,10500.0,890.2616525694247
5341906000,5329647000,body shop,2024,"Bournemouth, Christchurch and Poole",INDUSTRIAL_GENERAL,10500.0,10500.0,2134.0544706110413
5341906000,13033941000,body shop,2024,"Bournemouth, Christchurch and Poole",INDUSTRIAL_GENERAL,10500.0,10500.0,890.2616525694247
5357109000,218025211,frankie&bennys,2020,South Gloucestershire,RETAIL_HIGH_STREET,1225.0,1250.0,3237.3425760217815
5357109000,156400211,frankie&bennys,2020,South Gloucestershire,RETAIL_HIGH_STREET,1225.0,1250.0,3578.473458010629
5357109000,10142991000,frankie&bennys,2020,South Gloucestershire,RETAIL_HIGH_STREET,1225.0,1250.0,2250.8353797533164
5364676000,9841963000,arcadia,2020,West Northamptonshire,RETAIL_HIGH_STREET,107000.0,52000.0,2355.4599166793764
5364676000,2636010000,arcadia,2020,West Northamptonshire,RETAIL_HIGH_STREET,107000.0,51000.0,16084.505933764272
5364676000,13046118000,arcadia,2020,West Northamptonshire,RETAIL_HIGH_STREET,107000.0,50500.0,1238.6671247339414
5390810000,5446569000,toys r us,2018,"Bournemouth, Christchurch and Poole",RETAIL_OTHER_SUPERSTORES_AND_WAREHOUSES,430000.0,445000.0,2384.232762596479
5390810000,13599849000,toys r us,2018,"Bournemouth, Christchurch and Poole",RETAIL_OTHER_SUPERSTORES_AND_WAREHOUSES,430000.0,457500.0,2751.5951737746723
5390810000,8500894000,toys r us,2018,"Bournemouth, Christchurch and Poole",RETAIL_OTHER_SUPERSTORES_AND_WAREHOUSES,430000.0,390000.0,2182.6028430271913
5391966000,9402148000,arcadia,2020,Norwich,RETAIL_OTHER_SUPERSTORES_AND_WAREHOUSES,347500.0,347500.0,505.10436202969163
5391966000,14349167000,arcadia,2020,Norwich,RETAIL_OTHER_SUPERSTORES_AND_WAREHOUSES,347500.0,327500.0,1142.3163550155086
5391966000,8831390000,arcadia,2020,Norwich,RETAIL_OTHER_SUPERSTORES_AND_WAREHOUSES,347500.0,320000.0,155.84392160466808
5408000000,13817172000,prezzo,2018,Buckinghamshire,RETAIL_RESTAURANTS_AND_CAFES,39750.0,39750.0,6255.166936750796
5408000000,11357260000,prezzo,2018,Buckinghamshire,RETAIL_RESTAURANTS_AND_CAFES,39750.0,39750.0,6255.166936750796
5408000000,546918162,prezzo,2018,Buckinghamshire,RETAIL_RESTAURANTS_AND_CAFES,39750.0,40000.0,10491.269680201476
5432241000,2318486000,wilko,2023,Lincoln,RETAIL_OTHER_SUPERSTORES_AND_WAREHOUSES,265000.0,262500.0,2253.6932164389036
5432241000,8603047000,wilko,2023,Lincoln,RETAIL_OTHER_SUPERSTORES_AND_WAREHOUSES,265000.0,275000.0,2421.6234267305135
5432241000,4087086000,wilko,2023,Lincoln,RETAIL_OTHER_SUPERSTORES_AND_WAREHOUSES,265000.0,275000.0,4773.59563631971
5444353000,11836865000,maplin,2018,Maidstone,RETAIL_HIGH_STREET,87000.0,35750.0,12598.684205063038
5444353000,8833960000,maplin,2018,Maidstone,RETAIL_HIGH_STREET,87000.0,35500.0,2533.0483348588914
5444353000,181056148,maplin,2018,Maidstone,RETAIL_HIGH_STREET,87000.0,34000.0,2029.7923746968017
5445363000,67204000,homebase,2024,Dartford,RETAIL_OTHER_SUPERSTORES_AND_WAREHOUSES,490000.0,432500.0,185.211266973688
5445363000,390100147,homebase,2024,Dartford,RETAIL_OTHER_SUPERSTORES_AND_WAREHOUSES,490000.0,385000.0,5053.980198808733
5445363000,12438960000,homebase,2024,Dartford,RETAIL_OTHER_SUPERSTORES_AND_WAREHOUSES,490000.0,810000.0,2118.3909905561572
5467051000,14393831000,maplin,2018,Guildford,RETAIL_HIGH_STREET,69500.0,41250.0,8812.512780662415
5467051000,9897732000,maplin,2018,Guildford,RETAIL_HIGH_STREET,69500.0,40750.0,2193.9426223632486
5467051000,6810665000,maplin,2018,Guildford,RETAIL_HIGH_STREET,69500.0,39750.0,150.04251723796182
5473967000,15032853000,homebase,2024,Buckinghamshire,RETAIL_HIGH_STREET,58500.0,59000.0,292.49240094463386
5473967000,11947532000,homebase,2024,Buckinghamshire,RETAIL_HIGH_STREET,58500.0,59000.0,7730.350594042644
5473967000,413962162,homebase,2024,Buckinghamshire,RETAIL_HIGH_STREET,58500.0,60000.0,292.49240094463386
5475236000,183929172,homebase,2024,"Bournemouth, Christchurch and Poole",RETAIL_OTHER_SUPERSTORES_AND_WAREHOUSES,685000.0,975000.0,252.47585661149208
5475236000,320714172,homebase,2024,"Bournemouth, Christchurch and Poole",RETAIL_OTHER_SUPERSTORES_AND_WAREHOUSES,685000.0,387500.0,1904.850154181355
5475236000,320737172,homebase,2024,"Bournemouth, Christchurch and Poole",RETAIL_OTHER_SUPERSTORES_AND_WAREHOUSES,685000.0,385000.0,1904.850154181355
5475695000,14481385000,prezzo,2018,Canterbury,RETAIL_RESTAURANTS_AND_CAFES,146000.0,125000.0,763.42333423276
5475695000,9487369000,prezzo,2018,Canterbury,RETAIL_RESTAURANTS_AND_CAFES,146000.0,125000.0,8944.740980078866
5475695000,532540145,prezzo,2018,Canterbury,RETAIL_RESTAURANTS_AND_CAFES,146000.0,96500.0,1413.5334221373607
5482382000,14711025000,prezzo,2018,West Northamptonshire,OTHER_PUBLIC,2500.0,2500.0,13354.13848367189
5482382000,214998045,prezzo,2018,West Northamptonshire,OTHER_PUBLIC,2500.0,2500.0,12809.17384043491
5482382000,5482354000,prezzo,2018,West Northamptonshire,OTHER_PUBLIC,2500.0,2500.0,203.82002402471744
5492268000,10590104000,arcadia,2020,Leeds,RETAIL_HIGH_STREET,895000.0,79500.0,187.71774209036408
5492268000,10565654000,arcadia,2020,Leeds,RETAIL_HIGH_STREET,895000.0,79000.0,187.71774209036408
5492268000,14538900000,arcadia,2020,Leeds,RETAIL_HIGH_STREET,895000.0,78500.0,13590.484813625406
5498877000,10780336000,arcadia,2020,Cheshire West and Chester,RETAIL_OTHER_SUPERSTORES_AND_WAREHOUSES,250000.0,247000.0,243.623246850175
5498877000,8198353000,arcadia,2020,Cheshire West and Chester,RETAIL_OTHER_SUPERSTORES_AND_WAREHOUSES,250000.0,255000.0,1442.7549299675431
5498877000,14460266000,arcadia,2020,Cheshire West and Chester,RETAIL_OTHER_SUPERSTORES_AND_WAREHOUSES,250000.0,240000.0,1464.988379692223
5536571000,818250022,prezzo,2018,Chelmsford,RETAIL_RESTAURANTS_AND_CAFES,79000.0,79000.0,3101.902640161672
5536571000,13986903000,prezzo,2018,Chelmsford,RETAIL_RESTAURANTS_AND_CAFES,79000.0,80500.0,10094.999787437215
5536571000,10740151000,prezzo,2018,Chelmsford,RETAIL_RESTAURANTS_AND_CAFES,79000.0,80500.0,239.89906722265897
5544425000,8181340000,maplin,2018,Eastbourne,RETAIL_OTHER_SUPERSTORES_AND_WAREHOUSES,55000.0,64500.0,1439.3450728205232
5544425000,3852650000,maplin,2018,Eastbourne,RETAIL_OTHER_SUPERSTORES_AND_WAREHOUSES,55000.0,44750.0,514.3715843638073
5544425000,50111144,maplin,2018,Eastbourne,RETAIL_OTHER_SUPERSTORES_AND_WAREHOUSES,55000.0,66500.0,386.6171947944898
5561060000,774910022,strada,2018,Thurrock,RETAIL_RESTAURANTS_AND_CAFES,85000.0,85500.0,7712.884937981808
5561060000,769454022,strada,2018,Thurrock,RETAIL_RESTAURANTS_AND_CAFES,85000.0,82000.0,8261.87085901821
5561060000,8160748000,strada,2018,Thurrock,RETAIL_RESTAURANTS_AND_CAFES,85000.0,79000.0,245.21353583013703
5561077000,875566022,prezzo,2018,Thurrock,RETAIL_RESTAURANTS_AND_CAFES,113000.0,67500.0,1595.093365783959
5561077000,810451022,prezzo,2018,Thurrock,RETAIL_RESTAURANTS_AND_CAFES,113000.0,67000.0,2145.7764381364755
5561077000,250669000,prezzo,2018,Thurrock,RETAIL_RESTAURANTS_AND_CAFES,113000.0,59500.0,1479.2718076094432
5563471000,8273688000,chiquito,2020,West Northamptonshire,OTHER_PUBLIC,87500.0,87500.0,12173.19260007337
5563471000,211510045,chiquito,2020,West Northamptonshire,OTHER_PUBLIC,87500.0,89000.0,11870.319602498714
5563471000,11695201000,chiquito,2020,West Northamptonshire,OTHER_PUBLIC,87500.0,89000.0,15686.654715934661
5568340000,5272763000,arcadia,2020,City of London,OFFICE_GENERAL,101000.0,101000.0,187.74364126805477
5568340000,10624230000,arcadia,2020,City of London,OFFICE_GENERAL,101000.0,101000.0,179.85970686485857
5568340000,15083408000,arcadia,2020,City of London,OFFICE_GENERAL,101000.0,101000.0,223.06158045279324
5574106000,9290036,maplin,2018,Norwich,RETAIL_OTHER_SUPERSTORES_AND_WAREHOUSES,78000.0,79000.0,2903.876356405612
5574106000,9942726000,maplin,2018,Norwich,RETAIL_OTHER_SUPERSTORES_AND_WAREHOUSES,78000.0,72500.0,4147.911194492119
5574106000,617834036,maplin,2018,Norwich,RETAIL_OTHER_SUPERSTORES_AND_WAREHOUSES,78000.0,84000.0,371.23403197201725
5574969000,195493212,thomas cook,2019,"Bristol, City of",RETAIL_HIGH_STREET,14500.0,14500.0,4162.97939503861
5574969000,155449212,thomas cook,2019,"Bristol, City of",RETAIL_HIGH_STREET,14500.0,14500.0,739.036606153732
5574969000,7706235000,thomas cook,2019,"Bristol, City of",RETAIL_HIGH_STREET,14500.0,14500.0,7587.828437401727
5578969000,13753300000,arcadia,2020,Derby,OFFICE_GENERAL,2600.0,2600.0,2402.346135873893
5578969000,216738042,arcadia,2020,Derby,OFFICE_GENERAL,2600.0,2600.0,3100.5196005744892
5578969000,832091000,arcadia,2020,Derby,OFFICE_GENERAL,2600.0,2600.0,656.1221685004464
5584067000,8917768000,frankie&bennys,2020,Stoke-on-Trent,RETAIL_RESTAURANTS_AND_CAFES,126000.0,126000.0,426.0224377610146
5584067000,9220839000,frankie&bennys,2020,Stoke-on-Trent,RETAIL_RESTAURANTS_AND_CAFES,126000.0,126000.0,465.49709379657077
5584067000,717877000,frankie&bennys,2020,Stoke-on-Trent,RETAIL_RESTAURANTS_AND_CAFES,126000.0,113000.0,1231.4099807189014
5597999000,11243038000,wilko,2023,Peterborough,RETAIL_OTHER_SUPERSTORES_AND_WAREHOUSES,302500.0,300000.0,2619.585815625732
5597999000,13369176000,wilko,2023,Peterborough,RETAIL_OTHER_SUPERSTORES_AND_WAREHOUSES,302500.0,300000.0,3374.322439121687
5597999000,2468253000,wilko,2023,Peterborough,RETAIL_OTHER_SUPERSTORES_AND_WAREHOUSES,302500.0,307500.0,1504.131150928365
5606832000,9150444000,wilko,2023,North Yorkshire,RETAIL_OTHER_SUPERSTORES_AND_WAREHOUSES,184000.0,184000.0,25052.63021709107
5606832000,2239880000,wilko,2023,North Yorkshire,RETAIL_OTHER_SUPERSTORES_AND_WAREHOUSES,184000.0,184500.0,2034.151693497522
5606832000,4857025000,wilko,2023,North Yorkshire,RETAIL_OTHER_SUPERSTORES_AND_WAREHOUSES,184000.0,183000.0,55203.68186134433
5632910000,1713443000,frankie&bennys,2020,East Staffordshire,RETAIL_RESTAURANTS_AND_CAFES,66500.0,68000.0,1209.3761679712143
5632910000,262650232,frankie&bennys,2020,East Staffordshire,RETAIL_RESTAURANTS_AND_CAFES,66500.0,64000.0,1429.7357835230573
5632910000,84218000,frankie&bennys,2020,East Staffordshire,RETAIL_RESTAURANTS_AND_CAFES,66500.0,69000.0,19783.708712173306
5634875000,1298582000,mothercare,2019,Watford,RETAIL_OTHER_SUPERSTORES_AND_WAREHOUSES,520000.0,515000.0,566.4118281011922
5634875000,2785859000,mothercare,2019,Watford,RETAIL_OTHER_SUPERSTORES_AND_WAREHOUSES,520000.0,530000.0,274.59919992478564
5634875000,11501761000,mothercare,2019,Watford,RETAIL_OTHER_SUPERSTORES_AND_WAREHOUSES,520000.0,530000.0,274.59919992478564
5665603000,14152204000,bhs,2016,Lincoln,RETAIL_OTHER_SUPERSTORES_AND_WAREHOUSES,362500.0,315000.0,3360.147373216857
5665603000,3859306000,bhs,2016,Lincoln,RETAIL_OTHER_SUPERSTORES_AND_WAREHOUSES,362500.0,295000.0,737.4524557558572
5665603000,23762032,bhs,2016,Lincoln,RETAIL_OTHER_SUPERSTORES_AND_WAREHOUSES,362500.0,238000.0,2262.3202490957447
5665604000,3914346000,maplin,2018,Lincoln,RETAIL_OTHER_SUPERSTORES_AND_WAREHOUSES,82500.0,86000.0,2305.50818487103
5665604000,9008770000,maplin,2018,Lincoln,RETAIL_OTHER_SUPERSTORES_AND_WAREHOUSES,82500.0,78500.0,2784.9610754477408
5665604000,590496032,maplin,2018,Lincoln,RETAIL_OTHER_SUPERSTORES_AND_WAREHOUSES,82500.0,78000.0,1985.1159390484772
5682769000,11634671000,mothercare,2019,Cardiff,RETAIL_OTHER_SUPERSTORES_AND_WAREHOUSES,325000.0,325000.0,1473.1872522662272
5682769000,220774192,mothercare,2019,Cardiff,RETAIL_OTHER_SUPERSTORES_AND_WAREHOUSES,325000.0,320000.0,264.35950943945875
5682769000,5255690000,mothercare,2019,Cardiff,RETAIL_OTHER_SUPERSTORES_AND_WAREHOUSES,325000.0,330000.0,4426.2883727985645
5686010000,6288914000,maplin,2018,Cardiff,RETAIL_OTHER_SUPERSTORES_AND_WAREHOUSES,116000.0,116000.0,2839.188983573912
5686010000,14004847000,maplin,2018,Cardiff,RETAIL_OTHER_SUPERSTORES_AND_WAREHOUSES,116000.0,116000.0,1982.5122061290326
5686010000,5983305000,maplin,2018,Cardiff,RETAIL_OTHER_SUPERSTORES_AND_WAREHOUSES,116000.0,117000.0,2839.188983573912
5693254000,6694262000,maplin,2018,Thanet,RETAIL_OTHER_SUPERSTORES_AND_WAREHOUSES,72500.0,69000.0,3016.1810292673963
5693254000,371510145,maplin,2018,Thanet,RETAIL_OTHER_SUPERSTORES_AND_WAREHOUSES,72500.0,68000.0,3080.740898626087
5693254000,1191905000,maplin,2018,Thanet,RETAIL_OTHER_SUPERSTORES_AND_WAREHOUSES,72500.0,80000.0,461.16631543380396
5700038000,2907276000,carluccios,2020,Tower Hamlets,RETAIL_RESTAURANTS_AND_CAFES,105000.0,104000.0,2612.7589923843343
5700038000,181872058,carluccios,2020,Tower Hamlets,RETAIL_RESTAURANTS_AND_CAFES,105000.0,104000.0,1549.374480186063
5700038000,13876122000,carluccios,2020,Tower Hamlets,RETAIL_RESTAURANTS_AND_CAFES,105000.0,106000.0,3542.257385480616
5703491000,14513895000,homebase,2024,North Northamptonshire,WAREHOUSING_LARGE_SCALE_AND_HIGH_BAY,1350000.0,1340000.0,2387.7964327408317
5703491000,10207602000,homebase,2024,North Northamptonshire,WAREHOUSING_LARGE_SCALE_AND_HIGH_BAY,1350000.0,1340000.0,3003.626494556259
5703491000,15051698000,homebase,2024,North Northamptonshire,WAREHOUSING_LARGE_SCALE_AND_HIGH_BAY,1350000.0,1440000.0,1153.6915259214898
5713252000,383643148,toys r us,2018,Tunbridge Wells,RETAIL_OTHER_SUPERSTORES_AND_WAREHOUSES,655000.0,665000.0,3405.047634567635
5713252000,10454622000,toys r us,2018,Tunbridge Wells,RETAIL_OTHER_SUPERSTORES_AND_WAREHOUSES,655000.0,585000.0,2807.474005775105
5713252000,10258274000,toys r us,2018,Tunbridge Wells,RETAIL_OTHER_SUPERSTORES_AND_WAREHOUSES,655000.0,580000.0,3117.693030063312
5716452000,3737659000,cafe rouge,2020,Milton Keynes,RETAIL_RESTAURANTS_AND_CAFES,69000.0,69250.0,180.99889066315646
5716452000,569492162,cafe rouge,2020,Milton Keynes,RETAIL_RESTAURANTS_AND_CAFES,69000.0,68500.0,248.30735423214256
5716452000,13620849000,cafe rouge,2020,Milton Keynes,RETAIL_RESTAURANTS_AND_CAFES,69000.0,71000.0,1759.5114422997444
5721837000,8794551000,arcadia,2020,Cardiff,RETAIL_OTHER_SUPERSTORES_AND_WAREHOUSES,930000.0,1030000.0,3872.232726001823
5721837000,14783986000,arcadia,2020,Cardiff,RETAIL_OTHER_SUPERSTORES_AND_WAREHOUSES,930000.0,1040000.0,2051.185518465105
5721837000,9256702000,arcadia,2020,Cardiff,RETAIL_OTHER_SUPERSTORES_AND_WAREHOUSES,930000.0,1040000.0,1271.210597420393
5745585000,13884201000,cath kidston,2020,Brighton and Hove,RETAIL_HIGH_STREET,84000.0,78500.0,353.8441519927439
5745585000,8786736000,cath kidston,2020,Brighton and Hove,RETAIL_HIGH_STREET,84000.0,78500.0,1543.399766220585
5745585000,8785727000,cath kidston,2020,Brighton and Hove,RETAIL_HIGH_STREET,84000.0,77500.0,3258.831016975224
5748054000,5122042000,prezzo,2018,Cheshire West and Chester,RETAIL_RESTAURANTS_AND_CAFES,82500.0,84500.0,2562.256388844801
5748054000,1768681000,prezzo,2018,Cheshire West and Chester,RETAIL_RESTAURANTS_AND_CAFES,82500.0,84750.0,2232.5485191035255
5748054000,44312132,prezzo,2018,Cheshire West and Chester,RETAIL_RESTAURANTS_AND_CAFES,82500.0,80000.0,5299.780791075692
5758464000,216195042,prezzo,2018,Derby,RETAIL_RESTAURANTS_AND_CAFES,29250.0,29250.0,223.27812558904677
5758464000,238898042,prezzo,2018,Derby,RETAIL_RESTAURANTS_AND_CAFES,29250.0,29000.0,200.49331048773004
5758464000,473314042,prezzo,2018,Derby,RETAIL_RESTAURANTS_AND_CAFES,29250.0,28500.0,336.1275995465212
5776970000,5621741000,homebase,2024,Bradford,RETAIL_OTHER_SUPERSTORES_AND_WAREHOUSES,265000.0,275000.0,1940.935109766949
5776970000,2320968000,homebase,2024,Bradford,RETAIL_OTHER_SUPERSTORES_AND_WAREHOUSES,265000.0,252500.0,186.70326467540315
5776970000,11899664000,homebase,2024,Bradford,RETAIL_OTHER_SUPERSTORES_AND_WAREHOUSES,265000.0,277500.0,2822.040351541687
5779550000,8177409000,frankie&bennys,2020,Thanet,RETAIL_RESTAURANTS_AND_CAFES,89500.0,96500.0,5206.482050428964
5779550000,7377866000,frankie&bennys,2020,Thanet,RETAIL_RESTAURANTS_AND_CAFES,89500.0,75000.0,226.7883589548338
5779550000,14172575000,frankie&bennys,2020,Thanet,RETAIL_RESTAURANTS_AND_CAFES,89500.0,72500.0,1660.2163872548135
5779566000,312249145,chiquito,2020,Thanet,RETAIL_RESTAURANTS_AND_CAFES,88000.0,71000.0,3915.3837258232197
5779566000,8703034000,chiquito,2020,Thanet,RETAIL_RESTAURANTS_AND_CAFES,88000.0,70000.0,3175.488419574153
5779566000,530717145,chiquito,2020,Thanet,RETAIL_RESTAURANTS_AND_CAFES,88000.0,116000.0,267.51669313594704
5781335000,55275104,wilko,2023,County Durham,RETAIL_HIGH_STREET,130000.0,88500.0,5753.113578896516
5781335000,142169104,wilko,2023,County Durham,RETAIL_HIGH_STREET,130000.0,86000.0,5619.982453960152
5781335000,8790847000,wilko,2023,County Durham,RETAIL_HIGH_STREET,130000.0,62000.0,1347.928018880749
5797376000,189366022,maplin,2018,Harlow,RETAIL_OTHER_SUPERSTORES_AND_WAREHOUSES,108000.0,113000.0,244.9542605870655
5797376000,1505533000,maplin,2018,Harlow,RETAIL_OTHER_SUPERSTORES_AND_WAREHOUSES,108000.0,113000.0,847.7088275365444
5797376000,899046022,maplin,2018,Harlow,RETAIL_OTHER_SUPERSTORES_AND_WAREHOUSES,108000.0,100000.0,244.9542605870655
5809657000,382138000,carluccios,2020,Manchester,RETAIL_RESTAURANTS_AND_CAFES,60000.0,60000.0,4678.870387654195
5809657000,6748313000,carluccios,2020,Manchester,RETAIL_RESTAURANTS_AND_CAFES,60000.0,60000.0,4336.36533504511
5809657000,7340031000,carluccios,2020,Manchester,RETAIL_RESTAURANTS_AND_CAFES,60000.0,59500.0,4678.870387654195
5812943000,7681933000,homebase,2024,South Oxfordshire,RETAIL_HIGH_STREET,5700.0,5700.0,13976.004963849375
5812943000,7089069000,homebase,2024,South Oxfordshire,RETAIL_HIGH_STREET,5700.0,5700.0,11747.33172400153
5812943000,180427163,homebase,2024,South Oxfordshire,RETAIL_HIGH_STREET,5700.0,5700.0,23697.724918942382
5827267000,8421726000,arcadia,2020,North Northamptonshire,RETAIL_HIGH_STREET,144000.0,143000.0,744.0972845287271
5827267000,11074526000,arcadia,2020,North Northamptonshire,RETAIL_HIGH_STREET,144000.0,148000.0,1852.1563420391863
5827267000,12223549000,arcadia,2020,North Northamptonshire,RETAIL_HIGH_STREET,144000.0,154000.0,2073.7741397690133
5831085000,33201178,arcadia,2020,Isle of Wight,LEISURE_AMUSEMENT_AND_ENTERTAINMENT_CENTRES,21250.0,21000.0,9742.411759081222
5831085000,78909178,arcadia,2020,Isle of Wight,LEISURE_AMUSEMENT_AND_ENTERTAINMENT_CENTRES,21250.0,20000.0,9915.976804036045
5831085000,17211178,arcadia,2020,Isle of Wight,LEISURE_AMUSEMENT_AND_ENTERTAINMENT_CENTRES,21250.0,19750.0,1725.6312340502914
5836682000,14206296000,debenhams,2020,Derby,RETAIL_OTHER_SUPERSTORES_AND_WAREHOUSES,815000.0,775000.0,494.08843526996327
5836682000,9745645000,debenhams,2020,Derby,RETAIL_OTHER_SUPERSTORES_AND_WAREHOUSES,815000.0,770000.0,4511.797699416143
5836682000,6452219000,debenhams,2020,Derby,RETAIL_OTHER_SUPERSTORES_AND_WAREHOUSES,815000.0,1200000.0,2543.194599373972
5862750000,93099162,body shop,2024,Buckinghamshire,RETAIL_HIGH_STREET,55000.0,55000.0,7739.570965060601
5862750000,345820162,body shop,2024,Buckinghamshire,RETAIL_HIGH_STREET,55000.0,54500.0,14029.808607083462
5862750000,8961014000,body shop,2024,Buckinghamshire,RETAIL_HIGH_STREET,55000.0,55500.0,1882.3841636626453
5862795000,9085922000,toys r us,2018,Buckinghamshire,RETAIL_HIGH_STREET,193000.0,145000.0,722.3190453288589
5862795000,212905017,toys r us,2018,Buckinghamshire,RETAIL_HIGH_STREET,193000.0,250000.0,14161.465167682554
5862795000,557217162,toys r us,2018,Buckinghamshire,RETAIL_HIGH_STREET,193000.0,105000.0,198.8288082173764
5862874000,14761192000,frankie&bennys,2020,Buckinghamshire,RETAIL_RESTAURANTS_AND_CAFES,84500.0,85000.0,6869.697430641745
5862874000,83599162,frankie&bennys,2020,Buckinghamshire,RETAIL_RESTAURANTS_AND_CAFES,84500.0,83500.0,12158.643297926561
5862874000,591426162,frankie&bennys,2020,Buckinghamshire,RETAIL_RESTAURANTS_AND_CAFES,84500.0,85500.0,539.1706688372835
5874948000,11407960000,thomas cook,2019,Braintree,RETAIL_HIGH_STREET,23000.0,23000.0,193.62107481910863
5874948000,8905041000,thomas cook,2019,Braintree,RETAIL_HIGH_STREET,23000.0,22750.0,1124.4796774911497
5874948000,10907566000,thomas cook,2019,Braintree,RETAIL_HIGH_STREET,23000.0,22250.0,3809.156256647984
5882343000,9784361000,poundworld,2018,Preston,RETAIL_HIGH_STREET,138000.0,56000.0,3383.726399153148
5882343000,12581807000,poundworld,2018,Preston,RETAIL_HIGH_STREET,138000.0,51000.0,725.678474656431
5882343000,1201072000,poundworld,2018,Preston,RETAIL_HIGH_STREET,138000.0,50500.0,151.71684680985518
5895009000,8385496000,body shop,2024,North Northamptonshire,RETAIL_HIGH_STREET,37000.0,36750.0,221.9256714645014
5895009000,4286844000,body shop,2024,North Northamptonshire,RETAIL_HIGH_STREET,37000.0,36000.0,17579.14135935141
5895009000,846159000,body shop,2024,North Northamptonshire,RETAIL_HIGH_STREET,37000.0,35500.0,3720.573580257603
5899955000,7836335000,frankie&bennys,2020,Cardiff,RETAIL_RESTAURANTS_AND_CAFES,69500.0,69600.0,1416.2281306403056
5899955000,161725192,frankie&bennys,2020,Cardiff,RETAIL_RESTAURANTS_AND_CAFES,69500.0,69250.0,1967.9993511725477
5899955000,1302966000,frankie&bennys,2020,Cardiff,RETAIL_RESTAURANTS_AND_CAFES,69500.0,69000.0,258.12987413582107
5903205000,1689173000,wilko,2023,Birmingham,RETAIL_HIGH_STREET,51500.0,51500.0,2456.9734909401013
5903205000,8790369000,wilko,2023,Birmingham,RETAIL_HIGH_STREET,51500.0,51000.0,258.99440133971063
5903205000,14361692000,wilko,2023,Birmingham,RETAIL_HIGH_STREET,51500.0,51000.0,2362.3211273660895
5911292000,1454904000,maplin,2018,Cannock Chase,RETAIL_OTHER_SUPERSTORES_AND_WAREHOUSES,58500.0,58500.0,1032.8528497326986
5911292000,5911296000,maplin,2018,Cannock Chase,RETAIL_OTHER_SUPERSTORES_AND_WAREHOUSES,58500.0,59500.0,1698.863287573635
5911292000,189800226,maplin,2018,Cannock Chase,RETAIL_OTHER_SUPERSTORES_AND_WAREHOUSES,58500.0,56500.0,1660.4450990080054
5928285000,306123172,bhs,2016,"Bournemouth, Christchurch and Poole",RETAIL_OTHER_SUPERSTORES_AND_WAREHOUSES,375000.0,372500.0,2384.232762596479
5928285000,10660787000,bhs,2016,"Bournemouth, Christchurch and Poole",RETAIL_OTHER_SUPERSTORES_AND_WAREHOUSES,375000.0,377500.0,2033.564494901725
5928285000,320754172,bhs,2016,"Bournemouth, Christchurch and Poole",RETAIL_OTHER_SUPERSTORES_AND_WAREHOUSES,375000.0,360000.0,2149.4076875239466
5945956000,2910986000,paperchase,2023,Camden,RETAIL_HIGH_STREET,57000.0,57000.0,170.31172656823472
5945956000,7086540000,paperchase,2023,Camden,RETAIL_HIGH_STREET,57000.0,57000.0,196.1041840763893
5945956000,14655063,paperchase,2023,Camden,RETAIL_HIGH_STREET,57000.0,57000.0,179.82163152831154
5963883000,734505104,arcadia,2020,County Durham,RETAIL_HIGH_STREET,3200.0,3200.0,9041.413627894875
5963883000,186668104,arcadia,2020,County Durham,RETAIL_HIGH_STREET,3200.0,3200.0,7306.646159783897
5963883000,5142474000,arcadia,2020,County Durham,RETAIL_HIGH_STREET,3200.0,3200.0,1369.0795555820275
5986801000,239824254,prezzo,2018,East Riding of Yorkshire,RETAIL_RESTAURANTS_AND_CAFES,41500.0,41500.0,6128.159457101704
5986801000,14339222000,prezzo,2018,East Riding of Yorkshire,RETAIL_RESTAURANTS_AND_CAFES,41500.0,41750.0,308.44210445429246
5986801000,242139254,prezzo,2018,East Riding of Yorkshire,RETAIL_RESTAURANTS_AND_CAFES,41500.0,42250.0,18023.53614648461
5990852000,6457167000,carluccios,2020,Cardiff,RETAIL_RESTAURANTS_AND_CAFES,86500.0,86000.0,953.3616134936515
5990852000,161604192,carluccios,2020,Cardiff,RETAIL_RESTAURANTS_AND_CAFES,86500.0,87000.0,1514.4452122709647
5990852000,171637192,carluccios,2020,Cardiff,RETAIL_RESTAURANTS_AND_CAFES,86500.0,85000.0,4379.796227384483
6015138000,157231192,prezzo,2018,Cardiff,RETAIL_RESTAURANTS_AND_CAFES,54000.0,54000.0,1349.6313264206576
6015138000,8173719000,prezzo,2018,Cardiff,RETAIL_RESTAURANTS_AND_CAFES,54000.0,53500.0,1416.2281306403056
6015138000,163399192,prezzo,2018,Cardiff,RETAIL_RESTAURANTS_AND_CAFES,54000.0,54500.0,153.47348691203132
6016576000,8760963000,thomas cook,2019,North Yorkshire,RETAIL_HIGH_STREET,10250.0,10250.0,39280.02381152583
6016576000,11864492000,thomas cook,2019,North Yorkshire,RETAIL_HIGH_STREET,10250.0,10250.0,896.3718444655433
6016576000,7862762000,thomas cook,2019,North Yorkshire,RETAIL_HIGH_STREET,10250.0,10250.0,39822.29283837066
6032516000,579907162,prezzo,2018,Buckinghamshire,RETAIL_RESTAURANTS_AND_CAFES,56000.0,56000.0,7429.985466247312
6032516000,12506088000,prezzo,2018,Buckinghamshire,RETAIL_RESTAURANTS_AND_CAFES,56000.0,57500.0,9801.974835281344
6032516000,2624970000,prezzo,2018,Buckinghamshire,RETAIL_RESTAURANTS_AND_CAFES,56000.0,57500.0,12732.968886559222
6042800000,4261226000,poundworld,2018,Hammersmith and Fulham,RETAIL_HIGH_STREET,191000.0,173000.0,1562.1744891840574
6042800000,8792101000,poundworld,2018,Hammersmith and Fulham,RETAIL_HIGH_STREET,191000.0,173000.0,938.5206629508328
6042800000,227815082,poundworld,2018,Hammersmith and Fulham,RETAIL_HIGH_STREET,191000.0,210000.0,234.33659443028557
6047013000,475956000,maplin,2018,Canterbury,RETAIL_OTHER_SUPERSTORES_AND_WAREHOUSES,157000.0,156500.0,4157.692672448306
6047013000,11611598000,maplin,2018,Canterbury,RETAIL_OTHER_SUPERSTORES_AND_WAREHOUSES,157000.0,156000.0,2143.3394959804054
6047013000,538572145,maplin,2018,Canterbury,RETAIL_OTHER_SUPERSTORES_AND_WAREHOUSES,157000.0,155000.0,2357.5143079793006
6064379000,8163022000,arcadia,2020,Plymouth,RETAIL_OTHER_SUPERSTORES_AND_WAREHOUSES,347500.0,355000.0,1764.23665584888
6064379000,11345021000,arcadia,2020,Plymouth,RETAIL_OTHER_SUPERSTORES_AND_WAREHOUSES,347500.0,327500.0,4101.35159284755
6064379000,5021371000,arcadia,2020,Plymouth,RETAIL_OTHER_SUPERSTORES_AND_WAREHOUSES,347500.0,322500.0,1269.9715402234292
6073691000,12474510000,arcadia,2020,Cambridge,RETAIL_HIGH_STREET,153000.0,78000.0,2440.4419209345547
6073691000,13839157000,arcadia,2020,Cambridge,RETAIL_HIGH_STREET,153000.0,75000.0,1022.2310481803696
6073691000,8561464000,arcadia,2020,Cambridge,RETAIL_HIGH_STREET,153000.0,73500.0,336.98798439177716
6073950000,10334262000,ted baker,2024,Cambridge,RETAIL_HIGH_STREET,262500.0,72500.0,1643.8426013829949
6073950000,3339742000,ted baker,2024,Cambridge,RETAIL_HIGH_STREET,262500.0,70000.0,274.36721156817146
6073950000,11326864000,ted baker,2024,Cambridge,RETAIL_HIGH_STREET,262500.0,69500.0,297.2953483550341
6081115000,5103006000,wilko,2023,"Bournemouth, Christchurch and Poole",RETAIL_OTHER_SUPERSTORES_AND_WAREHOUSES,137000.0,136000.0,2825.2525997985335
6081115000,8366806000,wilko,2023,"Bournemouth, Christchurch and Poole",RETAIL_OTHER_SUPERSTORES_AND_WAREHOUSES,137000.0,136000.0,1924.5559348539527
6081115000,301723172,wilko,2023,"Bournemouth, Christchurch and Poole",RETAIL_OTHER_SUPERSTORES_AND_WAREHOUSES,137000.0,134000.0,1629.7832378634819
6094478000,7041915000,debenhams,2020,Ashford,RETAIL_OTHER_SUPERSTORES_AND_WAREHOUSES,485000.0,472500.0,1131.8295612030734
6094478000,13954776000,debenhams,2020,Ashford,RETAIL_OTHER_SUPERSTORES_AND_WAREHOUSES,485000.0,467500.0,785.2191256677592
6094478000,9651444000,debenhams,2020,Ashford,RETAIL_OTHER_SUPERSTORES_AND_WAREHOUSES,485000.0,555000.0,13829.309711885591
6096342000,9246232000,wilko,2023,Derby,RETAIL_HIGH_STREET,55000.0,51500.0,470.5482213655509
6096342000,7778796000,wilko,2023,Derby,RETAIL_HIGH_STREET,55000.0,50000.0,2533.153925837929
6096342000,496313000,wilko,2023,Derby,RETAIL_HIGH_STREET,55000.0,47500.0,943.4986053709358
6096673000,7940562000,poundworld,2018,Lancaster,RETAIL_HIGH_STREET,50500.0,30500.0,1577.413236614171
6096673000,275148125,poundworld,2018,Lancaster,RETAIL_HIGH_STREET,50500.0,27750.0,2290.7292350969196
6096673000,14995446000,poundworld,2018,Lancaster,RETAIL_HIGH_STREET,50500.0,26250.0,5986.704763886933
6107443000,13964551000,body shop,2024,Leicester,RETAIL_HIGH_STREET,59000.0,55000.0,1806.6135688043382
6107443000,1335898000,body shop,2024,Leicester,RETAIL_HIGH_STREET,59000.0,63500.0,165.39839804922644
6107443000,13747015000,body shop,2024,Leicester,RETAIL_HIGH_STREET,59000.0,64500.0,1484.8845092605923
6115409000,8791687000,homebase,2024,"Bournemouth, Christchurch and Poole",RETAIL_OTHER_SUPERSTORES_AND_WAREHOUSES,750000.0,1080000.0,2769.4430526175656
6115409000,186115172,homebase,2024,"Bournemouth, Christchurch and Poole",RETAIL_OTHER_SUPERSTORES_AND_WAREHOUSES,750000.0,332500.0,2580.896747918698
6115409000,315765172,homebase,2024,"Bournemouth, Christchurch and Poole",RETAIL_OTHER_SUPERSTORES_AND_WAREHOUSES,750000.0,327500.0,1502.8563181315556
6140242000,13936204000,ted baker,2024,City of London,RETAIL_HIGH_STREET,282500.0,292500.0,193.8366289497304
6140242000,9951902000,ted baker,2024,City of London,RETAIL_HIGH_STREET,282500.0,292500.0,175.91919752970566
6140242000,46628052,ted baker,2024,City of London,RETAIL_HIGH_STREET,282500.0,297500.0,194.28905432913726
6155172000,10033142000,homebase,2024,Cardiff,RETAIL_OTHER_SUPERSTORES_AND_WAREHOUSES,492500.0,487500.0,4166.044983936769
6155172000,11558385000,homebase,2024,Cardiff,RETAIL_OTHER_SUPERSTORES_AND_WAREHOUSES,492500.0,485000.0,453.15156136803887
6155172000,362156192,homebase,2024,Cardiff,RETAIL_OTHER_SUPERSTORES_AND_WAREHOUSES,492500.0,515000.0,4166.044983936769
6161607000,537823145,cafe rouge,2020,Ashford,RETAIL_RESTAURANTS_AND_CAFES,75000.0,74750.0,1644.6980490539556
6161607000,7379731000,cafe rouge,2020,Ashford,RETAIL_RESTAURANTS_AND_CAFES,75000.0,71000.0,1063.0937056177863
6161607000,320922148,cafe rouge,2020,Ashford,RETAIL_RESTAURANTS_AND_CAFES,75000.0,80000.0,13593.291147604306
6162276000,187933000,homebase,2024,Lancaster,RETAIL_OTHER_SUPERSTORES_AND_WAREHOUSES,350000.0,342500.0,2395.442534189638
6162276000,1374636000,homebase,2024,Lancaster,RETAIL_OTHER_SUPERSTORES_AND_WAREHOUSES,350000.0,317500.0,2395.442534189638
6162276000,1668292000,homebase,2024,Lancaster,RETAIL_OTHER_SUPERSTORES_AND_WAREHOUSES,350000.0,392500.0,2395.442534189638
6163123000,1509173000,frankie&bennys,2020,West Northamptonshire,OFFICE_GENERAL,4050.0,4050.0,12592.610837556895
6163123000,4647501000,frankie&bennys,2020,West Northamptonshire,OFFICE_GENERAL,4050.0,4050.0,739.7473887071081
6163123000,7743570000,frankie&bennys,2020,West Northamptonshire,OFFICE_GENERAL,4050.0,4050.0,15867.829158505083
6164612000,14704769000,poundworld,2018,Preston,RETAIL_OTHER_SUPERSTORES_AND_WAREHOUSES,287500.0,280000.0,624.5736479167623
6164612000,12319777000,poundworld,2018,Preston,RETAIL_OTHER_SUPERSTORES_AND_WAREHOUSES,287500.0,295000.0,2851.5074902392453
6164612000,11988632000,poundworld,2018,Preston,RETAIL_OTHER_SUPERSTORES_AND_WAREHOUSES,287500.0,295000.0,7717.012126891242
6176821000,7758815000,homebase,2024,"Bristol, City of",RETAIL_HIGH_STREET,29000.0,29000.0,4055.390677568087
6176821000,8121212000,homebase,2024,"Bristol, City of",RETAIL_HIGH_STREET,29000.0,29000.0,2682.689505435444
6176821000,247108212,homebase,2024,"Bristol, City of",RETAIL_HIGH_STREET,29000.0,29000.0,633.4901772851484
6199192000,6105852000,maplin,2018,Coventry,RETAIL_OTHER_SUPERSTORES_AND_WAREHOUSES,105000.0,105000.0,4193.185330921711
6199192000,6199193000,maplin,2018,Coventry,RETAIL_OTHER_SUPERSTORES_AND_WAREHOUSES,105000.0,103000.0,450.41665996670645
6199192000,8640039000,maplin,2018,Coventry,RETAIL_OTHER_SUPERSTORES_AND_WAREHOUSES,105000.0,108000.0,4193.185330921711
6203155000,7879705000,bella italia,2020,Southend-on-Sea,RETAIL_RESTAURANTS_AND_CAFES,70500.0,71500.0,507.58463134751
6203155000,11096890000,bella italia,2020,Southend-on-Sea,RETAIL_RESTAURANTS_AND_CAFES,70500.0,68500.0,1331.8907137914625
6203155000,8154752000,bella italia,2020,Southend-on-Sea,RETAIL_RESTAURANTS_AND_CAFES,70500.0,73500.0,4947.783345336048
6204262000,99602236,wilko,2023,Stoke-on-Trent,RETAIL_RESTAURANTS_AND_CAFES,17500.0,17500.0,2588.223143525393
6204262000,90773236,wilko,2023,Stoke-on-Trent,RETAIL_RESTAURANTS_AND_CAFES,17500.0,17500.0,476.50734005758414
6204262000,90797236,wilko,2023,Stoke-on-Trent,RETAIL_RESTAURANTS_AND_CAFES,17500.0,17500.0,659.8004189623732
6227420000,11876028000,wilko,2023,Torbay,RETAIL_OTHER_SUPERSTORES_AND_WAREHOUSES,315000.0,317500.0,6575.950435428758
6227420000,8992300000,wilko,2023,Torbay,RETAIL_OTHER_SUPERSTORES_AND_WAREHOUSES,315000.0,330000.0,6226.046146479376
6227420000,12343249000,wilko,2023,Torbay,RETAIL_OTHER_SUPERSTORES_AND_WAREHOUSES,315000.0,330000.0,1056.5013765725646
6230869000,8616308000,body shop,2024,Gloucester,OFFICE_GENERAL,700.0,720.0,1143.6518506341465
6230869000,10918361000,body shop,2024,Gloucester,OFFICE_GENERAL,700.0,670.0,520.6891014579211
6230869000,7693514000,body shop,2024,Gloucester,OFFICE_GENERAL,700.0,670.0,2212.5275218776437
6249947000,331583176,prezzo,2018,Wiltshire,RETAIL_RESTAURANTS_AND_CAFES,53000.0,54000.0,235.6374077253666
6249947000,448791176,prezzo,2018,Wiltshire,RETAIL_RESTAURANTS_AND_CAFES,53000.0,54000.0,179.60933084495335
6249947000,142276216,prezzo,2018,Wiltshire,RETAIL_RESTAURANTS_AND_CAFES,53000.0,54000.0,8665.452686261071
6259152000,12762190000,body shop,2024,Southampton,INDUSTRIAL_GENERAL,41500.0,41500.0,392.55607142665855
6259152000,12379564000,body shop,2024,Southampton,INDUSTRIAL_GENERAL,41500.0,41750.0,485.1313569711294
6259152000,199842176,body shop,2024,Southampton,INDUSTRIAL_GENERAL,41500.0,41750.0,377.0662355658985
6264432000,9806489000,bhs,2016,Stoke-on-Trent,RETAIL_OTHER_SUPERSTORES_AND_WAREHOUSES,412500.0,375000.0,415.1009734994374
6264432000,634373000,bhs,2016,Stoke-on-Trent,RETAIL_OTHER_SUPERSTORES_AND_WAREHOUSES,412500.0,367500.0,299.264435030704
6264432000,12746427000,bhs,2016,Stoke-on-Trent,RETAIL_OTHER_SUPERSTORES_AND_WAREHOUSES,412500.0,347500.0,2657.247890263098
6276766000,158820046,body shop,2024,Charnwood,INDUSTRIAL_GENERAL,2900.0,2900.0,1037.3844521357423
6276766000,158844046,body shop,2024,Charnwood,INDUSTRIAL_GENERAL,2900.0,2900.0,1037.3844521357423
6276766000,6667475000,body shop,2024,Charnwood,INDUSTRIAL_GENERAL,2900.0,2900.0,1037.3844521357423
6295429000,13780149000,wilko,2023,County Durham,RETAIL_OTHER_SUPERSTORES_AND_WAREHOUSES,147000.0,145000.0,16951.818493204137
6295429000,14598807000,wilko,2023,County Durham,RETAIL_OTHER_SUPERSTORES_AND_WAREHOUSES,147000.0,149000.0,2101.059186977004
6295429000,13059339000,wilko,2023,County Durham,RETAIL_OTHER_SUPERSTORES_AND_WAREHOUSES,147000.0,143000.0,2422.2383072866637
6297308000,253264058,strada,2018,Tower Hamlets,RETAIL_RESTAURANTS_AND_CAFES,70500.0,70000.0,758.555402593877
6297308000,8177967000,strada,2018,Tower Hamlets,RETAIL_RESTAURANTS_AND_CAFES,70500.0,70000.0,758.555402593877
6297308000,13315288000,strada,2018,Tower Hamlets,RETAIL_RESTAURANTS_AND_CAFES,70500.0,71500.0,464.53597308893677
6306148000,242167126,arcadia,2020,Preston,RETAIL_HIGH_STREET,156000.0,49500.0,394.6807436750115
6306148000,180110126,arcadia,2020,Preston,RETAIL_HIGH_STREET,156000.0,48500.0,603.2752319260571
6306148000,14483290000,arcadia,2020,Preston,RETAIL_HIGH_STREET,156000.0,48250.0,3383.726399153148
6316014000,6665592000,wilko,2023,Bromley,RETAIL_OTHER_SUPERSTORES_AND_WAREHOUSES,147000.0,148000.0,1692.6330178768903
6316014000,234750072,wilko,2023,Bromley,RETAIL_OTHER_SUPERSTORES_AND_WAREHOUSES,147000.0,143000.0,2165.201733153524
6316014000,190144072,wilko,2023,Bromley,RETAIL_OTHER_SUPERSTORES_AND_WAREHOUSES,147000.0,151000.0,651.0470578372889
6325678000,3942474000,debenhams,2020,Hammersmith and Fulham,RETAIL_OTHER_SUPERSTORES_AND_WAREHOUSES,1220000.0,1150000.0,1447.757709841745
6325678000,10790767000,debenhams,2020,Hammersmith and Fulham,RETAIL_OTHER_SUPERSTORES_AND_WAREHOUSES,1220000.0,1380000.0,273.8066660787976
6325678000,6301610000,debenhams,2020,Hammersmith and Fulham,RETAIL_OTHER_SUPERSTORES_AND_WAREHOUSES,1220000.0,925000.0,236.26191565578722
6329743000,12869526000,cath kidston,2020,Camden,RETAIL_HIGH_STREET,41000.0,41000.0,620.3507968935891
6329743000,94441063,cath kidston,2020,Camden,RETAIL_HIGH_STREET,41000.0,40750.0,217.7485687035439
6329743000,104527063,cath kidston,2020,Camden,RETAIL_HIGH_STREET,41000.0,41250.0,1135.5660610759523
6331349000,2540823000,chiquito,2020,Norwich,RETAIL_RESTAURANTS_AND_CAFES,83000.0,85000.0,202.49803868128325
6331349000,7503572000,chiquito,2020,Norwich,RETAIL_RESTAURANTS_AND_CAFES,83000.0,86000.0,1520.4663718077873
6331349000,11029095000,chiquito,2020,Norwich,RETAIL_RESTAURANTS_AND_CAFES,83000.0,79000.0,197.98391969711375
6331353000,13095013000,bella italia,2020,Norwich,RETAIL_RESTAURANTS_AND_CAFES,66000.0,57250.0,215.88349026482794
6331353000,14266787000,bella italia,2020,Norwich,RETAIL_RESTAURANTS_AND_CAFES,66000.0,57000.0,181.44749292050406
6331353000,10081119000,bella italia,2020,Norwich,RETAIL_RESTAURANTS_AND_CAFES,66000.0,55500.0,2811.983761144996
6336688000,11469319000,arcadia,2020,Buckinghamshire,RETAIL_HIGH_STREET,128000.0,105000.0,6232.953286156068
6336688000,5280019000,arcadia,2020,Buckinghamshire,RETAIL_HIGH_STREET,128000.0,102000.0,10500.303543452457
6336688000,8635829000,arcadia,2020,Buckinghamshire,RETAIL_HIGH_STREET,128000.0,97500.0,203.85200922344072
6354004000,4710000,maplin,2018,South Gloucestershire,RETAIL_OTHER_SUPERSTORES_AND_WAREHOUSES,146000.0,145000.0,2865.341841151063
6354004000,11314343000,maplin,2018,South Gloucestershire,RETAIL_OTHER_SUPERSTORES_AND_WAREHOUSES,146000.0,145000.0,9213.958735778426
6354004000,216471211,maplin,2018,South Gloucestershire,RETAIL_OTHER_SUPERSTORES_AND_WAREHOUSES,146000.0,151000.0,151.62751189464976
6374813000,12768875000,debenhams,2020,Blackpool,RETAIL_OTHER_SUPERSTORES_AND_WAREHOUSES,685000.0,670000.0,3412.725246755218
6374813000,14641551000,debenhams,2020,Blackpool,RETAIL_OTHER_SUPERSTORES_AND_WAREHOUSES,685000.0,650000.0,3412.725246755218
6374813000,8789193000,debenhams,2020,Blackpool,RETAIL_OTHER_SUPERSTORES_AND_WAREHOUSES,685000.0,785000.0,3412.725246755218
6386549000,6478602000,wilko,2023,Rushmoor,RETAIL_OTHER_SUPERSTORES_AND_WAREHOUSES,226000.0,234000.0,1764.1211460967663
6386549000,12819985000,wilko,2023,Rushmoor,RETAIL_OTHER_SUPERSTORES_AND_WAREHOUSES,226000.0,214000.0,1764.1211460967663
6386549000,8010032000,wilko,2023,Rushmoor,RETAIL_OTHER_SUPERSTORES_AND_WAREHOUSES,226000.0,212000.0,1589.0698313742648
6387198000,460619045,paperchase,2023,North Northamptonshire,WAREHOUSING_LARGE_SCALE_AND_HIGH_BAY,560000.0,560000.0,2984.7655455605536
6387198000,4953185000,paperchase,2023,North Northamptonshire,WAREHOUSING_LARGE_SCALE_AND_HIGH_BAY,560000.0,565000.0,4124.961340885142
6387198000,3999745000,paperchase,2023,North Northamptonshire,WAREHOUSING_LARGE_SCALE_AND_HIGH_BAY,560000.0,565000.0,1950.7212958260318
6391809000,832934000,carluccios,2020,Camden,RETAIL_RESTAURANTS_AND_CAFES,88000.0,88000.0,163.79699805557092
6391809000,98981063,carluccios,2020,Camden,RETAIL_RESTAURANTS_AND_CAFES,88000.0,87500.0,178.94685588365263
6391809000,50322063,carluccios,2020,Camden,RETAIL_RESTAURANTS_AND_CAFES,88000.0,87000.0,952.6670028742609
6394346000,13570799000,arcadia,2020,"Bristol, City of",RETAIL_HIGH_STREET,225000.0,92000.0,5528.744806672159
6394346000,7455182000,arcadia,2020,"Bristol, City of",RETAIL_HIGH_STREET,225000.0,91000.0,9135.130553930188
6394346000,8131161000,arcadia,2020,"Bristol, City of",RETAIL_HIGH_STREET,225000.0,85000.0,1413.0194156105852
6394436000,9263532000,arcadia,2020,"Bristol, City of",RETAIL_OTHER_SUPERSTORES_AND_WAREHOUSES,565000.0,625000.0,7667.8994373107935
6394436000,623585000,arcadia,2020,"Bristol, City of",RETAIL_OTHER_SUPERSTORES_AND_WAREHOUSES,565000.0,490000.0,241.63655239742326
6394436000,9977748000,arcadia,2020,"Bristol, City of",RETAIL_OTHER_SUPERSTORES_AND_WAREHOUSES,565000.0,660000.0,2834.052128309371
6394442000,14775177000,body shop,2024,"Bristol, City of",RETAIL_HIGH_STREET,141000.0,84500.0,983.8978729570897
6394442000,10586828000,body shop,2024,"Bristol, City of",RETAIL_HIGH_STREET,141000.0,79000.0,733.6394684462008
6394442000,3846237000,body shop,2024,"Bristol, City of",RETAIL_HIGH_STREET,141000.0,74000.0,1193.2738133913736
6394699000,12481945000,arcadia,2020,"Bristol, City of",RETAIL_OTHER_SUPERSTORES_AND_WAREHOUSES,490000.0,450000.0,2026.8343996917033
6394699000,3771776000,arcadia,2020,"Bristol, City of",RETAIL_OTHER_SUPERSTORES_AND_WAREHOUSES,490000.0,432500.0,2026.8343996917033
6394699000,6735791000,arcadia,2020,"Bristol, City of",RETAIL_OTHER_SUPERSTORES_AND_WAREHOUSES,490000.0,402500.0,2026.8343996917033
6394779000,11710126000,ted baker,2024,"Bristol, City of",RETAIL_HIGH_STREET,162000.0,72500.0,983.8978729570897
6394779000,8792974000,ted baker,2024,"Bristol, City of",RETAIL_HIGH_STREET,162000.0,72500.0,655.0692174996176
6394779000,9357002000,ted baker,2024,"Bristol, City of",RETAIL_HIGH_STREET,162000.0,71000.0,170.18228152392422
6394807000,11549431000,carluccios,2020,"Bristol, City of",RETAIL_RESTAURANTS_AND_CAFES,104000.0,105000.0,2026.8343996917033
6394807000,8340455000,carluccios,2020,"Bristol, City of",RETAIL_RESTAURANTS_AND_CAFES,104000.0,106500.0,733.6394684462008
6394807000,8810933000,carluccios,2020,"Bristol, City of",RETAIL_RESTAURANTS_AND_CAFES,104000.0,98300.0,928.9981188708332
6394959000,493790000,bella italia,2020,"Bristol, City of",RETAIL_RESTAURANTS_AND_CAFES,78000.0,78000.0,151.86824451299822
6394959000,13816810000,bella italia,2020,"Bristol, City of",RETAIL_RESTAURANTS_AND_CAFES,78000.0,77000.0,366.44301715956163
6394959000,9961079000,bella italia,2020,"Bristol, City of",RETAIL_RESTAURANTS_AND_CAFES,78000.0,79000.0,757.2555772176813
6394969000,5549578000,frankie&bennys,2020,"Bristol, City of",RETAIL_RESTAURANTS_AND_CAFES,108000.0,113000.0,154.58059433382618
6394969000,14422899000,frankie&bennys,2020,"Bristol, City of",RETAIL_RESTAURANTS_AND_CAFES,108000.0,98000.0,2026.8343996917033
6394969000,9673908000,frankie&bennys,2020,"Bristol, City of",RETAIL_RESTAURANTS_AND_CAFES,108000.0,119000.0,2100.901523286966
6394973000,330580212,prezzo,2018,"Bristol, City of",RETAIL_RESTAURANTS_AND_CAFES,92500.0,93000.0,750.6434643730335
6394973000,347141212,prezzo,2018,"Bristol, City of",RETAIL_RESTAURANTS_AND_CAFES,92500.0,91500.0,366.44301715956163
6394973000,3851234000,prezzo,2018,"Bristol, City of",RETAIL_RESTAURANTS_AND_CAFES,92500.0,90000.0,258.0772070269876
6399299000,14324160000,byron,2020,Leicester,RETAIL_RESTAURANTS_AND_CAFES,82500.0,82000.0,211.96845060684217
6399299000,52575000,byron,2020,Leicester,RETAIL_RESTAURANTS_AND_CAFES,82500.0,78000.0,192.81754817488948
6399299000,1290655000,byron,2020,Leicester,RETAIL_RESTAURANTS_AND_CAFES,82500.0,88000.0,404.15117142345406
6399308000,11287239000,prezzo,2018,Leicester,RETAIL_RESTAURANTS_AND_CAFES,61000.0,61000.0,3853.269260852128
6399308000,5519884000,prezzo,2018,Leicester,RETAIL_RESTAURANTS_AND_CAFES,61000.0,61500.0,3192.846191579873
6399308000,98705000,prezzo,2018,Leicester,RETAIL_RESTAURANTS_AND_CAFES,61000.0,60000.0,793.4727685609435
6409933000,249331044,cath kidston,2020,Leicester,RETAIL_HIGH_STREET,126000.0,124000.0,156.7363554316912
6409933000,6105129000,cath kidston,2020,Leicester,RETAIL_HIGH_STREET,126000.0,121000.0,218.23099302856198
6409933000,9780317000,cath kidston,2020,Leicester,RETAIL_HIGH_STREET,126000.0,86000.0,165.39839804922644
6409937000,10543105000,arcadia,2020,Leicester,RETAIL_HIGH_STREET,515000.0,305000.0,283.9938125960044
6409937000,6109913000,arcadia,2020,Leicester,RETAIL_HIGH_STREET,515000.0,285000.0,218.23099302856198
6409937000,10621671000,arcadia,2020,Leicester,RETAIL_HIGH_STREET,515000.0,238000.0,1694.18579769962
6409941000,11352743000,paperchase,2023,Leicester,RETAIL_HIGH_STREET,117000.0,73500.0,3656.018325098183
6409941000,14987781000,paperchase,2023,Leicester,RETAIL_HIGH_STREET,117000.0,71500.0,1474.025039544922
6409941000,12302270000,paperchase,2023,Leicester,RETAIL_HIGH_STREET,117000.0,51500.0,877.0669646179302
6410738000,137155234,prezzo,2018,Telford and Wrekin,RETAIL_HIGH_STREET,3700.0,3700.0,4388.446538354206
6410738000,161325234,prezzo,2018,Telford and Wrekin,RETAIL_HIGH_STREET,3700.0,3700.0,3160.46604642891
6410738000,146016234,prezzo,2018,Telford and Wrekin,RETAIL_HIGH_STREET,3700.0,3700.0,1695.6423736111558
6411361000,29978011,maplin,2018,Bedford,RETAIL_OTHER_SUPERSTORES_AND_WAREHOUSES,78000.0,72000.0,907.3239474333021
6411361000,8236741000,maplin,2018,Bedford,RETAIL_OTHER_SUPERSTORES_AND_WAREHOUSES,78000.0,67000.0,356.1012124281748
6411361000,270241011,maplin,2018,Bedford,RETAIL_OTHER_SUPERSTORES_AND_WAREHOUSES,78000.0,66000.0,7044.0964730760625
6414202000,15018922000,body shop,2024,South Oxfordshire,RETAIL_HIGH_STREET,22750.0,22750.0,683.8449863099682
6414202000,2836046000,body shop,2024,South Oxfordshire,RETAIL_HIGH_STREET,22750.0,22500.0,183.41214259359802
6414202000,14010972000,body shop,2024,South Oxfordshire,RETAIL_HIGH_STREET,22750.0,22250.0,7960.477132450017
6421883000,13085016000,debenhams,2020,Basingstoke and Deane,RETAIL_OTHER_SUPERSTORES_AND_WAREHOUSES,890000.0,1240000.0,10477.746634533049
6421883000,10052254000,debenhams,2020,Basingstoke and Deane,RETAIL_OTHER_SUPERSTORES_AND_WAREHOUSES,890000.0,480000.0,2168.6625337600344
6421883000,8790009000,debenhams,2020,Basingstoke and Deane,RETAIL_OTHER_SUPERSTORES_AND_WAREHOUSES,890000.0,1300000.0,10477.746634533049
6423710000,945681000,arcadia,2020,Hammersmith and Fulham,OFFICE_GENERAL,0.0,0.0,230.47786191881937
6423710000,7820129000,arcadia,2020,Hammersmith and Fulham,OFFICE_GENERAL,0.0,0.0,230.47786191881937
6423710000,5093541000,arcadia,2020,Hammersmith and Fulham,OFFICE_GENERAL,0.0,0.0,698.7172211716107
6425151000,13463588000,body shop,2024,Leicester,RETAIL_HIGH_STREET,101000.0,50000.0,2488.885800686828
6425151000,263488044,body shop,2024,Leicester,RETAIL_HIGH_STREET,101000.0,50000.0,205.9407834981137
6425151000,260581044,body shop,2024,Leicester,RETAIL_HIGH_STREET,101000.0,49500.0,323.8146747746141
6432545000,729699072,maplin,2018,Bromley,RETAIL_OTHER_SUPERSTORES_AND_WAREHOUSES,150000.0,142000.0,3575.1347449588093
6432545000,7072970000,maplin,2018,Bromley,RETAIL_OTHER_SUPERSTORES_AND_WAREHOUSES,150000.0,169000.0,4451.856286791127
6432545000,3195427000,maplin,2018,Bromley,RETAIL_OTHER_SUPERSTORES_AND_WAREHOUSES,150000.0,170000.0,850.9222225957044
6437208000,172168082,carluccios,2020,Hammersmith and Fulham,RETAIL_RESTAURANTS_AND_CAFES,55000.0,55000.0,616.0070591465371
6437208000,7840521000,carluccios,2020,Hammersmith and Fulham,RETAIL_RESTAURANTS_AND_CAFES,55000.0,55000.0,1510.292623416827
6437208000,14005059000,carluccios,2020,Hammersmith and Fulham,RETAIL_RESTAURANTS_AND_CAFES,55000.0,55000.0,797.3188533237887
6442500000,6463427000,arcadia,2020,Cardiff,RETAIL_OTHER_SUPERSTORES_AND_WAREHOUSES,197000.0,196000.0,997.8591143005962
6442500000,6579904000,arcadia,2020,Cardiff,RETAIL_OTHER_SUPERSTORES_AND_WAREHOUSES,197000.0,198000.0,158.65467340079704
6442500000,554595000,arcadia,2020,Cardiff,RETAIL_OTHER_SUPERSTORES_AND_WAREHOUSES,197000.0,199000.0,5066.720000865019
6444754000,13560024000,ted baker,2024,Hammersmith and Fulham,RETAIL_HIGH_STREET,204000.0,213000.0,1075.3433024498547
6444754000,6220509000,ted baker,2024,Hammersmith and Fulham,RETAIL_HIGH_STREET,204000.0,171000.0,315.6412423362438
6444754000,11258769000,ted baker,2024,Hammersmith and Fulham,RETAIL_HIGH_STREET,204000.0,166000.0,986.564186774039
6444924000,2232258000,mothercare,2019,Hammersmith and Fulham,RETAIL_HIGH_STREET,133000.0,132000.0,933.401087897024
6444924000,11566387000,mothercare,2019,Hammersmith and Fulham,RETAIL_HIGH_STREET,133000.0,135000.0,933.401087897024
6444924000,13612888000,mothercare,2019,Hammersmith and Fulham,RETAIL_HIGH_STREET,133000.0,139000.0,1075.3433024498547
6445123000,8388166000,cath kidston,2020,Hammersmith and Fulham,RETAIL_HIGH_STREET,224000.0,248000.0,468.3387180574833
6445123000,7799200000,cath kidston,2020,Hammersmith and Fulham,RETAIL_HIGH_STREET,224000.0,166000.0,933.401087897024
6445123000,3103105000,cath kidston,2020,Hammersmith and Fulham,RETAIL_HIGH_STREET,224000.0,287500.0,181.6391740711264
6448424000,648255082,ted baker,2024,Hammersmith and Fulham,RETAIL_HIGH_STREET,65000.0,65000.0,933.401087897024
6448424000,14997239000,ted baker,2024,Hammersmith and Fulham,RETAIL_HIGH_STREET,65000.0,64500.0,537.1406345294923
6448424000,9076743000,ted baker,2024,Hammersmith and Fulham,RETAIL_HIGH_STREET,65000.0,64500.0,293.59219518793043
6451278000,222596082,byron,2020,Hammersmith and Fulham,RETAIL_RESTAURANTS_AND_CAFES,161000.0,162500.0,561.7206523983061
6451278000,11051716000,byron,2020,Hammersmith and Fulham,RETAIL_RESTAURANTS_AND_CAFES,161000.0,157000.0,497.20353603653064
6451278000,2340872000,byron,2020,Hammersmith and Fulham,RETAIL_RESTAURANTS_AND_CAFES,161000.0,166000.0,906.2126513359825
6461732000,9127245000,carluccios,2020,Leicester,RETAIL_RESTAURANTS_AND_CAFES,64500.0,63500.0,3769.3082519485306
6461732000,130337044,carluccios,2020,Leicester,RETAIL_RESTAURANTS_AND_CAFES,64500.0,62500.0,3444.0387882778446
6461732000,1242538000,carluccios,2020,Leicester,RETAIL_RESTAURANTS_AND_CAFES,64500.0,67500.0,218.23099302856198
6488791000,12553549000,cath kidston,2020,Milton Keynes,RETAIL_HIGH_STREET,125000.0,46750.0,1306.5090055303463
6488791000,14060600000,cath kidston,2020,Milton Keynes,RETAIL_HIGH_STREET,125000.0,46500.0,217.93974370771332
6488791000,14060957000,cath kidston,2020,Milton Keynes,RETAIL_HIGH_STREET,125000.0,46250.0,217.93974370771332
6488812000,492245108,chiquito,2020,York,RETAIL_RESTAURANTS_AND_CAFES,100000.0,104600.0,2093.3482103406163
6488812000,9628569000,chiquito,2020,York,RETAIL_RESTAURANTS_AND_CAFES,100000.0,95000.0,169.79783815951475
6488812000,9318130000,chiquito,2020,York,RETAIL_RESTAURANTS_AND_CAFES,100000.0,105000.0,654.9399129496356
6494776000,11836036000,bhs,2016,Sunderland,RETAIL_OTHER_SUPERSTORES_AND_WAREHOUSES,352500.0,352500.0,943.2786655206563
6494776000,10586330000,bhs,2016,Sunderland,RETAIL_OTHER_SUPERSTORES_AND_WAREHOUSES,352500.0,367500.0,7259.821427346002
6494776000,12499931000,bhs,2016,Sunderland,RETAIL_OTHER_SUPERSTORES_AND_WAREHOUSES,352500.0,332500.0,2030.4331418097488
6510098000,208289011,wilko,2023,Central Bedfordshire,RETAIL_HIGH_STREET,87000.0,84500.0,10317.257504444884
6510098000,1764582000,wilko,2023,Central Bedfordshire,RETAIL_HIGH_STREET,87000.0,96500.0,10332.186766493369
6510098000,7318507000,wilko,2023,Central Bedfordshire,RETAIL_HIGH_STREET,87000.0,98000.0,13657.316279313702
6519092000,930755000,maplin,2018,Leeds,RETAIL_HIGH_STREET,66000.0,66000.0,3102.6302418291775
6519092000,1442017000,maplin,2018,Leeds,RETAIL_HIGH_STREET,66000.0,65500.0,192.6649179272745
6519092000,14623926000,maplin,2018,Leeds,RETAIL_HIGH_STREET,66000.0,65000.0,12873.576113339244
6527181000,7335359000,bella italia,2020,"Bristol, City of",RETAIL_HIGH_STREET,8200.0,8200.0,774.7196339666764
6527181000,63842212,bella italia,2020,"Bristol, City of",RETAIL_HIGH_STREET,8200.0,8200.0,3405.4762019347404
6527181000,37160212,bella italia,2020,"Bristol, City of",RETAIL_HIGH_STREET,8200.0,8200.0,5920.797619066798
6531474000,14188191000,body shop,2024,Tower Hamlets,RETAIL_HIGH_STREET,115000.0,116000.0,1782.8586641595516
6531474000,9015619000,body shop,2024,Tower Hamlets,RETAIL_HIGH_STREET,115000.0,113000.0,836.9282863610431
6531474000,9378108000,body shop,2024,Tower Hamlets,RETAIL_HIGH_STREET,115000.0,117000.0,520.1633247311772
6567762000,206214175,arcadia,2020,Fareham,INDUSTRIAL_GENERAL,4150.0,4150.0,1187.4855143122156
6567762000,6567762000,arcadia,2020,Fareham,INDUSTRIAL_GENERAL,4150.0,4150.0,4442.074120615697
6567762000,206294175,arcadia,2020,Fareham,INDUSTRIAL_GENERAL,4150.0,4150.0,1187.4855143122156
6574391000,15026417000,homebase,2024,York,RETAIL_OTHER_SUPERSTORES_AND_WAREHOUSES,575000.0,905000.0,654.9399129496356
6574391000,10869766000,homebase,2024,York,RETAIL_OTHER_SUPERSTORES_AND_WAREHOUSES,575000.0,244000.0,462.2843359503639
6574391000,13440373000,homebase,2024,York,RETAIL_OTHER_SUPERSTORES_AND_WAREHOUSES,575000.0,238000.0,482.71119188689374
6592261000,8364112000,homebase,2024,Wiltshire,WAREHOUSING_LARGE_SCALE_AND_HIGH_BAY,1510000.0,700000.0,4667.825680452737
6592261000,15008804000,homebase,2024,Wiltshire,WAREHOUSING_LARGE_SCALE_AND_HIGH_BAY,1510000.0,630000.0,5429.344644100045
6592261000,5813714000,homebase,2024,Wiltshire,WAREHOUSING_LARGE_SCALE_AND_HIGH_BAY,1510000.0,610000.0,6197.11897463331
6611606000,36451125,arcadia,2020,Blackpool,OFFICE_GENERAL,7100.0,7100.0,1642.1554046531448
6611606000,12777730000,arcadia,2020,Blackpool,OFFICE_GENERAL,7100.0,7100.0,464.5839792213867
6611606000,7927742000,arcadia,2020,Blackpool,OFFICE_GENERAL,7100.0,7100.0,4169.67970733033
6611612000,14487033000,thomas cook,2019,Leicester,RETAIL_HIGH_STREET,123000.0,46750.0,995.7194018662071
6611612000,14214583000,thomas cook,2019,Leicester,RETAIL_HIGH_STREET,123000.0,45750.0,4738.576567924998
6611612000,12953216000,thomas cook,2019,Leicester,RETAIL_HIGH_STREET,123000.0,44500.0,752.9384168210759
6611653000,6105194000,toys r us,2018,Leicester,RETAIL_HIGH_STREET,140000.0,204000.0,218.23099302856198
6611653000,13267285000,toys r us,2018,Leicester,RETAIL_HIGH_STREET,140000.0,42750.0,3525.66245279845
6611653000,5850749000,toys r us,2018,Leicester,RETAIL_HIGH_STREET,140000.0,42250.0,1864.6317161808126
6617664000,10837897000,wilko,2023,Birmingham,RETAIL_HIGH_STREET,108000.0,99500.0,1240.6645893233217
6617664000,7851126000,wilko,2023,Birmingham,RETAIL_HIGH_STREET,108000.0,99000.0,1879.5833485689707
6617664000,8202001000,wilko,2023,Birmingham,RETAIL_HIGH_STREET,108000.0,98500.0,282.7972158812724
6623268000,10724954000,bella italia,2020,Surrey Heath,RETAIL_RESTAURANTS_AND_CAFES,58500.0,59000.0,2394.1264905771504
6623268000,3123083000,bella italia,2020,Surrey Heath,RETAIL_RESTAURANTS_AND_CAFES,58500.0,59700.0,8191.795994750887
6623268000,9551318000,bella italia,2020,Surrey Heath,RETAIL_RESTAURANTS_AND_CAFES,58500.0,60500.0,6014.782722122785
6623384000,153297152,frankie&bennys,2020,Surrey Heath,RETAIL_RESTAURANTS_AND_CAFES,74500.0,75000.0,9888.288389553172
6623384000,13764652000,frankie&bennys,2020,Surrey Heath,RETAIL_RESTAURANTS_AND_CAFES,74500.0,72600.0,4573.9485883960115
6623384000,342472152,frankie&bennys,2020,Surrey Heath,RETAIL_RESTAURANTS_AND_CAFES,74500.0,71500.0,2534.723443344009
6627597000,11140658000,wilko,2023,Leeds,RETAIL_OTHER_SUPERSTORES_AND_WAREHOUSES,525000.0,520000.0,2786.508813381059
6627597000,14004219000,wilko,2023,Leeds,RETAIL_OTHER_SUPERSTORES_AND_WAREHOUSES,525000.0,530000.0,2649.9517486158948
6627597000,373712244,wilko,2023,Leeds,RETAIL_OTHER_SUPERSTORES_AND_WAREHOUSES,525000.0,510000.0,1745.319378571143
6629012000,179007016,wilko,2023,Peterborough,RETAIL_OTHER_SUPERSTORES_AND_WAREHOUSES,83500.0,86500.0,1417.268209974146
6629012000,7786862000,wilko,2023,Peterborough,RETAIL_OTHER_SUPERSTORES_AND_WAREHOUSES,83500.0,79000.0,2125.7547181748573
6629012000,8939790000,wilko,2023,Peterborough,RETAIL_OTHER_SUPERSTORES_AND_WAREHOUSES,83500.0,79000.0,1524.6451715919823
6629375000,13251713000,prezzo,2018,Crawley,RETAIL_RESTAURANTS_AND_CAFES,39000.0,38500.0,1007.4513754009686
6629375000,195865141,prezzo,2018,Crawley,RETAIL_RESTAURANTS_AND_CAFES,39000.0,38000.0,2089.942249096542
6629375000,8278467000,prezzo,2018,Crawley,RETAIL_RESTAURANTS_AND_CAFES,39000.0,40500.0,1366.5619362720226
6631992000,6059228000,chiquito,2020,Surrey Heath,RETAIL_RESTAURANTS_AND_CAFES,54500.0,55600.0,184.2293280851679
6631992000,15048059000,chiquito,2020,Surrey Heath,RETAIL_RESTAURANTS_AND_CAFES,54500.0,53000.0,1702.3158415698992
6631992000,152848152,chiquito,2020,Surrey Heath,RETAIL_RESTAURANTS_AND_CAFES,54500.0,52000.0,9729.102364105143
6635878000,342424152,prezzo,2018,Surrey Heath,RETAIL_RESTAURANTS_AND_CAFES,62000.0,63500.0,1702.3158415698992
6635878000,2806701000,prezzo,2018,Surrey Heath,RETAIL_RESTAURANTS_AND_CAFES,62000.0,70500.0,6977.993907425512
6635878000,168609152,prezzo,2018,Surrey Heath,RETAIL_RESTAURANTS_AND_CAFES,62000.0,50200.0,4244.942808362221
6638424000,6463426000,wilko,2023,Cardiff,RETAIL_OTHER_SUPERSTORES_AND_WAREHOUSES,325000.0,317500.0,997.8591143005962
6638424000,10687003000,wilko,2023,Cardiff,RETAIL_OTHER_SUPERSTORES_AND_WAREHOUSES,325000.0,332500.0,1336.7196621828296
6638424000,3888137000,wilko,2023,Cardiff,RETAIL_OTHER_SUPERSTORES_AND_WAREHOUSES,325000.0,337500.0,2323.622986214773
6651895000,15047252000,frankie&bennys,2020,Guildford,RETAIL_RESTAURANTS_AND_CAFES,92000.0,100500.0,10427.852016568899
6651895000,7661827000,frankie&bennys,2020,Guildford,RETAIL_RESTAURANTS_AND_CAFES,92000.0,100600.0,319.5725894997887
6651895000,164382152,frankie&bennys,2020,Guildford,RETAIL_RESTAURANTS_AND_CAFES,92000.0,82000.0,561.9398266138435
6669744000,179155063,frankie&bennys,2020,Camden,RETAIL_HIGH_STREET,19750.0,19750.0,620.3507968935891
6669744000,70554063,frankie&bennys,2020,Camden,RETAIL_HIGH_STREET,19750.0,19750.0,715.8223248381262
6669744000,104652063,frankie&bennys,2020,Camden,RETAIL_HIGH_STREET,19750.0,19750.0,159.77257401983397
6674795000,9891052000,frankie&bennys,2020,Canterbury,OFFICE_GENERAL,3600.0,3600.0,8680.29365454834
6674795000,7846662000,frankie&bennys,2020,Canterbury,OFFICE_GENERAL,3600.0,3600.0,9140.638147817399
6674795000,10592817000,frankie&bennys,2020,Canterbury,OFFICE_GENERAL,3600.0,3600.0,244.1668578094705
6694027000,175005152,wilko,2023,Surrey Heath,RETAIL_OTHER_SUPERSTORES_AND_WAREHOUSES,126000.0,126000.0,6471.6257181716
6694027000,168913152,wilko,2023,Surrey Heath,RETAIL_OTHER_SUPERSTORES_AND_WAREHOUSES,126000.0,118000.0,5730.768628966636
6694027000,14652152,wilko,2023,Surrey Heath,RETAIL_OTHER_SUPERSTORES_AND_WAREHOUSES,126000.0,109000.0,245.181483530599
6705751000,8291891000,arcadia,2020,Somerset,OFFICE_GENERAL,4850.0,4850.0,13578.881639641819
6705751000,13902632000,arcadia,2020,Somerset,OFFICE_GENERAL,4850.0,4850.0,5819.49273163994
6705751000,7819194000,arcadia,2020,Somerset,OFFICE_GENERAL,4850.0,4850.0,13314.76051813121
6708381000,6708388000,poundworld,2018,Stockton-on-Tees,RETAIL_HIGH_STREET,72000.0,70500.0,2104.5523988232744
6708381000,312784102,poundworld,2018,Stockton-on-Tees,RETAIL_HIGH_STREET,72000.0,70000.0,4610.534124855152
6708381000,4180289000,poundworld,2018,Stockton-on-Tees,RETAIL_HIGH_STREET,72000.0,68000.0,6524.825614337336
6712421000,4973799000,cath kidston,2020,Kensington and Chelsea,OFFICE_GENERAL,95500.0,95500.0,355.66875681347557
6712421000,9659226000,cath kidston,2020,Kensington and Chelsea,OFFICE_GENERAL,95500.0,95500.0,1014.8457728107414
6712421000,10328326000,cath kidston,2020,Kensington and Chelsea,OFFICE_GENERAL,95500.0,95500.0,455.96376846680624
6712426000,13865546000,cath kidston,2020,Kensington and Chelsea,OFFICE_GENERAL,201000.0,201000.0,500.33099163466267
6712426000,56551082,cath kidston,2020,Kensington and Chelsea,OFFICE_GENERAL,201000.0,200000.0,1179.3085616983647
6712426000,90914082,cath kidston,2020,Kensington and Chelsea,OFFICE_GENERAL,201000.0,200000.0,403.45691257027846
6715444000,649249082,cath kidston,2020,Kensington and Chelsea,OFFICE_GENERAL,265000.0,265000.0,172.77385811713165
6715444000,14938600000,cath kidston,2020,Kensington and Chelsea,OFFICE_GENERAL,265000.0,265000.0,302.93662172733167
6715444000,5012480000,cath kidston,2020,Kensington and Chelsea,OFFICE_GENERAL,265000.0,262500.0,844.7550026913021
6733603000,4683297000,wilko,2023,Charnwood,RETAIL_OTHER_SUPERSTORES_AND_WAREHOUSES,97000.0,99000.0,1277.8285173940596
6733603000,165507046,wilko,2023,Charnwood,RETAIL_OTHER_SUPERSTORES_AND_WAREHOUSES,97000.0,100000.0,5524.858211522106
6733603000,1109896000,wilko,2023,Charnwood,RETAIL_OTHER_SUPERSTORES_AND_WAREHOUSES,97000.0,93500.0,814.8990192354133
6737260000,8805771000,prezzo,2018,Canterbury,RETAIL_RESTAURANTS_AND_CAFES,53000.0,53000.0,9780.878309003841
6737260000,174118145,prezzo,2018,Canterbury,RETAIL_RESTAURANTS_AND_CAFES,53000.0,52500.0,10158.353902411955
6737260000,168878145,prezzo,2018,Canterbury,RETAIL_RESTAURANTS_AND_CAFES,53000.0,54300.0,3608.4050549953495
6747798000,205427045,homebase,2024,West Northamptonshire,RETAIL_OTHER_SUPERSTORES_AND_WAREHOUSES,270000.0,262500.0,747.368572427307
6747798000,2643861000,homebase,2024,West Northamptonshire,RETAIL_OTHER_SUPERSTORES_AND_WAREHOUSES,270000.0,260000.0,169.14812632214213
6747798000,795576000,homebase,2024,West Northamptonshire,RETAIL_OTHER_SUPERSTORES_AND_WAREHOUSES,270000.0,280000.0,516.0167786365939
6758030000,190196186,mothercare,2019,Somerset,RETAIL_OTHER_SUPERSTORES_AND_WAREHOUSES,165000.0,166000.0,18404.178070762184
6758030000,192458186,mothercare,2019,Somerset,RETAIL_OTHER_SUPERSTORES_AND_WAREHOUSES,165000.0,166000.0,2400.7287202093585
6758030000,10961148000,mothercare,2019,Somerset,RETAIL_OTHER_SUPERSTORES_AND_WAREHOUSES,165000.0,167000.0,1532.1513718621159
6762908000,14415285000,cath kidston,2020,Gloucester,RETAIL_HIGH_STREET,25750.0,25750.0,180.00702687152713
6762908000,14075518000,cath kidston,2020,Gloucester,RETAIL_HIGH_STREET,25750.0,26000.0,233.68188120785314
6762908000,221739214,cath kidston,2020,Gloucester,RETAIL_HIGH_STREET,25750.0,25250.0,2775.912304587243
6766895000,3882453000,wilko,2023,Stockton-on-Tees,RETAIL_OTHER_SUPERSTORES_AND_WAREHOUSES,150000.0,150000.0,892.7912232401657
6766895000,3303774000,wilko,2023,Stockton-on-Tees,RETAIL_OTHER_SUPERSTORES_AND_WAREHOUSES,150000.0,149000.0,2221.4195360918284
6766895000,12082111000,wilko,2023,Stockton-on-Tees,RETAIL_OTHER_SUPERSTORES_AND_WAREHOUSES,150000.0,147000.0,2441.2039310519726
6770164000,25712152,byron,2020,Surrey Heath,RETAIL_RESTAURANTS_AND_CAFES,49750.0,49300.0,3818.6722435446554
6770164000,168900152,byron,2020,Surrey Heath,RETAIL_RESTAURANTS_AND_CAFES,49750.0,47300.0,6299.349748969879
6770164000,12028152,byron,2020,Surrey Heath,RETAIL_RESTAURANTS_AND_CAFES,49750.0,46900.0,1183.8503429258342
6775523000,1663095000,arcadia,2020,Hammersmith and Fulham,RETAIL_OTHER_SUPERSTORES_AND_WAREHOUSES,1100000.0,312500.0,872.1601596515893
6775523000,222295082,arcadia,2020,Hammersmith and Fulham,RETAIL_OTHER_SUPERSTORES_AND_WAREHOUSES,1100000.0,255000.0,435.4780278915407
6775523000,15029352000,arcadia,2020,Hammersmith and Fulham,RETAIL_OTHER_SUPERSTORES_AND_WAREHOUSES,1100000.0,205000.0,867.789303473265
6775636000,4890547000,carluccios,2020,Cambridge,RETAIL_RESTAURANTS_AND_CAFES,107000.0,121000.0,1452.4559618500587
6775636000,111662012,carluccios,2020,Cambridge,RETAIL_RESTAURANTS_AND_CAFES,107000.0,81000.0,351.8062741717525
6775636000,10955284000,carluccios,2020,Cambridge,RETAIL_RESTAURANTS_AND_CAFES,107000.0,133000.0,1022.2310481803696
6793826000,14649038000,mothercare,2019,Stoke-on-Trent,RETAIL_OTHER_SUPERSTORES_AND_WAREHOUSES,525000.0,335000.0,246.0912488919587
6793826000,11792234000,mothercare,2019,Stoke-on-Trent,RETAIL_OTHER_SUPERSTORES_AND_WAREHOUSES,525000.0,332500.0,391.1245848531341
6793826000,9513700000,mothercare,2019,Stoke-on-Trent,RETAIL_OTHER_SUPERSTORES_AND_WAREHOUSES,525000.0,322500.0,451.8133618463144
6797748000,14221714000,body shop,2024,Leeds,INDUSTRIAL_GENERAL,6800.0,6800.0,970.3448679458907
6797748000,14183314000,body shop,2024,Leeds,INDUSTRIAL_GENERAL,6800.0,6800.0,5239.594321651672
6797748000,7014929000,body shop,2024,Leeds,INDUSTRIAL_GENERAL,6800.0,6800.0,6123.130863576249
6807969000,14552866000,paperchase,2023,Hammersmith and Fulham,RETAIL_HIGH_STREET,492500.0,310000.0,449.67368340429505
6807969000,8809152000,paperchase,2023,Hammersmith and Fulham,RETAIL_HIGH_STREET,492500.0,139000.0,648.3502510272316
6807969000,2739214000,paperchase,2023,Hammersmith and Fulham,RETAIL_HIGH_STREET,492500.0,139000.0,933.401087897024
6810383000,10200534000,mothercare,2019,Reading,RETAIL_OTHER_SUPERSTORES_AND_WAREHOUSES,265000.0,262500.0,835.556146944923
6810383000,13438742000,mothercare,2019,Reading,RETAIL_OTHER_SUPERSTORES_AND_WAREHOUSES,265000.0,248000.0,631.2256606719992
6810383000,496006165,mothercare,2019,Reading,RETAIL_OTHER_SUPERSTORES_AND_WAREHOUSES,265000.0,287500.0,977.2156442778369
6812401000,11969976000,arcadia,2020,Somerset,INDUSTRIAL_GENERAL,1725.0,1725.0,15875.044572793
6812401000,6812401000,arcadia,2020,Somerset,INDUSTRIAL_GENERAL,1725.0,1725.0,10931.478394094478
6812401000,9183381000,arcadia,2020,Somerset,INDUSTRIAL_GENERAL,1725.0,1700.0,15875.044572793
6828958000,14832416000,frankie&bennys,2020,Colchester,RETAIL_RESTAURANTS_AND_CAFES,85000.0,84000.0,3691.520777377959
6828958000,10535436000,frankie&bennys,2020,Colchester,RETAIL_RESTAURANTS_AND_CAFES,85000.0,77500.0,178.45498539667977
6828958000,3531514000,frankie&bennys,2020,Colchester,RETAIL_RESTAURANTS_AND_CAFES,85000.0,77000.0,159.52626818902326
6847105000,9655892000,arcadia,2020,Hammersmith and Fulham,RETAIL_HIGH_STREET,885000.0,120000.0,414.16342440919846
6847105000,8061379000,arcadia,2020,Hammersmith and Fulham,RETAIL_HIGH_STREET,885000.0,120000.0,1001.3092586302364
6847105000,14069182000,arcadia,2020,Hammersmith and Fulham,RETAIL_HIGH_STREET,885000.0,118000.0,933.401087897024
6847146000,3006044000,poundworld,2018,Leicester,RETAIL_HIGH_STREET,128000.0,42000.0,1230.1266281461278
6847146000,14535904000,poundworld,2018,Leicester,RETAIL_HIGH_STREET,128000.0,41750.0,860.1493961546926
6847146000,44260044,poundworld,2018,Leicester,RETAIL_HIGH_STREET,128000.0,41500.0,165.39839804922644
6873444000,5706219000,paperchase,2023,Leeds,RETAIL_HIGH_STREET,29250.0,29250.0,13819.31384866038
6873444000,14990607000,paperchase,2023,Leeds,RETAIL_HIGH_STREET,29250.0,29250.0,2500.2171539492356
6873444000,3732743000,paperchase,2023,Leeds,RETAIL_HIGH_STREET,29250.0,29250.0,317.8354790698395
6893812000,8040408000,maplin,2018,York,RETAIL_OTHER_SUPERSTORES_AND_WAREHOUSES,94000.0,96000.0,3181.372991654736
6893812000,227030108,maplin,2018,York,RETAIL_OTHER_SUPERSTORES_AND_WAREHOUSES,94000.0,88000.0,538.8371577295641
6893812000,2900414000,maplin,2018,York,RETAIL_OTHER_SUPERSTORES_AND_WAREHOUSES,94000.0,101000.0,379.0461504204413
6901876000,10912336000,prezzo,2018,Dorset,OFFICE_GENERAL,11500.0,11500.0,2394.7060857302827
6901876000,4017781000,prezzo,2018,Dorset,OFFICE_GENERAL,11500.0,11500.0,33328.41239079727
6901876000,12813763000,prezzo,2018,Dorset,OFFICE_GENERAL,11500.0,11500.0,24032.364729568617
6903250000,10050787000,poundworld,2018,Leeds,RETAIL_OTHER_SUPERSTORES_AND_WAREHOUSES,151000.0,148000.0,1582.818620446322
6903250000,8993339000,poundworld,2018,Leeds,RETAIL_OTHER_SUPERSTORES_AND_WAREHOUSES,151000.0,146000.0,943.1837307373982
6903250000,3845739000,poundworld,2018,Leeds,RETAIL_OTHER_SUPERSTORES_AND_WAREHOUSES,151000.0,144000.0,1781.6477352120446
6905054000,12683746000,arcadia,2020,Dorset,OFFICE_GENERAL,4000.0,4000.0,26584.200671368682
6905054000,547917000,arcadia,2020,Dorset,OFFICE_GENERAL,4000.0,4000.0,23638.644664911524
6905054000,2837544000,arcadia,2020,Dorset,OFFICE_GENERAL,4000.0,4000.0,24287.908330834623
6917193000,14538771000,wilko,2023,Dorset,RETAIL_HIGH_STREET,86000.0,81500.0,25959.526024132054
6917193000,14839403000,wilko,2023,Dorset,RETAIL_HIGH_STREET,86000.0,79500.0,36383.668894853756
6917193000,2379390000,wilko,2023,Dorset,RETAIL_HIGH_STREET,86000.0,96250.0,326.18897898984653
6919206000,9045800000,wilko,2023,Bromley,RETAIL_OTHER_SUPERSTORES_AND_WAREHOUSES,167000.0,170000.0,581.3487777208825
6919206000,179168072,wilko,2023,Bromley,RETAIL_OTHER_SUPERSTORES_AND_WAREHOUSES,167000.0,176000.0,2383.8205720666965
6919206000,9512794000,wilko,2023,Bromley,RETAIL_OTHER_SUPERSTORES_AND_WAREHOUSES,167000.0,183000.0,291.1601603941518
6922193000,160006192,cath kidston,2020,Cardiff,RETAIL_HIGH_STREET,186000.0,139000.0,1173.283607862451
6922193000,169468192,cath kidston,2020,Cardiff,RETAIL_HIGH_STREET,186000.0,138000.0,230.70740675002142
6922193000,159951192,cath kidston,2020,Cardiff,RETAIL_HIGH_STREET,186000.0,127000.0,1079.5709065166025
6922237000,11713664000,thomas cook,2019,Cardiff,RETAIL_HIGH_STREET,195000.0,126000.0,251.9275293156621
6922237000,4375407000,thomas cook,2019,Cardiff,RETAIL_HIGH_STREET,195000.0,88000.0,1727.6233564247384
6922237000,9530251000,thomas cook,2019,Cardiff,RETAIL_HIGH_STREET,195000.0,87500.0,169.61168516690213
6922268000,8245856000,byron,2020,Cardiff,RETAIL_HIGH_STREET,190000.0,80500.0,1542.6828205156683
6922268000,1624132000,byron,2020,Cardiff,RETAIL_HIGH_STREET,190000.0,80000.0,1727.6233564247384
6922268000,1624149000,byron,2020,Cardiff,RETAIL_HIGH_STREET,190000.0,78000.0,1727.6233564247384
6922314000,8794317000,paperchase,2023,Cardiff,RETAIL_HIGH_STREET,199000.0,77000.0,1898.7741458381406
6922314000,9023229000,paperchase,2023,Cardiff,RETAIL_HIGH_STREET,199000.0,76000.0,2078.2029580376297
6922314000,12658242000,paperchase,2023,Cardiff,RETAIL_HIGH_STREET,199000.0,76000.0,570.6156035290064
6922425000,2421638000,cafe rouge,2020,Cardiff,RETAIL_RESTAURANTS_AND_CAFES,76500.0,77000.0,4563.378241026445
6922425000,370308192,cafe rouge,2020,Cardiff,RETAIL_RESTAURANTS_AND_CAFES,76500.0,75500.0,4166.044983936769
6922425000,11021638000,cafe rouge,2020,Cardiff,RETAIL_RESTAURANTS_AND_CAFES,76500.0,75000.0,1727.6233564247384
6922426000,11531567000,prezzo,2018,Cardiff,RETAIL_RESTAURANTS_AND_CAFES,82000.0,81500.0,382.0397985078422
6922426000,368025192,prezzo,2018,Cardiff,RETAIL_RESTAURANTS_AND_CAFES,82000.0,82500.0,1665.3885733859406
6922426000,1782728000,prezzo,2018,Cardiff,RETAIL_RESTAURANTS_AND_CAFES,82000.0,82500.0,5356.5107917385285
6922432000,5698317000,frankie&bennys,2020,Cardiff,RETAIL_RESTAURANTS_AND_CAFES,125000.0,125000.0,2921.8985768090347
6922432000,14941485000,frankie&bennys,2020,Cardiff,RETAIL_RESTAURANTS_AND_CAFES,125000.0,126000.0,167.40079680528348
6922432000,607582000,frankie&bennys,2020,Cardiff,RETAIL_RESTAURANTS_AND_CAFES,125000.0,128000.0,4173.225741556729
6922508000,14348177000,body shop,2024,Cardiff,RETAIL_HIGH_STREET,197000.0,75500.0,2349.8015558466436
6922508000,8794390000,body shop,2024,Cardiff,RETAIL_HIGH_STREET,197000.0,75000.0,1378.2354428715087
6922508000,160809192,body shop,2024,Cardiff,RETAIL_HIGH_STREET,197000.0,75000.0,228.69314084668915
6924010000,3678925000,arcadia,2020,Cannock Chase,INDUSTRIAL_GENERAL,42750.0,42750.0,1483.1020573262188
6924010000,6924010000,arcadia,2020,Cannock Chase,INDUSTRIAL_GENERAL,42750.0,42750.0,1178.8416700452688
6924010000,1379647000,arcadia,2020,Cannock Chase,INDUSTRIAL_GENERAL,42750.0,43000.0,1032.8528497326986
6931641000,7666115000,carluccios,2020,South Gloucestershire,RETAIL_RESTAURANTS_AND_CAFES,100000.0,100000.0,3368.240406494561
6931641000,3324010000,carluccios,2020,South Gloucestershire,RETAIL_RESTAURANTS_AND_CAFES,100000.0,100000.0,6135.896801732304
6931641000,159654211,carluccios,2020,South Gloucestershire,RETAIL_RESTAURANTS_AND_CAFES,100000.0,105000.0,3904.675865448608
6934338000,190065172,mothercare,2019,"Bournemouth, Christchurch and Poole",RETAIL_OTHER_SUPERSTORES_AND_WAREHOUSES,172000.0,174000.0,727.4048991344201
6934338000,4643464000,mothercare,2019,"Bournemouth, Christchurch and Poole",RETAIL_OTHER_SUPERSTORES_AND_WAREHOUSES,172000.0,174000.0,581.1729000305756
6934338000,923412000,mothercare,2019,"Bournemouth, Christchurch and Poole",RETAIL_OTHER_SUPERSTORES_AND_WAREHOUSES,172000.0,169000.0,2384.232762596479
6943601000,9938392000,prezzo,2018,West Northamptonshire,RETAIL_RESTAURANTS_AND_CAFES,43750.0,43250.0,245.05375408468126
6943601000,957793000,prezzo,2018,West Northamptonshire,RETAIL_RESTAURANTS_AND_CAFES,43750.0,44750.0,2656.0040050813373
6943601000,11289126000,prezzo,2018,West Northamptonshire,RETAIL_RESTAURANTS_AND_CAFES,43750.0,44750.0,2303.379043623162
6946456000,13455213000,bhs,2016,Watford,RETAIL_HIGH_STREET,9800.0,9800.0,2891.4537392837715
6946456000,12834251000,bhs,2016,Watford,RETAIL_HIGH_STREET,9800.0,9800.0,2891.4537392837715
6946456000,37524017,bhs,2016,Watford,RETAIL_HIGH_STREET,9800.0,9800.0,449.4522888146459
6946461000,37583017,bhs,2016,Watford,RETAIL_HIGH_STREET,10500.0,10500.0,498.3047814642589
6946461000,4196759000,bhs,2016,Watford,RETAIL_HIGH_STREET,10500.0,10500.0,2609.5823387713403
6946461000,1653644000,bhs,2016,Watford,RETAIL_HIGH_STREET,10500.0,10500.0,895.9548121844181
6946474000,33133017,bhs,2016,Watford,RETAIL_HIGH_STREET,16000.0,16000.0,412.74000395086057
6946474000,9839685000,bhs,2016,Watford,RETAIL_HIGH_STREET,16000.0,15750.0,940.8162827719761
6946474000,13359017,bhs,2016,Watford,RETAIL_HIGH_STREET,16000.0,15750.0,2447.4883687758706
6946476000,8172017,bhs,2016,Watford,RETAIL_HIGH_STREET,12500.0,12500.0,1645.151720041733
6946476000,33190017,bhs,2016,Watford,RETAIL_HIGH_STREET,12500.0,12500.0,520.6787276482908
6946476000,8076017,bhs,2016,Watford,RETAIL_HIGH_STREET,12500.0,12500.0,1673.7518831847615
6946931000,112751063,cafe rouge,2020,Camden,RETAIL_RESTAURANTS_AND_CAFES,112000.0,111000.0,300.16662950777953
6946931000,41429063,cafe rouge,2020,Camden,RETAIL_RESTAURANTS_AND_CAFES,112000.0,111000.0,911.3255599067711
6946931000,5282349000,cafe rouge,2020,Camden,RETAIL_RESTAURANTS_AND_CAFES,112000.0,113000.0,750.8853560286067
6947935000,14441422000,arcadia,2020,Stoke-on-Trent,RETAIL_OTHER_SUPERSTORES_AND_WAREHOUSES,410000.0,317500.0,897.5601794290533
6947935000,13499720000,arcadia,2020,Stoke-on-Trent,RETAIL_OTHER_SUPERSTORES_AND_WAREHOUSES,410000.0,297500.0,1198.6335721929172
6947935000,4524018000,arcadia,2020,Stoke-on-Trent,RETAIL_OTHER_SUPERSTORES_AND_WAREHOUSES,410000.0,292500.0,1933.9236944238191
6955541000,5329645000,body shop,2024,"Bournemouth, Christchurch and Poole",INDUSTRIAL_GENERAL,9800.0,9800.0,2134.0544706110413
6955541000,12678618000,body shop,2024,"Bournemouth, Christchurch and Poole",INDUSTRIAL_GENERAL,9800.0,9800.0,843.1898518752637
6955541000,8728132000,body shop,2024,"Bournemouth, Christchurch and Poole",INDUSTRIAL_GENERAL,9800.0,9800.0,2556.761829503589
6956728000,9952830000,maplin,2018,North Northamptonshire,RETAIL_OTHER_SUPERSTORES_AND_WAREHOUSES,48500.0,49000.0,1242.764221540505
6956728000,15043935000,maplin,2018,North Northamptonshire,RETAIL_OTHER_SUPERSTORES_AND_WAREHOUSES,48500.0,50000.0,1199.0168206749968
6956728000,213543045,maplin,2018,North Northamptonshire,RETAIL_OTHER_SUPERSTORES_AND_WAREHOUSES,48500.0,46500.0,158.62111352473775
6970817000,9381022,bella italia,2020,Chelmsford,RETAIL_HIGH_STREET,0.0,0.0,212.22044055649448
6970817000,907716022,bella italia,2020,Chelmsford,RETAIL_HIGH_STREET,0.0,0.0,7075.72083536008
6970817000,10667897000,bella italia,2020,Chelmsford,RETAIL_HIGH_STREET,0.0,167.0,2896.5004803897095
6970842000,58795022,bhs,2016,Chelmsford,RETAIL_HIGH_STREET,6900.0,6900.0,3028.5310999588296
6970842000,3137022,bhs,2016,Chelmsford,RETAIL_HIGH_STREET,6900.0,6900.0,1439.3936949370095
6970842000,13362863000,bhs,2016,Chelmsford,RETAIL_HIGH_STREET,6900.0,6900.0,10440.695463305776
6985446000,12773813000,maplin,2018,City of London,RETAIL_HIGH_STREET,140000.0,139000.0,209.35597228396995
6985446000,2831840000,maplin,2018,City of London,RETAIL_HIGH_STREET,140000.0,141000.0,165.271713786285
6985446000,8082620000,maplin,2018,City of London,RETAIL_HIGH_STREET,140000.0,142000.0,272.8426832001611
7004191000,8856998000,cafe rouge,2020,Cheshire West and Chester,RETAIL_HIGH_STREET,109000.0,32000.0,14864.803231742704
7004191000,10079026000,cafe rouge,2020,Cheshire West and Chester,RETAIL_HIGH_STREET,109000.0,31750.0,237.8793441218435
7004191000,8182587000,cafe rouge,2020,Cheshire West and Chester,RETAIL_HIGH_STREET,109000.0,31500.0,2352.2880955524806
7013127000,659542000,cafe rouge,2020,South Gloucestershire,RETAIL_RESTAURANTS_AND_CAFES,87500.0,85000.0,3971.007735050696
7013127000,659566000,cafe rouge,2020,South Gloucestershire,RETAIL_RESTAURANTS_AND_CAFES,87500.0,84350.0,3441.617779557727
7013127000,92904000,cafe rouge,2020,South Gloucestershire,RETAIL_RESTAURANTS_AND_CAFES,87500.0,82700.0,5542.119522717117
7013309000,206590211,poundworld,2018,South Gloucestershire,RETAIL_OTHER_SUPERSTORES_AND_WAREHOUSES,141000.0,140000.0,1047.8544330749355
7013309000,4795000,poundworld,2018,South Gloucestershire,RETAIL_OTHER_SUPERSTORES_AND_WAREHOUSES,141000.0,140000.0,2865.341841151063
7013309000,1659073000,poundworld,2018,South Gloucestershire,RETAIL_OTHER_SUPERSTORES_AND_WAREHOUSES,141000.0,139000.0,2865.341841151063
7021787000,4417308000,arcadia,2020,Gloucester,RETAIL_HIGH_STREET,190000.0,192000.0,967.4280536964538
7021787000,4776924000,arcadia,2020,Gloucester,RETAIL_HIGH_STREET,190000.0,180000.0,967.4280536964538
7021787000,10916214,arcadia,2020,Gloucester,RETAIL_HIGH_STREET,190000.0,74000.0,151.04972328429787
7029873000,13429929000,arcadia,2020,Stoke-on-Trent,RETAIL_HIGH_STREET,2475.0,2475.0,282.07716209594804
7029873000,8820153000,arcadia,2020,Stoke-on-Trent,RETAIL_HIGH_STREET,2475.0,2475.0,1190.356577303226
7029873000,6461252000,arcadia,2020,Stoke-on-Trent,RETAIL_HIGH_STREET,2475.0,2475.0,1688.0068194171597
7037281000,13971302000,wilko,2023,County Durham,RETAIL_OTHER_SUPERSTORES_AND_WAREHOUSES,144000.0,142000.0,6004.062754466863
7037281000,10269889000,wilko,2023,County Durham,RETAIL_OTHER_SUPERSTORES_AND_WAREHOUSES,144000.0,138000.0,312.20194823981035
7037281000,461094000,wilko,2023,County Durham,RETAIL_OTHER_SUPERSTORES_AND_WAREHOUSES,144000.0,134000.0,6004.062754466863
7049044000,326988212,arcadia,2020,"Bristol, City of",OFFICE_GENERAL,2800.0,2800.0,781.1096311601101
7049044000,10661392000,arcadia,2020,"Bristol, City of",OFFICE_GENERAL,2800.0,2800.0,765.4148970650195
7049044000,10494062000,arcadia,2020,"Bristol, City of",OFFICE_GENERAL,2800.0,2800.0,806.9096453196247
7058172000,13617328000,strada,2018,South Oxfordshire,RETAIL_HIGH_STREET,79500.0,73500.0,7983.622314705827
7058172000,8896016000,strada,2018,South Oxfordshire,RETAIL_HIGH_STREET,79500.0,72500.0,23760.70684525506
7058172000,8905256000,strada,2018,South Oxfordshire,RETAIL_HIGH_STREET,79500.0,67000.0,23760.70684525506
7079597000,15071950000,paperchase,2023,"Bristol, City of",RETAIL_HIGH_STREET,56500.0,56000.0,757.2555772176813
7079597000,12407200000,paperchase,2023,"Bristol, City of",RETAIL_HIGH_STREET,56500.0,56000.0,678.379052631134
7079597000,246801212,paperchase,2023,"Bristol, City of",RETAIL_HIGH_STREET,56500.0,56000.0,783.7533250543345
7087512000,1585194000,arcadia,2020,Southampton,OFFICE_GENERAL,0.0,0.0,237.69332006184877
7087512000,1585192000,arcadia,2020,Southampton,OFFICE_GENERAL,0.0,0.0,237.69332006184877
7087512000,1491843000,arcadia,2020,Southampton,OFFICE_GENERAL,0.0,0.0,768.7634249062218
7087565000,475234176,arcadia,2020,Southampton,OFFICE_GENERAL,0.0,0.0,1328.7241817714257
7087565000,7768109000,arcadia,2020,Southampton,OFFICE_GENERAL,0.0,0.0,232.66782084881893
7087565000,557687176,arcadia,2020,Southampton,OFFICE_GENERAL,0.0,0.0,357.0693259164882
7087715000,10029435000,poundworld,2018,Buckinghamshire,RETAIL_OTHER_SUPERSTORES_AND_WAREHOUSES,163000.0,163000.0,2329.6510965574184
7087715000,11304229000,poundworld,2018,Buckinghamshire,RETAIL_OTHER_SUPERSTORES_AND_WAREHOUSES,163000.0,169000.0,3465.825852411982
7087715000,222559162,poundworld,2018,Buckinghamshire,RETAIL_OTHER_SUPERSTORES_AND_WAREHOUSES,163000.0,153000.0,8182.242147730325
7118364000,5871008000,arcadia,2020,Tunbridge Wells,RETAIL_OTHER_SUPERSTORES_AND_WAREHOUSES,312500.0,310000.0,3096.708697047133
7118364000,5870999000,arcadia,2020,Tunbridge Wells,RETAIL_OTHER_SUPERSTORES_AND_WAREHOUSES,312500.0,315000.0,3096.708697047133
7118364000,5871005000,arcadia,2020,Tunbridge Wells,RETAIL_OTHER_SUPERSTORES_AND_WAREHOUSES,312500.0,317500.0,3096.708697047133
7122494000,8899363000,toys r us,2018,Nottingham,RETAIL_HIGH_STREET,136000.0,36750.0,2770.709240123096
7122494000,8560771000,toys r us,2018,Nottingham,RETAIL_HIGH_STREET,136000.0,36250.0,194.0594867987806
7122494000,5389358000,toys r us,2018,Nottingham,RETAIL_HIGH_STREET,136000.0,36000.0,2425.2904907746893
7126776000,897668023,maplin,2018,Southend-on-Sea,RETAIL_OTHER_SUPERSTORES_AND_WAREHOUSES,117000.0,110000.0,390.9869945815404
7126776000,1037277023,maplin,2018,Southend-on-Sea,RETAIL_OTHER_SUPERSTORES_AND_WAREHOUSES,117000.0,127000.0,2828.9660207435895
7126776000,1243014023,maplin,2018,Southend-on-Sea,RETAIL_OTHER_SUPERSTORES_AND_WAREHOUSES,117000.0,130000.0,1084.9174962536447
7153962000,1111793000,wilko,2023,Brent,RETAIL_OTHER_SUPERSTORES_AND_WAREHOUSES,224000.0,224000.0,553.2620455659547
7153962000,3811466000,wilko,2023,Brent,RETAIL_OTHER_SUPERSTORES_AND_WAREHOUSES,224000.0,222000.0,4128.626486695831
7153962000,7801416000,wilko,2023,Brent,RETAIL_OTHER_SUPERSTORES_AND_WAREHOUSES,224000.0,211000.0,4162.145591117953
7154843000,179454016,prezzo,2018,Peterborough,RETAIL_RESTAURANTS_AND_CAFES,67500.0,68000.0,1281.0247786415437
7154843000,15085733000,prezzo,2018,Peterborough,RETAIL_RESTAURANTS_AND_CAFES,67500.0,68000.0,1755.4753983182886
7154843000,445100016,prezzo,2018,Peterborough,RETAIL_RESTAURANTS_AND_CAFES,67500.0,68000.0,894.7233715897707
7163951000,159790192,carluccios,2020,Cardiff,RETAIL_RESTAURANTS_AND_CAFES,94000.0,93700.0,1158.0076239786813
7163951000,1454564000,carluccios,2020,Cardiff,RETAIL_RESTAURANTS_AND_CAFES,94000.0,94500.0,247.51648910777328
7163951000,7698653000,carluccios,2020,Cardiff,RETAIL_RESTAURANTS_AND_CAFES,94000.0,90500.0,923.5641939561589
7195500000,1824050000,prezzo,2018,Manchester,RETAIL_RESTAURANTS_AND_CAFES,153000.0,152000.0,348.42477174167374
7195500000,14583830000,prezzo,2018,Manchester,RETAIL_RESTAURANTS_AND_CAFES,153000.0,159000.0,586.4653877867322
7195500000,205487113,prezzo,2018,Manchester,RETAIL_RESTAURANTS_AND_CAFES,153000.0,144000.0,4986.125288951565
7195565000,14946820000,poundworld,2018,"Bristol, City of",RETAIL_HIGH_STREET,226000.0,70500.0,4211.809597375647
7195565000,5792119000,poundworld,2018,"Bristol, City of",RETAIL_HIGH_STREET,226000.0,70500.0,2721.431457782747
7195565000,8817511000,poundworld,2018,"Bristol, City of",RETAIL_HIGH_STREET,226000.0,69500.0,6038.959545252256
7222342000,986592000,frankie&bennys,2020,Sunderland,RETAIL_RESTAURANTS_AND_CAFES,83000.0,81000.0,1172.3363522671584
7222342000,10268307000,frankie&bennys,2020,Sunderland,RETAIL_RESTAURANTS_AND_CAFES,83000.0,85000.0,2503.1632126202276
7222342000,1267234000,frankie&bennys,2020,Sunderland,RETAIL_RESTAURANTS_AND_CAFES,83000.0,80000.0,184.30533361514347
7255777000,239028000,paperchase,2023,City of London,RETAIL_HIGH_STREET,209000.0,214000.0,185.10260662712304
7255777000,1998141000,paperchase,2023,City of London,RETAIL_HIGH_STREET,209000.0,203000.0,166.420359229886
7255777000,10017160000,paperchase,2023,City of London,RETAIL_HIGH_STREET,209000.0,215000.0,244.93943167975314
7258120000,3639024000,body shop,2024,East Riding of Yorkshire,INDUSTRIAL_GENERAL,3500.0,3500.0,6339.76488135497
7258120000,4114013000,body shop,2024,East Riding of Yorkshire,INDUSTRIAL_GENERAL,3500.0,3500.0,42654.494022917286
7258120000,8713462000,body shop,2024,East Riding of Yorkshire,INDUSTRIAL_GENERAL,3500.0,3500.0,22738.716918544553
7273518000,8307974000,homebase,2024,West Northamptonshire,INDUSTRIAL_GENERAL,8700.0,8700.0,1238.6671247339414
7273518000,100808045,homebase,2024,West Northamptonshire,INDUSTRIAL_GENERAL,8700.0,8700.0,28005.192803491227
7273518000,14718542000,homebase,2024,West Northamptonshire,INDUSTRIAL_GENERAL,8700.0,8700.0,12527.4077276424
7275944000,6819049000,arcadia,2020,Nottingham,INDUSTRIAL_GENERAL,49500.0,49500.0,1197.111069714657
7275944000,1168239000,arcadia,2020,Nottingham,INDUSTRIAL_GENERAL,49500.0,49500.0,4885.841543556528
7275944000,265556037,arcadia,2020,Nottingham,INDUSTRIAL_GENERAL,49500.0,49250.0,1633.6540666029364
7285972000,5687482000,cafe rouge,2020,Leicester,RETAIL_RESTAURANTS_AND_CAFES,80000.0,75000.0,165.39839804922644
7285972000,2955045000,cafe rouge,2020,Leicester,RETAIL_RESTAURANTS_AND_CAFES,80000.0,74000.0,1334.7497784765333
7285972000,10137993000,cafe rouge,2020,Leicester,RETAIL_RESTAURANTS_AND_CAFES,80000.0,74000.0,4042.0456498385915
7287040000,252021239,bhs,2016,Dudley,INDUSTRIAL_GENERAL,32000.0,32000.0,932.4516313919637
7287040000,7900719000,bhs,2016,Dudley,INDUSTRIAL_GENERAL,32000.0,32000.0,688.5482477802333
7287040000,245011000,bhs,2016,Dudley,INDUSTRIAL_GENERAL,32000.0,32000.0,576.2401606958324
7302928000,11122420000,body shop,2024,Bradford,INDUSTRIAL_GENERAL,10750.0,10750.0,2857.2305610373232
7302928000,10979219000,body shop,2024,Bradford,INDUSTRIAL_GENERAL,10750.0,10750.0,2656.928232510898
7302928000,8465323000,body shop,2024,Bradford,INDUSTRIAL_GENERAL,10750.0,10750.0,1420.4692785344346
7305295000,166714058,byron,2020,Tower Hamlets,RETAIL_RESTAURANTS_AND_CAFES,110000.0,112000.0,2363.5191045568517
7305295000,13202044000,byron,2020,Tower Hamlets,RETAIL_RESTAURANTS_AND_CAFES,110000.0,103000.0,3670.5079716509704
7305295000,8051702000,byron,2020,Tower Hamlets,RETAIL_RESTAURANTS_AND_CAFES,110000.0,117000.0,878.6382895634134
7321343000,11369138000,arcadia,2020,Chelmsford,RETAIL_OTHER_SUPERSTORES_AND_WAREHOUSES,360000.0,342500.0,1676.5181859679856
7321343000,5232019000,arcadia,2020,Chelmsford,RETAIL_OTHER_SUPERSTORES_AND_WAREHOUSES,360000.0,322500.0,505.97733296587177
7321343000,865117022,arcadia,2020,Chelmsford,RETAIL_OTHER_SUPERSTORES_AND_WAREHOUSES,360000.0,420000.0,1311.0688447047603
7338375000,3425993000,prezzo,2018,South Oxfordshire,RETAIL_RESTAURANTS_AND_CAFES,43250.0,43000.0,11136.910764135258
7338375000,508863163,prezzo,2018,South Oxfordshire,RETAIL_RESTAURANTS_AND_CAFES,43250.0,43500.0,8031.315712241108
7338375000,7484402000,prezzo,2018,South Oxfordshire,RETAIL_RESTAURANTS_AND_CAFES,43250.0,44000.0,298.7660782437436
7341616000,165162072,prezzo,2018,Bromley,RETAIL_HIGH_STREET,50000.0,49750.0,2950.0982053106495
7341616000,222225072,prezzo,2018,Bromley,RETAIL_HIGH_STREET,50000.0,49250.0,3642.2725789428737
7341616000,208986072,prezzo,2018,Bromley,RETAIL_HIGH_STREET,50000.0,48750.0,865.1156693370419
7344730000,11028047000,arcadia,2020,Southampton,OFFICE_GENERAL,0.0,215.0,829.8293090612684
7344730000,11688213000,arcadia,2020,Southampton,OFFICE_GENERAL,0.0,250.0,1449.2653736163427
7344730000,10606592000,arcadia,2020,Southampton,OFFICE_GENERAL,0.0,250.0,284.99596904641186
7344732000,10991472000,arcadia,2020,Southampton,OFFICE_GENERAL,0.0,270.0,438.0205776016062
7344732000,8812106000,arcadia,2020,Southampton,OFFICE_GENERAL,0.0,330.0,2487.44902495369
7344732000,550526176,arcadia,2020,Southampton,OFFICE_GENERAL,0.0,350.0,2404.4261797864565
7346798000,897107000,wilko,2023,"Bournemouth, Christchurch and Poole",RETAIL_OTHER_SUPERSTORES_AND_WAREHOUSES,163000.0,164000.0,2384.232762596479
7346798000,125741000,wilko,2023,"Bournemouth, Christchurch and Poole",RETAIL_OTHER_SUPERSTORES_AND_WAREHOUSES,163000.0,164000.0,1095.5801017567094
7346798000,315942172,wilko,2023,"Bournemouth, Christchurch and Poole",RETAIL_OTHER_SUPERSTORES_AND_WAREHOUSES,163000.0,159000.0,2751.5951737746723
7348213000,452247000,arcadia,2020,Southampton,OFFICE_GENERAL,0.0,365.0,2045.950115637608
7348213000,9004263000,arcadia,2020,Southampton,OFFICE_GENERAL,0.0,400.0,1848.4711494888784
7348213000,7039884000,arcadia,2020,Southampton,OFFICE_GENERAL,0.0,420.0,360.08752158722166
7348214000,11779272000,arcadia,2020,Southampton,OFFICE_GENERAL,0.0,455.0,581.9776732177578
7348214000,7235213000,arcadia,2020,Southampton,OFFICE_GENERAL,0.0,455.0,2489.3775129460996
7348214000,8287144000,arcadia,2020,Southampton,OFFICE_GENERAL,0.0,470.0,445.3323150038796
7349806000,14797224000,cath kidston,2020,"Bournemouth, Christchurch and Poole",RETAIL_HIGH_STREET,98500.0,94000.0,1119.798648666527
7349806000,15045280000,cath kidston,2020,"Bournemouth, Christchurch and Poole",RETAIL_HIGH_STREET,98500.0,94000.0,162.09169513413784
7349806000,6812857000,cath kidston,2020,"Bournemouth, Christchurch and Poole",RETAIL_HIGH_STREET,98500.0,93500.0,592.250095627617
7350425000,12452027000,frankie&bennys,2020,Ashford,RETAIL_RESTAURANTS_AND_CAFES,95000.0,85000.0,8112.543155540919
7350425000,537548145,frankie&bennys,2020,Ashford,RETAIL_RESTAURANTS_AND_CAFES,95000.0,126000.0,1398.993184343494
7350425000,14330164000,frankie&bennys,2020,Ashford,RETAIL_RESTAURANTS_AND_CAFES,95000.0,62000.0,13592.490550931918
7351429000,298723000,byron,2020,Tower Hamlets,RETAIL_RESTAURANTS_AND_CAFES,115000.0,117000.0,831.2997387322392
7351429000,1640558000,byron,2020,Tower Hamlets,RETAIL_RESTAURANTS_AND_CAFES,115000.0,117000.0,263.0687796595341
7351429000,6186086000,byron,2020,Tower Hamlets,RETAIL_RESTAURANTS_AND_CAFES,115000.0,122000.0,917.8437468884995
7355081000,266824244,body shop,2024,Leeds,INDUSTRIAL_GENERAL,10000.0,10000.0,11936.85261523167
7355081000,14104781000,body shop,2024,Leeds,INDUSTRIAL_GENERAL,10000.0,10000.0,5225.397404253773
7355081000,14535259000,body shop,2024,Leeds,INDUSTRIAL_GENERAL,10000.0,10000.0,3222.2098037058904
7365795000,185189000,prezzo,2018,Dorset,RETAIL_HIGH_STREET,29250.0,29250.0,2027.9815398573162
7365795000,293448172,prezzo,2018,Dorset,RETAIL_HIGH_STREET,29250.0,29250.0,33217.33106805799
7365795000,11737150000,prezzo,2018,Dorset,RETAIL_HIGH_STREET,29250.0,29250.0,23653.73448800093
7372354000,8791041000,maplin,2018,Crawley,RETAIL_HIGH_STREET,110000.0,38750.0,2306.340525495429
7372354000,173301141,maplin,2018,Crawley,RETAIL_HIGH_STREET,110000.0,36750.0,1142.707444428078
7372354000,11728636000,maplin,2018,Crawley,RETAIL_HIGH_STREET,110000.0,34500.0,1392.8575515170678
7377584000,14788476000,poundworld,2018,"Bristol, City of",RETAIL_OTHER_SUPERSTORES_AND_WAREHOUSES,173000.0,172000.0,488.449947625476
7377584000,6568796000,poundworld,2018,"Bristol, City of",RETAIL_OTHER_SUPERSTORES_AND_WAREHOUSES,173000.0,170000.0,2834.052128309371
7377584000,1233986000,poundworld,2018,"Bristol, City of",RETAIL_OTHER_SUPERSTORES_AND_WAREHOUSES,173000.0,170000.0,278.67935657613947
7380446000,5250439000,maplin,2018,Cheshire West and Chester,RETAIL_OTHER_SUPERSTORES_AND_WAREHOUSES,88000.0,88500.0,471.7624856759068
7380446000,5202768000,maplin,2018,Cheshire West and Chester,RETAIL_OTHER_SUPERSTORES_AND_WAREHOUSES,88000.0,87000.0,456.47439269253454
7380446000,14908688000,maplin,2018,Cheshire West and Chester,RETAIL_OTHER_SUPERSTORES_AND_WAREHOUSES,88000.0,86000.0,1769.4689583571005
7390490000,6941944000,maplin,2018,Kensington and Chelsea,RETAIL_HIGH_STREET,182000.0,183000.0,858.645072627875
7390490000,11080098000,maplin,2018,Kensington and Chelsea,RETAIL_HIGH_STREET,182000.0,183000.0,824.8393175572319
7390490000,10488057000,maplin,2018,Kensington and Chelsea,RETAIL_HIGH_STREET,182000.0,180000.0,397.4267416843182
7400133000,4534442000,poundworld,2018,Telford and Wrekin,RETAIL_OTHER_SUPERSTORES_AND_WAREHOUSES,86500.0,86000.0,1714.2512556059837
7400133000,163392234,poundworld,2018,Telford and Wrekin,RETAIL_OTHER_SUPERSTORES_AND_WAREHOUSES,86500.0,85500.0,3310.4958044764903
7400133000,252432234,poundworld,2018,Telford and Wrekin,RETAIL_OTHER_SUPERSTORES_AND_WAREHOUSES,86500.0,83000.0,862.8932477352917
7424602000,253042175,arcadia,2020,Fareham,RETAIL_HIGH_STREET,175000.0,142000.0,5980.26322084019
7424602000,73805175,arcadia,2020,Fareham,RETAIL_HIGH_STREET,175000.0,38000.0,6545.956883903178
7424602000,112320175,arcadia,2020,Fareham,RETAIL_HIGH_STREET,175000.0,37750.0,3717.2033579281765
7427938000,7014800000,wilko,2023,Sevenoaks,RETAIL_OTHER_SUPERSTORES_AND_WAREHOUSES,50000.0,50000.0,7213.30021986993
7427938000,94900148,wilko,2023,Sevenoaks,RETAIL_OTHER_SUPERSTORES_AND_WAREHOUSES,50000.0,49000.0,9223.515792218595
7427938000,12833795000,wilko,2023,Sevenoaks,RETAIL_OTHER_SUPERSTORES_AND_WAREHOUSES,50000.0,52500.0,7213.30021986993
7431105000,8887366000,carluccios,2020,Milton Keynes,RETAIL_RESTAURANTS_AND_CAFES,101000.0,100000.0,4152.581254016484
7431105000,14583735000,carluccios,2020,Milton Keynes,RETAIL_RESTAURANTS_AND_CAFES,101000.0,100000.0,929.5054582981181
7431105000,7250242000,carluccios,2020,Milton Keynes,RETAIL_RESTAURANTS_AND_CAFES,101000.0,105000.0,277.684905740789
7432166000,13161118000,body shop,2024,Southwark,OFFICE_GENERAL,585000.0,585000.0,362.01183702925016
7432166000,8405691000,body shop,2024,Southwark,OFFICE_GENERAL,585000.0,580000.0,258.59365816005294
7432166000,14607949000,body shop,2024,Southwark,OFFICE_GENERAL,585000.0,580000.0,301.449956255943
7461652000,6488818000,debenhams,2020,York,RETAIL_OTHER_SUPERSTORES_AND_WAREHOUSES,595000.0,236000.0,493.7955881111046
7461652000,2530071000,debenhams,2020,York,RETAIL_OTHER_SUPERSTORES_AND_WAREHOUSES,595000.0,228000.0,482.71119188689374
7461652000,1739027000,debenhams,2020,York,RETAIL_OTHER_SUPERSTORES_AND_WAREHOUSES,595000.0,222000.0,482.71119188689374
7463568000,234624241,toys r us,2018,Bradford,RETAIL_OTHER_SUPERSTORES_AND_WAREHOUSES,169000.0,168000.0,305.649455502631
7463568000,6501113000,toys r us,2018,Bradford,RETAIL_OTHER_SUPERSTORES_AND_WAREHOUSES,169000.0,170000.0,2148.6934715247494
7463568000,11316735000,toys r us,2018,Bradford,RETAIL_OTHER_SUPERSTORES_AND_WAREHOUSES,169000.0,167000.0,1256.3863357489433
7468000000,7458712000,paperchase,2023,Camden,OFFICE_GENERAL,193000.0,192000.0,267.5260997803471
7468000000,9093363000,paperchase,2023,Camden,OFFICE_GENERAL,193000.0,192000.0,232.25609064891262
7468000000,1224009000,paperchase,2023,Camden,OFFICE_GENERAL,193000.0,192000.0,412.48459499914924
7472829000,1312353000,paperchase,2023,City of London,RETAIL_HIGH_STREET,197000.0,202000.0,174.72769838687827
7472829000,14975332000,paperchase,2023,City of London,RETAIL_HIGH_STREET,197000.0,191000.0,220.08677776435323
7472829000,6203520000,paperchase,2023,City of London,RETAIL_HIGH_STREET,197000.0,189000.0,157.019440246151
7487018000,10593005000,thomas cook,2019,Dorset,RETAIL_HIGH_STREET,22000.0,22000.0,26346.343252198367
7487018000,151466173,thomas cook,2019,Dorset,RETAIL_HIGH_STREET,22000.0,22000.0,22833.4173124882
7487018000,6335575000,thomas cook,2019,Dorset,RETAIL_HIGH_STREET,22000.0,22000.0,155.03122557082693
7493882000,3019680000,wilko,2023,"Bournemouth, Christchurch and Poole",RETAIL_OTHER_SUPERSTORES_AND_WAREHOUSES,277500.0,285000.0,483.87683921805666
7493882000,185629172,wilko,2023,"Bournemouth, Christchurch and Poole",RETAIL_OTHER_SUPERSTORES_AND_WAREHOUSES,277500.0,267500.0,2194.7522980625226
7493882000,3495708000,wilko,2023,"Bournemouth, Christchurch and Poole",RETAIL_OTHER_SUPERSTORES_AND_WAREHOUSES,277500.0,287500.0,272.6792766419405
7525793000,11304228000,maplin,2018,Buckinghamshire,RETAIL_OTHER_SUPERSTORES_AND_WAREHOUSES,104000.0,104000.0,3465.825852411982
7525793000,472319162,maplin,2018,Buckinghamshire,RETAIL_OTHER_SUPERSTORES_AND_WAREHOUSES,104000.0,107000.0,10257.661314924637
7525793000,134753162,maplin,2018,Buckinghamshire,RETAIL_OTHER_SUPERSTORES_AND_WAREHOUSES,104000.0,98500.0,10770.342297608378
7532355000,14105940000,arcadia,2020,Buckinghamshire,RETAIL_HIGH_STREET,300000.0,87000.0,190.0265501920873
7532355000,13236594000,arcadia,2020,Buckinghamshire,RETAIL_HIGH_STREET,300000.0,87000.0,190.0265501920873
7532355000,535454162,arcadia,2020,Buckinghamshire,RETAIL_HIGH_STREET,300000.0,80000.0,7027.450577438729
7532610000,6991535000,frankie&bennys,2020,Cardiff,RETAIL_RESTAURANTS_AND_CAFES,99000.0,99500.0,1727.6233564247384
7532610000,7699391000,frankie&bennys,2020,Cardiff,RETAIL_RESTAURANTS_AND_CAFES,99000.0,98000.0,923.5641939561589
7532610000,164455192,frankie&bennys,2020,Cardiff,RETAIL_RESTAURANTS_AND_CAFES,99000.0,100000.0,4101.610725594647
7554306000,8901960000,wilko,2023,Wiltshire,RETAIL_OTHER_SUPERSTORES_AND_WAREHOUSES,202000.0,199000.0,6167.547652813391
7554306000,10454067000,wilko,2023,Wiltshire,RETAIL_OTHER_SUPERSTORES_AND_WAREHOUSES,202000.0,206000.0,2341.4481640298486
7554306000,7593014000,wilko,2023,Wiltshire,RETAIL_OTHER_SUPERSTORES_AND_WAREHOUSES,202000.0,197000.0,5649.199345805254
7560851000,8472267000,chiquito,2020,Peterborough,RETAIL_RESTAURANTS_AND_CAFES,92500.0,92000.0,356.19900257512296
7560851000,14402215000,chiquito,2020,Peterborough,RETAIL_RESTAURANTS_AND_CAFES,92500.0,93000.0,4108.96736196103
7560851000,10397413000,chiquito,2020,Peterborough,RETAIL_RESTAURANTS_AND_CAFES,92500.0,93000.0,356.19900257512296
7560864000,176903016,frankie&bennys,2020,Peterborough,RETAIL_RESTAURANTS_AND_CAFES,90500.0,90600.0,1737.0747038459754
7560864000,14934943000,frankie&bennys,2020,Peterborough,RETAIL_RESTAURANTS_AND_CAFES,90500.0,93500.0,1013.3776514054492
7560864000,727399000,frankie&bennys,2020,Peterborough,RETAIL_RESTAURANTS_AND_CAFES,90500.0,95000.0,184.63341034116291
7582019000,14485897000,maplin,2018,Rugby,RETAIL_OTHER_SUPERSTORES_AND_WAREHOUSES,62500.0,59500.0,10767.933177159513
7582019000,9142232000,maplin,2018,Rugby,RETAIL_OTHER_SUPERSTORES_AND_WAREHOUSES,62500.0,66500.0,8372.81525660096
7582019000,2923084000,maplin,2018,Rugby,RETAIL_OTHER_SUPERSTORES_AND_WAREHOUSES,62500.0,49750.0,10767.933177159513
7583618000,7801644000,wilko,2023,Reading,RETAIL_OTHER_SUPERSTORES_AND_WAREHOUSES,172000.0,170000.0,2589.874899037504
7583618000,7177210000,wilko,2023,Reading,RETAIL_OTHER_SUPERSTORES_AND_WAREHOUSES,172000.0,170000.0,977.2156442778369
7583618000,12304756000,wilko,2023,Reading,RETAIL_OTHER_SUPERSTORES_AND_WAREHOUSES,172000.0,174000.0,930.9748141504556
7586403000,245619141,chiquito,2020,Crawley,RETAIL_RESTAURANTS_AND_CAFES,106000.0,114000.0,2318.6724841119785
7586403000,12880837000,chiquito,2020,Crawley,RETAIL_RESTAURANTS_AND_CAFES,106000.0,82000.0,3286.292239176281
7586403000,2362533000,chiquito,2020,Crawley,RETAIL_RESTAURANTS_AND_CAFES,106000.0,79700.0,3336.205878778514
7599135000,649236082,byron,2020,Kensington and Chelsea,RETAIL_RESTAURANTS_AND_CAFES,127000.0,127000.0,1329.1684497295619
7599135000,13559843000,byron,2020,Kensington and Chelsea,RETAIL_RESTAURANTS_AND_CAFES,127000.0,127000.0,776.0479167802225
7599135000,11052539000,byron,2020,Kensington and Chelsea,RETAIL_RESTAURANTS_AND_CAFES,127000.0,127500.0,1083.715481070938
7610614000,5992716000,mothercare,2019,Wiltshire,RETAIL_OTHER_SUPERSTORES_AND_WAREHOUSES,106000.0,107000.0,1853.8583903296371
7610614000,12583401000,mothercare,2019,Wiltshire,RETAIL_OTHER_SUPERSTORES_AND_WAREHOUSES,106000.0,103000.0,7678.747863011967
7610614000,11039806000,mothercare,2019,Wiltshire,RETAIL_OTHER_SUPERSTORES_AND_WAREHOUSES,106000.0,109000.0,4527.260981107252
7625550000,236115141,cath kidston,2020,Brighton and Hove,RETAIL_HIGH_STREET,43000.0,43000.0,231.01825169037858
7625550000,11141536000,cath kidston,2020,Brighton and Hove,RETAIL_HIGH_STREET,43000.0,43000.0,2178.7437906142327
7625550000,9042120000,cath kidston,2020,Brighton and Hove,RETAIL_HIGH_STREET,43000.0,43000.0,740.041660471878
7626093000,13605730000,arcadia,2020,West Northamptonshire,RETAIL_HIGH_STREET,36750.0,37750.0,2208.8485092344945
7626093000,3437045,arcadia,2020,West Northamptonshire,RETAIL_HIGH_STREET,36750.0,38250.0,2071.280548857134
7626093000,204299045,arcadia,2020,West Northamptonshire,RETAIL_HIGH_STREET,36750.0,38750.0,16167.5342153115
7626150000,210941045,arcadia,2020,West Northamptonshire,RETAIL_HIGH_STREET,38750.0,38750.0,2208.8485092344945
7626150000,13184046000,arcadia,2020,West Northamptonshire,RETAIL_HIGH_STREET,38750.0,38750.0,26690.21139475565
7626150000,9434038000,arcadia,2020,West Northamptonshire,RETAIL_HIGH_STREET,38750.0,39000.0,10146.265398715006
7630264000,7892227000,arcadia,2020,Ashford,OTHER_PUBLIC,510000.0,550000.0,782.4623580112199
7630264000,222224148,arcadia,2020,Ashford,OTHER_PUBLIC,510000.0,405000.0,1679.2563967217518
7630264000,10272161000,arcadia,2020,Ashford,OTHER_PUBLIC,510000.0,350000.0,2391.6121101626354
7633833000,10496441000,bella italia,2020,Coventry,RETAIL_RESTAURANTS_AND_CAFES,27750.0,27750.0,2546.374390158891
7633833000,11000802000,bella italia,2020,Coventry,RETAIL_RESTAURANTS_AND_CAFES,27750.0,27500.0,2918.222788782244
7633833000,13571502000,bella italia,2020,Coventry,RETAIL_RESTAURANTS_AND_CAFES,27750.0,28000.0,325.32557262583197
7635902000,7635910000,maplin,2018,Blackpool,RETAIL_OTHER_SUPERSTORES_AND_WAREHOUSES,132000.0,132000.0,4572.7659252511185
7635902000,8986146000,maplin,2018,Blackpool,RETAIL_OTHER_SUPERSTORES_AND_WAREHOUSES,132000.0,123000.0,2625.0297213679514
7635902000,254767125,maplin,2018,Blackpool,RETAIL_OTHER_SUPERSTORES_AND_WAREHOUSES,132000.0,141000.0,3366.5543203544767
7651632000,9344263000,arcadia,2020,Colchester,RETAIL_OTHER_SUPERSTORES_AND_WAREHOUSES,450000.0,455000.0,9491.23925845945
7651632000,11658552000,arcadia,2020,Colchester,RETAIL_OTHER_SUPERSTORES_AND_WAREHOUSES,450000.0,460000.0,2022.4311794473647
7651632000,10733782000,arcadia,2020,Colchester,RETAIL_OTHER_SUPERSTORES_AND_WAREHOUSES,450000.0,430000.0,2895.616095425118
7660782000,246494141,debenhams,2020,Brighton and Hove,RETAIL_OTHER_SUPERSTORES_AND_WAREHOUSES,930000.0,985000.0,1053.6350698204337
7660782000,236237141,debenhams,2020,Brighton and Hove,RETAIL_OTHER_SUPERSTORES_AND_WAREHOUSES,930000.0,990000.0,1844.3900999124498
7660782000,10662640000,debenhams,2020,Brighton and Hove,RETAIL_OTHER_SUPERSTORES_AND_WAREHOUSES,930000.0,860000.0,1053.6350698204337
7666911000,8948009000,arcadia,2020,Warwick,RETAIL_OTHER_SUPERSTORES_AND_WAREHOUSES,241000.0,215000.0,1208.7738871026781
7666911000,3415264000,arcadia,2020,Warwick,RETAIL_OTHER_SUPERSTORES_AND_WAREHOUSES,241000.0,215000.0,5570.6368166731045
7666911000,2376119000,arcadia,2020,Warwick,RETAIL_OTHER_SUPERSTORES_AND_WAREHOUSES,241000.0,200000.0,379.67548217562484
7667503000,6338219000,debenhams,2020,Warwick,RETAIL_OTHER_SUPERSTORES_AND_WAREHOUSES,730000.0,760000.0,156.68234452074978
7667503000,8788982000,debenhams,2020,Warwick,RETAIL_OTHER_SUPERSTORES_AND_WAREHOUSES,730000.0,555000.0,185.62732077776087
7667503000,11293940000,debenhams,2020,Warwick,RETAIL_OTHER_SUPERSTORES_AND_WAREHOUSES,730000.0,920000.0,3146.829765777624
7673106000,358825094,maplin,2018,Sunderland,RETAIL_HIGH_STREET,183000.0,42500.0,225.8052944916147
7673106000,14269905000,maplin,2018,Sunderland,RETAIL_HIGH_STREET,183000.0,41750.0,1310.9042896877054
7673106000,13119949000,maplin,2018,Sunderland,RETAIL_HIGH_STREET,183000.0,41500.0,2237.649513796763
7675816000,9841572000,arcadia,2020,Hammersmith and Fulham,OTHER_COMMERCIAL,1750.0,1750.0,698.7172211716107
7675816000,9841579000,arcadia,2020,Hammersmith and Fulham,OTHER_COMMERCIAL,1750.0,1750.0,698.7172211716107
7675816000,9841574000,arcadia,2020,Hammersmith and Fulham,OTHER_COMMERCIAL,1750.0,1750.0,698.7172211716107
7693479000,14652091000,cath kidston,2020,Canterbury,RETAIL_HIGH_STREET,153000.0,57000.0,219.47272175691418
7693479000,8786758000,cath kidston,2020,Canterbury,RETAIL_HIGH_STREET,153000.0,53000.0,1062.2128146429407
7693479000,9029770000,cath kidston,2020,Canterbury,RETAIL_HIGH_STREET,153000.0,51500.0,394.83890246695506
7694574000,526969176,maplin,2018,Wiltshire,RETAIL_OTHER_SUPERSTORES_AND_WAREHOUSES,99500.0,100000.0,165.97846672281162
7694574000,526970176,maplin,2018,Wiltshire,RETAIL_OTHER_SUPERSTORES_AND_WAREHOUSES,99500.0,96000.0,165.97846672281162
7694574000,5295986000,maplin,2018,Wiltshire,RETAIL_OTHER_SUPERSTORES_AND_WAREHOUSES,99500.0,95500.0,305.72674471262184
7702040000,10805536000,strada,2018,Wiltshire,RETAIL_RESTAURANTS_AND_CAFES,13500.0,13500.0,5702.356121083009
7702040000,278382216,strada,2018,Wiltshire,RETAIL_RESTAURANTS_AND_CAFES,13500.0,13500.0,217.9243829098781
7702040000,248873216,strada,2018,Wiltshire,RETAIL_RESTAURANTS_AND_CAFES,13500.0,13500.0,714.0681032720777
7706638000,263216037,poundworld,2018,Nottingham,RETAIL_OTHER_SUPERSTORES_AND_WAREHOUSES,55500.0,55000.0,2748.933348899598
7706638000,6861439000,poundworld,2018,Nottingham,RETAIL_OTHER_SUPERSTORES_AND_WAREHOUSES,55500.0,57000.0,162.2344568393904
7706638000,326350037,poundworld,2018,Nottingham,RETAIL_OTHER_SUPERSTORES_AND_WAREHOUSES,55500.0,57000.0,2628.732327055423
7711609000,6207184000,maplin,2018,City of London,RETAIL_HIGH_STREET,312500.0,320000.0,165.03870831816718
7711609000,304448000,maplin,2018,City of London,RETAIL_HIGH_STREET,312500.0,300000.0,185.10260662712304
7711609000,8024009000,maplin,2018,City of London,RETAIL_HIGH_STREET,312500.0,330000.0,153.77695239298427
7738947000,7165313000,prezzo,2018,Plymouth,RETAIL_RESTAURANTS_AND_CAFES,28250.0,28250.0,1761.423749922975
7738947000,12829572000,prezzo,2018,Plymouth,RETAIL_RESTAURANTS_AND_CAFES,28250.0,28250.0,4765.021528609055
7738947000,8253135000,prezzo,2018,Plymouth,RETAIL_RESTAURANTS_AND_CAFES,28250.0,27800.0,2534.1891127623685
7754179000,8206360000,thomas cook,2019,Torbay,RETAIL_HIGH_STREET,48000.0,49250.0,7496.482956097029
7754179000,5163001000,thomas cook,2019,Torbay,RETAIL_HIGH_STREET,48000.0,46000.0,7412.287136638393
7754179000,8298842000,thomas cook,2019,Torbay,RETAIL_HIGH_STREET,48000.0,51000.0,1283.7460011129047
7754183000,212540182,thomas cook,2019,Torbay,OTHER_COMMERCIAL,11250.0,11500.0,4031.191251379119
7754183000,212845182,thomas cook,2019,Torbay,OTHER_COMMERCIAL,11250.0,11500.0,4242.041575955754
7754183000,172183182,thomas cook,2019,Torbay,OTHER_COMMERCIAL,11250.0,10750.0,155.02798544017736
7772368000,14373079000,paperchase,2023,City of London,RETAIL_HIGH_STREET,5300.0,5300.0,202.30685489764102
7772368000,9178118000,paperchase,2023,City of London,RETAIL_HIGH_STREET,5300.0,5300.0,183.16152301521905
7772368000,11299549000,paperchase,2023,City of London,RETAIL_HIGH_STREET,5300.0,5300.0,288.91232856067495
7780067000,13017419000,bhs,2016,Swindon,RETAIL_OTHER_SUPERSTORES_AND_WAREHOUSES,555000.0,437500.0,3377.459284826356
7780067000,9815896000,bhs,2016,Swindon,RETAIL_OTHER_SUPERSTORES_AND_WAREHOUSES,555000.0,432500.0,872.8041476927904
7780067000,13976528000,bhs,2016,Swindon,RETAIL_OTHER_SUPERSTORES_AND_WAREHOUSES,555000.0,422500.0,558.0149515327281
7783990000,13119883000,poundworld,2018,Sunderland,RETAIL_HIGH_STREET,232000.0,41500.0,2237.649513796763
7783990000,2806792000,poundworld,2018,Sunderland,RETAIL_HIGH_STREET,232000.0,41500.0,7263.0592565529905
7783990000,1554227000,poundworld,2018,Sunderland,RETAIL_HIGH_STREET,232000.0,41250.0,225.8052944916147
7784032000,10674787000,arcadia,2020,Birmingham,RETAIL_HIGH_STREET,26750.0,26750.0,2649.080684086794
7784032000,445074221,arcadia,2020,Birmingham,RETAIL_HIGH_STREET,26750.0,26750.0,4460.378640385127
7784032000,10670247000,arcadia,2020,Birmingham,RETAIL_HIGH_STREET,26750.0,26750.0,2649.080684086794
7785162000,1592444000,debenhams,2020,North Yorkshire,WAREHOUSING_LARGE_SCALE_AND_HIGH_BAY,2620000.0,2070000.0,9582.703238350505
7785162000,430412105,debenhams,2020,North Yorkshire,WAREHOUSING_LARGE_SCALE_AND_HIGH_BAY,2620000.0,1750000.0,13656.048849056464
7785162000,4459336000,debenhams,2020,North Yorkshire,WAREHOUSING_LARGE_SCALE_AND_HIGH_BAY,2620000.0,1370000.0,10470.286973779917
7793687000,420505221,bhs,2016,Birmingham,INDUSTRIAL_GENERAL,4400.0,4400.0,1693.4280808708581
7793687000,6330484000,bhs,2016,Birmingham,INDUSTRIAL_GENERAL,4400.0,4400.0,2788.2659983319645
7793687000,1240686000,bhs,2016,Birmingham,INDUSTRIAL_GENERAL,4400.0,4400.0,1205.635344509919
7798339000,11789841000,wilko,2023,Somerset,RETAIL_OTHER_SUPERSTORES_AND_WAREHOUSES,252500.0,252500.0,527.7911564540302
7798339000,4666525000,wilko,2023,Somerset,RETAIL_OTHER_SUPERSTORES_AND_WAREHOUSES,252500.0,250000.0,15653.058397264838
7798339000,9254390000,wilko,2023,Somerset,RETAIL_OTHER_SUPERSTORES_AND_WAREHOUSES,252500.0,250000.0,403.7019353863051
7799082000,10290061000,debenhams,2020,Fareham,RETAIL_OTHER_SUPERSTORES_AND_WAREHOUSES,282500.0,310000.0,1700.2199286504062
7799082000,10698713000,debenhams,2020,Fareham,RETAIL_OTHER_SUPERSTORES_AND_WAREHOUSES,282500.0,240000.0,5555.46227555894
7799082000,203033175,debenhams,2020,Fareham,RETAIL_OTHER_SUPERSTORES_AND_WAREHOUSES,282500.0,238000.0,5555.46227555894
7801174000,4323611000,wilko,2023,Warwick,RETAIL_OTHER_SUPERSTORES_AND_WAREHOUSES,97000.0,95500.0,417.2071865519215
7801174000,4317312000,wilko,2023,Warwick,RETAIL_OTHER_SUPERSTORES_AND_WAREHOUSES,97000.0,103000.0,554.3945246829093
7801174000,9970973000,wilko,2023,Warwick,RETAIL_OTHER_SUPERSTORES_AND_WAREHOUSES,97000.0,114000.0,554.3945246829093
7812724000,14322087000,maplin,2018,Cardiff,RETAIL_HIGH_STREET,103000.0,74000.0,3597.152231121855
7812724000,160014192,maplin,2018,Cardiff,RETAIL_HIGH_STREET,103000.0,73000.0,1209.002930053927
7812724000,7991825000,maplin,2018,Cardiff,RETAIL_HIGH_STREET,103000.0,73000.0,1131.9564214968143
7819235000,153650172,body shop,2024,Dorset,INDUSTRIAL_GENERAL,7200.0,7200.0,38413.59338967963
7819235000,12844739000,body shop,2024,Dorset,INDUSTRIAL_GENERAL,7200.0,7200.0,4954.932909831935
7819235000,10959977000,body shop,2024,Dorset,INDUSTRIAL_GENERAL,7200.0,7200.0,27592.762466433855
7823720000,13971949000,chiquito,2020,South Gloucestershire,RETAIL_RESTAURANTS_AND_CAFES,99500.0,107000.0,2865.341841151063
7823720000,3197536000,chiquito,2020,South Gloucestershire,RETAIL_RESTAURANTS_AND_CAFES,99500.0,108000.0,1952.6415662866546
7823720000,12950348000,chiquito,2020,South Gloucestershire,RETAIL_RESTAURANTS_AND_CAFES,99500.0,109000.0,2201.4339502685107
7828255000,576865000,body shop,2024,Dudley,INDUSTRIAL_GENERAL,4500.0,4500.0,1897.644194301066
7828255000,261257239,body shop,2024,Dudley,INDUSTRIAL_GENERAL,4500.0,4500.0,1789.9303513990217
7828255000,6168304000,body shop,2024,Dudley,INDUSTRIAL_GENERAL,4500.0,4500.0,1696.1174852562285
7848286000,3152352000,carluccios,2020,Nottingham,RETAIL_RESTAURANTS_AND_CAFES,63000.0,62000.0,671.0971374260757
7848286000,5183841000,carluccios,2020,Nottingham,RETAIL_RESTAURANTS_AND_CAFES,63000.0,61500.0,163.48910409800138
7848286000,11336355000,carluccios,2020,Nottingham,RETAIL_RESTAURANTS_AND_CAFES,63000.0,64500.0,2611.391260845683
7854940000,14864775000,arcadia,2020,North Northamptonshire,OFFICE_GENERAL,5000.0,5000.0,544.1171080357606
7854940000,212672045,arcadia,2020,North Northamptonshire,OFFICE_GENERAL,5000.0,5000.0,3135.448505664443
7854940000,7854940000,arcadia,2020,North Northamptonshire,OFFICE_GENERAL,5000.0,5000.0,6746.47487741014
7861947000,309313244,carluccios,2020,Leeds,RETAIL_RESTAURANTS_AND_CAFES,85000.0,86000.0,2581.5065238408065
7861947000,10194894000,carluccios,2020,Leeds,RETAIL_RESTAURANTS_AND_CAFES,85000.0,83500.0,215.54615367306315
7861947000,11730660000,carluccios,2020,Leeds,RETAIL_RESTAURANTS_AND_CAFES,85000.0,83000.0,3088.03553406596
7893372000,5809037000,arcadia,2020,Cambridge,RETAIL_HIGH_STREET,181000.0,68000.0,297.2953483550341
7893372000,10333610000,arcadia,2020,Cambridge,RETAIL_HIGH_STREET,181000.0,67500.0,2082.240033999427
7893372000,112872012,arcadia,2020,Cambridge,RETAIL_HIGH_STREET,181000.0,62000.0,163.210260801858
7897250000,14072619000,cath kidston,2020,Cambridge,RETAIL_HIGH_STREET,218000.0,62000.0,1096.3227202357318
7897250000,10071262000,cath kidston,2020,Cambridge,RETAIL_HIGH_STREET,218000.0,53500.0,627.1555282080863
7897250000,14813844000,cath kidston,2020,Cambridge,RETAIL_HIGH_STREET,218000.0,51500.0,1269.937251477038
7898503000,3923914000,poundworld,2018,Stockton-on-Tees,RETAIL_OTHER_SUPERSTORES_AND_WAREHOUSES,124000.0,124000.0,4738.4158093290625
7898503000,3521020000,poundworld,2018,Stockton-on-Tees,RETAIL_OTHER_SUPERSTORES_AND_WAREHOUSES,124000.0,124000.0,216.32603107986196
7898503000,12592443000,poundworld,2018,Stockton-on-Tees,RETAIL_OTHER_SUPERSTORES_AND_WAREHOUSES,124000.0,126000.0,2221.4195360918284
7900955000,7310407000,maplin,2018,Gloucester,RETAIL_OTHER_SUPERSTORES_AND_WAREHOUSES,75000.0,71500.0,588.0389626712058
7900955000,6639239000,maplin,2018,Gloucester,RETAIL_OTHER_SUPERSTORES_AND_WAREHOUSES,75000.0,78500.0,531.3989374988047
7900955000,2990288000,maplin,2018,Gloucester,RETAIL_OTHER_SUPERSTORES_AND_WAREHOUSES,75000.0,86000.0,2376.360421886864
7906804000,3554266000,arcadia,2020,Southampton,OFFICE_GENERAL,0.0,520.0,717.4229873885009
7906804000,10855639000,arcadia,2020,Southampton,OFFICE_GENERAL,0.0,520.0,412.1186508600094
7906804000,14455907000,arcadia,2020,Southampton,OFFICE_GENERAL,0.0,540.0,2118.984375544339
7908266000,8967577000,arcadia,2020,Guildford,RETAIL_OTHER_SUPERSTORES_AND_WAREHOUSES,485000.0,480000.0,1315.1103703492092
7908266000,1727664000,arcadia,2020,Guildford,RETAIL_OTHER_SUPERSTORES_AND_WAREHOUSES,485000.0,475000.0,1315.1103703492092
7908266000,1727668000,arcadia,2020,Guildford,RETAIL_OTHER_SUPERSTORES_AND_WAREHOUSES,485000.0,462500.0,1315.1103703492092
7939095000,10002054000,maplin,2018,Tower Hamlets,RETAIL_HIGH_STREET,154000.0,152000.0,1394.214980509736
7939095000,14476852000,maplin,2018,Tower Hamlets,RETAIL_HIGH_STREET,154000.0,156000.0,451.1885484470599
7939095000,14015584000,maplin,2018,Tower Hamlets,RETAIL_HIGH_STREET,154000.0,157000.0,657.8842930837601
7942465000,283620094,thomas cook,2019,Sunderland,RETAIL_HIGH_STREET,13500.0,13500.0,1847.165167434327
7942465000,6000725000,thomas cook,2019,Sunderland,RETAIL_HIGH_STREET,13500.0,13500.0,1745.128087543879
7942465000,303876094,thomas cook,2019,Sunderland,RETAIL_HIGH_STREET,13500.0,13500.0,2437.3787223486092
7955407000,9499198000,homebase,2024,Cheshire West and Chester,RETAIL_OTHER_SUPERSTORES_AND_WAREHOUSES,695000.0,780000.0,396.3781990939521
7955407000,11772062000,homebase,2024,Cheshire West and Chester,RETAIL_OTHER_SUPERSTORES_AND_WAREHOUSES,695000.0,605000.0,187.29926691910583
7955407000,7800306000,homebase,2024,Cheshire West and Chester,RETAIL_OTHER_SUPERSTORES_AND_WAREHOUSES,695000.0,795000.0,500.7607079319121
7957324000,3099983000,arcadia,2020,Cheshire West and Chester,OFFICE_GENERAL,5900.0,5900.0,152.55521526780933
7957324000,7392016000,arcadia,2020,Cheshire West and Chester,OFFICE_GENERAL,5900.0,5900.0,6163.142787174235
7957324000,2694534000,arcadia,2020,Cheshire West and Chester,OFFICE_GENERAL,5900.0,5900.0,7036.132476800681
7967570000,7004863000,arcadia,2020,Wiltshire,RETAIL_HIGH_STREET,300000.0,188000.0,279.8562146127997
7967570000,1217261000,arcadia,2020,Wiltshire,RETAIL_HIGH_STREET,300000.0,138000.0,23317.976207257212
7967570000,572979216,arcadia,2020,Wiltshire,RETAIL_HIGH_STREET,300000.0,122000.0,4359.701740021832
7972313000,108677000,mothercare,2019,Isle of Wight,RETAIL_OTHER_SUPERSTORES_AND_WAREHOUSES,85500.0,89000.0,1583.3541858128456
7972313000,17841178,mothercare,2019,Isle of Wight,RETAIL_OTHER_SUPERSTORES_AND_WAREHOUSES,85500.0,99000.0,177.27122281843629
7972313000,7972314000,mothercare,2019,Isle of Wight,RETAIL_OTHER_SUPERSTORES_AND_WAREHOUSES,85500.0,106000.0,1583.3541858128456
7994137000,389142000,body shop,2024,West Northamptonshire,INDUSTRIAL_GENERAL,5800.0,5800.0,8503.12802880144
7994137000,13879110000,body shop,2024,West Northamptonshire,INDUSTRIAL_GENERAL,5800.0,5800.0,1238.6671247339414
7994137000,7176997000,body shop,2024,West Northamptonshire,INDUSTRIAL_GENERAL,5800.0,5800.0,34040.62773893923
8004010000,2482000,arcadia,2020,Hartlepool,RETAIL_OTHER_SUPERSTORES_AND_WAREHOUSES,327500.0,320000.0,717.6510807570006
8004010000,11727963000,arcadia,2020,Hartlepool,RETAIL_OTHER_SUPERSTORES_AND_WAREHOUSES,327500.0,317500.0,1940.469414084471
8004010000,246853102,arcadia,2020,Hartlepool,RETAIL_OTHER_SUPERSTORES_AND_WAREHOUSES,327500.0,312500.0,1940.469414084471
8004393000,106003063,byron,2020,Camden,RETAIL_RESTAURANTS_AND_CAFES,108000.0,107000.0,169.12325597221795
8004393000,220067063,byron,2020,Camden,RETAIL_RESTAURANTS_AND_CAFES,108000.0,110000.0,179.34497741095447
8004393000,98448063,byron,2020,Camden,RETAIL_RESTAURANTS_AND_CAFES,108000.0,105000.0,827.5658329936533
8015763000,210169239,bella italia,2020,Dudley,RETAIL_RESTAURANTS_AND_CAFES,87500.0,88500.0,1982.0352723964513
8015763000,961327000,bella italia,2020,Dudley,RETAIL_RESTAURANTS_AND_CAFES,87500.0,84000.0,607.8900304234562
8015763000,13463431000,bella italia,2020,Dudley,RETAIL_RESTAURANTS_AND_CAFES,87500.0,83500.0,304.097851469269
8034076000,8361068000,prezzo,2018,Watford,RETAIL_HIGH_STREET,0.0,0.0,1317.1115280436718
8034076000,7003053000,prezzo,2018,Watford,RETAIL_HIGH_STREET,0.0,0.0,445.6261737112053
8034076000,8187386000,prezzo,2018,Watford,RETAIL_HIGH_STREET,0.0,0.0,1317.1115280436718
8035693000,12889894000,prezzo,2018,Braintree,RETAIL_RESTAURANTS_AND_CAFES,86000.0,87500.0,2925.067769585765
8035693000,5320905000,prezzo,2018,Braintree,RETAIL_RESTAURANTS_AND_CAFES,86000.0,83000.0,22638.986879134132
8035693000,3900207000,prezzo,2018,Braintree,RETAIL_RESTAURANTS_AND_CAFES,86000.0,90000.0,224.7378181551569
8041118000,11342102000,body shop,2024,Swindon,RETAIL_HIGH_STREET,56500.0,56500.0,3988.6432908702322
8041118000,3747360000,body shop,2024,Swindon,RETAIL_HIGH_STREET,56500.0,56500.0,3988.6432908702322
8041118000,9993331000,body shop,2024,Swindon,RETAIL_HIGH_STREET,56500.0,57000.0,3047.789253781751
8042735000,8627546000,arcadia,2020,City of London,RETAIL_HIGH_STREET,520000.0,385000.0,186.2268124127805
8042735000,5683524000,arcadia,2020,City of London,RETAIL_HIGH_STREET,520000.0,385000.0,162.6976162793422
8042735000,9127092000,arcadia,2020,City of London,RETAIL_HIGH_STREET,520000.0,257500.0,173.59111007462147
8042767000,9360965000,byron,2020,City of London,RETAIL_RESTAURANTS_AND_CAFES,86500.0,86500.0,349.89761328602873
8042767000,12986460000,byron,2020,City of London,RETAIL_RESTAURANTS_AND_CAFES,86500.0,87000.0,542.4551256801593
8042767000,27953052,byron,2020,City of London,RETAIL_RESTAURANTS_AND_CAFES,86500.0,87500.0,412.2739360440257
8047834000,574931162,prezzo,2018,Milton Keynes,RETAIL_RESTAURANTS_AND_CAFES,74500.0,74500.0,711.5958575861678
8047834000,13127407000,prezzo,2018,Milton Keynes,RETAIL_RESTAURANTS_AND_CAFES,74500.0,75000.0,711.5958575861678
8047834000,6964722000,prezzo,2018,Milton Keynes,RETAIL_RESTAURANTS_AND_CAFES,74500.0,73000.0,245.27670995726098
8051639000,8289977000,wilko,2023,Manchester,RETAIL_OTHER_SUPERSTORES_AND_WAREHOUSES,179000.0,179000.0,4322.8862631550755
8051639000,11716259000,wilko,2023,Manchester,RETAIL_OTHER_SUPERSTORES_AND_WAREHOUSES,179000.0,178000.0,4322.8862631550755
8051639000,8668320000,wilko,2023,Manchester,RETAIL_OTHER_SUPERSTORES_AND_WAREHOUSES,179000.0,180000.0,2032.8340564473644
8076636000,2027820000,cafe rouge,2020,Brighton and Hove,RETAIL_RESTAURANTS_AND_CAFES,52000.0,52000.0,442.6689220087886
8076636000,13529420000,cafe rouge,2020,Brighton and Hove,RETAIL_RESTAURANTS_AND_CAFES,52000.0,51500.0,214.47856236399934
8076636000,236018141,cafe rouge,2020,Brighton and Hove,RETAIL_RESTAURANTS_AND_CAFES,52000.0,51500.0,439.5829473098521
8076657000,103494141,prezzo,2018,Brighton and Hove,RETAIL_RESTAURANTS_AND_CAFES,46750.0,46750.0,1155.4044951293595
8076657000,4143218000,prezzo,2018,Brighton and Hove,RETAIL_RESTAURANTS_AND_CAFES,46750.0,46500.0,692.9098427880856
8076657000,14385921000,prezzo,2018,Brighton and Hove,RETAIL_RESTAURANTS_AND_CAFES,46750.0,47000.0,526.212901551438
8084019000,4091632000,arcadia,2020,Hammersmith and Fulham,INDUSTRIAL_GENERAL,1950.0,1825.0,444.11728505804075
8084019000,335343082,arcadia,2020,Hammersmith and Fulham,INDUSTRIAL_GENERAL,1950.0,1775.0,1627.4999061835742
8084019000,3650224000,arcadia,2020,Hammersmith and Fulham,INDUSTRIAL_GENERAL,1950.0,1700.0,427.4796722589376
8088720000,4022648000,poundworld,2018,Leeds,RETAIL_HIGH_STREET,62500.0,62000.0,13030.380241244779
8088720000,309260244,poundworld,2018,Leeds,RETAIL_HIGH_STREET,62500.0,62000.0,1884.5025526167508
8088720000,11459489000,poundworld,2018,Leeds,RETAIL_HIGH_STREET,62500.0,63000.0,4029.8588897675922
8093262000,13982787000,frankie&bennys,2020,Birmingham,RETAIL_RESTAURANTS_AND_CAFES,98000.0,98000.0,445.3738068799592
8093262000,9558054000,frankie&bennys,2020,Birmingham,RETAIL_RESTAURANTS_AND_CAFES,98000.0,97500.0,515.1058575919219
8093262000,12617935000,frankie&bennys,2020,Birmingham,RETAIL_RESTAURANTS_AND_CAFES,98000.0,98500.0,168.75789540881814
8093787000,10070395000,arcadia,2020,Blackpool,OFFICE_GENERAL,3200.0,3200.0,4895.055334255031
8093787000,7994971000,arcadia,2020,Blackpool,OFFICE_GENERAL,3200.0,3200.0,4734.124337791422
8093787000,8093812000,arcadia,2020,Blackpool,OFFICE_GENERAL,3200.0,3200.0,615.9808248674207
8110506000,449940221,poundworld,2018,Birmingham,RETAIL_HIGH_STREET,46000.0,46000.0,1939.0946185614787
8110506000,575332221,poundworld,2018,Birmingham,RETAIL_HIGH_STREET,46000.0,46000.0,2889.427053961434
8110506000,11316861000,poundworld,2018,Birmingham,RETAIL_HIGH_STREET,46000.0,46000.0,2148.3954091131295
8115942000,1107891000,wilko,2023,Blackpool,RETAIL_OTHER_SUPERSTORES_AND_WAREHOUSES,310000.0,310000.0,3526.943323864176
8115942000,13489900000,wilko,2023,Blackpool,RETAIL_OTHER_SUPERSTORES_AND_WAREHOUSES,310000.0,297500.0,2424.0948324419865
8115942000,11655488000,wilko,2023,Blackpool,RETAIL_OTHER_SUPERSTORES_AND_WAREHOUSES,310000.0,290000.0,2007.4612260148242
8117841000,1129425023,poundworld,2018,Southend-on-Sea,RETAIL_HIGH_STREET,340000.0,41000.0,507.58463134751
8117841000,1869257000,poundworld,2018,Southend-on-Sea,RETAIL_HIGH_STREET,340000.0,40500.0,4648.206908240295
8117841000,1098912023,poundworld,2018,Southend-on-Sea,RETAIL_HIGH_STREET,340000.0,38000.0,378.0466689602916
8124486000,7787683000,toys r us,2018,Chesterfield,RETAIL_OTHER_SUPERSTORES_AND_WAREHOUSES,300000.0,191000.0,2226.442444075733
8124486000,6024225000,toys r us,2018,Chesterfield,RETAIL_OTHER_SUPERSTORES_AND_WAREHOUSES,300000.0,189000.0,4107.295341840633
8124486000,4841178000,toys r us,2018,Chesterfield,RETAIL_OTHER_SUPERSTORES_AND_WAREHOUSES,300000.0,183000.0,663.4023434716914
8138511000,2430056000,maplin,2018,Derby,RETAIL_OTHER_SUPERSTORES_AND_WAREHOUSES,79000.0,78000.0,1983.1069147274172
8138511000,221919042,maplin,2018,Derby,RETAIL_OTHER_SUPERSTORES_AND_WAREHOUSES,79000.0,81000.0,2290.4361311627495
8138511000,264109042,maplin,2018,Derby,RETAIL_OTHER_SUPERSTORES_AND_WAREHOUSES,79000.0,76500.0,588.7705524446783
8139080000,145954173,arcadia,2020,Dorset,RETAIL_HIGH_STREET,83500.0,75000.0,155.19312981529433
8139080000,14995856000,arcadia,2020,Dorset,RETAIL_HIGH_STREET,83500.0,72500.0,33375.313831041676
8139080000,11105797000,arcadia,2020,Dorset,RETAIL_HIGH_STREET,83500.0,70500.0,448.20748901756923
8146033000,10173702000,thomas cook,2019,Maidstone,INDUSTRIAL_GENERAL,11000.0,11000.0,9726.341150821565
8146033000,8146035000,thomas cook,2019,Maidstone,INDUSTRIAL_GENERAL,11000.0,11000.0,4794.019456763268
8146033000,13610896000,thomas cook,2019,Maidstone,INDUSTRIAL_GENERAL,11000.0,11000.0,12190.13208922756
8149364000,12214283000,homebase,2024,Harlow,RETAIL_OTHER_SUPERSTORES_AND_WAREHOUSES,80000.0,82500.0,1020.1231540036694
8149364000,13678046000,homebase,2024,Harlow,RETAIL_OTHER_SUPERSTORES_AND_WAREHOUSES,80000.0,73000.0,1785.7154752215024
8149364000,10301757000,homebase,2024,Harlow,RETAIL_OTHER_SUPERSTORES_AND_WAREHOUSES,80000.0,73000.0,1785.7154752215024
8155181000,5206126000,arcadia,2020,Basingstoke and Deane,RETAIL_HIGH_STREET,287500.0,320000.0,2697.8519886655654
8155181000,5951596000,arcadia,2020,Basingstoke and Deane,RETAIL_HIGH_STREET,287500.0,125000.0,2163.638818621835
8155181000,547455000,arcadia,2020,Basingstoke and Deane,RETAIL_HIGH_STREET,287500.0,51000.0,1713.30622885815
8160499000,14667063,paperchase,2023,Camden,RETAIL_HIGH_STREET,85500.0,85500.0,179.82163152831154
8160499000,14475301000,paperchase,2023,Camden,RETAIL_HIGH_STREET,85500.0,85000.0,151.61056856570997
8160499000,2237522000,paperchase,2023,Camden,RETAIL_HIGH_STREET,85500.0,85000.0,228.36887542226543
8172779000,6657071000,prezzo,2018,Bromley,RETAIL_RESTAURANTS_AND_CAFES,82000.0,82000.0,2897.8497789544062
8172779000,234113072,prezzo,2018,Bromley,RETAIL_RESTAURANTS_AND_CAFES,82000.0,79500.0,2996.737342687443
8172779000,218268072,prezzo,2018,Bromley,RETAIL_RESTAURANTS_AND_CAFES,82000.0,78600.0,2676.2986869083766
8176076000,9166238000,cafe rouge,2020,Coventry,RETAIL_RESTAURANTS_AND_CAFES,53500.0,53000.0,161.14992813745476
8176076000,137914222,cafe rouge,2020,Coventry,RETAIL_RESTAURANTS_AND_CAFES,53500.0,52500.0,3627.766069407654
8176076000,12482573000,cafe rouge,2020,Coventry,RETAIL_RESTAURANTS_AND_CAFES,53500.0,54500.0,335.2216292543919
8178086000,13806768000,byron,2020,Camden,RETAIL_RESTAURANTS_AND_CAFES,106000.0,105000.0,204.49839122608012
8178086000,13701936000,byron,2020,Camden,RETAIL_RESTAURANTS_AND_CAFES,106000.0,104000.0,187.92897720354617
8178086000,6773863000,byron,2020,Camden,RETAIL_RESTAURANTS_AND_CAFES,106000.0,103500.0,840.0270467971472
8178526000,14518208000,arcadia,2020,Thurrock,RETAIL_OTHER_SUPERSTORES_AND_WAREHOUSES,1000000.0,1310000.0,325.31212900568556
8178526000,11301904000,arcadia,2020,Thurrock,RETAIL_OTHER_SUPERSTORES_AND_WAREHOUSES,1000000.0,1380000.0,1687.2692078939551
8178526000,696282022,arcadia,2020,Thurrock,RETAIL_OTHER_SUPERSTORES_AND_WAREHOUSES,1000000.0,65000.0,320.48154409762134
8182617000,6996467000,body shop,2024,West Northamptonshire,INDUSTRIAL_GENERAL,26500.0,26500.0,15138.59103756072
8182617000,11816331000,body shop,2024,West Northamptonshire,INDUSTRIAL_GENERAL,26500.0,26500.0,886.11201734963
8182617000,6173819000,body shop,2024,West Northamptonshire,INDUSTRIAL_GENERAL,26500.0,26500.0,12504.008044869022
8187464000,632006000,prezzo,2018,Camden,RETAIL_RESTAURANTS_AND_CAFES,110000.0,115000.0,191.3884437494
8187464000,14304526000,prezzo,2018,Camden,RETAIL_RESTAURANTS_AND_CAFES,110000.0,115000.0,997.2370131067626
8187464000,12344457000,prezzo,2018,Camden,RETAIL_RESTAURANTS_AND_CAFES,110000.0,117000.0,242.51338740687882
8203969000,14893152000,poundworld,2018,Cardiff,RETAIL_HIGH_STREET,106000.0,72500.0,576.1973757389229
8203969000,8807360000,poundworld,2018,Cardiff,RETAIL_HIGH_STREET,106000.0,70500.0,206.36072381362848
8203969000,171697192,poundworld,2018,Cardiff,RETAIL_HIGH_STREET,106000.0,69500.0,1209.002930053927
8219098000,3029313000,poundworld,2018,Swindon,RETAIL_OTHER_SUPERSTORES_AND_WAREHOUSES,402500.0,400000.0,3871.196142666126
8219098000,9088993000,poundworld,2018,Swindon,RETAIL_OTHER_SUPERSTORES_AND_WAREHOUSES,402500.0,405000.0,3377.459284826356
8219098000,11036627000,poundworld,2018,Swindon,RETAIL_OTHER_SUPERSTORES_AND_WAREHOUSES,402500.0,420000.0,1207.834773789514
8223722000,63205016,arcadia,2020,North Northamptonshire,RETAIL_HIGH_STREET,5300.0,5300.0,15823.002016699063
8223722000,63420016,arcadia,2020,North Northamptonshire,RETAIL_HIGH_STREET,5300.0,5300.0,15770.474286403745
8223722000,165540016,arcadia,2020,North Northamptonshire,RETAIL_HIGH_STREET,5300.0,5300.0,621.8293829312416
8225315000,14428239000,arcadia,2020,Leeds,RETAIL_HIGH_STREET,335000.0,78000.0,11882.666959765362
8225315000,309392244,arcadia,2020,Leeds,RETAIL_HIGH_STREET,335000.0,69000.0,773.7753541166547
8225315000,11140156000,arcadia,2020,Leeds,RETAIL_HIGH_STREET,335000.0,69000.0,1582.818620446322
8235102000,307461244,poundworld,2018,Leeds,RETAIL_RESTAURANTS_AND_CAFES,3000.0,3000.0,584.6096041224831
8235102000,6272268000,poundworld,2018,Leeds,RETAIL_RESTAURANTS_AND_CAFES,3000.0,3000.0,3396.900451947758
8235102000,102832244,poundworld,2018,Leeds,RETAIL_RESTAURANTS_AND_CAFES,3000.0,2950.0,1185.639452821572
8256201000,13266158000,wilko,2023,Norwich,RETAIL_OTHER_SUPERSTORES_AND_WAREHOUSES,357500.0,310000.0,1142.3163550155086
8256201000,228655036,wilko,2023,Norwich,RETAIL_OTHER_SUPERSTORES_AND_WAREHOUSES,357500.0,300000.0,4820.33786404555
8256201000,1258339000,wilko,2023,Norwich,RETAIL_OTHER_SUPERSTORES_AND_WAREHOUSES,357500.0,277500.0,2811.983761144996
8261013000,9144571000,carluccios,2020,Peterborough,RETAIL_RESTAURANTS_AND_CAFES,61000.0,61500.0,3492.889362459841
8261013000,152170016,carluccios,2020,Peterborough,RETAIL_RESTAURANTS_AND_CAFES,61000.0,60000.0,7038.627156560012
8261013000,13101727000,carluccios,2020,Peterborough,RETAIL_RESTAURANTS_AND_CAFES,61000.0,62500.0,9267.70347891554
8272341000,583097221,wilko,2023,Birmingham,RETAIL_OTHER_SUPERSTORES_AND_WAREHOUSES,342500.0,342500.0,197.54098425067696
8272341000,14917114000,wilko,2023,Birmingham,RETAIL_OTHER_SUPERSTORES_AND_WAREHOUSES,342500.0,340000.0,2839.414900436931
8272341000,13026520000,wilko,2023,Birmingham,RETAIL_OTHER_SUPERSTORES_AND_WAREHOUSES,342500.0,340000.0,2370.8335355945196
8275398000,7068733000,chiquito,2020,Ashford,RETAIL_RESTAURANTS_AND_CAFES,111000.0,128000.0,1203.0395958562594
8275398000,320960148,chiquito,2020,Ashford,RETAIL_RESTAURANTS_AND_CAFES,111000.0,61000.0,13377.941637011427
8275398000,11040934000,chiquito,2020,Ashford,RETAIL_RESTAURANTS_AND_CAFES,111000.0,60000.0,1530.140414506946
8276029000,8276029000,arcadia,2020,Maidstone,OTHER_PUBLIC,765000.0,765000.0,4504.60548132561
8276029000,445846000,arcadia,2020,Maidstone,OTHER_PUBLIC,765000.0,750000.0,272.28152511021057
8276029000,9420082000,arcadia,2020,Maidstone,OTHER_PUBLIC,765000.0,725000.0,2881.348246460281
8282438000,12461165000,homebase,2024,"Bournemouth, Christchurch and Poole",RETAIL_OTHER_SUPERSTORES_AND_WAREHOUSES,347500.0,317500.0,740.0762774128937
8282438000,125725000,homebase,2024,"Bournemouth, Christchurch and Poole",RETAIL_OTHER_SUPERSTORES_AND_WAREHOUSES,347500.0,315000.0,1095.5801017567094
8282438000,188910172,homebase,2024,"Bournemouth, Christchurch and Poole",RETAIL_OTHER_SUPERSTORES_AND_WAREHOUSES,347500.0,312500.0,483.87683921805666
8292815000,125570045,homebase,2024,West Northamptonshire,INDUSTRIAL_GENERAL,5000.0,5000.0,17628.802694271748
8292815000,212392045,homebase,2024,West Northamptonshire,INDUSTRIAL_GENERAL,5000.0,5000.0,2150.4856043536365
8292815000,5954833000,homebase,2024,West Northamptonshire,INDUSTRIAL_GENERAL,5000.0,5000.0,17514.39876213816
8304347000,7511759000,prezzo,2018,Crawley,RETAIL_RESTAURANTS_AND_CAFES,54000.0,52200.0,334.98124126297637
8304347000,9625913000,prezzo,2018,Crawley,RETAIL_RESTAURANTS_AND_CAFES,54000.0,56000.0,1263.4180895009365
8304347000,239513141,prezzo,2018,Crawley,RETAIL_RESTAURANTS_AND_CAFES,54000.0,51000.0,1109.4008858797026
8309822000,347072094,wilko,2023,Sunderland,RETAIL_OTHER_SUPERSTORES_AND_WAREHOUSES,280000.0,277500.0,3064.888823996303
8309822000,356116094,wilko,2023,Sunderland,RETAIL_OTHER_SUPERSTORES_AND_WAREHOUSES,280000.0,272500.0,3211.086294803653
8309822000,2820426000,wilko,2023,Sunderland,RETAIL_OTHER_SUPERSTORES_AND_WAREHOUSES,280000.0,290000.0,3211.086294803653
8309967000,13905013000,wilko,2023,Telford and Wrekin,RETAIL_OTHER_SUPERSTORES_AND_WAREHOUSES,193000.0,193000.0,5441.436392973428
8309967000,118918000,wilko,2023,Telford and Wrekin,RETAIL_OTHER_SUPERSTORES_AND_WAREHOUSES,193000.0,196000.0,441.6197474299782
8309967000,14970023000,wilko,2023,Telford and Wrekin,RETAIL_OTHER_SUPERSTORES_AND_WAREHOUSES,193000.0,202000.0,5441.436392973428
8316145000,12415366000,strada,2018,Chesterfield,RETAIL_HIGH_STREET,8200.0,8200.0,1576.255080221335
8316145000,298386033,strada,2018,Chesterfield,RETAIL_HIGH_STREET,8200.0,8100.0,6044.616624284351
8316145000,8300180000,strada,2018,Chesterfield,RETAIL_HIGH_STREET,8200.0,8100.0,5326.537755999292
8330026000,239611036,cafe rouge,2020,Norwich,RETAIL_RESTAURANTS_AND_CAFES,109000.0,109000.0,4907.601291315333
8330026000,10466522000,cafe rouge,2020,Norwich,RETAIL_RESTAURANTS_AND_CAFES,109000.0,117500.0,364.06245343879635
8330026000,9978934000,cafe rouge,2020,Norwich,RETAIL_RESTAURANTS_AND_CAFES,109000.0,93500.0,191.05986680842096
8333059000,11106691000,prezzo,2018,Somerset,RETAIL_HIGH_STREET,85000.0,85000.0,15624.593351110889
8333059000,14849785000,prezzo,2018,Somerset,RETAIL_HIGH_STREET,85000.0,87500.0,11034.420658611663
8333059000,13507426000,prezzo,2018,Somerset,RETAIL_HIGH_STREET,85000.0,81500.0,1407.8280738832711
8335047000,85027045,frankie&bennys,2020,West Northamptonshire,RETAIL_RESTAURANTS_AND_CAFES,93000.0,91500.0,3664.1690793300595
8335047000,12060941000,frankie&bennys,2020,West Northamptonshire,RETAIL_RESTAURANTS_AND_CAFES,93000.0,94500.0,702.1852067288452
8335047000,5744254000,frankie&bennys,2020,West Northamptonshire,RETAIL_RESTAURANTS_AND_CAFES,93000.0,90000.0,4509.54682403508
8340920000,8249950000,maplin,2018,Chesterfield,RETAIL_OTHER_SUPERSTORES_AND_WAREHOUSES,73000.0,72500.0,1588.1729496335229
8340920000,312201033,maplin,2018,Chesterfield,RETAIL_OTHER_SUPERSTORES_AND_WAREHOUSES,73000.0,73500.0,182.97464298687285
8340920000,1545877000,maplin,2018,Chesterfield,RETAIL_OTHER_SUPERSTORES_AND_WAREHOUSES,73000.0,78000.0,2137.501942655582
8343289000,271942186,maplin,2018,Somerset,RETAIL_HIGH_STREET,55000.0,55000.0,11772.390397098112
8343289000,11159524000,maplin,2018,Somerset,RETAIL_HIGH_STREET,55000.0,55000.0,6141.1434863268405
8343289000,145841186,maplin,2018,Somerset,RETAIL_HIGH_STREET,55000.0,55500.0,11121.191617437298
8344226000,10189586000,frankie&bennys,2020,Somerset,RETAIL_HIGH_STREET,121000.0,92500.0,15662.918584942336
8344226000,178632186,frankie&bennys,2020,Somerset,RETAIL_HIGH_STREET,121000.0,91000.0,11121.191617437298
8344226000,1073318000,frankie&bennys,2020,Somerset,RETAIL_HIGH_STREET,121000.0,90000.0,11121.191617437298
8346662000,1970451000,debenhams,2020,Chesterfield,RETAIL_OTHER_SUPERSTORES_AND_WAREHOUSES,565000.0,162000.0,1140.1573258246542
8346662000,3423564000,debenhams,2020,Chesterfield,RETAIL_OTHER_SUPERSTORES_AND_WAREHOUSES,565000.0,160000.0,1947.6889071427133
8346662000,4608517000,debenhams,2020,Chesterfield,RETAIL_OTHER_SUPERSTORES_AND_WAREHOUSES,565000.0,156000.0,178.91740284785425
8385239000,121610045,prezzo,2018,North Northamptonshire,RETAIL_RESTAURANTS_AND_CAFES,33500.0,33000.0,1260.8533713836541
8385239000,178724016,prezzo,2018,North Northamptonshire,RETAIL_RESTAURANTS_AND_CAFES,33500.0,34000.0,8300.574592357285
8385239000,9260277000,prezzo,2018,North Northamptonshire,RETAIL_RESTAURANTS_AND_CAFES,33500.0,32500.0,1298.147337247293
8398388000,14246330000,arcadia,2020,Peterborough,RETAIL_OTHER_SUPERSTORES_AND_WAREHOUSES,270000.0,270000.0,409.23594840422777
8398388000,5853762000,arcadia,2020,Peterborough,RETAIL_OTHER_SUPERSTORES_AND_WAREHOUSES,270000.0,267500.0,1037.5436119900548
8398388000,12479355000,arcadia,2020,Peterborough,RETAIL_OTHER_SUPERSTORES_AND_WAREHOUSES,270000.0,272500.0,909.3956933374955
8404464000,292054094,arcadia,2020,Sunderland,RETAIL_HIGH_STREET,407500.0,41000.0,7280.405897938777
8404464000,5963374000,arcadia,2020,Sunderland,RETAIL_HIGH_STREET,407500.0,40500.0,215.85559485766143
8404464000,14286946000,arcadia,2020,Sunderland,RETAIL_HIGH_STREET,407500.0,40250.0,3292.060217777059
8420372000,12731796000,arcadia,2020,Leeds,RETAIL_OTHER_SUPERSTORES_AND_WAREHOUSES,1250000.0,1260000.0,657.2675265434788
8420372000,11978058000,arcadia,2020,Leeds,RETAIL_OTHER_SUPERSTORES_AND_WAREHOUSES,1250000.0,1230000.0,3214.0714301272837
8420372000,8863696000,arcadia,2020,Leeds,RETAIL_OTHER_SUPERSTORES_AND_WAREHOUSES,1250000.0,1180000.0,3214.0714301272837
8437009000,10189234000,arcadia,2020,Peterborough,RETAIL_HIGH_STREET,495000.0,750000.0,409.23594840422777
8437009000,13256697000,arcadia,2020,Peterborough,RETAIL_HIGH_STREET,495000.0,47750.0,3374.322439121687
8437009000,13256888000,arcadia,2020,Peterborough,RETAIL_HIGH_STREET,495000.0,47250.0,3374.322439121687
8455919000,14205335000,mothercare,2019,Milton Keynes,RETAIL_HIGH_STREET,320000.0,45750.0,402.4896711664599
8455919000,14187152000,mothercare,2019,Milton Keynes,RETAIL_HIGH_STREET,320000.0,45250.0,2167.8435272842667
8455919000,8814589000,mothercare,2019,Milton Keynes,RETAIL_HIGH_STREET,320000.0,42750.0,4812.054970737238
8501696000,195395171,prezzo,2018,Rushmoor,RETAIL_RESTAURANTS_AND_CAFES,61500.0,63500.0,1611.8378943228552
8501696000,10699463000,prezzo,2018,Rushmoor,RETAIL_RESTAURANTS_AND_CAFES,61500.0,51500.0,581.2472938333862
8501696000,10853167000,prezzo,2018,Rushmoor,RETAIL_RESTAURANTS_AND_CAFES,61500.0,51500.0,1243.1446161182005
8501698000,10663305000,frankie&bennys,2020,Rushmoor,RETAIL_RESTAURANTS_AND_CAFES,76000.0,87500.0,1661.2089006452352
8501698000,3221285000,frankie&bennys,2020,Rushmoor,RETAIL_RESTAURANTS_AND_CAFES,76000.0,92000.0,2774.7522277830367
8501698000,7846139000,frankie&bennys,2020,Rushmoor,RETAIL_RESTAURANTS_AND_CAFES,76000.0,95000.0,160.0422845734089
8507005000,49735063,byron,2020,Camden,RETAIL_RESTAURANTS_AND_CAFES,44750.0,45000.0,292.4072664844629
8507005000,106093063,byron,2020,Camden,RETAIL_RESTAURANTS_AND_CAFES,44750.0,45000.0,1418.969714079509
8507005000,102664063,byron,2020,Camden,RETAIL_RESTAURANTS_AND_CAFES,44750.0,44250.0,465.0297813953411
8519498000,7879337000,arcadia,2020,Milton Keynes,RETAIL_OTHER_SUPERSTORES_AND_WAREHOUSES,445000.0,442500.0,712.4434142434023
8519498000,3372706000,arcadia,2020,Milton Keynes,RETAIL_OTHER_SUPERSTORES_AND_WAREHOUSES,445000.0,435000.0,517.1372158624774
8519498000,10851180000,arcadia,2020,Milton Keynes,RETAIL_OTHER_SUPERSTORES_AND_WAREHOUSES,445000.0,430000.0,940.7507510281879
8527204000,20775017,prezzo,2018,Watford,RETAIL_RESTAURANTS_AND_CAFES,100000.0,100000.0,971.1510788869335
8527204000,14706107000,prezzo,2018,Watford,RETAIL_RESTAURANTS_AND_CAFES,100000.0,100000.0,1061.6042345893293
8527204000,262203017,prezzo,2018,Watford,RETAIL_RESTAURANTS_AND_CAFES,100000.0,94500.0,2473.9908194137984
8527238000,208693017,bella italia,2020,Watford,RETAIL_RESTAURANTS_AND_CAFES,91500.0,94000.0,803.5819081217606
8527238000,260574017,bella italia,2020,Watford,RETAIL_RESTAURANTS_AND_CAFES,91500.0,83500.0,171.40334446866802
8527238000,7331234000,bella italia,2020,Watford,RETAIL_RESTAURANTS_AND_CAFES,91500.0,81000.0,170.40270443879388
8550345000,8361767000,poundworld,2018,Coventry,RETAIL_OTHER_SUPERSTORES_AND_WAREHOUSES,84500.0,83500.0,4353.302676419361
8550345000,6932906000,poundworld,2018,Coventry,RETAIL_OTHER_SUPERSTORES_AND_WAREHOUSES,84500.0,82500.0,4353.302676419361
8550345000,11335235000,poundworld,2018,Coventry,RETAIL_OTHER_SUPERSTORES_AND_WAREHOUSES,84500.0,81000.0,1857.228443595146
8561198000,9295738000,arcadia,2020,Birmingham,RETAIL_RESTAURANTS_AND_CAFES,48000.0,48500.0,1797.6875025953334
8561198000,8361020000,arcadia,2020,Birmingham,RETAIL_RESTAURANTS_AND_CAFES,48000.0,48500.0,515.1058575919219
8561198000,14587014000,arcadia,2020,Birmingham,RETAIL_RESTAURANTS_AND_CAFES,48000.0,48500.0,391.430438514928
8561199000,9188784000,arcadia,2020,Birmingham,RETAIL_RESTAURANTS_AND_CAFES,19750.0,19750.0,900.2179634448179
8561199000,14541668000,arcadia,2020,Birmingham,RETAIL_RESTAURANTS_AND_CAFES,19750.0,19750.0,1172.4671211139216
8561199000,14488231000,arcadia,2020,Birmingham,RETAIL_RESTAURANTS_AND_CAFES,19750.0,19750.0,317.822252392001
8563298000,13519532000,arcadia,2020,Warwick,RETAIL_HIGH_STREET,320000.0,168000.0,3841.9114928376894
8563298000,7222644000,arcadia,2020,Warwick,RETAIL_HIGH_STREET,320000.0,154000.0,3841.9114928376894
8563298000,5523805000,arcadia,2020,Warwick,RETAIL_HIGH_STREET,320000.0,116000.0,4207.338094861764
8566393000,1334728000,carluccios,2020,Leeds,RETAIL_RESTAURANTS_AND_CAFES,112000.0,113000.0,828.4317523098621
8566393000,4982248000,carluccios,2020,Leeds,RETAIL_RESTAURANTS_AND_CAFES,112000.0,110000.0,9781.59575121522
8566393000,341063244,carluccios,2020,Leeds,RETAIL_RESTAURANTS_AND_CAFES,112000.0,114000.0,2081.3809613054204
8568497000,13453529000,arcadia,2020,Dartford,RETAIL_HIGH_STREET,1660000.0,36500.0,2143.982925406643
8568497000,12316520000,arcadia,2020,Dartford,RETAIL_HIGH_STREET,1660000.0,36250.0,2269.4003611528965
8568497000,12594390000,arcadia,2020,Dartford,RETAIL_HIGH_STREET,1660000.0,35500.0,4128.210607896334
8582594000,5942717000,homebase,2024,Canterbury,RETAIL_OTHER_SUPERSTORES_AND_WAREHOUSES,367500.0,302500.0,10486.73236928847
8582594000,14595009000,homebase,2024,Canterbury,RETAIL_OTHER_SUPERSTORES_AND_WAREHOUSES,367500.0,287500.0,2263.1412143623493
8582594000,9536469000,homebase,2024,Canterbury,RETAIL_OTHER_SUPERSTORES_AND_WAREHOUSES,367500.0,450000.0,1839.5171164316223
8594902000,7890547000,paperchase,2023,Camden,RETAIL_HIGH_STREET,41000.0,41250.0,979.4419695485919
8594902000,1131368000,paperchase,2023,Camden,RETAIL_HIGH_STREET,41000.0,41250.0,179.34497741095447
8594902000,6808855000,paperchase,2023,Camden,RETAIL_HIGH_STREET,41000.0,41250.0,210.93834567955128
8622330000,9260758000,arcadia,2020,Wiltshire,RETAIL_HIGH_STREET,16500.0,16500.0,27586.900613431026
8622330000,13546567000,arcadia,2020,Wiltshire,RETAIL_HIGH_STREET,16500.0,16500.0,5605.328687982376
8622330000,14039644000,arcadia,2020,Wiltshire,RETAIL_HIGH_STREET,16500.0,16500.0,25885.70055863815
8625563000,10623637000,carluccios,2020,Dorset,RETAIL_RESTAURANTS_AND_CAFES,66500.0,67500.0,22625.413763385008
8625563000,10783285000,carluccios,2020,Dorset,RETAIL_RESTAURANTS_AND_CAFES,66500.0,65000.0,35028.282507574404
8625563000,8109596000,carluccios,2020,Dorset,RETAIL_RESTAURANTS_AND_CAFES,66500.0,65000.0,33099.75830059464
8628329000,7190595000,arcadia,2020,Cheshire West and Chester,RETAIL_HIGH_STREET,161000.0,31500.0,589.3670733552548
8628329000,77676132,arcadia,2020,Cheshire West and Chester,RETAIL_HIGH_STREET,161000.0,31500.0,19210.762284565513
8628329000,14798414000,arcadia,2020,Cheshire West and Chester,RETAIL_HIGH_STREET,161000.0,31250.0,6032.69702915863
8660525000,157834211,mothercare,2019,South Gloucestershire,RETAIL_OTHER_SUPERSTORES_AND_WAREHOUSES,440000.0,440000.0,1141.1910459890914
8660525000,159599211,mothercare,2019,South Gloucestershire,RETAIL_OTHER_SUPERSTORES_AND_WAREHOUSES,440000.0,442500.0,480.10401790612394
8660525000,8692209000,mothercare,2019,South Gloucestershire,RETAIL_OTHER_SUPERSTORES_AND_WAREHOUSES,440000.0,432500.0,1141.1910459890914
8661654000,11032112000,thomas cook,2019,Crawley,RETAIL_HIGH_STREET,29250.0,29250.0,4588.6125840409795
8661654000,10534275000,thomas cook,2019,Crawley,RETAIL_HIGH_STREET,29250.0,29000.0,4444.315417419612
8661654000,9713326000,thomas cook,2019,Crawley,RETAIL_HIGH_STREET,29250.0,29000.0,4588.6125840409795
8682456000,12616734000,poundworld,2018,Manchester,RETAIL_HIGH_STREET,56000.0,56500.0,2949.148316980542
8682456000,9551063000,poundworld,2018,Manchester,RETAIL_HIGH_STREET,56000.0,56500.0,218.46224451835576
8682456000,14657483000,poundworld,2018,Manchester,RETAIL_HIGH_STREET,56000.0,56500.0,2671.7465604271842
8688137000,2905722000,carluccios,2020,Warwick,RETAIL_RESTAURANTS_AND_CAFES,72000.0,71500.0,517.568461669007
8688137000,8029743000,carluccios,2020,Warwick,RETAIL_RESTAURANTS_AND_CAFES,72000.0,70000.0,883.3600620139202
8688137000,8671198000,carluccios,2020,Warwick,RETAIL_RESTAURANTS_AND_CAFES,72000.0,74500.0,814.953320832844
8692420000,2996073000,frankie&bennys,2020,Southend-on-Sea,RETAIL_RESTAURANTS_AND_CAFES,57000.0,57750.0,1083.6936475811326
8692420000,1044313023,frankie&bennys,2020,Southend-on-Sea,RETAIL_RESTAURANTS_AND_CAFES,57000.0,58000.0,2771.2588942669017
8692420000,904906023,frankie&bennys,2020,Southend-on-Sea,RETAIL_RESTAURANTS_AND_CAFES,57000.0,55500.0,3404.032492571792
8696061000,174662237,cath kidston,2020,Warwick,RETAIL_HIGH_STREET,1425.0,1425.0,4357.646653869895
8696061000,71640237,cath kidston,2020,Warwick,RETAIL_HIGH_STREET,1425.0,1400.0,654.1749674754608
8696061000,183238237,cath kidston,2020,Warwick,RETAIL_HIGH_STREET,1425.0,1450.0,269.4955616934714
8707894000,13249714000,poundworld,2018,Cannock Chase,RETAIL_HIGH_STREET,166000.0,167000.0,952.2562812887613
8707894000,13259490000,poundworld,2018,Cannock Chase,RETAIL_HIGH_STREET,166000.0,161000.0,952.2562812887613
8707894000,13293739000,poundworld,2018,Cannock Chase,RETAIL_HIGH_STREET,166000.0,160000.0,952.2562812887613
8707935000,14530070000,prezzo,2018,"Bristol, City of",RETAIL_RESTAURANTS_AND_CAFES,51500.0,52500.0,1417.2990757510604
8707935000,248733212,prezzo,2018,"Bristol, City of",RETAIL_RESTAURANTS_AND_CAFES,51500.0,52500.0,1808.8261619632576
8707935000,4355642000,prezzo,2018,"Bristol, City of",RETAIL_RESTAURANTS_AND_CAFES,51500.0,53000.0,1223.1323379287692
8721878000,10006915000,poundworld,2018,West Northamptonshire,RETAIL_HIGH_STREET,5400.0,5400.0,10596.678607675096
8721878000,13234100000,poundworld,2018,West Northamptonshire,RETAIL_HIGH_STREET,5400.0,5400.0,6224.92141857179
8721878000,8573045,poundworld,2018,West Northamptonshire,RETAIL_HIGH_STREET,5400.0,5400.0,1014.8683099207369
8730184000,11074301000,prezzo,2018,North Northamptonshire,RETAIL_RESTAURANTS_AND_CAFES,47000.0,46750.0,2068.9399372675166
8730184000,157195045,prezzo,2018,North Northamptonshire,RETAIL_RESTAURANTS_AND_CAFES,47000.0,47250.0,4828.213433284268
8730184000,11126321000,prezzo,2018,North Northamptonshire,RETAIL_RESTAURANTS_AND_CAFES,47000.0,47250.0,1239.364922050884
8741813000,7441530000,arcadia,2020,Camden,OFFICE_GENERAL,183000.0,183000.0,373.01671049398044
8741813000,6971445000,arcadia,2020,Camden,OFFICE_GENERAL,183000.0,183000.0,151.6935571911779
8741813000,15010910000,arcadia,2020,Camden,OFFICE_GENERAL,183000.0,183000.0,324.89577400174164
8771025000,8162698000,maplin,2018,City of London,RETAIL_HIGH_STREET,201000.0,189000.0,218.93802281131374
8771025000,1409511000,maplin,2018,City of London,RETAIL_HIGH_STREET,201000.0,186000.0,190.03001046228897
8771025000,9320303000,maplin,2018,City of London,RETAIL_HIGH_STREET,201000.0,216000.0,156.20519670157637
8793526000,13024261000,toys r us,2018,Gloucester,RETAIL_OTHER_SUPERSTORES_AND_WAREHOUSES,467500.0,450000.0,4351.083165753681
8793526000,10202872000,toys r us,2018,Gloucester,RETAIL_OTHER_SUPERSTORES_AND_WAREHOUSES,467500.0,445000.0,3074.079611574775
8793526000,11192334000,toys r us,2018,Gloucester,RETAIL_OTHER_SUPERSTORES_AND_WAREHOUSES,467500.0,435000.0,867.3544090680218
8797627000,13102646000,arcadia,2020,West Northamptonshire,INDUSTRIAL_GENERAL,12250.0,12250.0,27680.797868946684
8797627000,14281775000,arcadia,2020,West Northamptonshire,INDUSTRIAL_GENERAL,12250.0,12250.0,28005.192803491227
8797627000,1016191000,arcadia,2020,West Northamptonshire,INDUSTRIAL_GENERAL,12250.0,12250.0,17417.67896814609
8805041000,14951815000,toys r us,2018,Bromley,RETAIL_HIGH_STREET,267500.0,59000.0,659.3481232142061
8805041000,11993072,toys r us,2018,Bromley,RETAIL_HIGH_STREET,267500.0,57500.0,445.62721293105375
8805041000,753269072,toys r us,2018,Bromley,RETAIL_HIGH_STREET,267500.0,56500.0,3076.1238618861616
8805220000,196770072,debenhams,2020,Bromley,RETAIL_HIGH_STREET,14750.0,14750.0,212.1379639937812
8805220000,12798076000,debenhams,2020,Bromley,RETAIL_HIGH_STREET,14750.0,14750.0,3535.86506705088
8805220000,196816072,debenhams,2020,Bromley,RETAIL_HIGH_STREET,14750.0,14750.0,321.79022542961025
8809391000,72098216,cath kidston,2020,Wiltshire,RETAIL_HIGH_STREET,30000.0,30000.0,17132.458318782697
8809391000,8533330000,cath kidston,2020,Wiltshire,RETAIL_HIGH_STREET,30000.0,30000.0,16434.96672421512
8809391000,8894065000,cath kidston,2020,Wiltshire,RETAIL_HIGH_STREET,30000.0,29750.0,7690.392036057387
8816483000,186252212,poundworld,2018,"Bristol, City of",RETAIL_OTHER_SUPERSTORES_AND_WAREHOUSES,64000.0,64500.0,1418.5714135198325
8816483000,13242700000,poundworld,2018,"Bristol, City of",RETAIL_OTHER_SUPERSTORES_AND_WAREHOUSES,64000.0,67000.0,3933.6762899412074
8816483000,7405520000,poundworld,2018,"Bristol, City of",RETAIL_OTHER_SUPERSTORES_AND_WAREHOUSES,64000.0,68500.0,2834.052128309371
8821371000,4126734000,arcadia,2020,Coventry,RETAIL_OTHER_SUPERSTORES_AND_WAREHOUSES,252500.0,250000.0,1620.2294251382848
8821371000,5277805000,arcadia,2020,Coventry,RETAIL_OTHER_SUPERSTORES_AND_WAREHOUSES,252500.0,255000.0,2637.6177316954713
8821371000,8354859000,arcadia,2020,Coventry,RETAIL_OTHER_SUPERSTORES_AND_WAREHOUSES,252500.0,257500.0,1620.2294251382848
8821819000,13340997000,prezzo,2018,"Bournemouth, Christchurch and Poole",RETAIL_RESTAURANTS_AND_CAFES,77500.0,77000.0,284.3702526679135
8821819000,7803779000,prezzo,2018,"Bournemouth, Christchurch and Poole",RETAIL_RESTAURANTS_AND_CAFES,77500.0,78000.0,1034.1065991331614
8821819000,181361172,prezzo,2018,"Bournemouth, Christchurch and Poole",RETAIL_RESTAURANTS_AND_CAFES,77500.0,76000.0,774.0801380976704
8833306000,14579613000,thomas cook,2019,West Northamptonshire,RETAIL_OTHER_SUPERSTORES_AND_WAREHOUSES,2430000.0,2100000.0,2303.379043623162
8833306000,12799849000,thomas cook,2019,West Northamptonshire,RETAIL_OTHER_SUPERSTORES_AND_WAREHOUSES,2430000.0,2870000.0,516.0167786365939
8833306000,11352991000,thomas cook,2019,West Northamptonshire,RETAIL_OTHER_SUPERSTORES_AND_WAREHOUSES,2430000.0,2920000.0,516.0167786365939
8844433000,7593466000,ted baker,2024,Gloucester,RETAIL_HIGH_STREET,26250.0,26250.0,195.6791943044952
8844433000,8139322000,ted baker,2024,Gloucester,RETAIL_HIGH_STREET,26250.0,26500.0,3672.143106679934
8844433000,3951870000,ted baker,2024,Gloucester,RETAIL_HIGH_STREET,26250.0,27000.0,160.64317198620876
8856276000,3831928000,arcadia,2020,Swindon,RETAIL_OTHER_SUPERSTORES_AND_WAREHOUSES,340000.0,310000.0,209.41108420749416
8856276000,8822045000,arcadia,2020,Swindon,RETAIL_OTHER_SUPERSTORES_AND_WAREHOUSES,340000.0,382500.0,711.5100659973697
8856276000,11713747000,arcadia,2020,Swindon,RETAIL_OTHER_SUPERSTORES_AND_WAREHOUSES,340000.0,292500.0,521.3788844348283
8858956000,376936065,body shop,2024,Brent,RETAIL_HIGH_STREET,38750.0,38750.0,968.8721605636465
8858956000,14530490000,body shop,2024,Brent,RETAIL_HIGH_STREET,38750.0,38750.0,572.6584103557769
8858956000,376750065,body shop,2024,Brent,RETAIL_HIGH_STREET,38750.0,38750.0,839.1849298124206
8858968000,250029065,prezzo,2018,Brent,RETAIL_HIGH_STREET,66000.0,66000.0,5545.272478992534
8858968000,12937363000,prezzo,2018,Brent,RETAIL_HIGH_STREET,66000.0,66000.0,232.4672398307394
8858968000,10770278000,prezzo,2018,Brent,RETAIL_HIGH_STREET,66000.0,65500.0,2293.868262490903
8859002000,8197519000,frankie&bennys,2020,Brent,RETAIL_HIGH_STREET,96000.0,95000.0,1884.9501916912304
8859002000,14278647000,frankie&bennys,2020,Brent,RETAIL_HIGH_STREET,96000.0,97000.0,232.4672398307394
8859002000,10428400000,frankie&bennys,2020,Brent,RETAIL_HIGH_STREET,96000.0,97500.0,4884.875339139835
8862813000,10596385000,prezzo,2018,Leeds,RETAIL_RESTAURANTS_AND_CAFES,66000.0,66000.0,153.7091630596645
8862813000,327192244,prezzo,2018,Leeds,RETAIL_RESTAURANTS_AND_CAFES,66000.0,65500.0,1103.227791549657
8862813000,9861938000,prezzo,2018,Leeds,RETAIL_RESTAURANTS_AND_CAFES,66000.0,65500.0,215.54615367306315
8896950000,7041813000,strada,2018,North Northamptonshire,OFFICE_GENERAL,6700.0,6700.0,2867.3872108337746
8896950000,12694978000,strada,2018,North Northamptonshire,OFFICE_GENERAL,6700.0,6700.0,2696.4652500777843
8896950000,1035838000,strada,2018,North Northamptonshire,OFFICE_GENERAL,6700.0,6700.0,2989.698379780916
8896954000,11101855000,strada,2018,North Northamptonshire,OFFICE_GENERAL,6000.0,6000.0,2668.0229403845938
8896954000,11820853000,strada,2018,North Northamptonshire,OFFICE_GENERAL,6000.0,6000.0,2668.0229403845938
8896954000,13031440000,strada,2018,North Northamptonshire,OFFICE_GENERAL,6000.0,6000.0,4698.450893409938
8896956000,13448878000,strada,2018,North Northamptonshire,OFFICE_GENERAL,4050.0,4050.0,4274.673982228049
8896956000,14951924000,strada,2018,North Northamptonshire,OFFICE_GENERAL,4050.0,4050.0,13850.480817126629
8896956000,14326970000,strada,2018,North Northamptonshire,OFFICE_GENERAL,4050.0,4050.0,3924.018568742175
8901213000,11879654000,arcadia,2020,Cambridge,RETAIL_HIGH_STREET,8500.0,8500.0,404.74612283023987
8901213000,9925025000,arcadia,2020,Cambridge,RETAIL_HIGH_STREET,8500.0,8500.0,1403.057904763543
8901213000,383303012,arcadia,2020,Cambridge,RETAIL_HIGH_STREET,8500.0,8500.0,1403.057904763543
8906061000,2247877000,arcadia,2020,Buckinghamshire,RETAIL_HIGH_STREET,198000.0,79500.0,15454.564854853254
8906061000,577948162,arcadia,2020,Buckinghamshire,RETAIL_HIGH_STREET,198000.0,73000.0,633.5321547603564
8906061000,11743138000,arcadia,2020,Buckinghamshire,RETAIL_HIGH_STREET,198000.0,71500.0,4363.601257530587
8922799000,7291784000,prezzo,2018,Birmingham,RETAIL_RESTAURANTS_AND_CAFES,72000.0,72000.0,201.62126283041988
8922799000,377534221,prezzo,2018,Birmingham,RETAIL_RESTAURANTS_AND_CAFES,72000.0,71750.0,2845.172564725702
8922799000,5540525000,prezzo,2018,Birmingham,RETAIL_RESTAURANTS_AND_CAFES,72000.0,72500.0,1769.4295410762775
8931924000,455435221,thomas cook,2019,Birmingham,RETAIL_HIGH_STREET,18500.0,18500.0,2902.1886749573728
8931924000,9945762000,thomas cook,2019,Birmingham,RETAIL_HIGH_STREET,18500.0,18500.0,2031.5604334295863
8931924000,3028171000,thomas cook,2019,Birmingham,RETAIL_HIGH_STREET,18500.0,18500.0,2932.3978994813538
8942899000,268377216,chiquito,2020,Wiltshire,RETAIL_RESTAURANTS_AND_CAFES,77000.0,76250.0,4333.11211740098
8942899000,357849216,chiquito,2020,Wiltshire,RETAIL_RESTAURANTS_AND_CAFES,77000.0,78000.0,2547.4533883996487
8942899000,350707176,chiquito,2020,Wiltshire,RETAIL_RESTAURANTS_AND_CAFES,77000.0,78500.0,12860.47808038919
8942903000,135929216,prezzo,2018,Wiltshire,RETAIL_RESTAURANTS_AND_CAFES,61500.0,61500.0,5496.3072014073505
8942903000,8329706000,prezzo,2018,Wiltshire,RETAIL_RESTAURANTS_AND_CAFES,61500.0,62000.0,12035.5136915178
8942903000,142488216,prezzo,2018,Wiltshire,RETAIL_RESTAURANTS_AND_CAFES,61500.0,62500.0,8496.23964300258
8942907000,5517276000,frankie&bennys,2020,Wiltshire,RETAIL_RESTAURANTS_AND_CAFES,72000.0,71500.0,1859.3990663206753
8942907000,1316426000,frankie&bennys,2020,Wiltshire,RETAIL_RESTAURANTS_AND_CAFES,72000.0,71500.0,8142.892930098769
8942907000,288266216,frankie&bennys,2020,Wiltshire,RETAIL_RESTAURANTS_AND_CAFES,72000.0,71000.0,7801.952707636277
8945314000,14976607000,arcadia,2020,Milton Keynes,RETAIL_HIGH_STREET,600000.0,42250.0,178.31438384434736
8945314000,11605374000,arcadia,2020,Milton Keynes,RETAIL_HIGH_STREET,600000.0,41500.0,2045.7871891469458
8945314000,572808162,arcadia,2020,Milton Keynes,RETAIL_HIGH_STREET,600000.0,41250.0,5065.550837631519
8952663000,6084343000,arcadia,2020,Warwick,OFFICE_GENERAL,2750.0,2750.0,983.2858877166447
8952663000,9263446000,arcadia,2020,Warwick,OFFICE_GENERAL,2750.0,2750.0,4198.308302554962
8952663000,10643926000,arcadia,2020,Warwick,OFFICE_GENERAL,2750.0,2750.0,280.30470213186726
8952683000,229308237,arcadia,2020,Warwick,OFFICE_GENERAL,2800.0,2800.0,325.5180987968277
8952683000,9263445000,arcadia,2020,Warwick,OFFICE_GENERAL,2800.0,2800.0,4198.308302554962
8952683000,8699623000,arcadia,2020,Warwick,OFFICE_GENERAL,2800.0,2800.0,844.0826882130863
8962624000,4708705000,ted baker,2024,Brent,INDUSTRIAL_GENERAL,390000.0,390000.0,875.642868201648
8962624000,13707893000,ted baker,2024,Brent,INDUSTRIAL_GENERAL,390000.0,392500.0,752.2327881147368
8962624000,408776000,ted baker,2024,Brent,INDUSTRIAL_GENERAL,390000.0,380000.0,875.642868201648
8974112000,266632065,ted baker,2024,Brent,INDUSTRIAL_GENERAL,275000.0,275000.0,3731.5790102477677
8974112000,2316934000,ted baker,2024,Brent,INDUSTRIAL_GENERAL,275000.0,275000.0,3261.0769658570575
8974112000,410086065,ted baker,2024,Brent,INDUSTRIAL_GENERAL,275000.0,272500.0,3041.1991782497757
8974366000,8974366000,arcadia,2020,Chesterfield,RETAIL_OTHER_SUPERSTORES_AND_WAREHOUSES,13500.0,13500.0,1285.0610880749027
8974366000,321449033,arcadia,2020,Chesterfield,RETAIL_OTHER_SUPERSTORES_AND_WAREHOUSES,13500.0,13250.0,755.9213711307838
8974366000,2752631000,arcadia,2020,Chesterfield,RETAIL_OTHER_SUPERSTORES_AND_WAREHOUSES,13500.0,13250.0,2294.600918194111
8985462000,13407402000,prezzo,2018,Leeds,RETAIL_RESTAURANTS_AND_CAFES,103000.0,103000.0,10583.577772552804
8985462000,7797893000,prezzo,2018,Leeds,RETAIL_RESTAURANTS_AND_CAFES,103000.0,102000.0,2540.7655006096993
8985462000,12278292000,prezzo,2018,Leeds,RETAIL_RESTAURANTS_AND_CAFES,103000.0,102000.0,1197.7123038280665
8987472000,12786590000,mothercare,2019,Gloucester,RETAIL_HIGH_STREET,690.0,640.0,364.8604715976116
8987472000,7777355000,mothercare,2019,Gloucester,RETAIL_HIGH_STREET,690.0,750.0,180.00702687152713
8987472000,10813276000,mothercare,2019,Gloucester,RETAIL_HIGH_STREET,690.0,610.0,4325.824709455213
8989700000,2014759000,maplin,2018,West Northamptonshire,OFFICE_GENERAL,10750.0,10750.0,174.10708655918012
8989700000,6759185000,maplin,2018,West Northamptonshire,OFFICE_GENERAL,10750.0,10750.0,13789.131401050741
8989700000,6759190000,maplin,2018,West Northamptonshire,OFFICE_GENERAL,10750.0,10750.0,13806.461039292915
8989703000,4647330000,toys r us,2018,West Northamptonshire,OFFICE_GENERAL,3050.0,3050.0,569.1561126191253
8989703000,11031808000,toys r us,2018,West Northamptonshire,OFFICE_GENERAL,3050.0,3050.0,985.1191677333777
8989703000,213940045,toys r us,2018,West Northamptonshire,OFFICE_GENERAL,3050.0,3050.0,28100.468510584782
8993049000,237617241,poundworld,2018,Bradford,RETAIL_OTHER_SUPERSTORES_AND_WAREHOUSES,75000.0,75000.0,305.649455502631
8993049000,211603241,poundworld,2018,Bradford,RETAIL_OTHER_SUPERSTORES_AND_WAREHOUSES,75000.0,75000.0,225.51523943353743
8993049000,934532000,poundworld,2018,Bradford,RETAIL_OTHER_SUPERSTORES_AND_WAREHOUSES,75000.0,76000.0,850.9765986769173
8996571000,9130598000,cath kidston,2020,Tower Hamlets,RETAIL_HIGH_STREET,59000.0,59000.0,465.2058085869424
8996571000,8834457000,cath kidston,2020,Tower Hamlets,RETAIL_HIGH_STREET,59000.0,59500.0,757.2416680429509
8996571000,9674947000,cath kidston,2020,Tower Hamlets,RETAIL_HIGH_STREET,59000.0,59500.0,397.5222635452222
9007024000,6948268000,ted baker,2024,Tower Hamlets,OFFICE_GENERAL,169000.0,169000.0,464.53597308893677
9007024000,9240332000,ted baker,2024,Tower Hamlets,OFFICE_GENERAL,169000.0,169000.0,464.53597308893677
9007024000,13579920000,ted baker,2024,Tower Hamlets,OFFICE_GENERAL,169000.0,170000.0,212.64291400901112
9011445000,14849901000,frankie&bennys,2020,South Gloucestershire,RETAIL_RESTAURANTS_AND_CAFES,76500.0,77500.0,6299.648071540218
9011445000,642732000,frankie&bennys,2020,South Gloucestershire,RETAIL_RESTAURANTS_AND_CAFES,76500.0,75100.0,7185.052534577313
9011445000,560613000,frankie&bennys,2020,South Gloucestershire,RETAIL_RESTAURANTS_AND_CAFES,76500.0,75000.0,2335.7836471618984
9012735000,307837244,frankie&bennys,2020,Leeds,RETAIL_RESTAURANTS_AND_CAFES,187000.0,190000.0,281.8192507271469
9012735000,4443949000,frankie&bennys,2020,Leeds,RETAIL_RESTAURANTS_AND_CAFES,187000.0,179000.0,177.269662921344
9012735000,13834363000,frankie&bennys,2020,Leeds,RETAIL_RESTAURANTS_AND_CAFES,187000.0,200000.0,999.9091046571446
9012758000,9044115000,arcadia,2020,Stoke-on-Trent,RETAIL_HIGH_STREET,375000.0,237000.0,415.1009734994374
9012758000,8005530000,arcadia,2020,Stoke-on-Trent,RETAIL_HIGH_STREET,375000.0,154000.0,1611.3496487669352
9012758000,256756236,arcadia,2020,Stoke-on-Trent,RETAIL_HIGH_STREET,375000.0,148000.0,1611.3496487669352
9012760000,9068480000,arcadia,2020,Stoke-on-Trent,RETAIL_HIGH_STREET,440000.0,45000.0,296.2773378136263
9012760000,6650026000,arcadia,2020,Stoke-on-Trent,RETAIL_HIGH_STREET,440000.0,44000.0,1473.8147593465633
9012760000,10281397000,arcadia,2020,Stoke-on-Trent,RETAIL_HIGH_STREET,440000.0,42250.0,970.9277107552901
9014446000,13690959000,debenhams,2020,Camden,OFFICE_GENERAL,6810000.0,6230000.0,219.73520409051494
9014446000,13353527000,debenhams,2020,Camden,OFFICE_GENERAL,6810000.0,6140000.0,219.73520409051494
9014446000,12860403000,debenhams,2020,Camden,OFFICE_GENERAL,6810000.0,6060000.0,315.1509472994097
9014717000,2274227000,mothercare,2019,Dudley,RETAIL_OTHER_SUPERSTORES_AND_WAREHOUSES,335000.0,335000.0,3662.3942068468023
9014717000,8812310000,mothercare,2019,Dudley,RETAIL_OTHER_SUPERSTORES_AND_WAREHOUSES,335000.0,340000.0,4039.9051629612077
9014717000,14905241000,mothercare,2019,Dudley,RETAIL_OTHER_SUPERSTORES_AND_WAREHOUSES,335000.0,347500.0,4278.387074600273
9020698000,101165063,byron,2020,Camden,RETAIL_HIGH_STREET,12500.0,12500.0,1627.5950397717288
9020698000,102549063,byron,2020,Camden,RETAIL_HIGH_STREET,12500.0,12500.0,365.48446014378027
9020698000,103026063,byron,2020,Camden,RETAIL_HIGH_STREET,12500.0,12500.0,554.7049237542408
9050182000,27954052,paperchase,2023,City of London,RETAIL_HIGH_STREET,49500.0,49500.0,412.2739360440257
9050182000,5330586000,paperchase,2023,City of London,RETAIL_HIGH_STREET,49500.0,49250.0,163.58231553598404
9050182000,9236081000,paperchase,2023,City of London,RETAIL_HIGH_STREET,49500.0,49250.0,249.5446420552595
9051991000,9256312000,debenhams,2020,Thurrock,INDUSTRIAL_GENERAL,161000.0,159000.0,680.806661983682
9051991000,303094000,debenhams,2020,Thurrock,INDUSTRIAL_GENERAL,161000.0,157000.0,843.9468537084217
9051991000,9936089000,debenhams,2020,Thurrock,INDUSTRIAL_GENERAL,161000.0,165000.0,2121.6281875744357
9054585000,325407133,poundworld,2018,Cheshire West and Chester,RETAIL_HIGH_STREET,101000.0,31000.0,7871.77649741802
9054585000,192428133,poundworld,2018,Cheshire West and Chester,RETAIL_HIGH_STREET,101000.0,30250.0,10800.839935469674
9054585000,3318048000,poundworld,2018,Cheshire West and Chester,RETAIL_HIGH_STREET,101000.0,30250.0,7871.77649741802
9061159000,10744188000,poundworld,2018,"Bristol, City of",RETAIL_HIGH_STREET,24000.0,24000.0,1623.0548850578289
9061159000,6156297000,poundworld,2018,"Bristol, City of",RETAIL_HIGH_STREET,24000.0,24000.0,1305.6748457002682
9061159000,157195212,poundworld,2018,"Bristol, City of",RETAIL_HIGH_STREET,24000.0,24000.0,642.586871297743
9065299000,4285623000,thomas cook,2019,Crawley,OFFICE_GENERAL,127000.0,127000.0,1518.585151450696
9065299000,5993832000,thomas cook,2019,Crawley,OFFICE_GENERAL,127000.0,128000.0,1572.4408624197667
9065299000,10843524000,thomas cook,2019,Crawley,OFFICE_GENERAL,127000.0,125000.0,4444.315417419612
9071603000,3786752000,body shop,2024,Fareham,INDUSTRIAL_GENERAL,6500.0,6500.0,3901.380106166432
9071603000,8158089000,body shop,2024,Fareham,INDUSTRIAL_GENERAL,6500.0,6500.0,7354.065132385454
9071603000,239706000,body shop,2024,Fareham,INDUSTRIAL_GENERAL,6500.0,6500.0,2990.573341626311
9083408000,11095901000,body shop,2024,Leeds,INDUSTRIAL_GENERAL,0.0,0.0,13521.799916480228
9083408000,5074265000,body shop,2024,Leeds,INDUSTRIAL_GENERAL,0.0,0.0,12029.294277747184
9083408000,571684000,body shop,2024,Leeds,INDUSTRIAL_GENERAL,0.0,0.0,3613.486741779206
9109324000,8973909000,wilko,2023,Gloucester,RETAIL_OTHER_SUPERSTORES_AND_WAREHOUSES,195000.0,197000.0,967.4280536964538
9109324000,6347348000,wilko,2023,Gloucester,RETAIL_OTHER_SUPERSTORES_AND_WAREHOUSES,195000.0,199000.0,516.8516904778429
9109324000,10421303000,wilko,2023,Gloucester,RETAIL_OTHER_SUPERSTORES_AND_WAREHOUSES,195000.0,203000.0,3661.1136268479645
9109377000,442027000,byron,2020,Hammersmith and Fulham,RETAIL_HIGH_STREET,63000.0,63000.0,933.401087897024
9109377000,2677950000,byron,2020,Hammersmith and Fulham,RETAIL_HIGH_STREET,63000.0,63000.0,933.401087897024
9109377000,13127787000,byron,2020,Hammersmith and Fulham,RETAIL_HIGH_STREET,63000.0,62500.0,506.144333277987
9112847000,7778790000,arcadia,2020,Derby,RETAIL_HIGH_STREET,128000.0,46750.0,2533.153925837929
9112847000,4099354000,arcadia,2020,Derby,RETAIL_HIGH_STREET,128000.0,40750.0,506.1099067748538
9112847000,14993632000,arcadia,2020,Derby,RETAIL_HIGH_STREET,128000.0,40500.0,4682.5944977816
9115267000,13472737000,thomas cook,2019,City of London,OFFICE_GENERAL,690000.0,690000.0,220.32138930495302
9115267000,14502930000,thomas cook,2019,City of London,OFFICE_GENERAL,690000.0,690000.0,275.74666640044825
9115267000,13392597000,thomas cook,2019,City of London,OFFICE_GENERAL,690000.0,690000.0,213.9297202915946
9116753000,244678241,poundworld,2018,Bradford,RETAIL_HIGH_STREET,46250.0,46250.0,168.33292765207
9116753000,207483241,poundworld,2018,Bradford,RETAIL_HIGH_STREET,46250.0,46750.0,1818.053329324443
9116753000,12293755000,poundworld,2018,Bradford,RETAIL_HIGH_STREET,46250.0,45250.0,2369.68205668015
9116755000,8618672000,poundworld,2018,Bradford,RETAIL_HIGH_STREET,5700.0,5700.0,716.2882771957719
9116755000,4304241,poundworld,2018,Bradford,RETAIL_HIGH_STREET,5700.0,5700.0,4780.311505535527
9116755000,8796505000,poundworld,2018,Bradford,RETAIL_HIGH_STREET,5700.0,5700.0,789.3528653354397
9132493000,8268830000,body shop,2024,Gloucester,INDUSTRIAL_GENERAL,5900.0,5800.0,4627.6531663138285
9132493000,7453563000,body shop,2024,Gloucester,INDUSTRIAL_GENERAL,5900.0,5800.0,4670.189222122465
9132493000,7418450000,body shop,2024,Gloucester,INDUSTRIAL_GENERAL,5900.0,6000.0,186.79859120319162
9132830000,12474547000,arcadia,2020,Dartford,RETAIL_HIGH_STREET,1320000.0,35000.0,3337.219292602317
9132830000,8791578000,arcadia,2020,Dartford,RETAIL_HIGH_STREET,1320000.0,34750.0,1321.9125637752736
9132830000,168685147,arcadia,2020,Dartford,RETAIL_HIGH_STREET,1320000.0,34250.0,4897.1195896493855
9137867000,42316214,bella italia,2020,Gloucester,RETAIL_RESTAURANTS_AND_CAFES,57000.0,57500.0,2420.709074044159
9137867000,13498879000,bella italia,2020,Gloucester,RETAIL_RESTAURANTS_AND_CAFES,57000.0,60000.0,2234.097415472122
9137867000,224194214,bella italia,2020,Gloucester,RETAIL_RESTAURANTS_AND_CAFES,57000.0,60500.0,2994.8159177287666
9140890000,12040302000,poundworld,2018,North Yorkshire,RETAIL_HIGH_STREET,143000.0,134000.0,228.41577242344474
9140890000,138722105,poundworld,2018,North Yorkshire,RETAIL_HIGH_STREET,143000.0,133000.0,38965.440670659795
9140890000,10398109000,poundworld,2018,North Yorkshire,RETAIL_HIGH_STREET,143000.0,133000.0,15980.492034826497
9147786000,12384645000,frankie&bennys,2020,Coventry,RETAIL_RESTAURANTS_AND_CAFES,82000.0,81000.0,2546.374390158891
9147786000,2688561000,frankie&bennys,2020,Coventry,RETAIL_RESTAURANTS_AND_CAFES,82000.0,80000.0,2817.8118194831095
9147786000,2165051000,frankie&bennys,2020,Coventry,RETAIL_RESTAURANTS_AND_CAFES,82000.0,84500.0,422.6042006651919
9148261000,12676544000,bhs,2016,Cumberland,INDUSTRIAL_GENERAL,4550.0,4550.0,7518.348625457824
9148261000,103199124,bhs,2016,Cumberland,INDUSTRIAL_GENERAL,4550.0,4550.0,12484.4739499111
9148261000,11881645000,bhs,2016,Cumberland,INDUSTRIAL_GENERAL,4550.0,4550.0,786.4712957150616
9154447000,5713140000,thomas cook,2019,City of London,OTHER_COMMERCIAL,7000.0,7000.0,237.14844165535428
9154447000,5135861000,thomas cook,2019,City of London,OTHER_COMMERCIAL,7000.0,7000.0,187.74364126805477
9154447000,5352358000,thomas cook,2019,City of London,OTHER_COMMERCIAL,7000.0,7000.0,159.3337520810294
9168889000,3980972000,chiquito,2020,Coventry,RETAIL_OTHER_SUPERSTORES_AND_WAREHOUSES,86500.0,90500.0,673.4898525287466
9168889000,10955646000,chiquito,2020,Coventry,RETAIL_OTHER_SUPERSTORES_AND_WAREHOUSES,86500.0,81000.0,1857.228443595146
9168889000,10761143000,chiquito,2020,Coventry,RETAIL_OTHER_SUPERSTORES_AND_WAREHOUSES,86500.0,74000.0,219.01784244535273
9169209000,14904568000,byron,2020,Milton Keynes,RETAIL_RESTAURANTS_AND_CAFES,151000.0,157000.0,277.684905740789
9169209000,551206162,byron,2020,Milton Keynes,RETAIL_RESTAURANTS_AND_CAFES,151000.0,157000.0,711.5958575861678
9169209000,13785906000,byron,2020,Milton Keynes,RETAIL_RESTAURANTS_AND_CAFES,151000.0,144000.0,1258.1429164457882
9171010000,10165803000,frankie&bennys,2020,Coventry,RETAIL_OTHER_SUPERSTORES_AND_WAREHOUSES,103000.0,111000.0,1145.2109719039468
9171010000,8812185000,frankie&bennys,2020,Coventry,RETAIL_OTHER_SUPERSTORES_AND_WAREHOUSES,103000.0,111000.0,3813.481704606641
9171010000,3088189000,frankie&bennys,2020,Coventry,RETAIL_OTHER_SUPERSTORES_AND_WAREHOUSES,103000.0,112000.0,450.41665996670645
9185280000,14027466000,toys r us,2018,Peterborough,RETAIL_HIGH_STREET,105000.0,47250.0,3843.971209587941
9185280000,10829704000,toys r us,2018,Peterborough,RETAIL_HIGH_STREET,105000.0,47000.0,1608.5907802273732
9185280000,14555858000,toys r us,2018,Peterborough,RETAIL_HIGH_STREET,105000.0,45750.0,2619.585815625732
9197192000,102749163,paperchase,2023,South Oxfordshire,RETAIL_HIGH_STREET,71500.0,65500.0,23825.63192381972
9197192000,102752163,paperchase,2023,South Oxfordshire,RETAIL_HIGH_STREET,71500.0,61500.0,23825.63192381972
9197192000,179348163,paperchase,2023,South Oxfordshire,RETAIL_HIGH_STREET,71500.0,57000.0,8016.1567495636555
9197193000,159854163,paperchase,2023,South Oxfordshire,OTHER_COMMERCIAL,0.0,0.0,7961.186699635893
9197193000,184091163,paperchase,2023,South Oxfordshire,OTHER_COMMERCIAL,0.0,0.0,15918.689354383841
9197193000,180950163,paperchase,2023,South Oxfordshire,OTHER_COMMERCIAL,0.0,0.0,389.95369913657555
9206800000,11092549000,prezzo,2018,Milton Keynes,RETAIL_RESTAURANTS_AND_CAFES,98000.0,96500.0,498.95010860480573
9206800000,5650902000,prezzo,2018,Milton Keynes,RETAIL_RESTAURANTS_AND_CAFES,98000.0,96000.0,1622.668204174114
9206800000,1127485000,prezzo,2018,Milton Keynes,RETAIL_RESTAURANTS_AND_CAFES,98000.0,94000.0,245.27670995726098
9209155000,4200017,arcadia,2020,Watford,RETAIL_HIGH_STREET,10000.0,10000.0,950.1428894647042
9209155000,23048017,arcadia,2020,Watford,RETAIL_HIGH_STREET,10000.0,10000.0,267.7138424959529
9209155000,32977017,arcadia,2020,Watford,RETAIL_HIGH_STREET,10000.0,10000.0,2315.397573464746
9224052000,6548810000,arcadia,2020,Buckinghamshire,RETAIL_HIGH_STREET,123000.0,70000.0,1847.9375122693298
9224052000,345135162,arcadia,2020,Buckinghamshire,RETAIL_HIGH_STREET,123000.0,69500.0,174.14755599965883
9224052000,2768339000,arcadia,2020,Buckinghamshire,RETAIL_HIGH_STREET,123000.0,69000.0,2366.050800073573
9224706000,258187013,prezzo,2018,North Hertfordshire,RETAIL_RESTAURANTS_AND_CAFES,47750.0,47750.0,1561.0348852752236
9224706000,192185013,prezzo,2018,North Hertfordshire,RETAIL_RESTAURANTS_AND_CAFES,47750.0,46750.0,2987.0657419462736
9224706000,89888013,prezzo,2018,North Hertfordshire,RETAIL_RESTAURANTS_AND_CAFES,47750.0,48750.0,1897.6896223734161
9227997000,225778036,poundworld,2018,Norwich,RETAIL_HIGH_STREET,150000.0,39250.0,1397.406640125339
9227997000,12694190000,poundworld,2018,Norwich,RETAIL_HIGH_STREET,150000.0,39250.0,303.77645222061807
9227997000,11219593000,poundworld,2018,Norwich,RETAIL_HIGH_STREET,150000.0,38750.0,1992.8013176527536
9243712000,8011000000,mothercare,2019,Peterborough,RETAIL_HIGH_STREET,287500.0,45750.0,982.9413594604385
9243712000,13257419000,mothercare,2019,Peterborough,RETAIL_HIGH_STREET,287500.0,45000.0,3374.322439121687
9243712000,7146305000,mothercare,2019,Peterborough,RETAIL_HIGH_STREET,287500.0,45000.0,3374.322439121687
9245557000,8638194000,arcadia,2020,Derby,RETAIL_HIGH_STREET,337500.0,277500.0,729.6440833222192
9245557000,14053604000,arcadia,2020,Derby,RETAIL_HIGH_STREET,337500.0,255000.0,665.544903203789
9245557000,217131042,arcadia,2020,Derby,RETAIL_HIGH_STREET,337500.0,235000.0,592.244211755987
9245925000,2308813000,paperchase,2023,Derby,RETAIL_HIGH_STREET,73000.0,40000.0,1463.7908773074491
9245925000,14891233000,paperchase,2023,Derby,RETAIL_HIGH_STREET,73000.0,37250.0,5713.029893411227
9245925000,3385734000,paperchase,2023,Derby,RETAIL_HIGH_STREET,73000.0,36500.0,2335.319373073303
9245935000,10781971000,body shop,2024,Derby,RETAIL_HIGH_STREET,73500.0,35500.0,588.7705524446783
9245935000,11712925000,body shop,2024,Derby,RETAIL_HIGH_STREET,73500.0,35000.0,4516.678045177896
9245935000,14997435000,body shop,2024,Derby,RETAIL_HIGH_STREET,73500.0,34250.0,4616.593568916003
9246023000,14987070000,byron,2020,Derby,RETAIL_RESTAURANTS_AND_CAFES,112000.0,111000.0,1699.59423379363
9246023000,9754595000,byron,2020,Derby,RETAIL_RESTAURANTS_AND_CAFES,112000.0,110000.0,737.5414078340527
9246023000,11290532000,byron,2020,Derby,RETAIL_RESTAURANTS_AND_CAFES,112000.0,109000.0,651.6380556931218
9246037000,6282241000,cath kidston,2020,Derby,RETAIL_HIGH_STREET,73000.0,33750.0,2484.0239429012286
9246037000,218469042,cath kidston,2020,Derby,RETAIL_HIGH_STREET,73000.0,33750.0,3237.184372660606
9246037000,2854855000,cath kidston,2020,Derby,RETAIL_HIGH_STREET,73000.0,32500.0,2335.319373073303
9246120000,1558951000,arcadia,2020,Derby,RETAIL_HIGH_STREET,262500.0,32000.0,256.74680827617397
9246120000,8659180000,arcadia,2020,Derby,RETAIL_HIGH_STREET,262500.0,31750.0,2439.2849040920823
9246120000,223807042,arcadia,2020,Derby,RETAIL_HIGH_STREET,262500.0,30750.0,2352.319621594004
9246186000,12782349000,poundworld,2018,Derby,RETAIL_HIGH_STREET,144000.0,30750.0,2543.194599373972
9246186000,464464042,poundworld,2018,Derby,RETAIL_HIGH_STREET,144000.0,30000.0,4747.148378382868
9246186000,14231712000,poundworld,2018,Derby,RETAIL_HIGH_STREET,144000.0,29750.0,2928.2677820583694
9263090000,46873052,paperchase,2023,City of London,RETAIL_HIGH_STREET,37750.0,37750.0,471.29320916961365
9263090000,5920450000,paperchase,2023,City of London,RETAIL_HIGH_STREET,37750.0,37750.0,211.93990231147322
9263090000,14061513000,paperchase,2023,City of London,RETAIL_HIGH_STREET,37750.0,37500.0,341.66335793932495
9266278000,1279964000,debenhams,2020,Stockton-on-Tees,RETAIL_OTHER_SUPERSTORES_AND_WAREHOUSES,427500.0,424500.0,2294.3499495066835
9266278000,7206950000,debenhams,2020,Stockton-on-Tees,RETAIL_OTHER_SUPERSTORES_AND_WAREHOUSES,427500.0,400000.0,2294.3499495066835
9266278000,14206896000,debenhams,2020,Stockton-on-Tees,RETAIL_OTHER_SUPERSTORES_AND_WAREHOUSES,427500.0,392500.0,2266.7591006098023
9269620000,3397980000,arcadia,2020,Stockton-on-Tees,RETAIL_HIGH_STREET,38500.0,38500.0,2366.90806251409
9269620000,8278145000,arcadia,2020,Stockton-on-Tees,RETAIL_HIGH_STREET,38500.0,38250.0,6907.897168344648
9269620000,13552787000,arcadia,2020,Stockton-on-Tees,RETAIL_HIGH_STREET,38500.0,38000.0,2104.5523988232744
9274931000,201822239,frankie&bennys,2020,Dudley,RETAIL_RESTAURANTS_AND_CAFES,68000.0,62000.0,1620.4066173651536
9274931000,206401239,frankie&bennys,2020,Dudley,RETAIL_RESTAURANTS_AND_CAFES,68000.0,61500.0,1247.526145812784
9274931000,243363239,frankie&bennys,2020,Dudley,RETAIL_RESTAURANTS_AND_CAFES,68000.0,60000.0,632.2833194206407
9278159000,9442015000,frankie&bennys,2020,Leicester,RETAIL_RESTAURANTS_AND_CAFES,84500.0,88500.0,211.96845060684217
9278159000,9279907000,frankie&bennys,2020,Leicester,RETAIL_RESTAURANTS_AND_CAFES,84500.0,89500.0,165.39839804922644
9278159000,7321101000,frankie&bennys,2020,Leicester,RETAIL_RESTAURANTS_AND_CAFES,84500.0,91000.0,433.2061707843605
9278250000,2478726000,prezzo,2018,York,RETAIL_RESTAURANTS_AND_CAFES,106000.0,115000.0,150.94170092447231
9278250000,9263338000,prezzo,2018,York,RETAIL_RESTAURANTS_AND_CAFES,106000.0,118800.0,223.35094215633654
9278250000,78797000,prezzo,2018,York,RETAIL_RESTAURANTS_AND_CAFES,106000.0,93000.0,2372.661281052563
9279292000,15017337000,prezzo,2018,York,RETAIL_RESTAURANTS_AND_CAFES,76500.0,76500.0,5102.6281744388725
9279292000,415839108,prezzo,2018,York,RETAIL_RESTAURANTS_AND_CAFES,76500.0,80000.0,5870.215414617385
9279292000,165734108,prezzo,2018,York,RETAIL_RESTAURANTS_AND_CAFES,76500.0,72000.0,165.16125608690103
9281148000,11752767000,paperchase,2023,City of London,RETAIL_HIGH_STREET,120000.0,118000.0,185.10260662712304
9281148000,9600398000,paperchase,2023,City of London,RETAIL_HIGH_STREET,120000.0,122000.0,404.85346548296405
9281148000,13936124000,paperchase,2023,City of London,RETAIL_HIGH_STREET,120000.0,123000.0,193.8366289497304
9335454000,6708602000,arcadia,2020,Milton Keynes,OFFICE_GENERAL,5500.0,5500.0,16397.30845779847
9335454000,13967790000,arcadia,2020,Milton Keynes,OFFICE_GENERAL,5500.0,5500.0,156.99527070545375
9335454000,34473162,arcadia,2020,Milton Keynes,OFFICE_GENERAL,5500.0,5500.0,2535.969069857523
9335462000,9604155000,arcadia,2020,Milton Keynes,OFFICE_GENERAL,3200.0,3200.0,893.8028095851514
9335462000,11669163000,arcadia,2020,Milton Keynes,OFFICE_GENERAL,3200.0,3200.0,926.8230398291846
9335462000,12752804000,arcadia,2020,Milton Keynes,OFFICE_GENERAL,3200.0,3200.0,5235.706178072991
9338405000,10827482000,homebase,2024,Birmingham,RETAIL_OTHER_SUPERSTORES_AND_WAREHOUSES,660000.0,670000.0,589.9481455378752
9338405000,2101136000,homebase,2024,Birmingham,RETAIL_OTHER_SUPERSTORES_AND_WAREHOUSES,660000.0,595000.0,1265.9320582035625
9338405000,15050078000,homebase,2024,Birmingham,RETAIL_OTHER_SUPERSTORES_AND_WAREHOUSES,660000.0,575000.0,1900.0882509593546
9342739000,9377117000,arcadia,2020,Milton Keynes,OFFICE_GENERAL,1400.0,1400.0,619.411180326279
9342739000,10740989000,arcadia,2020,Milton Keynes,OFFICE_GENERAL,1400.0,1400.0,926.8230398291846
9342739000,9635269000,arcadia,2020,Milton Keynes,OFFICE_GENERAL,1400.0,1400.0,926.8230398291846
9355153000,9343268000,paperchase,2023,Swindon,RETAIL_HIGH_STREET,47750.0,48000.0,3104.9155765725072
9355153000,11870402000,paperchase,2023,Swindon,RETAIL_HIGH_STREET,47750.0,48250.0,3871.196142666126
9355153000,11870401000,paperchase,2023,Swindon,RETAIL_HIGH_STREET,47750.0,48500.0,3871.196142666126
9366627000,3669353000,arcadia,2020,North Hertfordshire,OFFICE_GENERAL,10250.0,10250.0,15346.933982612103
9366627000,3815902000,arcadia,2020,North Hertfordshire,OFFICE_GENERAL,10250.0,10250.0,1531.5983913595344
9366627000,4379449000,arcadia,2020,North Hertfordshire,OFFICE_GENERAL,10250.0,10250.0,192.24142827486435
9375193000,108924124,wilko,2023,Cumberland,RETAIL_OTHER_SUPERSTORES_AND_WAREHOUSES,96500.0,96500.0,3383.417106149259
9375193000,13563296000,wilko,2023,Cumberland,RETAIL_OTHER_SUPERSTORES_AND_WAREHOUSES,96500.0,96000.0,3292.7001307361784
9375193000,110568124,wilko,2023,Cumberland,RETAIL_OTHER_SUPERSTORES_AND_WAREHOUSES,96500.0,96000.0,3292.7001307361784
9375198000,7435514000,wilko,2023,Cumberland,RETAIL_OTHER_SUPERSTORES_AND_WAREHOUSES,192000.0,186000.0,2268.874153303909
9375198000,102993124,wilko,2023,Cumberland,RETAIL_OTHER_SUPERSTORES_AND_WAREHOUSES,192000.0,200000.0,201.28229298240893
9375198000,13570467000,wilko,2023,Cumberland,RETAIL_OTHER_SUPERSTORES_AND_WAREHOUSES,192000.0,183000.0,2146.3767490998475
9393042000,14370128000,byron,2020,Tower Hamlets,RETAIL_RESTAURANTS_AND_CAFES,30750.0,30750.0,183.31535844089385
9393042000,2353483000,byron,2020,Tower Hamlets,RETAIL_RESTAURANTS_AND_CAFES,30750.0,31000.0,969.2243624829074
9393042000,13261221000,byron,2020,Tower Hamlets,RETAIL_RESTAURANTS_AND_CAFES,30750.0,31000.0,1723.5779621080483
9399496000,10073925000,wilko,2023,Nottingham,RETAIL_OTHER_SUPERSTORES_AND_WAREHOUSES,235000.0,236000.0,1212.7480608327837
9399496000,13979448000,wilko,2023,Nottingham,RETAIL_OTHER_SUPERSTORES_AND_WAREHOUSES,235000.0,237000.0,2210.59339689374
9399496000,9848591000,wilko,2023,Nottingham,RETAIL_OTHER_SUPERSTORES_AND_WAREHOUSES,235000.0,238000.0,3047.2703571275183
9447630000,11357273000,body shop,2024,South Oxfordshire,OFFICE_GENERAL,4800.0,4800.0,17789.545023149127
9447630000,183108163,body shop,2024,South Oxfordshire,OFFICE_GENERAL,4800.0,4750.0,1035.8792860542105
9447630000,6979185000,body shop,2024,South Oxfordshire,OFFICE_GENERAL,4800.0,4750.0,842.4272456256397
9458419000,12356695000,prezzo,2018,Telford and Wrekin,RETAIL_RESTAURANTS_AND_CAFES,121000.0,121000.0,515.8934034764013
9458419000,11806180000,prezzo,2018,Telford and Wrekin,RETAIL_RESTAURANTS_AND_CAFES,121000.0,121000.0,515.8934034764013
9458419000,14057437000,prezzo,2018,Telford and Wrekin,RETAIL_RESTAURANTS_AND_CAFES,121000.0,119000.0,441.6197474299782
9472988000,6544132000,homebase,2024,Warwick,RETAIL_OTHER_SUPERSTORES_AND_WAREHOUSES,390000.0,183000.0,551.1117754021512
9472988000,8948012000,homebase,2024,Warwick,RETAIL_OTHER_SUPERSTORES_AND_WAREHOUSES,390000.0,170000.0,1208.7738871026781
9472988000,191457237,homebase,2024,Warwick,RETAIL_OTHER_SUPERSTORES_AND_WAREHOUSES,390000.0,168000.0,1377.1106634276855
9482560000,167415082,cath kidston,2020,Hammersmith and Fulham,RETAIL_HIGH_STREET,0.0,0.0,985.4719145841244
9482560000,359559082,cath kidston,2020,Hammersmith and Fulham,RETAIL_HIGH_STREET,0.0,0.0,288.8921630687703
9482560000,2283595000,cath kidston,2020,Hammersmith and Fulham,RETAIL_HIGH_STREET,0.0,0.0,1025.7400046990815
9482926000,11486953000,arcadia,2020,Lincoln,RETAIL_HIGH_STREET,107000.0,27250.0,1371.8724278086704
9482926000,6034001000,arcadia,2020,Lincoln,RETAIL_HIGH_STREET,107000.0,27000.0,582.6885736844393
9482926000,4524286000,arcadia,2020,Lincoln,RETAIL_HIGH_STREET,107000.0,26750.0,2541.683917214595
9495647000,6150134000,chiquito,2020,Colchester,RETAIL_RESTAURANTS_AND_CAFES,104000.0,104000.0,272.05233995878024
9495647000,14975083000,chiquito,2020,Colchester,RETAIL_RESTAURANTS_AND_CAFES,104000.0,105000.0,3944.7701187193434
9495647000,14537927000,chiquito,2020,Colchester,RETAIL_RESTAURANTS_AND_CAFES,104000.0,105000.0,3944.7701187193434
9498016000,3893084000,maplin,2018,Chelmsford,INDUSTRIAL_GENERAL,48250.0,48250.0,2008.3487134638644
9498016000,12403810000,maplin,2018,Chelmsford,INDUSTRIAL_GENERAL,48250.0,48000.0,1820.777711087203
9498016000,8398446000,maplin,2018,Chelmsford,INDUSTRIAL_GENERAL,48250.0,48000.0,13515.938832153972
9498975000,1067657000,poundworld,2018,Buckinghamshire,RETAIL_HIGH_STREET,179000.0,68500.0,6232.953286156068
9498975000,10596296000,poundworld,2018,Buckinghamshire,RETAIL_HIGH_STREET,179000.0,67500.0,5862.549152862305
9498975000,345121162,poundworld,2018,Buckinghamshire,RETAIL_HIGH_STREET,179000.0,64000.0,554.2302011791381
9522011000,7851305000,arcadia,2020,Birmingham,RETAIL_HIGH_STREET,158000.0,95000.0,1879.5833485689707
9522011000,8956597000,arcadia,2020,Birmingham,RETAIL_HIGH_STREET,158000.0,94500.0,1804.9355439664603
9522011000,11816354000,arcadia,2020,Birmingham,RETAIL_HIGH_STREET,158000.0,92000.0,208.2242807575194
9523503000,14047173000,wilko,2023,"Bristol, City of",RETAIL_OTHER_SUPERSTORES_AND_WAREHOUSES,317500.0,292500.0,1485.102933592578
9523503000,13936980000,wilko,2023,"Bristol, City of",RETAIL_OTHER_SUPERSTORES_AND_WAREHOUSES,317500.0,292500.0,928.9981188708332
9523503000,338321212,wilko,2023,"Bristol, City of",RETAIL_OTHER_SUPERSTORES_AND_WAREHOUSES,317500.0,290000.0,1755.318114829307
9527367000,1480099000,poundworld,2018,Cardiff,RETAIL_HIGH_STREET,395000.0,69000.0,1727.6233564247384
9527367000,9508132000,poundworld,2018,Cardiff,RETAIL_HIGH_STREET,395000.0,66000.0,1472.5556195671259
9527367000,12862322000,poundworld,2018,Cardiff,RETAIL_HIGH_STREET,395000.0,66000.0,3597.152231121855
9535316000,31542045,debenhams,2020,West Northamptonshire,WAREHOUSE_AND_DISTRIBUTION,113000.0,96000.0,1157.194302585171
9535316000,266364045,debenhams,2020,West Northamptonshire,WAREHOUSE_AND_DISTRIBUTION,113000.0,62000.0,2529.9836282931437
9535316000,1586328000,debenhams,2020,West Northamptonshire,WAREHOUSE_AND_DISTRIBUTION,113000.0,49250.0,1125.2893916401824
9539814000,2233723000,prezzo,2018,Milton Keynes,RETAIL_RESTAURANTS_AND_CAFES,121000.0,124600.0,2185.114639655666
9539814000,12175320000,prezzo,2018,Milton Keynes,RETAIL_RESTAURANTS_AND_CAFES,121000.0,117000.0,2248.9754054958044
9539814000,13620885000,prezzo,2018,Milton Keynes,RETAIL_RESTAURANTS_AND_CAFES,121000.0,116000.0,2779.9185641702284
9545574000,1098739000,prezzo,2018,Milton Keynes,RETAIL_RESTAURANTS_AND_CAFES,104000.0,108000.0,245.27670995726098
9545574000,7678956000,prezzo,2018,Milton Keynes,RETAIL_RESTAURANTS_AND_CAFES,104000.0,109000.0,1938.9977507658311
9545574000,7250239000,prezzo,2018,Milton Keynes,RETAIL_RESTAURANTS_AND_CAFES,104000.0,109000.0,277.684905740789
9550210000,297663244,poundworld,2018,Leeds,RETAIL_HIGH_STREET,49500.0,49500.0,13030.380241244779
9550210000,6094534000,poundworld,2018,Leeds,RETAIL_HIGH_STREET,49500.0,49250.0,2646.7979066083426
9550210000,316084244,poundworld,2018,Leeds,RETAIL_HIGH_STREET,49500.0,49250.0,11921.883557724328
9554182000,9420871000,homebase,2024,North Yorkshire,RETAIL_OTHER_SUPERSTORES_AND_WAREHOUSES,635000.0,630000.0,273.88819771710075
9554182000,203937105,homebase,2024,North Yorkshire,RETAIL_OTHER_SUPERSTORES_AND_WAREHOUSES,635000.0,625000.0,39738.03701339693
9554182000,6548521000,homebase,2024,North Yorkshire,RETAIL_OTHER_SUPERSTORES_AND_WAREHOUSES,635000.0,570000.0,15961.136479944082
9559025000,934901000,arcadia,2020,Brighton and Hove,RETAIL_OTHER_SUPERSTORES_AND_WAREHOUSES,450000.0,432500.0,3801.9837558333124
9559025000,3946953000,arcadia,2020,Brighton and Hove,RETAIL_OTHER_SUPERSTORES_AND_WAREHOUSES,450000.0,427500.0,2568.168918784669
9559025000,9599834000,arcadia,2020,Brighton and Hove,RETAIL_OTHER_SUPERSTORES_AND_WAREHOUSES,450000.0,407500.0,1067.3799701573114
9559034000,931126000,arcadia,2020,North Yorkshire,RETAIL_HIGH_STREET,54000.0,54000.0,47301.022489355426
9559034000,1477774000,arcadia,2020,North Yorkshire,RETAIL_HIGH_STREET,54000.0,54000.0,43974.6245739795
9559034000,1760460000,arcadia,2020,North Yorkshire,RETAIL_HIGH_STREET,54000.0,54000.0,184.52173560480944
9562018000,333816212,arcadia,2020,"Bristol, City of",INDUSTRIAL_GENERAL,17750.0,17750.0,2620.300658682993
9562018000,14779458000,arcadia,2020,"Bristol, City of",INDUSTRIAL_GENERAL,17750.0,17750.0,7587.828437401727
9562018000,336275212,arcadia,2020,"Bristol, City of",INDUSTRIAL_GENERAL,17750.0,17750.0,1010.1798282684825
9563011000,31821148,wilko,2023,Maidstone,RETAIL_HIGH_STREET,1775.0,1775.0,1763.744556831544
9563011000,8901555000,wilko,2023,Maidstone,RETAIL_HIGH_STREET,1775.0,1750.0,1598.0311409116428
9563011000,199749148,wilko,2023,Maidstone,RETAIL_HIGH_STREET,1775.0,1800.0,7045.852956626042
9566825000,6989757000,maplin,2018,Birmingham,RETAIL_OTHER_SUPERSTORES_AND_WAREHOUSES,87500.0,90000.0,1496.6708839699727
9566825000,2667756000,maplin,2018,Birmingham,RETAIL_OTHER_SUPERSTORES_AND_WAREHOUSES,87500.0,90000.0,2094.3223920406685
9566825000,10800257000,maplin,2018,Birmingham,RETAIL_OTHER_SUPERSTORES_AND_WAREHOUSES,87500.0,84500.0,1170.1979644908984
9590396000,496696165,arcadia,2020,Reading,RETAIL_HIGH_STREET,505000.0,43750.0,380.99807312163415
9590396000,9433324000,arcadia,2020,Reading,RETAIL_HIGH_STREET,505000.0,42750.0,1333.8393788393223
9590396000,11160648000,arcadia,2020,Reading,RETAIL_HIGH_STREET,505000.0,42000.0,171.68810920026561
9596832000,15178072,carluccios,2020,Bromley,RETAIL_RESTAURANTS_AND_CAFES,103000.0,103000.0,2290.492705949207
9596832000,234908072,carluccios,2020,Bromley,RETAIL_RESTAURANTS_AND_CAFES,103000.0,100000.0,2931.8752676284576
9596832000,39499072,carluccios,2020,Bromley,RETAIL_RESTAURANTS_AND_CAFES,103000.0,99000.0,2747.5821579953
9596988000,12803543000,thomas cook,2019,Blackpool,RETAIL_HIGH_STREET,31750.0,31750.0,1743.2271843389142
9596988000,45130125,thomas cook,2019,Blackpool,RETAIL_HIGH_STREET,31750.0,31750.0,496.0409881747222
9596988000,2735908000,thomas cook,2019,Blackpool,RETAIL_HIGH_STREET,31750.0,31500.0,3413.980398118221
9639812000,5823030000,thomas cook,2019,Leeds,OTHER_COMMERCIAL,1.0,1.0,335.8007478813632
9639812000,10416540000,thomas cook,2019,Leeds,OTHER_COMMERCIAL,1.0,1.0,321.61759676131373
9639812000,11196232000,thomas cook,2019,Leeds,OTHER_COMMERCIAL,1.0,1.0,906.2213693780884
9648252000,170083058,cath kidston,2020,Tower Hamlets,RETAIL_HIGH_STREET,1225.0,1225.0,2360.8012879809703
9648252000,164627058,cath kidston,2020,Tower Hamlets,RETAIL_HIGH_STREET,1225.0,1225.0,552.3831392889792
9648252000,2817177000,cath kidston,2020,Tower Hamlets,RETAIL_HIGH_STREET,1225.0,1225.0,332.1144983641246
9648265000,3824156000,ted baker,2024,Tower Hamlets,RETAIL_HIGH_STREET,1825.0,1825.0,339.178016784973
9648265000,231552058,ted baker,2024,Tower Hamlets,RETAIL_HIGH_STREET,1825.0,1825.0,311.7494350399847
9648265000,262148058,ted baker,2024,Tower Hamlets,RETAIL_HIGH_STREET,1825.0,1800.0,918.3510237031506
9651087000,11137596000,prezzo,2018,Swindon,RETAIL_RESTAURANTS_AND_CAFES,87000.0,86500.0,1303.90148191081
9651087000,3123000,prezzo,2018,Swindon,RETAIL_RESTAURANTS_AND_CAFES,87000.0,87500.0,3663.83707420495
9651087000,10934839000,prezzo,2018,Swindon,RETAIL_RESTAURANTS_AND_CAFES,87000.0,86000.0,2293.0802693065507
9652980000,327761037,poundworld,2018,Nottingham,RETAIL_OTHER_SUPERSTORES_AND_WAREHOUSES,244000.0,240000.0,1471.314456994146
9652980000,6722703000,poundworld,2018,Nottingham,RETAIL_OTHER_SUPERSTORES_AND_WAREHOUSES,244000.0,229000.0,2601.298082165364
9652980000,13613602000,poundworld,2018,Nottingham,RETAIL_OTHER_SUPERSTORES_AND_WAREHOUSES,244000.0,260000.0,2038.7010925705554
9657548000,1173444000,arcadia,2020,Tower Hamlets,RETAIL_HIGH_STREET,750.0,750.0,1044.4266784879023
9657548000,261009058,arcadia,2020,Tower Hamlets,RETAIL_HIGH_STREET,750.0,740.0,163.5046475174393
9657548000,854761000,arcadia,2020,Tower Hamlets,RETAIL_HIGH_STREET,750.0,740.0,259.5692279050622
9657596000,12642071000,body shop,2024,Tower Hamlets,RETAIL_HIGH_STREET,1625.0,1625.0,958.6556715249268
9657596000,12642070000,body shop,2024,Tower Hamlets,RETAIL_HIGH_STREET,1625.0,1625.0,958.6556715249268
9657596000,11728676000,body shop,2024,Tower Hamlets,RETAIL_HIGH_STREET,1625.0,1600.0,918.3510237031506
9657597000,261017058,carluccios,2020,Tower Hamlets,RETAIL_HIGH_STREET,1150.0,1150.0,163.5046475174393
9657597000,9225586000,carluccios,2020,Tower Hamlets,RETAIL_HIGH_STREET,1150.0,1150.0,1266.1175715659733
9657597000,12642060000,carluccios,2020,Tower Hamlets,RETAIL_HIGH_STREET,1150.0,1150.0,958.6556715249268
9661202000,46869000,body shop,2024,Lincoln,RETAIL_HIGH_STREET,45000.0,26500.0,4015.759919668775
9661202000,7866759000,body shop,2024,Lincoln,RETAIL_HIGH_STREET,45000.0,25750.0,318.88499670693034
9661202000,7678838000,body shop,2024,Lincoln,RETAIL_HIGH_STREET,45000.0,25500.0,4015.759919668775
9680638000,10471015000,poundworld,2018,Southampton,RETAIL_HIGH_STREET,135000.0,48500.0,582.6454135280079
9680638000,3685478000,poundworld,2018,Southampton,RETAIL_HIGH_STREET,135000.0,48500.0,2167.0285786393524
9680638000,5706919000,poundworld,2018,Southampton,RETAIL_HIGH_STREET,135000.0,48000.0,625.248179113044
9680640000,535511176,poundworld,2018,Southampton,RETAIL_HIGH_STREET,13500.0,13500.0,1552.0346294400988
9680640000,201333176,poundworld,2018,Southampton,RETAIL_HIGH_STREET,13500.0,13500.0,3560.1436682049152
9680640000,12851987000,poundworld,2018,Southampton,RETAIL_HIGH_STREET,13500.0,13500.0,726.4250474445467
9684276000,10197635000,arcadia,2020,Birmingham,LEISURE_AMUSEMENT_AND_ENTERTAINMENT_CENTRES,30750.0,30000.0,849.1185637226416
9684276000,428318221,arcadia,2020,Birmingham,LEISURE_AMUSEMENT_AND_ENTERTAINMENT_CENTRES,30750.0,29250.0,249.6426021492347
9684276000,4591482000,arcadia,2020,Birmingham,LEISURE_AMUSEMENT_AND_ENTERTAINMENT_CENTRES,30750.0,32500.0,246.83730311338255
9684675000,2469241000,paperchase,2023,Tower Hamlets,RETAIL_HIGH_STREET,43000.0,43000.0,386.05625233646873
9684675000,9193239000,paperchase,2023,Tower Hamlets,RETAIL_HIGH_STREET,43000.0,43000.0,1409.8756161643062
9684675000,7031140000,paperchase,2023,Tower Hamlets,RETAIL_HIGH_STREET,43000.0,43000.0,263.9065239620828
9687444000,2884094000,debenhams,2020,Cheshire West and Chester,RETAIL_OTHER_SUPERSTORES_AND_WAREHOUSES,780000.0,850000.0,654.8061219778214
9687444000,9330570000,debenhams,2020,Cheshire West and Chester,RETAIL_OTHER_SUPERSTORES_AND_WAREHOUSES,780000.0,915000.0,5910.492565543568
9687444000,15071763000,debenhams,2020,Cheshire West and Chester,RETAIL_OTHER_SUPERSTORES_AND_WAREHOUSES,780000.0,925000.0,5910.492565543568
9692633000,12179720000,carluccios,2020,Lincoln,RETAIL_RESTAURANTS_AND_CAFES,122000.0,102500.0,160.5322763191232
9692633000,564309032,carluccios,2020,Lincoln,RETAIL_RESTAURANTS_AND_CAFES,122000.0,95500.0,947.0846526794526
9692633000,562340032,carluccios,2020,Lincoln,RETAIL_RESTAURANTS_AND_CAFES,122000.0,94000.0,3113.8729404826763
9696057000,13857275000,body shop,2024,Coventry,INDUSTRIAL_LIGHT,30750.0,31000.0,1176.424247748548
9696057000,11733327000,body shop,2024,Coventry,INDUSTRIAL_LIGHT,30750.0,30250.0,2948.166648385843
9696057000,9411733000,body shop,2024,Coventry,INDUSTRIAL_LIGHT,30750.0,30250.0,3166.23461595528
9702810000,10740820000,ted baker,2024,York,RETAIL_HIGH_STREET,53000.0,30000.0,615.7013546561317
9702810000,11296447000,ted baker,2024,York,RETAIL_HIGH_STREET,53000.0,29750.0,2727.3530741492486
9702810000,176359108,ted baker,2024,York,RETAIL_HIGH_STREET,53000.0,29750.0,2577.348411872708
9703767000,8497631000,frankie&bennys,2020,County Durham,RETAIL_OTHER_SUPERSTORES_AND_WAREHOUSES,97500.0,92000.0,8656.568677874855
9703767000,14922345000,frankie&bennys,2020,County Durham,RETAIL_OTHER_SUPERSTORES_AND_WAREHOUSES,97500.0,91500.0,332.93152812596435
9703767000,1527115000,frankie&bennys,2020,County Durham,RETAIL_OTHER_SUPERSTORES_AND_WAREHOUSES,97500.0,90500.0,9153.724719553931
9715970000,583098221,wilko,2023,Birmingham,RETAIL_OTHER_SUPERSTORES_AND_WAREHOUSES,186000.0,185000.0,197.54098425067696
9715970000,5789782000,wilko,2023,Birmingham,RETAIL_OTHER_SUPERSTORES_AND_WAREHOUSES,186000.0,185000.0,2540.5635130495148
9715970000,429576221,wilko,2023,Birmingham,RETAIL_OTHER_SUPERSTORES_AND_WAREHOUSES,186000.0,184000.0,460.84219072565566
9720507000,14980716000,poundworld,2018,Canterbury,RETAIL_HIGH_STREET,280000.0,290000.0,1329.8658203152659
9720507000,1468401000,poundworld,2018,Canterbury,RETAIL_HIGH_STREET,280000.0,48750.0,1678.0696825003106
9720507000,1532906000,poundworld,2018,Canterbury,RETAIL_HIGH_STREET,280000.0,48750.0,1678.0696825003106
9727374000,11414001000,arcadia,2020,Ashford,OTHER_PUBLIC,18250.0,18250.0,2319.472330877408
9727374000,10589211000,arcadia,2020,Ashford,OTHER_PUBLIC,18250.0,18000.0,1517.9970746879033
9727374000,329839148,arcadia,2020,Ashford,OTHER_PUBLIC,18250.0,18500.0,225.9196627439652
9748232000,9844434000,poundworld,2018,Dartford,RETAIL_HIGH_STREET,34500.0,32500.0,873.3656586302457
9748232000,13844885000,poundworld,2018,Dartford,RETAIL_HIGH_STREET,34500.0,29000.0,4897.1195896493855
9748232000,7345767000,poundworld,2018,Dartford,RETAIL_HIGH_STREET,34500.0,28000.0,873.3656586302457
9761716000,9866404000,maplin,2018,Leicester,RETAIL_OTHER_SUPERSTORES_AND_WAREHOUSES,92000.0,91500.0,1491.3654581874746
9761716000,3905913000,maplin,2018,Leicester,RETAIL_OTHER_SUPERSTORES_AND_WAREHOUSES,92000.0,88500.0,1213.187222483535
9761716000,1079415000,maplin,2018,Leicester,RETAIL_OTHER_SUPERSTORES_AND_WAREHOUSES,92000.0,88000.0,1419.73288636158
9769428000,6629291000,ted baker,2024,Cheshire West and Chester,RETAIL_HIGH_STREET,120000.0,30250.0,1141.3875007558247
9769428000,8156736000,ted baker,2024,Cheshire West and Chester,RETAIL_HIGH_STREET,120000.0,30000.0,10587.059074776269
9769428000,14474224000,ted baker,2024,Cheshire West and Chester,RETAIL_HIGH_STREET,120000.0,30000.0,10761.772106382003
9771027000,5157053000,maplin,2018,Nottingham,RETAIL_OTHER_SUPERSTORES_AND_WAREHOUSES,64000.0,62500.0,2178.0895770461334
9771027000,4684820000,maplin,2018,Nottingham,RETAIL_OTHER_SUPERSTORES_AND_WAREHOUSES,64000.0,62500.0,1254.6369785364402
9771027000,7668202000,maplin,2018,Nottingham,RETAIL_OTHER_SUPERSTORES_AND_WAREHOUSES,64000.0,66000.0,2178.0895770461334
9778038000,8007313000,poundworld,2018,County Durham,RETAIL_HIGH_STREET,40250.0,40000.0,6271.43152240721
9778038000,137068104,poundworld,2018,County Durham,RETAIL_HIGH_STREET,40250.0,39750.0,8890.997307805499
9778038000,7118885000,poundworld,2018,County Durham,RETAIL_HIGH_STREET,40250.0,39500.0,445.10984531814745
9784464000,12483348000,wilko,2023,North Yorkshire,RETAIL_OTHER_SUPERSTORES_AND_WAREHOUSES,265000.0,265000.0,24518.571249787237
9784464000,192210105,wilko,2023,North Yorkshire,RETAIL_OTHER_SUPERSTORES_AND_WAREHOUSES,265000.0,265000.0,5833.285240765238
9784464000,13854938000,wilko,2023,North Yorkshire,RETAIL_OTHER_SUPERSTORES_AND_WAREHOUSES,265000.0,257500.0,44138.119655991555
9792872000,10928138000,poundworld,2018,Brighton and Hove,RETAIL_HIGH_STREET,67000.0,65500.0,4795.3297155840555
9792872000,9847464000,poundworld,2018,Brighton and Hove,RETAIL_HIGH_STREET,67000.0,64500.0,273.7523459697629
9792872000,236140141,poundworld,2018,Brighton and Hove,RETAIL_HIGH_STREET,67000.0,64500.0,154.56805320065513
9800012000,164530108,arcadia,2020,York,RETAIL_HIGH_STREET,218000.0,29500.0,243.18812873507352
9800012000,163964108,arcadia,2020,York,RETAIL_HIGH_STREET,218000.0,29500.0,2877.468108564784
9800012000,6183620000,arcadia,2020,York,RETAIL_HIGH_STREET,218000.0,29250.0,1592.8578460863446
9820150000,14546264000,arcadia,2020,Central Bedfordshire,RETAIL_OTHER_SUPERSTORES_AND_WAREHOUSES,171000.0,169000.0,1837.3232475595712
9820150000,11147467000,arcadia,2020,Central Bedfordshire,RETAIL_OTHER_SUPERSTORES_AND_WAREHOUSES,171000.0,164000.0,19511.112040982065
9820150000,10777070000,arcadia,2020,Central Bedfordshire,RETAIL_OTHER_SUPERSTORES_AND_WAREHOUSES,171000.0,158000.0,4945.283763560528
9834478000,10912100000,strada,2018,West Northamptonshire,OFFICE_GENERAL,8400.0,8400.0,4925.7710780880425
9834478000,234161045,strada,2018,West Northamptonshire,OFFICE_GENERAL,8400.0,8400.0,14188.56839720651
9834478000,205589045,strada,2018,West Northamptonshire,OFFICE_GENERAL,8400.0,8400.0,386.93011009991636
9848644000,100613037,arcadia,2020,Nottingham,RETAIL_HIGH_STREET,147000.0,35750.0,5534.037349989812
9848644000,9608816000,arcadia,2020,Nottingham,RETAIL_HIGH_STREET,147000.0,35750.0,235.9750866642532
9848644000,8831607000,arcadia,2020,Nottingham,RETAIL_HIGH_STREET,147000.0,35500.0,184.59651119843042
9866913000,398498244,thomas cook,2019,Leeds,RETAIL_HIGH_STREET,89500.0,67500.0,12873.576113339244
9866913000,13249738000,thomas cook,2019,Leeds,RETAIL_HIGH_STREET,89500.0,67000.0,795.3063823082254
9866913000,8848682000,thomas cook,2019,Leeds,RETAIL_HIGH_STREET,89500.0,65000.0,2453.0744930543974
9869453000,562143032,bhs,2016,Lincoln,RETAIL_OTHER_SUPERSTORES_AND_WAREHOUSES,625000.0,231000.0,2309.462044407454
9869453000,9413104000,bhs,2016,Lincoln,RETAIL_OTHER_SUPERSTORES_AND_WAREHOUSES,625000.0,230000.0,399.67953698282156
9869453000,13442762000,bhs,2016,Lincoln,RETAIL_OTHER_SUPERSTORES_AND_WAREHOUSES,625000.0,217000.0,2286.779347925456
9869455000,539779032,arcadia,2020,Lincoln,RETAIL_HIGH_STREET,85500.0,25500.0,2308.0143129568623
9869455000,9454361000,arcadia,2020,Lincoln,RETAIL_HIGH_STREET,85500.0,24500.0,2020.7876157471023
9869455000,142868032,arcadia,2020,Lincoln,RETAIL_HIGH_STREET,85500.0,24500.0,601.3463196481905
9882370000,120942045,prezzo,2018,North Northamptonshire,RETAIL_RESTAURANTS_AND_CAFES,38500.0,38250.0,720.3751498379555
9882370000,14672315000,prezzo,2018,North Northamptonshire,RETAIL_RESTAURANTS_AND_CAFES,38500.0,39000.0,2483.6351808245495
9882370000,151556016,prezzo,2018,North Northamptonshire,RETAIL_RESTAURANTS_AND_CAFES,38500.0,39250.0,16128.681353798293
9904483000,718835104,bhs,2016,Darlington,RETAIL_OTHER_SUPERSTORES_AND_WAREHOUSES,317500.0,315000.0,2417.0189979489132
9904483000,14149081000,bhs,2016,Darlington,RETAIL_OTHER_SUPERSTORES_AND_WAREHOUSES,317500.0,335000.0,2298.3487167694634
9904483000,503255104,bhs,2016,Darlington,RETAIL_OTHER_SUPERSTORES_AND_WAREHOUSES,317500.0,290000.0,1054.2041201230509
9907996000,7850666000,mothercare,2019,Rugby,RETAIL_OTHER_SUPERSTORES_AND_WAREHOUSES,133000.0,133000.0,206.19619400962134
9907996000,2440158000,mothercare,2019,Rugby,RETAIL_OTHER_SUPERSTORES_AND_WAREHOUSES,133000.0,88500.0,487.1133617718583
9907996000,1738152000,mothercare,2019,Rugby,RETAIL_OTHER_SUPERSTORES_AND_WAREHOUSES,133000.0,181000.0,1498.879604992473
9908013000,300140222,arcadia,2020,Rugby,RETAIL_OTHER_SUPERSTORES_AND_WAREHOUSES,143000.0,185000.0,2703.969536948218
9908013000,280728222,arcadia,2020,Rugby,RETAIL_OTHER_SUPERSTORES_AND_WAREHOUSES,143000.0,75500.0,13787.507920803806
9908013000,4176790000,arcadia,2020,Rugby,RETAIL_OTHER_SUPERSTORES_AND_WAREHOUSES,143000.0,252500.0,8474.44875915254
9908103000,11597484000,debenhams,2020,Rugby,RETAIL_OTHER_SUPERSTORES_AND_WAREHOUSES,535000.0,23000.0,409.40355780563675
9908103000,5061869000,debenhams,2020,Rugby,RETAIL_OTHER_SUPERSTORES_AND_WAREHOUSES,535000.0,22500.0,409.40355780563675
9908103000,4095319000,debenhams,2020,Rugby,RETAIL_OTHER_SUPERSTORES_AND_WAREHOUSES,535000.0,18750.0,360.46281991673055
9915588000,9915588000,toys r us,2018,Brighton and Hove,RETAIL_OTHER_SUPERSTORES_AND_WAREHOUSES,685000.0,685000.0,1081.6387608010793
9915588000,353698141,toys r us,2018,Brighton and Hove,RETAIL_OTHER_SUPERSTORES_AND_WAREHOUSES,685000.0,640000.0,181.89546765345727
9915588000,337384141,toys r us,2018,Brighton and Hove,RETAIL_OTHER_SUPERSTORES_AND_WAREHOUSES,685000.0,500000.0,1069.9758734489417
9931155000,4415938000,arcadia,2020,Watford,OFFICE_GENERAL,3750.0,3750.0,442.1442820059561
9931155000,4415865000,arcadia,2020,Watford,OFFICE_GENERAL,3750.0,3750.0,442.1442820059561
9931155000,9931155000,arcadia,2020,Watford,OFFICE_GENERAL,3750.0,3750.0,555.2712063746798
9941270000,14921334000,prezzo,2018,Cheshire West and Chester,RETAIL_RESTAURANTS_AND_CAFES,68500.0,68500.0,7934.830484578291
9941270000,14572801000,prezzo,2018,Cheshire West and Chester,RETAIL_RESTAURANTS_AND_CAFES,68500.0,68000.0,8051.914191822235
9941270000,14562394000,prezzo,2018,Cheshire West and Chester,RETAIL_RESTAURANTS_AND_CAFES,68500.0,69000.0,10718.648159711416
9952283000,2954422000,poundworld,2018,Preston,RETAIL_OTHER_SUPERSTORES_AND_WAREHOUSES,88000.0,88500.0,1781.1813799519637
9952283000,5564229000,poundworld,2018,Preston,RETAIL_OTHER_SUPERSTORES_AND_WAREHOUSES,88000.0,86000.0,951.095016529041
9952283000,2549180000,poundworld,2018,Preston,RETAIL_OTHER_SUPERSTORES_AND_WAREHOUSES,88000.0,90000.0,245.23302733806761
9958964000,6067042000,arcadia,2020,Gloucester,RETAIL_HIGH_STREET,179000.0,64000.0,151.04972328429787
9958964000,14673864000,arcadia,2020,Gloucester,RETAIL_HIGH_STREET,179000.0,63500.0,3715.3192968179237
9958964000,5228370000,arcadia,2020,Gloucester,RETAIL_HIGH_STREET,179000.0,60500.0,151.04972328429787
9966895000,1693742000,arcadia,2020,North Yorkshire,INDUSTRIAL_GENERAL,6000.0,6000.0,16021.983025030864
9966895000,9233821000,arcadia,2020,North Yorkshire,INDUSTRIAL_GENERAL,6000.0,6000.0,4969.291878902246
9966895000,7948995000,arcadia,2020,North Yorkshire,INDUSTRIAL_GENERAL,6000.0,6000.0,5778.205770755004
9979997000,5001551000,byron,2020,"Bristol, City of",RETAIL_RESTAURANTS_AND_CAFES,62500.0,62500.0,252.19546400934837
9979997000,247107212,byron,2020,"Bristol, City of",RETAIL_RESTAURANTS_AND_CAFES,62500.0,62000.0,633.4901772851484
9979997000,13946471000,byron,2020,"Bristol, City of",RETAIL_RESTAURANTS_AND_CAFES,62500.0,63000.0,198.481633314889
9992832000,7823278000,debenhams,2020,East Riding of Yorkshire,RETAIL_OTHER_SUPERSTORES_AND_WAREHOUSES,245000.0,252500.0,10245.245666220584
9992832000,13573326000,debenhams,2020,East Riding of Yorkshire,RETAIL_OTHER_SUPERSTORES_AND_WAREHOUSES,245000.0,235000.0,31418.677911634713
9992832000,6068053000,debenhams,2020,East Riding of Yorkshire,RETAIL_OTHER_SUPERSTORES_AND_WAREHOUSES,245000.0,257500.0,32280.160877841474
10000688000,10351294000,cath kidston,2020,Birmingham,RETAIL_HIGH_STREET,140000.0,91500.0,170.8385276607441
10000688000,3403606000,cath kidston,2020,Birmingham,RETAIL_HIGH_STREET,140000.0,89500.0,474.5663495397587
10000688000,8532482000,cath kidston,2020,Birmingham,RETAIL_HIGH_STREET,140000.0,88000.0,201.62126283041988
10004595000,567112221,arcadia,2020,Birmingham,RETAIL_HIGH_STREET,16750.0,16750.0,473.04223716218075
10004595000,1137519000,arcadia,2020,Birmingham,RETAIL_HIGH_STREET,16750.0,16750.0,2135.6386906113094
10004595000,283233221,arcadia,2020,Birmingham,RETAIL_HIGH_STREET,16750.0,16750.0,1065.2241816660717
10014614000,6573780000,paperchase,2023,Birmingham,RETAIL_HIGH_STREET,156000.0,86500.0,1667.8894751430073
10014614000,9353429000,paperchase,2023,Birmingham,RETAIL_HIGH_STREET,156000.0,86000.0,232.36458013114103
10014614000,12870507000,paperchase,2023,Birmingham,RETAIL_HIGH_STREET,156000.0,83500.0,2525.8050320227153
10032923000,10889326000,arcadia,2020,South Gloucestershire,RETAIL_OTHER_SUPERSTORES_AND_WAREHOUSES,320000.0,325000.0,3699.860834285073
10032923000,202412211,arcadia,2020,South Gloucestershire,RETAIL_OTHER_SUPERSTORES_AND_WAREHOUSES,320000.0,297500.0,1047.8544330749355
10032923000,14760477000,arcadia,2020,South Gloucestershire,RETAIL_OTHER_SUPERSTORES_AND_WAREHOUSES,320000.0,342500.0,3587.1836633195326
10035920000,3388398000,wilko,2023,Milton Keynes,RETAIL_OTHER_SUPERSTORES_AND_WAREHOUSES,535000.0,520000.0,965.8807004660389
10035920000,2230963000,wilko,2023,Milton Keynes,RETAIL_OTHER_SUPERSTORES_AND_WAREHOUSES,535000.0,497500.0,607.9782857055816
10035920000,11709017000,wilko,2023,Milton Keynes,RETAIL_OTHER_SUPERSTORES_AND_WAREHOUSES,535000.0,465000.0,1126.151632104422
10039342000,10039342000,arcadia,2020,Leeds,RETAIL_OTHER_SUPERSTORES_AND_WAREHOUSES,194000.0,194000.0,1582.818620446322
10039342000,10262296000,arcadia,2020,Leeds,RETAIL_OTHER_SUPERSTORES_AND_WAREHOUSES,194000.0,193000.0,581.345363704337
10039342000,396868244,arcadia,2020,Leeds,RETAIL_OTHER_SUPERSTORES_AND_WAREHOUSES,194000.0,195000.0,1984.8447996175667
10043489000,12898272000,prezzo,2018,Rushmoor,RETAIL_RESTAURANTS_AND_CAFES,19000.0,19500.0,580.4657725749291
10043489000,11216674000,prezzo,2018,Rushmoor,RETAIL_RESTAURANTS_AND_CAFES,19000.0,17500.0,153.67877081398532
10043489000,4393051000,prezzo,2018,Rushmoor,RETAIL_RESTAURANTS_AND_CAFES,19000.0,20750.0,1675.1259694400514
10044538000,228717082,wilko,2023,Hammersmith and Fulham,RETAIL_HIGH_STREET,447500.0,118000.0,468.3387180574833
10044538000,13481929000,wilko,2023,Hammersmith and Fulham,RETAIL_HIGH_STREET,447500.0,117000.0,937.9665663248838
10044538000,8557660000,wilko,2023,Hammersmith and Fulham,RETAIL_HIGH_STREET,447500.0,116000.0,506.144333277987
10048629000,1289208000,cafe rouge,2020,Birmingham,RETAIL_RESTAURANTS_AND_CAFES,127000.0,125000.0,1626.856893997565
10048629000,9706221,cafe rouge,2020,Birmingham,RETAIL_RESTAURANTS_AND_CAFES,127000.0,130000.0,3437.6881178265985
10048629000,450213221,cafe rouge,2020,Birmingham,RETAIL_RESTAURANTS_AND_CAFES,127000.0,130000.0,446.96757339068995
10057199000,173490192,homebase,2024,Cardiff,RETAIL_OTHER_SUPERSTORES_AND_WAREHOUSES,55500.0,56000.0,1025.0266901025743
10057199000,6301948000,homebase,2024,Cardiff,RETAIL_OTHER_SUPERSTORES_AND_WAREHOUSES,55500.0,54000.0,1025.0266901025743
10057199000,232062192,homebase,2024,Cardiff,RETAIL_OTHER_SUPERSTORES_AND_WAREHOUSES,55500.0,54000.0,4327.229155355443
10073164000,3500502000,paperchase,2023,Bradford,RETAIL_HIGH_STREET,5500.0,5500.0,3859.5698492268816
10073164000,8818374000,paperchase,2023,Bradford,RETAIL_HIGH_STREET,5500.0,5500.0,1766.5740161533633
10073164000,8480868000,paperchase,2023,Bradford,RETAIL_HIGH_STREET,5500.0,5500.0,3424.72885221088
10084180000,15072227000,maplin,2018,Plymouth,RETAIL_HIGH_STREET,170000.0,46250.0,3036.6005553658842
10084180000,11633283000,maplin,2018,Plymouth,RETAIL_HIGH_STREET,170000.0,45500.0,1464.7967931461083
10084180000,9373248000,maplin,2018,Plymouth,RETAIL_HIGH_STREET,170000.0,45500.0,285.87594000475616
10101386000,50002148,homebase,2024,Maidstone,RETAIL_HIGH_STREET,37250.0,33250.0,479.6558718061988
10101386000,11281481000,homebase,2024,Maidstone,RETAIL_HIGH_STREET,37250.0,32750.0,3118.604375091476
10101386000,381680148,homebase,2024,Maidstone,RETAIL_HIGH_STREET,37250.0,32000.0,2825.586606562789
10103599000,2451007000,homebase,2024,Rugby,RETAIL_OTHER_SUPERSTORES_AND_WAREHOUSES,460000.0,18500.0,4878.146599072521
10103599000,6661885000,homebase,2024,Rugby,RETAIL_OTHER_SUPERSTORES_AND_WAREHOUSES,460000.0,17500.0,13203.412906272499
10103599000,4995438000,homebase,2024,Rugby,RETAIL_OTHER_SUPERSTORES_AND_WAREHOUSES,460000.0,16500.0,1650.3140276115291
10103934000,13988978000,byron,2020,Canterbury,RETAIL_RESTAURANTS_AND_CAFES,90500.0,92500.0,763.42333423276
10103934000,3812189000,byron,2020,Canterbury,RETAIL_RESTAURANTS_AND_CAFES,90500.0,81500.0,9186.879002522983
10103934000,9240106000,byron,2020,Canterbury,RETAIL_RESTAURANTS_AND_CAFES,90500.0,80000.0,214.57652468680172
10106144000,14093764000,prezzo,2018,South Gloucestershire,RETAIL_RESTAURANTS_AND_CAFES,77500.0,78250.0,5117.797446291001
10106144000,223088211,prezzo,2018,South Gloucestershire,RETAIL_RESTAURANTS_AND_CAFES,77500.0,78500.0,2938.351331993222
10106144000,642723000,prezzo,2018,South Gloucestershire,RETAIL_RESTAURANTS_AND_CAFES,77500.0,78750.0,2060.8133364282166
10106198000,609846000,frankie&bennys,2020,South Gloucestershire,RETAIL_RESTAURANTS_AND_CAFES,73500.0,72500.0,1683.7151994561068
10106198000,6009127000,frankie&bennys,2020,South Gloucestershire,RETAIL_RESTAURANTS_AND_CAFES,73500.0,74500.0,5117.797446291001
10106198000,659647000,frankie&bennys,2020,South Gloucestershire,RETAIL_RESTAURANTS_AND_CAFES,73500.0,74800.0,6022.287665360985
10106841000,15028186000,thomas cook,2019,Manchester,OFFICE_GENERAL,80000.0,80000.0,355.34287371700265
10106841000,10957257000,thomas cook,2019,Manchester,OFFICE_GENERAL,80000.0,80000.0,212.20197275469366
10106841000,10870212000,thomas cook,2019,Manchester,OFFICE_GENERAL,80000.0,79500.0,610.9336702453037
10136123000,13298733000,body shop,2024,Lancaster,INDUSTRIAL_GENERAL,9300.0,9300.0,4538.419292429444
10136123000,1044023000,body shop,2024,Lancaster,INDUSTRIAL_GENERAL,9300.0,9300.0,5969.738210821042
10136123000,272280125,body shop,2024,Lancaster,INDUSTRIAL_GENERAL,9300.0,9300.0,878.0657410977834
10136460000,5944372000,carluccios,2020,Gloucester,RETAIL_RESTAURANTS_AND_CAFES,65500.0,67500.0,2141.7806677362823
10136460000,4727314000,carluccios,2020,Gloucester,RETAIL_RESTAURANTS_AND_CAFES,65500.0,63000.0,967.4280536964538
10136460000,336714214,carluccios,2020,Gloucester,RETAIL_RESTAURANTS_AND_CAFES,65500.0,72000.0,421.9830196487672
10146603000,8791689000,arcadia,2020,Stockton-on-Tees,RETAIL_OTHER_SUPERSTORES_AND_WAREHOUSES,520000.0,505000.0,6021.150625428364
10146603000,7436367000,arcadia,2020,Stockton-on-Tees,RETAIL_OTHER_SUPERSTORES_AND_WAREHOUSES,520000.0,390000.0,1854.667076867495
10146603000,11337844000,arcadia,2020,Stockton-on-Tees,RETAIL_OTHER_SUPERSTORES_AND_WAREHOUSES,520000.0,382500.0,3530.2411157044307
10146654000,8849485000,thomas cook,2019,Stockton-on-Tees,RETAIL_OTHER_SUPERSTORES_AND_WAREHOUSES,210000.0,209000.0,2263.141286145734
10146654000,6542318000,thomas cook,2019,Stockton-on-Tees,RETAIL_OTHER_SUPERSTORES_AND_WAREHOUSES,210000.0,211000.0,2086.773519374552
10146654000,8788083000,thomas cook,2019,Stockton-on-Tees,RETAIL_OTHER_SUPERSTORES_AND_WAREHOUSES,210000.0,213000.0,6368.931354730634
10147235000,14519684000,toys r us,2018,Stockton-on-Tees,RETAIL_OTHER_SUPERSTORES_AND_WAREHOUSES,845000.0,900000.0,424.40335400107165
10147235000,12886654000,toys r us,2018,Stockton-on-Tees,RETAIL_OTHER_SUPERSTORES_AND_WAREHOUSES,845000.0,775000.0,1766.1651697031393
10147235000,9743743000,toys r us,2018,Stockton-on-Tees,RETAIL_OTHER_SUPERSTORES_AND_WAREHOUSES,845000.0,760000.0,553.1492037667404
10149415000,7637096000,maplin,2018,Stockton-on-Tees,RETAIL_OTHER_SUPERSTORES_AND_WAREHOUSES,227000.0,228000.0,1854.667076867495
10149415000,10331518000,maplin,2018,Stockton-on-Tees,RETAIL_OTHER_SUPERSTORES_AND_WAREHOUSES,227000.0,215000.0,1314.7284256583573
10149415000,4461706000,maplin,2018,Stockton-on-Tees,RETAIL_OTHER_SUPERSTORES_AND_WAREHOUSES,227000.0,248000.0,553.1492037667404
10153029000,67228108,prezzo,2018,North Yorkshire,RETAIL_RESTAURANTS_AND_CAFES,47750.0,47900.0,42018.1898251761
10153029000,133756105,prezzo,2018,North Yorkshire,RETAIL_RESTAURANTS_AND_CAFES,47750.0,48000.0,29882.79478234404
10153029000,1045880000,prezzo,2018,North Yorkshire,RETAIL_RESTAURANTS_AND_CAFES,47750.0,48350.0,30133.516828276042
10155179000,7192369000,paperchase,2023,Peterborough,RETAIL_HIGH_STREET,169000.0,44750.0,3374.322439121687
10155179000,7192368000,paperchase,2023,Peterborough,RETAIL_HIGH_STREET,169000.0,44500.0,3374.322439121687
10155179000,13256138000,paperchase,2023,Peterborough,RETAIL_HIGH_STREET,169000.0,44000.0,3374.322439121687
10176709000,12801827000,arcadia,2020,Somerset,OFFICE_GENERAL,5800.0,5800.0,515.9405980456506
10176709000,10176719000,arcadia,2020,Somerset,OFFICE_GENERAL,5800.0,5800.0,10747.224883824902
10176709000,8548520000,arcadia,2020,Somerset,OFFICE_GENERAL,5800.0,5800.0,10218.166378556682
10187177000,11364823000,wilko,2023,West Northamptonshire,WAREHOUSING_LARGE_SCALE_AND_HIGH_BAY,78500.0,76500.0,560.242628937934
10187177000,935877000,wilko,2023,West Northamptonshire,WAREHOUSING_LARGE_SCALE_AND_HIGH_BAY,78500.0,76000.0,6269.448182827656
10187177000,1490516000,wilko,2023,West Northamptonshire,WAREHOUSING_LARGE_SCALE_AND_HIGH_BAY,78500.0,83000.0,997.0609465465272
10197864000,14775419000,debenhams,2020,Cheshire West and Chester,RETAIL_OTHER_SUPERSTORES_AND_WAREHOUSES,1470000.0,1470000.0,2178.8497065315314
10197864000,8991543000,debenhams,2020,Cheshire West and Chester,RETAIL_OTHER_SUPERSTORES_AND_WAREHOUSES,1470000.0,1500000.0,7922.385682585844
10197864000,8918609000,debenhams,2020,Cheshire West and Chester,RETAIL_OTHER_SUPERSTORES_AND_WAREHOUSES,1470000.0,1430000.0,797.7169136945698
10202558000,11093563000,bella italia,2020,Manchester,RETAIL_OTHER_SUPERSTORES_AND_WAREHOUSES,9700.0,9700.0,494.78789086859865
10202558000,14527538000,bella italia,2020,Manchester,RETAIL_OTHER_SUPERSTORES_AND_WAREHOUSES,9700.0,9700.0,624.7358138836106
10202558000,15055124000,bella italia,2020,Manchester,RETAIL_OTHER_SUPERSTORES_AND_WAREHOUSES,9700.0,9700.0,391.26853831320204
10206017000,12558722000,homebase,2024,Buckinghamshire,RETAIL_OTHER_SUPERSTORES_AND_WAREHOUSES,655000.0,785000.0,7027.450577438729
10206017000,14208952000,homebase,2024,Buckinghamshire,RETAIL_OTHER_SUPERSTORES_AND_WAREHOUSES,655000.0,520000.0,198.8288082173764
10206017000,4061898000,homebase,2024,Buckinghamshire,RETAIL_OTHER_SUPERSTORES_AND_WAREHOUSES,655000.0,514000.0,203.96131671628706
10208494000,15065281000,body shop,2024,Birmingham,RETAIL_HIGH_STREET,66500.0,66500.0,2902.1886749573728
10208494000,12448328000,body shop,2024,Birmingham,RETAIL_HIGH_STREET,66500.0,66000.0,2494.9233857958066
10208494000,12440187000,body shop,2024,Birmingham,RETAIL_HIGH_STREET,66500.0,66000.0,773.7853049836907
10219003000,8791528000,debenhams,2020,Bradford,RETAIL_OTHER_SUPERSTORES_AND_WAREHOUSES,745000.0,840000.0,4424.302910620668
10219003000,8830936000,debenhams,2020,Bradford,RETAIL_OTHER_SUPERSTORES_AND_WAREHOUSES,745000.0,610000.0,6134.681816129728
10219003000,9382885000,debenhams,2020,Bradford,RETAIL_OTHER_SUPERSTORES_AND_WAREHOUSES,745000.0,605000.0,432.61378903428135
10219430000,421604221,paperchase,2023,Birmingham,RETAIL_HIGH_STREET,3550.0,3550.0,1073.8820150432002
10219430000,306510221,paperchase,2023,Birmingham,RETAIL_HIGH_STREET,3550.0,3550.0,742.4662058143899
10219430000,6358221,paperchase,2023,Birmingham,RETAIL_HIGH_STREET,3550.0,3550.0,2595.2979896097527
10239558000,2564402000,wilko,2023,Cheshire West and Chester,RETAIL_OTHER_SUPERSTORES_AND_WAREHOUSES,525000.0,515000.0,187.29926691910583
10239558000,9179780000,wilko,2023,Cheshire West and Chester,RETAIL_OTHER_SUPERSTORES_AND_WAREHOUSES,525000.0,510000.0,1047.1864542322144
10239558000,231360132,wilko,2023,Cheshire West and Chester,RETAIL_OTHER_SUPERSTORES_AND_WAREHOUSES,525000.0,500000.0,204.3628934298757
10244793000,13149593000,ted baker,2024,Derby,WAREHOUSING_LARGE_SCALE_AND_HIGH_BAY,1790000.0,1660000.0,2510.7416106670753
10244793000,14926362000,ted baker,2024,Derby,WAREHOUSING_LARGE_SCALE_AND_HIGH_BAY,1790000.0,2370000.0,3508.185141585191
10244793000,9420346000,ted baker,2024,Derby,WAREHOUSING_LARGE_SCALE_AND_HIGH_BAY,1790000.0,2430000.0,2510.7416106670753
10246896000,1211331000,byron,2020,Wiltshire,RETAIL_HIGH_STREET,109000.0,108000.0,23317.976207257212
10246896000,11383388000,byron,2020,Wiltshire,RETAIL_HIGH_STREET,109000.0,112000.0,10596.583050706742
10246896000,3152592000,byron,2020,Wiltshire,RETAIL_HIGH_STREET,109000.0,112000.0,11438.233968753771
10249211000,10646007000,cath kidston,2020,South Gloucestershire,RETAIL_HIGH_STREET,226000.0,73000.0,2549.339856808033
10249211000,102995211,cath kidston,2020,South Gloucestershire,RETAIL_HIGH_STREET,226000.0,72500.0,1643.4782850594916
10249211000,3477491000,cath kidston,2020,South Gloucestershire,RETAIL_HIGH_STREET,226000.0,72000.0,10565.96443557151
10263867000,2490243000,frankie&bennys,2020,Stoke-on-Trent,RETAIL_RESTAURANTS_AND_CAFES,66000.0,67000.0,482.9035476498074
10263867000,5058060000,frankie&bennys,2020,Stoke-on-Trent,RETAIL_RESTAURANTS_AND_CAFES,66000.0,67500.0,476.50734005758414
10263867000,99034236,frankie&bennys,2020,Stoke-on-Trent,RETAIL_RESTAURANTS_AND_CAFES,66000.0,68000.0,3522.046838346213
10278949000,8449651000,chiquito,2020,Chesterfield,RETAIL_RESTAURANTS_AND_CAFES,73500.0,73000.0,5865.455892830606
10278949000,7191186000,chiquito,2020,Chesterfield,RETAIL_RESTAURANTS_AND_CAFES,73500.0,81500.0,1800.0246299799219
10278949000,10198566000,chiquito,2020,Chesterfield,RETAIL_RESTAURANTS_AND_CAFES,73500.0,63000.0,6282.164543012195
10299211000,547577104,bella italia,2020,Darlington,RETAIL_RESTAURANTS_AND_CAFES,72500.0,73500.0,6191.860958498279
10299211000,10398988000,bella italia,2020,Darlington,RETAIL_RESTAURANTS_AND_CAFES,72500.0,71000.0,896.898213858927
10299211000,553302104,bella italia,2020,Darlington,RETAIL_RESTAURANTS_AND_CAFES,72500.0,74500.0,1400.9458849477267
10302804000,579277000,prezzo,2018,North Yorkshire,RETAIL_RESTAURANTS_AND_CAFES,55000.0,55000.0,159.1624586314896
10302804000,14438304000,prezzo,2018,North Yorkshire,RETAIL_RESTAURANTS_AND_CAFES,55000.0,55000.0,1875.3914837506852
10302804000,59724105,prezzo,2018,North Yorkshire,RETAIL_RESTAURANTS_AND_CAFES,55000.0,54500.0,11467.396892246217
10304404000,3674677000,prezzo,2018,Somerset,LEISURE_SPORTS_CENTRES_AND_PRIVATE_CLUBS,1350.0,1350.0,10614.583040143449
10304404000,2020770000,prezzo,2018,Somerset,LEISURE_SPORTS_CENTRES_AND_PRIVATE_CLUBS,1350.0,1350.0,12227.922849552273
10304404000,13595276000,prezzo,2018,Somerset,LEISURE_SPORTS_CENTRES_AND_PRIVATE_CLUBS,1350.0,1350.0,8985.418426011352
10312193000,13471259000,maplin,2018,County Durham,RETAIL_OTHER_SUPERSTORES_AND_WAREHOUSES,111000.0,111000.0,1619.448044038132
10312193000,735742104,maplin,2018,County Durham,RETAIL_OTHER_SUPERSTORES_AND_WAREHOUSES,111000.0,111000.0,377.8135459526556
10312193000,4776983000,maplin,2018,County Durham,RETAIL_OTHER_SUPERSTORES_AND_WAREHOUSES,111000.0,109000.0,1909.4923222604966
10316153000,547223104,prezzo,2018,Darlington,RETAIL_RESTAURANTS_AND_CAFES,67500.0,68500.0,8688.910011495303
10316153000,503351104,prezzo,2018,Darlington,RETAIL_RESTAURANTS_AND_CAFES,67500.0,65500.0,2719.0320351276287
10316153000,3468026000,prezzo,2018,Darlington,RETAIL_RESTAURANTS_AND_CAFES,67500.0,64500.0,2417.0189979489132
10316706000,2358300000,poundworld,2018,Sunderland,RETAIL_HIGH_STREET,164000.0,39750.0,255.83278783722156
10316706000,290671094,poundworld,2018,Sunderland,RETAIL_HIGH_STREET,164000.0,39250.0,1634.3607674263264
10316706000,12132031000,poundworld,2018,Sunderland,RETAIL_HIGH_STREET,164000.0,39000.0,2030.4331418097488
10324154000,193408241,thomas cook,2019,Bradford,RETAIL_HIGH_STREET,102000.0,60000.0,694.4641262013268
10324154000,7115207000,thomas cook,2019,Bradford,RETAIL_HIGH_STREET,102000.0,58000.0,4709.660375679818
10324154000,8847500000,thomas cook,2019,Bradford,RETAIL_HIGH_STREET,102000.0,56500.0,1701.0558078808142
10324906000,9870920000,body shop,2024,Bradford,RETAIL_HIGH_STREET,78000.0,55500.0,772.014417611855
10324906000,8788518000,body shop,2024,Bradford,RETAIL_HIGH_STREET,78000.0,52500.0,375.01470985864256
10324906000,6947926000,body shop,2024,Bradford,RETAIL_HIGH_STREET,78000.0,52500.0,576.5200177061562
10325659000,8847447000,paperchase,2023,Bradford,RETAIL_HIGH_STREET,104000.0,51500.0,2103.9998881866495
10325659000,121301241,paperchase,2023,Bradford,RETAIL_HIGH_STREET,104000.0,50500.0,6540.016803090128
10325659000,9980992000,paperchase,2023,Bradford,RETAIL_HIGH_STREET,104000.0,45000.0,4908.472171119341
10326628000,11988808000,arcadia,2020,Bradford,RETAIL_HIGH_STREET,257500.0,204000.0,4112.555492048639
10326628000,10177321000,arcadia,2020,Bradford,RETAIL_HIGH_STREET,257500.0,45000.0,632.8151776771144
10326628000,243276241,arcadia,2020,Bradford,RETAIL_HIGH_STREET,257500.0,42250.0,955.5795858817994
10334682000,8268793000,thomas cook,2019,Darlington,RETAIL_HIGH_STREET,8600.0,8600.0,1779.5501405534767
10334682000,498673104,thomas cook,2019,Darlington,RETAIL_HIGH_STREET,8600.0,8600.0,2761.0135329885784
10334682000,719877104,thomas cook,2019,Darlington,RETAIL_HIGH_STREET,8600.0,8500.0,1998.629294517771
10351092000,8831555000,arcadia,2020,Thanet,RETAIL_HIGH_STREET,302500.0,49250.0,1455.806733526161
10351092000,7369716000,arcadia,2020,Thanet,RETAIL_HIGH_STREET,302500.0,49000.0,378.2122141403786
10351092000,8564308000,arcadia,2020,Thanet,RETAIL_HIGH_STREET,302500.0,44000.0,2773.746987334192
10354655000,3396558000,paperchase,2023,Stockton-on-Tees,RETAIL_OTHER_SUPERSTORES_AND_WAREHOUSES,96500.0,96500.0,4189.681754326548
10354655000,11098775000,paperchase,2023,Stockton-on-Tees,RETAIL_OTHER_SUPERSTORES_AND_WAREHOUSES,96500.0,97000.0,2056.9614031230185
10354655000,14001639000,paperchase,2023,Stockton-on-Tees,RETAIL_OTHER_SUPERSTORES_AND_WAREHOUSES,96500.0,97500.0,1625.958453535915
10362319000,10767247000,mothercare,2019,Stockton-on-Tees,RETAIL_OTHER_SUPERSTORES_AND_WAREHOUSES,495000.0,380000.0,2266.443000481233
10362319000,25747000,mothercare,2019,Stockton-on-Tees,RETAIL_OTHER_SUPERSTORES_AND_WAREHOUSES,495000.0,372500.0,2433.5580550265636
10362319000,11311933000,mothercare,2019,Stockton-on-Tees,RETAIL_OTHER_SUPERSTORES_AND_WAREHOUSES,495000.0,357500.0,2356.599048810696
10363751000,809047022,arcadia,2020,Thurrock,RETAIL_HIGH_STREET,397500.0,30500.0,7964.823065248471
10363751000,828517022,arcadia,2020,Thurrock,RETAIL_HIGH_STREET,397500.0,30500.0,10080.29283815817
10363751000,13573369000,arcadia,2020,Thurrock,RETAIL_HIGH_STREET,397500.0,30000.0,325.31212900568556
10363753000,8990549000,arcadia,2020,Thurrock,RETAIL_HIGH_STREET,287500.0,29750.0,1199.2179989065808
10363753000,5803039000,arcadia,2020,Thurrock,RETAIL_HIGH_STREET,287500.0,28750.0,10131.917763799765
10363753000,9316485000,arcadia,2020,Thurrock,RETAIL_HIGH_STREET,287500.0,28000.0,9561.65975350057
10367824000,12555285000,wilko,2023,East Riding of Yorkshire,RETAIL_HIGH_STREET,118000.0,130000.0,17462.444563491194
10367824000,14302322000,wilko,2023,East Riding of Yorkshire,RETAIL_HIGH_STREET,118000.0,90500.0,30853.750512110568
10367824000,355850254,wilko,2023,East Riding of Yorkshire,RETAIL_HIGH_STREET,118000.0,88500.0,2182.921807695145
10373992000,449565176,poundworld,2018,Wiltshire,RETAIL_HIGH_STREET,47750.0,47250.0,160.93935117226457
10373992000,14992375000,poundworld,2018,Wiltshire,RETAIL_HIGH_STREET,47750.0,47250.0,16959.746054103503
10373992000,9416704000,poundworld,2018,Wiltshire,RETAIL_HIGH_STREET,47750.0,48250.0,1350.1222790217766
10384422000,5378631000,wilko,2023,Stockton-on-Tees,RETAIL_OTHER_SUPERSTORES_AND_WAREHOUSES,236000.0,252500.0,2294.3499495066835
10384422000,13489599000,wilko,2023,Stockton-on-Tees,RETAIL_OTHER_SUPERSTORES_AND_WAREHOUSES,236000.0,252500.0,2144.2802311425176
10384422000,5530843000,wilko,2023,Stockton-on-Tees,RETAIL_OTHER_SUPERSTORES_AND_WAREHOUSES,236000.0,262500.0,2056.9614031230185
10403356000,489402000,wilko,2023,Central Bedfordshire,RETAIL_OTHER_SUPERSTORES_AND_WAREHOUSES,252500.0,252500.0,881.0886883290273
10403356000,597320000,wilko,2023,Central Bedfordshire,RETAIL_OTHER_SUPERSTORES_AND_WAREHOUSES,252500.0,248000.0,10332.186766493369
10403356000,1769393000,wilko,2023,Central Bedfordshire,RETAIL_OTHER_SUPERSTORES_AND_WAREHOUSES,252500.0,247000.0,1122.1770781291316
10404089000,3078907000,body shop,2024,Hammersmith and Fulham,RETAIL_HIGH_STREET,147000.0,116000.0,181.18714793176707
10404089000,7799195000,body shop,2024,Hammersmith and Fulham,RETAIL_HIGH_STREET,147000.0,114000.0,933.401087897024
10404089000,9182130000,body shop,2024,Hammersmith and Fulham,RETAIL_HIGH_STREET,147000.0,113000.0,1165.0930964453771
10414463000,11928190000,wilko,2023,Kensington and Chelsea,RETAIL_HIGH_STREET,362500.0,362500.0,437.0559777313588
10414463000,3240383000,wilko,2023,Kensington and Chelsea,RETAIL_HIGH_STREET,362500.0,360000.0,721.7454684414978
10414463000,4508855000,wilko,2023,Kensington and Chelsea,RETAIL_HIGH_STREET,362500.0,360000.0,1329.1684497295619
10424741000,295442236,chiquito,2020,Stoke-on-Trent,RETAIL_RESTAURANTS_AND_CAFES,95000.0,94000.0,1363.721959945377
10424741000,4304383000,chiquito,2020,Stoke-on-Trent,RETAIL_RESTAURANTS_AND_CAFES,95000.0,92500.0,2007.5852739385991
10424741000,12208279000,chiquito,2020,Stoke-on-Trent,RETAIL_RESTAURANTS_AND_CAFES,95000.0,97500.0,429.02379279458273
10440165000,190450072,byron,2020,Bromley,RETAIL_RESTAURANTS_AND_CAFES,68500.0,68750.0,3099.305579850116
10440165000,11811581000,byron,2020,Bromley,RETAIL_RESTAURANTS_AND_CAFES,68500.0,67000.0,166.16724547610468
10440165000,13187474000,byron,2020,Bromley,RETAIL_RESTAURANTS_AND_CAFES,68500.0,70000.0,562.449589218465
10444979000,267149075,toys r us,2018,Southwark,INDUSTRIAL_GENERAL,5500.0,5500.0,1657.0758352427165
10444979000,267140075,toys r us,2018,Southwark,INDUSTRIAL_GENERAL,5500.0,5500.0,1657.0758352427165
10444979000,2412313000,toys r us,2018,Southwark,INDUSTRIAL_GENERAL,5500.0,5500.0,2484.3300529536996
10446456000,1729716000,byron,2020,North Yorkshire,RETAIL_RESTAURANTS_AND_CAFES,55000.0,55500.0,2161.0122616793974
10446456000,169562108,byron,2020,North Yorkshire,RETAIL_RESTAURANTS_AND_CAFES,55000.0,55650.0,3170.2507144169454
10446456000,169410108,byron,2020,North Yorkshire,RETAIL_RESTAURANTS_AND_CAFES,55000.0,54000.0,6660.479826413873
10447712000,12932845000,frankie&bennys,2020,County Durham,RETAIL_RESTAURANTS_AND_CAFES,74000.0,73000.0,7765.027181202482
10447712000,13344700000,frankie&bennys,2020,County Durham,RETAIL_RESTAURANTS_AND_CAFES,74000.0,73000.0,263.63159610381405
10447712000,542415000,frankie&bennys,2020,County Durham,RETAIL_RESTAURANTS_AND_CAFES,74000.0,75000.0,183.88322634309836
10457467000,4922416000,prezzo,2018,County Durham,RETAIL_RESTAURANTS_AND_CAFES,74000.0,77500.0,971.3448939213798
10457467000,8410323000,prezzo,2018,County Durham,RETAIL_RESTAURANTS_AND_CAFES,74000.0,77500.0,2866.5058049321483
10457467000,4203436000,prezzo,2018,County Durham,RETAIL_RESTAURANTS_AND_CAFES,74000.0,78000.0,2357.668329461336
10465690000,9627084000,poundworld,2018,Rushmoor,RETAIL_HIGH_STREET,52500.0,72500.0,541.7774934051665
10465690000,202593171,poundworld,2018,Rushmoor,RETAIL_HIGH_STREET,52500.0,31500.0,1408.550818520828
10465690000,174443000,poundworld,2018,Rushmoor,RETAIL_HIGH_STREET,52500.0,30000.0,1766.4651750807498
10474163000,640204000,carluccios,2020,Southwark,RETAIL_RESTAURANTS_AND_CAFES,60000.0,60000.0,249.9007441677099
10474163000,230960075,carluccios,2020,Southwark,RETAIL_RESTAURANTS_AND_CAFES,60000.0,60000.0,3652.8051470559353
10474163000,240389075,carluccios,2020,Southwark,RETAIL_RESTAURANTS_AND_CAFES,60000.0,60000.0,3015.937685464614
10474244000,11018687000,homebase,2024,Milton Keynes,OFFICE_GENERAL,80500.0,80500.0,275.1024532983181
10474244000,13045036000,homebase,2024,Milton Keynes,OFFICE_GENERAL,80500.0,80000.0,255.7578487171397
10474244000,11014506000,homebase,2024,Milton Keynes,OFFICE_GENERAL,80500.0,80000.0,2447.6974171875313
10476327000,5334539000,strada,2018,Bradford,INDUSTRIAL_GENERAL,12250.0,12250.0,2118.2816577392573
10476327000,12379762000,strada,2018,Bradford,INDUSTRIAL_GENERAL,12250.0,12250.0,190.10019125415172
10476327000,207479241,strada,2018,Bradford,INDUSTRIAL_GENERAL,12250.0,12250.0,4424.390629579438
10476329000,10700604000,strada,2018,Bradford,INDUSTRIAL_GENERAL,8400.0,8400.0,873.5197892898
10476329000,13868596000,strada,2018,Bradford,INDUSTRIAL_GENERAL,8400.0,8400.0,864.6617914258705
10476329000,12248275000,strada,2018,Bradford,INDUSTRIAL_GENERAL,8400.0,8400.0,457.50424200083654
10490839000,9008917000,poundworld,2018,Torbay,RETAIL_HIGH_STREET,112000.0,86000.0,4022.9401528079807
10490839000,11390832000,poundworld,2018,Torbay,RETAIL_HIGH_STREET,112000.0,84500.0,4164.294172452293
10490839000,7359037000,poundworld,2018,Torbay,RETAIL_HIGH_STREET,112000.0,82500.0,4201.911075143056
10496446000,10793054000,bhs,2016,Lancaster,RETAIL_OTHER_SUPERSTORES_AND_WAREHOUSES,340000.0,300000.0,1629.2534831026646
10496446000,14743366000,bhs,2016,Lancaster,RETAIL_OTHER_SUPERSTORES_AND_WAREHOUSES,340000.0,297500.0,2395.442534189638
10496446000,204402125,bhs,2016,Lancaster,RETAIL_OTHER_SUPERSTORES_AND_WAREHOUSES,340000.0,397500.0,9189.88518196237
10499512000,59704124,toys r us,2018,Cumberland,RETAIL_HIGH_STREET,132000.0,81000.0,26648.09376206913
10499512000,10461866000,toys r us,2018,Cumberland,RETAIL_HIGH_STREET,132000.0,80500.0,26526.663380140773
10499512000,8208849000,toys r us,2018,Cumberland,RETAIL_HIGH_STREET,132000.0,78500.0,173.49081044662836
10505308000,7104770000,frankie&bennys,2020,Bradford,RETAIL_HIGH_STREET,45750.0,42250.0,4160.024584212534
10505308000,9432532000,frankie&bennys,2020,Bradford,RETAIL_HIGH_STREET,45750.0,40750.0,1874.6739018332246
10505308000,8847513000,frankie&bennys,2020,Bradford,RETAIL_HIGH_STREET,45750.0,40750.0,1044.9944775874135
10511399000,315466172,homebase,2024,"Bournemouth, Christchurch and Poole",RETAIL_OTHER_SUPERSTORES_AND_WAREHOUSES,51500.0,51500.0,5270.198499461174
10511399000,13854859000,homebase,2024,"Bournemouth, Christchurch and Poole",RETAIL_OTHER_SUPERSTORES_AND_WAREHOUSES,51500.0,51500.0,351.1156908116842
10511399000,9128553000,homebase,2024,"Bournemouth, Christchurch and Poole",RETAIL_OTHER_SUPERSTORES_AND_WAREHOUSES,51500.0,51000.0,483.87683921805666
10514566000,320970148,ted baker,2024,Ashford,RETAIL_HIGH_STREET,100000.0,75000.0,13377.941637011427
10514566000,322419148,ted baker,2024,Ashford,RETAIL_HIGH_STREET,100000.0,64500.0,13413.72017113228
10514566000,328834148,ted baker,2024,Ashford,RETAIL_HIGH_STREET,100000.0,48500.0,170.8488284658859
10526772000,243110244,frankie&bennys,2020,Leeds,RETAIL_HIGH_STREET,9500.0,9500.0,2297.8235015290597
10526772000,309638244,frankie&bennys,2020,Leeds,RETAIL_HIGH_STREET,9500.0,9500.0,3654.139576256903
10526772000,109209244,frankie&bennys,2020,Leeds,RETAIL_HIGH_STREET,9500.0,9500.0,2014.7027669745507
10529932000,375216145,cafe rouge,2020,Thanet,RETAIL_RESTAURANTS_AND_CAFES,111000.0,119750.0,2460.246042156604
10529932000,9696121000,cafe rouge,2020,Thanet,RETAIL_RESTAURANTS_AND_CAFES,111000.0,157500.0,212.2337272667671
10529932000,7413259000,cafe rouge,2020,Thanet,RETAIL_RESTAURANTS_AND_CAFES,111000.0,160000.0,876.8141105219523
10532814000,6372063000,debenhams,2020,Camden,OTHER_COMMERCIAL,2250.0,2250.0,460.1939316673465
10532814000,6372253000,debenhams,2020,Camden,OTHER_COMMERCIAL,2250.0,2250.0,460.1939316673465
10532814000,6372251000,debenhams,2020,Camden,OTHER_COMMERCIAL,2250.0,2250.0,460.1939316673465
10532815000,6372248000,debenhams,2020,Camden,OTHER_COMMERCIAL,2250.0,2250.0,460.1939316673465
10532815000,6372246000,debenhams,2020,Camden,OTHER_COMMERCIAL,2250.0,2250.0,460.1939316673465
10532815000,6372100000,debenhams,2020,Camden,OTHER_COMMERCIAL,2250.0,2250.0,460.1939316673465
10532816000,6372242000,debenhams,2020,Camden,OTHER_COMMERCIAL,2250.0,2250.0,460.1939316673465
10532816000,6372257000,debenhams,2020,Camden,OTHER_COMMERCIAL,2250.0,2250.0,460.1939316673465
10532816000,6372225000,debenhams,2020,Camden,OTHER_COMMERCIAL,2250.0,2250.0,460.1939316673465
10532817000,6372222000,debenhams,2020,Camden,OTHER_COMMERCIAL,2250.0,2250.0,460.1939316673465
10532817000,6372112000,debenhams,2020,Camden,OTHER_COMMERCIAL,2250.0,2250.0,460.1939316673465
10532817000,6372103000,debenhams,2020,Camden,OTHER_COMMERCIAL,2250.0,2250.0,460.1939316673465
10532818000,6372259000,debenhams,2020,Camden,OTHER_COMMERCIAL,2250.0,2250.0,460.1939316673465
10532818000,6372261000,debenhams,2020,Camden,OTHER_COMMERCIAL,2250.0,2250.0,460.1939316673465
10532818000,6372062000,debenhams,2020,Camden,OTHER_COMMERCIAL,2250.0,2250.0,460.1939316673465
10532819000,6372262000,debenhams,2020,Camden,OTHER_COMMERCIAL,2250.0,2250.0,460.1939316673465
10532819000,6372099000,debenhams,2020,Camden,OTHER_COMMERCIAL,2250.0,2250.0,460.1939316673465
10532819000,6372221000,debenhams,2020,Camden,OTHER_COMMERCIAL,2250.0,2250.0,460.1939316673465
10532820000,6372095000,debenhams,2020,Camden,OTHER_COMMERCIAL,2250.0,2250.0,460.1939316673465
10532820000,6372090000,debenhams,2020,Camden,OTHER_COMMERCIAL,2250.0,2250.0,460.1939316673465
10532820000,6372089000,debenhams,2020,Camden,OTHER_COMMERCIAL,2250.0,2250.0,460.1939316673465
10532821000,6372087000,debenhams,2020,Camden,OTHER_COMMERCIAL,2250.0,2250.0,460.1939316673465
10532821000,6372070000,debenhams,2020,Camden,OTHER_COMMERCIAL,2250.0,2250.0,460.1939316673465
10532821000,6372068000,debenhams,2020,Camden,OTHER_COMMERCIAL,2250.0,2250.0,460.1939316673465
10532822000,6372059000,debenhams,2020,Camden,OTHER_COMMERCIAL,2250.0,2250.0,460.1939316673465
10532822000,6372061000,debenhams,2020,Camden,OTHER_COMMERCIAL,2250.0,2250.0,460.1939316673465
10532822000,6372066000,debenhams,2020,Camden,OTHER_COMMERCIAL,2250.0,2250.0,460.1939316673465
10532823000,6372064000,debenhams,2020,Camden,OTHER_COMMERCIAL,2250.0,2250.0,460.1939316673465
10532823000,6372260000,debenhams,2020,Camden,OTHER_COMMERCIAL,2250.0,2250.0,460.1939316673465
10532823000,6372097000,debenhams,2020,Camden,OTHER_COMMERCIAL,2250.0,2250.0,460.1939316673465
10532824000,6372218000,debenhams,2020,Camden,OTHER_COMMERCIAL,2250.0,2250.0,460.1939316673465
10532824000,6372114000,debenhams,2020,Camden,OTHER_COMMERCIAL,2250.0,2250.0,460.1939316673465
10532824000,6372178000,debenhams,2020,Camden,OTHER_COMMERCIAL,2250.0,2250.0,460.1939316673465
10532825000,6372179000,debenhams,2020,Camden,OTHER_COMMERCIAL,2250.0,2250.0,460.1939316673465
10532825000,6372180000,debenhams,2020,Camden,OTHER_COMMERCIAL,2250.0,2250.0,460.1939316673465
10532825000,6372181000,debenhams,2020,Camden,OTHER_COMMERCIAL,2250.0,2250.0,460.1939316673465
10532826000,6372183000,debenhams,2020,Camden,OTHER_COMMERCIAL,2250.0,2250.0,460.1939316673465
10532826000,6372184000,debenhams,2020,Camden,OTHER_COMMERCIAL,2250.0,2250.0,460.1939316673465
10532826000,6372187000,debenhams,2020,Camden,OTHER_COMMERCIAL,2250.0,2250.0,460.1939316673465
10532827000,6372177000,debenhams,2020,Camden,OTHER_COMMERCIAL,2250.0,2250.0,460.1939316673465
10532827000,6372190000,debenhams,2020,Camden,OTHER_COMMERCIAL,2250.0,2250.0,460.1939316673465
10532827000,6372194000,debenhams,2020,Camden,OTHER_COMMERCIAL,2250.0,2250.0,460.1939316673465
10537323000,11560637000,wilko,2023,Hammersmith and Fulham,RETAIL_HIGH_STREET,282500.0,110000.0,252.79436937995862
10537323000,11501633000,wilko,2023,Hammersmith and Fulham,RETAIL_HIGH_STREET,282500.0,107000.0,933.401087897024
10537323000,648812082,wilko,2023,Hammersmith and Fulham,RETAIL_HIGH_STREET,282500.0,107000.0,933.401087897024
10539808000,7013312000,poundworld,2018,South Gloucestershire,RETAIL_OTHER_SUPERSTORES_AND_WAREHOUSES,130000.0,127000.0,3355.2457361413058
10539808000,497035000,poundworld,2018,South Gloucestershire,RETAIL_OTHER_SUPERSTORES_AND_WAREHOUSES,130000.0,135000.0,910.2612281740875
10539808000,7013303000,poundworld,2018,South Gloucestershire,RETAIL_OTHER_SUPERSTORES_AND_WAREHOUSES,130000.0,135000.0,3355.2457361413058
10543746000,6894058000,cath kidston,2020,Chelmsford,RETAIL_HIGH_STREET,113000.0,55000.0,9284.204268852764
10543746000,11513382000,cath kidston,2020,Chelmsford,RETAIL_HIGH_STREET,113000.0,55000.0,326.6695470534461
10543746000,15519022,cath kidston,2020,Chelmsford,RETAIL_HIGH_STREET,113000.0,52500.0,1493.1936763482624
10545482000,198915176,homebase,2024,Southampton,RETAIL_OTHER_SUPERSTORES_AND_WAREHOUSES,410000.0,407500.0,2040.16886507181
10545482000,14271454000,homebase,2024,Southampton,RETAIL_OTHER_SUPERSTORES_AND_WAREHOUSES,410000.0,417500.0,2248.7323333963077
10545482000,13476021000,homebase,2024,Southampton,RETAIL_OTHER_SUPERSTORES_AND_WAREHOUSES,410000.0,400000.0,1339.148451047317
10545485000,1478006000,homebase,2024,Southampton,RETAIL_OTHER_SUPERSTORES_AND_WAREHOUSES,31500.0,29500.0,674.0821226529185
10545485000,56018176,homebase,2024,Southampton,RETAIL_OTHER_SUPERSTORES_AND_WAREHOUSES,31500.0,28500.0,970.8222163324028
10545485000,9339323000,homebase,2024,Southampton,RETAIL_OTHER_SUPERSTORES_AND_WAREHOUSES,31500.0,34750.0,3542.9385327864384
10554030000,194491022,carluccios,2020,Chelmsford,RETAIL_RESTAURANTS_AND_CAFES,87500.0,85000.0,13786.297960304373
10554030000,6914685000,carluccios,2020,Chelmsford,RETAIL_RESTAURANTS_AND_CAFES,87500.0,90000.0,541.4192890945753
10554030000,2504124000,carluccios,2020,Chelmsford,RETAIL_RESTAURANTS_AND_CAFES,87500.0,83750.0,4133.695730936911
10555732000,9670375000,carluccios,2020,Swindon,RETAIL_HIGH_STREET,68500.0,62000.0,3897.8683779215867
10555732000,11137378000,carluccios,2020,Swindon,RETAIL_HIGH_STREET,68500.0,61000.0,196.00180630528808
10555732000,14765216,carluccios,2020,Swindon,RETAIL_HIGH_STREET,68500.0,59500.0,2207.455519058133
10562923000,212860045,chiquito,2020,West Northamptonshire,RETAIL_RESTAURANTS_AND_CAFES,93500.0,90000.0,607.9519207229275
10562923000,2908114000,chiquito,2020,West Northamptonshire,RETAIL_RESTAURANTS_AND_CAFES,93500.0,97000.0,2517.157337268229
10562923000,4490419000,chiquito,2020,West Northamptonshire,RETAIL_RESTAURANTS_AND_CAFES,93500.0,97000.0,5656.006039188914
10573662000,9531101000,poundworld,2018,North Northamptonshire,RETAIL_HIGH_STREET,0.0,0.0,166.96071111983474
10573662000,178478016,poundworld,2018,North Northamptonshire,RETAIL_HIGH_STREET,0.0,0.0,16128.681353798293
10573662000,347988000,poundworld,2018,North Northamptonshire,RETAIL_HIGH_STREET,0.0,0.0,4702.11335108682
10576892000,9600722000,homebase,2024,Bromley,RETAIL_OTHER_SUPERSTORES_AND_WAREHOUSES,705000.0,710000.0,2163.035722827635
10576892000,228638072,homebase,2024,Bromley,RETAIL_OTHER_SUPERSTORES_AND_WAREHOUSES,705000.0,470000.0,8666.816253139617
10576892000,9235183000,homebase,2024,Bromley,RETAIL_OTHER_SUPERSTORES_AND_WAREHOUSES,705000.0,960000.0,2767.8171286697684
10605762000,46053022,byron,2020,Chelmsford,RETAIL_RESTAURANTS_AND_CAFES,107000.0,107000.0,7940.908543308177
10605762000,10566043000,byron,2020,Chelmsford,RETAIL_RESTAURANTS_AND_CAFES,107000.0,105000.0,4247.218942699886
10605762000,10443863000,byron,2020,Chelmsford,RETAIL_RESTAURANTS_AND_CAFES,107000.0,105000.0,1787.5913750608368
10606090000,355849254,arcadia,2020,East Riding of Yorkshire,RETAIL_HIGH_STREET,117000.0,88500.0,2182.921807695145
10606090000,8175223000,arcadia,2020,East Riding of Yorkshire,RETAIL_HIGH_STREET,117000.0,86000.0,32852.212521352485
10606090000,241158254,arcadia,2020,East Riding of Yorkshire,RETAIL_HIGH_STREET,117000.0,72000.0,31016.313510051106
10614522000,182859184,thomas cook,2019,Plymouth,RETAIL_HIGH_STREET,21000.0,21000.0,999.9047369901492
10614522000,9850439000,thomas cook,2019,Plymouth,RETAIL_HIGH_STREET,21000.0,21000.0,363.0844884724904
10614522000,55232184,thomas cook,2019,Plymouth,RETAIL_HIGH_STREET,21000.0,21000.0,1209.617556529574
10625585000,14518213000,debenhams,2020,Manchester,RETAIL_HIGH_STREET,310000.0,192000.0,694.5220055146132
10625585000,12086476000,debenhams,2020,Manchester,RETAIL_HIGH_STREET,310000.0,192000.0,694.5220055146132
10625585000,8342407000,debenhams,2020,Manchester,RETAIL_HIGH_STREET,310000.0,186000.0,1289.1395102310457
10630916000,15021631000,paperchase,2023,Leeds,OFFICE_GENERAL,4800.0,4800.0,4308.035493229741
10630916000,398922244,paperchase,2023,Leeds,OFFICE_GENERAL,4800.0,4800.0,2813.0774460265334
10630916000,10927827000,paperchase,2023,Leeds,OFFICE_GENERAL,4800.0,4800.0,151.10075397737677
10664751000,12318034000,arcadia,2020,Warwick,OFFICE_GENERAL,870.0,870.0,685.8339341286941
10664751000,12749313000,arcadia,2020,Warwick,OFFICE_GENERAL,870.0,890.0,4207.338094861764
10664751000,8632139000,arcadia,2020,Warwick,OFFICE_GENERAL,870.0,840.0,1603.1764672970999
10681809000,48380000,strada,2018,City of London,RETAIL_RESTAURANTS_AND_CAFES,124000.0,124000.0,218.96907896458174
10681809000,7580467000,strada,2018,City of London,RETAIL_RESTAURANTS_AND_CAFES,124000.0,123500.0,533.0900830344535
10681809000,24056052,strada,2018,City of London,RETAIL_RESTAURANTS_AND_CAFES,124000.0,124750.0,584.3557275009374
10682224000,4040358000,arcadia,2020,Leeds,RETAIL_HIGH_STREET,16250.0,16250.0,1135.0846505483637
10682224000,383682244,arcadia,2020,Leeds,RETAIL_HIGH_STREET,16250.0,16250.0,150.4128005765705
10682224000,14518453000,arcadia,2020,Leeds,RETAIL_HIGH_STREET,16250.0,16250.0,1720.0661046268021
10703657000,3934940000,poundworld,2018,Lincoln,RETAIL_OTHER_SUPERSTORES_AND_WAREHOUSES,68500.0,68500.0,737.4524557558572
10703657000,454389000,poundworld,2018,Lincoln,RETAIL_OTHER_SUPERSTORES_AND_WAREHOUSES,68500.0,68500.0,667.2294020706375
10703657000,3182004000,poundworld,2018,Lincoln,RETAIL_OTHER_SUPERSTORES_AND_WAREHOUSES,68500.0,74000.0,2305.50818487103
10707497000,14783377000,wilko,2023,West Northamptonshire,OFFICE_GENERAL,12500.0,12500.0,5469.883588374732
10707497000,6348814000,wilko,2023,West Northamptonshire,OFFICE_GENERAL,12500.0,12500.0,21422.817501376012
10707497000,11029976000,wilko,2023,West Northamptonshire,OFFICE_GENERAL,12500.0,12500.0,15867.829158505083
10709647000,543468000,poundworld,2018,Derby,RETAIL_OTHER_SUPERSTORES_AND_WAREHOUSES,44000.0,43750.0,365.803453016902
10709647000,3005673000,poundworld,2018,Derby,RETAIL_OTHER_SUPERSTORES_AND_WAREHOUSES,44000.0,45000.0,1758.8137607015965
10709647000,471825042,poundworld,2018,Derby,RETAIL_OTHER_SUPERSTORES_AND_WAREHOUSES,44000.0,46000.0,3395.136636950649
10712591000,5920373000,wilko,2023,West Northamptonshire,OFFICE_GENERAL,2650.0,2650.0,6919.810097075616
10712591000,8910384000,wilko,2023,West Northamptonshire,OFFICE_GENERAL,2650.0,2650.0,7416.663578175628
10712591000,11198635000,wilko,2023,West Northamptonshire,OFFICE_GENERAL,2650.0,2650.0,10283.759122023237
10713082000,197452176,carluccios,2020,Southampton,RETAIL_RESTAURANTS_AND_CAFES,220000.0,197000.0,329.6191324737851
10713082000,13408153000,carluccios,2020,Southampton,RETAIL_RESTAURANTS_AND_CAFES,220000.0,145000.0,443.8039220452117
10713082000,6468782000,carluccios,2020,Southampton,RETAIL_RESTAURANTS_AND_CAFES,220000.0,131750.0,593.6816590709527
10715021000,48072127,prezzo,2018,Cumberland,RETAIL_RESTAURANTS_AND_CAFES,49000.0,48250.0,23384.843318856612
10715021000,13513071000,prezzo,2018,Cumberland,RETAIL_RESTAURANTS_AND_CAFES,49000.0,48000.0,2134.024854856139
10715021000,6773180000,prezzo,2018,Cumberland,RETAIL_RESTAURANTS_AND_CAFES,49000.0,50000.0,17622.408124799935
10718463000,3788364000,wilko,2023,West Northamptonshire,INDUSTRIAL_GENERAL,23000.0,23000.0,26347.818416249116
10718463000,460244045,wilko,2023,West Northamptonshire,INDUSTRIAL_GENERAL,23000.0,23000.0,1331.376998813
10718463000,12580562000,wilko,2023,West Northamptonshire,INDUSTRIAL_GENERAL,23000.0,23000.0,34040.62773893923
10719036000,2314942000,thomas cook,2019,Manchester,INDUSTRIAL_GENERAL,260000.0,260000.0,2292.105108114154
10719036000,13463437000,thomas cook,2019,Manchester,INDUSTRIAL_GENERAL,260000.0,255000.0,2606.3865129213086
10719036000,12498701000,thomas cook,2019,Manchester,INDUSTRIAL_GENERAL,260000.0,265000.0,2534.5622838786758
10719183000,6040679000,thomas cook,2019,Manchester,INDUSTRIAL_GENERAL,141000.0,141000.0,2640.7891721559286
10719183000,10719234000,thomas cook,2019,Manchester,INDUSTRIAL_GENERAL,141000.0,141000.0,3081.60454335344
10719183000,600569000,thomas cook,2019,Manchester,INDUSTRIAL_GENERAL,141000.0,141000.0,2797.26217566866
10734472000,10341525000,byron,2020,Manchester,RETAIL_RESTAURANTS_AND_CAFES,114000.0,113000.0,355.7610739113546
10734472000,2327255000,byron,2020,Manchester,RETAIL_RESTAURANTS_AND_CAFES,114000.0,113000.0,4227.615426543893
10734472000,211134113,byron,2020,Manchester,RETAIL_RESTAURANTS_AND_CAFES,114000.0,115000.0,179.18379952694985
10734526000,12297080000,ted baker,2024,Birmingham,RETAIL_HIGH_STREET,250000.0,82000.0,3322.376536497968
10734526000,10472671000,ted baker,2024,Birmingham,RETAIL_HIGH_STREET,250000.0,81000.0,3007.5612500433167
10734526000,455497221,ted baker,2024,Birmingham,RETAIL_HIGH_STREET,250000.0,80500.0,1786.231401576594
10737683000,10987867000,body shop,2024,Leeds,OFFICE_GENERAL,29000.0,29000.0,1931.887870881319
10737683000,10844073000,body shop,2024,Leeds,OFFICE_GENERAL,29000.0,29000.0,4074.78600130547
10737683000,12058273000,body shop,2024,Leeds,OFFICE_GENERAL,29000.0,29000.0,720.4270162969867
10755961000,12874849000,bella italia,2020,South Gloucestershire,RETAIL_RESTAURANTS_AND_CAFES,89500.0,81000.0,4292.471714402466
10755961000,14152351000,bella italia,2020,South Gloucestershire,RETAIL_RESTAURANTS_AND_CAFES,89500.0,80000.0,3477.0647454027953
10755961000,14727579000,bella italia,2020,South Gloucestershire,RETAIL_RESTAURANTS_AND_CAFES,89500.0,80000.0,3587.1836633195326
10758103000,13206274000,homebase,2024,West Northamptonshire,INDUSTRIAL_GENERAL,10500.0,10500.0,5169.085199853916
10758103000,15086233000,homebase,2024,West Northamptonshire,INDUSTRIAL_GENERAL,10500.0,10500.0,6380.384965221137
10758103000,13034438000,homebase,2024,West Northamptonshire,INDUSTRIAL_GENERAL,10500.0,10500.0,9213.998831236026
10759073000,643478000,frankie&bennys,2020,South Gloucestershire,RETAIL_RESTAURANTS_AND_CAFES,132000.0,133000.0,771.8755763887796
10759073000,3829744000,frankie&bennys,2020,South Gloucestershire,RETAIL_RESTAURANTS_AND_CAFES,132000.0,128000.0,11437.24841996222
10759073000,7725456000,frankie&bennys,2020,South Gloucestershire,RETAIL_RESTAURANTS_AND_CAFES,132000.0,136000.0,2335.7836471618984
10766222000,5209199000,wilko,2023,Watford,RETAIL_OTHER_SUPERSTORES_AND_WAREHOUSES,390000.0,390000.0,515.2991512409461
10766222000,2785967000,wilko,2023,Watford,RETAIL_OTHER_SUPERSTORES_AND_WAREHOUSES,390000.0,390000.0,274.59919992478564
10766222000,8150827000,wilko,2023,Watford,RETAIL_OTHER_SUPERSTORES_AND_WAREHOUSES,390000.0,392500.0,566.4118281011922
10766772000,1025989000,byron,2020,Southampton,RETAIL_RESTAURANTS_AND_CAFES,109000.0,99000.0,232.66782084881893
10766772000,11618406000,byron,2020,Southampton,RETAIL_RESTAURANTS_AND_CAFES,109000.0,120000.0,3054.594513490923
10766772000,7860934000,byron,2020,Southampton,RETAIL_RESTAURANTS_AND_CAFES,109000.0,97000.0,521.5984730259661
10766874000,222261132,body shop,2024,Cheshire West and Chester,INDUSTRIAL_GENERAL,4450.0,4450.0,1235.7438202589635
10766874000,15029020000,body shop,2024,Cheshire West and Chester,INDUSTRIAL_GENERAL,4450.0,4450.0,4579.98777903183
10766874000,8462128000,body shop,2024,Cheshire West and Chester,INDUSTRIAL_GENERAL,4450.0,4450.0,10646.068883767935
10768343000,13630465000,prezzo,2018,North Hertfordshire,OFFICE_GENERAL,7400.0,7400.0,3520.0884110875418
10768343000,14802900000,prezzo,2018,North Hertfordshire,OFFICE_GENERAL,7400.0,7400.0,12134.874846573797
10768343000,191513013,prezzo,2018,North Hertfordshire,OFFICE_GENERAL,7400.0,7400.0,2787.696248662343
10769193000,453395176,frankie&bennys,2020,Wiltshire,RETAIL_HIGH_STREET,1900.0,1900.0,14118.83965275026
10769193000,13770411000,frankie&bennys,2020,Wiltshire,RETAIL_HIGH_STREET,1900.0,1900.0,2400.9809697489304
10769193000,280184216,frankie&bennys,2020,Wiltshire,RETAIL_HIGH_STREET,1900.0,1900.0,6345.741305664275
10778264000,2710225000,frankie&bennys,2020,Hartlepool,RETAIL_RESTAURANTS_AND_CAFES,92500.0,95000.0,788.8947908670217
10778264000,12627009000,frankie&bennys,2020,Hartlepool,RETAIL_RESTAURANTS_AND_CAFES,92500.0,89000.0,1940.469414084471
10778264000,6071863000,frankie&bennys,2020,Hartlepool,RETAIL_RESTAURANTS_AND_CAFES,92500.0,96500.0,2817.7367986458626
10779119000,978051000,chiquito,2020,"Bournemouth, Christchurch and Poole",RETAIL_RESTAURANTS_AND_CAFES,95000.0,95500.0,1904.850154181355
10779119000,10435381000,chiquito,2020,"Bournemouth, Christchurch and Poole",RETAIL_RESTAURANTS_AND_CAFES,95000.0,96000.0,477.3679107973062
10779119000,14985700000,chiquito,2020,"Bournemouth, Christchurch and Poole",RETAIL_RESTAURANTS_AND_CAFES,95000.0,93500.0,477.3679107973062
10787585000,8855093000,thomas cook,2019,York,OTHER_COMMERCIAL,8300.0,8300.0,2760.143260629072
10787585000,9364378000,thomas cook,2019,York,OTHER_COMMERCIAL,8300.0,8300.0,3965.27809338418
10787585000,9336175000,thomas cook,2019,York,OTHER_COMMERCIAL,8300.0,8300.0,799.3321667084189
10789436000,41440063,paperchase,2023,Camden,RETAIL_HIGH_STREET,65000.0,65000.0,963.9013645311949
10789436000,9942118000,paperchase,2023,Camden,RETAIL_HIGH_STREET,65000.0,65000.0,275.14221267146746
10789436000,14410094000,paperchase,2023,Camden,RETAIL_HIGH_STREET,65000.0,65000.0,174.55899110913455
10792305000,13538948000,toys r us,2018,Stoke-on-Trent,RETAIL_OTHER_SUPERSTORES_AND_WAREHOUSES,725000.0,292500.0,1363.721959945377
10792305000,13529064000,toys r us,2018,Stoke-on-Trent,RETAIL_OTHER_SUPERSTORES_AND_WAREHOUSES,725000.0,257500.0,1368.4910885274853
10792305000,6143843000,toys r us,2018,Stoke-on-Trent,RETAIL_OTHER_SUPERSTORES_AND_WAREHOUSES,725000.0,255000.0,2455.765177035544
10794859000,264482125,prezzo,2018,Blackpool,RETAIL_HIGH_STREET,138000.0,66000.0,3118.5134486269785
10794859000,11724021000,prezzo,2018,Blackpool,RETAIL_HIGH_STREET,138000.0,65000.0,3548.424502904837
10794859000,7492738000,prezzo,2018,Blackpool,RETAIL_HIGH_STREET,138000.0,63500.0,473.1439150109207
10800088000,212749045,toys r us,2018,West Northamptonshire,INDUSTRIAL_GENERAL,1850.0,1850.0,11786.208555447334
10800088000,14634693000,toys r us,2018,West Northamptonshire,INDUSTRIAL_GENERAL,1850.0,1850.0,18506.82151382574
10800088000,14634695000,toys r us,2018,West Northamptonshire,INDUSTRIAL_GENERAL,1850.0,1850.0,18506.82151382574
10801555000,11228758000,prezzo,2018,Birmingham,RETAIL_HIGH_STREET,55500.0,55500.0,2584.0951051231996
10801555000,12749756000,prezzo,2018,Birmingham,RETAIL_HIGH_STREET,55500.0,55000.0,1227.8962284168374
10801555000,2325766000,prezzo,2018,Birmingham,RETAIL_HIGH_STREET,55500.0,55000.0,2830.9377984526764
10805923000,11163239000,arcadia,2020,"Bristol, City of",OFFICE_GENERAL,38250.0,38250.0,5733.009015474368
10805923000,14943376000,arcadia,2020,"Bristol, City of",OFFICE_GENERAL,38250.0,38250.0,609.2816410825423
10805923000,13153646000,arcadia,2020,"Bristol, City of",OFFICE_GENERAL,38250.0,38250.0,5733.009015474368
10806363000,11148935000,poundworld,2018,Central Bedfordshire,RETAIL_HIGH_STREET,89500.0,74000.0,9112.881759552367
10806363000,208255011,poundworld,2018,Central Bedfordshire,RETAIL_HIGH_STREET,89500.0,73000.0,10317.257504444884
10806363000,691994000,poundworld,2018,Central Bedfordshire,RETAIL_HIGH_STREET,89500.0,69500.0,10332.186766493369
10811497000,69076000,prezzo,2018,"Bournemouth, Christchurch and Poole",RETAIL_RESTAURANTS_AND_CAFES,99000.0,99500.0,368.94083854563746
10811497000,3333249000,prezzo,2018,"Bournemouth, Christchurch and Poole",RETAIL_RESTAURANTS_AND_CAFES,99000.0,100000.0,2219.769259241597
10811497000,78048000,prezzo,2018,"Bournemouth, Christchurch and Poole",RETAIL_RESTAURANTS_AND_CAFES,99000.0,101000.0,1530.4292692491374
10820216000,7949723000,body shop,2024,Gloucester,RETAIL_HIGH_STREET,85500.0,54500.0,155.6629975256953
10820216000,1622247000,body shop,2024,Gloucester,RETAIL_HIGH_STREET,85500.0,53000.0,1180.503603740859
10820216000,11811142000,body shop,2024,Gloucester,RETAIL_HIGH_STREET,85500.0,49500.0,4362.058851855134
10820237000,11243685000,arcadia,2020,Birmingham,RETAIL_HIGH_STREET,248000.0,80000.0,2744.5992087674986
10820237000,8316320000,arcadia,2020,Birmingham,RETAIL_HIGH_STREET,248000.0,80000.0,290.048565073184
10820237000,14417844000,arcadia,2020,Birmingham,RETAIL_HIGH_STREET,248000.0,79500.0,668.5969758503402
10826942000,644533000,prezzo,2018,South Gloucestershire,RETAIL_RESTAURANTS_AND_CAFES,38250.0,38000.0,5077.932804719562
10826942000,11461827000,prezzo,2018,South Gloucestershire,RETAIL_RESTAURANTS_AND_CAFES,38250.0,38000.0,750.820599404233
10826942000,10195801000,prezzo,2018,South Gloucestershire,RETAIL_RESTAURANTS_AND_CAFES,38250.0,38500.0,3790.291268498738
10834680000,3064772000,homebase,2024,Bedford,RETAIL_OTHER_SUPERSTORES_AND_WAREHOUSES,472500.0,255000.0,464.36541233503795
10834680000,11310222000,homebase,2024,Bedford,RETAIL_OTHER_SUPERSTORES_AND_WAREHOUSES,472500.0,229000.0,3750.893771154973
10834680000,9544126000,homebase,2024,Bedford,RETAIL_OTHER_SUPERSTORES_AND_WAREHOUSES,472500.0,219000.0,1190.8000375808815
10837188000,13015030000,arcadia,2020,Colchester,INDUSTRIAL_GENERAL,9300.0,9300.0,3816.394702079875
10837188000,14307591000,arcadia,2020,Colchester,INDUSTRIAL_GENERAL,9300.0,9300.0,12305.506825559878
10837188000,13750987000,arcadia,2020,Colchester,INDUSTRIAL_GENERAL,9300.0,9300.0,1420.4444771659369
10844510000,10939853000,wilko,2023,Warwick,RETAIL_HIGH_STREET,252500.0,106000.0,2855.4893389001904
10844510000,8788321000,wilko,2023,Warwick,RETAIL_HIGH_STREET,252500.0,66500.0,2089.6503318243413
10844510000,7255829000,wilko,2023,Warwick,RETAIL_HIGH_STREET,252500.0,53500.0,5251.20694725593
10846329000,185623186,prezzo,2018,Somerset,RETAIL_RESTAURANTS_AND_CAFES,49000.0,48500.0,9876.827629089035
10846329000,6876288000,prezzo,2018,Somerset,RETAIL_RESTAURANTS_AND_CAFES,49000.0,48000.0,8239.064376337272
10846329000,10634178000,prezzo,2018,Somerset,RETAIL_RESTAURANTS_AND_CAFES,49000.0,48000.0,17633.41564215285
10853340000,12959422000,arcadia,2020,Dudley,RETAIL_HIGH_STREET,850000.0,28250.0,197.00005674222515
10853340000,8813224000,arcadia,2020,Dudley,RETAIL_HIGH_STREET,850000.0,28000.0,5256.056450071667
10853340000,202668239,arcadia,2020,Dudley,RETAIL_HIGH_STREET,850000.0,27750.0,4237.531710727308
10859215000,12652815000,homebase,2024,Milton Keynes,OFFICE_GENERAL,105000.0,105000.0,661.1391563784206
10859215000,6626739000,homebase,2024,Milton Keynes,OFFICE_GENERAL,105000.0,105000.0,817.9316505121197
10859215000,8280606000,homebase,2024,Milton Keynes,OFFICE_GENERAL,105000.0,104000.0,607.9782857055816
10859218000,2378364000,homebase,2024,Milton Keynes,OFFICE_GENERAL,161000.0,161000.0,341.81453715613793
10859218000,10809171000,homebase,2024,Milton Keynes,OFFICE_GENERAL,161000.0,161000.0,228.46223277878076
10859218000,11311688000,homebase,2024,Milton Keynes,OFFICE_GENERAL,161000.0,160000.0,2930.825314876353
10864434000,2748537000,prezzo,2018,"Bournemouth, Christchurch and Poole",RETAIL_RESTAURANTS_AND_CAFES,90000.0,88500.0,174.41837950460655
10864434000,9831275000,prezzo,2018,"Bournemouth, Christchurch and Poole",RETAIL_RESTAURANTS_AND_CAFES,90000.0,91500.0,188.37798852374692
10864434000,183888172,prezzo,2018,"Bournemouth, Christchurch and Poole",RETAIL_RESTAURANTS_AND_CAFES,90000.0,92000.0,1037.6279518169604
10874401000,12238693000,debenhams,2020,Camden,OFFICE_GENERAL,1780000.0,1800000.0,315.1509472994097
10874401000,11409579000,debenhams,2020,Camden,OFFICE_GENERAL,1780000.0,1750000.0,282.3044081934221
10874401000,7142293000,debenhams,2020,Camden,OFFICE_GENERAL,1780000.0,1820000.0,227.66377990749223
10874403000,7932526000,debenhams,2020,Camden,OFFICE_GENERAL,1780000.0,1730000.0,244.04805476750204
10874403000,11216792000,debenhams,2020,Camden,OFFICE_GENERAL,1780000.0,1730000.0,225.5371049502107
10874403000,12307623000,debenhams,2020,Camden,OFFICE_GENERAL,1780000.0,1850000.0,151.6935571911779
10885107000,5428359000,prezzo,2018,Telford and Wrekin,RETAIL_RESTAURANTS_AND_CAFES,107000.0,99000.0,441.6197474299782
10885107000,2164610000,prezzo,2018,Telford and Wrekin,RETAIL_RESTAURANTS_AND_CAFES,107000.0,93500.0,9659.782356822667
10885107000,12574975000,prezzo,2018,Telford and Wrekin,RETAIL_RESTAURANTS_AND_CAFES,107000.0,91000.0,11073.368866295705
10889346000,73271045,homebase,2024,West Northamptonshire,INDUSTRIAL_GENERAL,555000.0,497500.0,5710.360996689424
10889346000,12017810000,homebase,2024,West Northamptonshire,INDUSTRIAL_GENERAL,555000.0,497500.0,27757.296785320617
10889346000,11709495000,homebase,2024,West Northamptonshire,INDUSTRIAL_GENERAL,555000.0,497500.0,2259.8154731511545
10889458000,286410186,debenhams,2020,Somerset,INDUSTRIAL_GENERAL,162000.0,162000.0,4090.1812062509134
10889458000,10440438000,debenhams,2020,Somerset,INDUSTRIAL_GENERAL,162000.0,161000.0,4084.613843602773
10889458000,3656651000,debenhams,2020,Somerset,INDUSTRIAL_GENERAL,162000.0,163000.0,523.2453098080929
10902443000,102388183,thomas cook,2019,Somerset,RETAIL_HIGH_STREET,3500.0,3500.0,31130.52189773332
10902443000,10294686000,thomas cook,2019,Somerset,RETAIL_HIGH_STREET,3500.0,3500.0,2732.8145819108804
10902443000,14405344000,thomas cook,2019,Somerset,RETAIL_HIGH_STREET,3500.0,3500.0,17241.684461388857
10923342000,9458882000,thomas cook,2019,Peterborough,OFFICE_GENERAL,795000.0,635000.0,175.7132942357353
10923342000,14817508000,thomas cook,2019,Peterborough,OFFICE_GENERAL,795000.0,630000.0,493.59653549973683
10923342000,247179016,thomas cook,2019,Peterborough,OFFICE_GENERAL,795000.0,595000.0,1324.6898735665354
10924352000,13245460000,body shop,2024,Somerset,INDUSTRIAL_LIGHT,11750.0,11750.0,25696.148264764008
10924352000,6060955000,body shop,2024,Somerset,INDUSTRIAL_LIGHT,11750.0,11750.0,15594.93502911089
10924352000,6474186,body shop,2024,Somerset,INDUSTRIAL_LIGHT,11750.0,11750.0,21196.361058576058
10933495000,224286042,carluccios,2020,Derby,OTHER_COMMERCIAL,450.0,450.0,4794.301045895944
10933495000,11296557000,carluccios,2020,Derby,OTHER_COMMERCIAL,450.0,450.0,479.59810253485443
10933495000,10659239000,carluccios,2020,Derby,OTHER_COMMERCIAL,450.0,450.0,1550.9923247831484
10933503000,6235915000,carluccios,2020,Derby,OTHER_COMMERCIAL,300.0,300.0,2292.971585814843
10933503000,10659241000,carluccios,2020,Derby,OTHER_COMMERCIAL,300.0,300.0,1550.9923247831484
10933503000,10670582000,carluccios,2020,Derby,OTHER_COMMERCIAL,300.0,300.0,620.3494408060714
10934907000,10934907000,arcadia,2020,Wiltshire,INDUSTRIAL_GENERAL,56500.0,56500.0,3596.9365436599387
10934907000,10296048000,arcadia,2020,Wiltshire,INDUSTRIAL_GENERAL,56500.0,56500.0,23317.976207257212
10934907000,529596176,arcadia,2020,Wiltshire,INDUSTRIAL_GENERAL,56500.0,56500.0,9526.303730497588
10949456000,9268285000,homebase,2024,Tunbridge Wells,RETAIL_OTHER_SUPERSTORES_AND_WAREHOUSES,700000.0,540000.0,10216.62411433106
10949456000,12922020000,homebase,2024,Tunbridge Wells,RETAIL_OTHER_SUPERSTORES_AND_WAREHOUSES,700000.0,515000.0,3117.693030063312
10949456000,13524292000,homebase,2024,Tunbridge Wells,RETAIL_OTHER_SUPERSTORES_AND_WAREHOUSES,700000.0,500000.0,3096.708697047133
10957306000,7219322000,body shop,2024,Cardiff,INDUSTRIAL_GENERAL,5000.0,5000.0,578.9701666411287
10957306000,9572752000,body shop,2024,Cardiff,INDUSTRIAL_GENERAL,5000.0,5000.0,1693.4537613202153
10957306000,11880884000,body shop,2024,Cardiff,INDUSTRIAL_GENERAL,5000.0,5000.0,2510.9503241966704
10957838000,14390875000,toys r us,2018,South Gloucestershire,RETAIL_OTHER_SUPERSTORES_AND_WAREHOUSES,1000000.0,990000.0,284.0930759768851
10957838000,14141081000,toys r us,2018,South Gloucestershire,RETAIL_OTHER_SUPERSTORES_AND_WAREHOUSES,1000000.0,985000.0,9662.041536134597
10957838000,11880911000,toys r us,2018,South Gloucestershire,RETAIL_OTHER_SUPERSTORES_AND_WAREHOUSES,1000000.0,1050000.0,284.0930759768851
10979749000,4010534000,thomas cook,2019,Manchester,RETAIL_HIGH_STREET,267500.0,185000.0,997.6918856887996
10979749000,8804682000,thomas cook,2019,Manchester,RETAIL_HIGH_STREET,267500.0,75500.0,1505.0632185748416
10979749000,9330386000,thomas cook,2019,Manchester,RETAIL_HIGH_STREET,267500.0,75000.0,4678.870387654195
10979752000,10871886000,thomas cook,2019,Manchester,OTHER_COMMERCIAL,5900.0,5900.0,5474.278827129687
10979752000,8992926000,thomas cook,2019,Manchester,OTHER_COMMERCIAL,5900.0,5900.0,2930.509247051748
10979752000,10532544000,thomas cook,2019,Manchester,OTHER_COMMERCIAL,5900.0,5900.0,5291.303982230266
10998597000,14402114000,homebase,2024,Thanet,RETAIL_OTHER_SUPERSTORES_AND_WAREHOUSES,850000.0,905000.0,2137.5905293274745
10998597000,8833025000,homebase,2024,Thanet,RETAIL_OTHER_SUPERSTORES_AND_WAREHOUSES,850000.0,1180000.0,2035.0385603231584
10998597000,6946351000,homebase,2024,Thanet,RETAIL_OTHER_SUPERSTORES_AND_WAREHOUSES,850000.0,400000.0,179.4655458115724
11002127000,8850826000,thomas cook,2019,York,RETAIL_HIGH_STREET,77000.0,29250.0,2356.7565375868276
11002127000,253973000,thomas cook,2019,York,RETAIL_HIGH_STREET,77000.0,29000.0,2677.4007565103543
11002127000,6797229000,thomas cook,2019,York,RETAIL_HIGH_STREET,77000.0,29000.0,244.09965555037888
11014953000,10417782000,arcadia,2020,Manchester,OFFICE_GENERAL,4450.0,4450.0,162.5763775405669
11014953000,9672751000,arcadia,2020,Manchester,OFFICE_GENERAL,4450.0,4450.0,319.3102702782437
11014953000,10061570000,arcadia,2020,Manchester,OFFICE_GENERAL,4450.0,4450.0,1961.6422759048216
11014959000,13020307000,arcadia,2020,Manchester,OFFICE_GENERAL,4450.0,4450.0,1864.5809438174674
11014959000,7720231000,arcadia,2020,Manchester,OFFICE_GENERAL,4450.0,4450.0,425.3128598015687
11014959000,13798810000,arcadia,2020,Manchester,OFFICE_GENERAL,4450.0,4450.0,171.7683792661765
11017014000,10050629000,poundworld,2018,County Durham,RETAIL_OTHER_SUPERSTORES_AND_WAREHOUSES,103000.0,108000.0,217.99508771572346
11017014000,4973777000,poundworld,2018,County Durham,RETAIL_OTHER_SUPERSTORES_AND_WAREHOUSES,103000.0,114000.0,2101.059186977004
11017014000,11017222000,poundworld,2018,County Durham,RETAIL_OTHER_SUPERSTORES_AND_WAREHOUSES,103000.0,114000.0,2101.059186977004
11018755000,11389063000,poundworld,2018,Leeds,RETAIL_HIGH_STREET,67500.0,63500.0,4878.449095570559
11018755000,7769842000,poundworld,2018,Leeds,RETAIL_HIGH_STREET,67500.0,61000.0,10186.160147174409
11018755000,8849050000,poundworld,2018,Leeds,RETAIL_HIGH_STREET,67500.0,58000.0,3671.732907757611
11018762000,5891253000,chiquito,2020,Leeds,RETAIL_HIGH_STREET,180000.0,57500.0,697.3518362471511
11018762000,8830043000,chiquito,2020,Leeds,RETAIL_HIGH_STREET,180000.0,57000.0,797.7941195659633
11018762000,9382679000,chiquito,2020,Leeds,RETAIL_HIGH_STREET,180000.0,57000.0,2234.6438139681222
11021774000,7006082000,carluccios,2020,East Riding of Yorkshire,RETAIL_HIGH_STREET,123000.0,72000.0,30905.786016616577
11021774000,12945680000,carluccios,2020,East Riding of Yorkshire,RETAIL_HIGH_STREET,123000.0,71000.0,16327.044728083143
11021774000,13304274000,carluccios,2020,East Riding of Yorkshire,RETAIL_HIGH_STREET,123000.0,71000.0,30979.644300918157
11031045000,11889804000,arcadia,2020,County Durham,RETAIL_HIGH_STREET,10250.0,10250.0,7709.2917903435045
11031045000,719833104,arcadia,2020,County Durham,RETAIL_HIGH_STREET,10250.0,10250.0,5524.694873125508
11031045000,117215104,arcadia,2020,County Durham,RETAIL_HIGH_STREET,10250.0,10250.0,8704.155852192707
11044532000,5446571000,debenhams,2020,"Bournemouth, Christchurch and Poole",RETAIL_OTHER_SUPERSTORES_AND_WAREHOUSES,615000.0,305000.0,2384.232762596479
11044532000,8365957000,debenhams,2020,"Bournemouth, Christchurch and Poole",RETAIL_OTHER_SUPERSTORES_AND_WAREHOUSES,615000.0,265000.0,252.47585661149208
11044532000,5092327000,debenhams,2020,"Bournemouth, Christchurch and Poole",RETAIL_OTHER_SUPERSTORES_AND_WAREHOUSES,615000.0,265000.0,2825.2525997985335
11047852000,9244181000,frankie&bennys,2020,Bradford,RETAIL_HIGH_STREET,4150.0,4150.0,190.10019125415172
11047852000,14430081000,frankie&bennys,2020,Bradford,RETAIL_HIGH_STREET,4150.0,4150.0,1768.6734233108623
11047852000,194186241,frankie&bennys,2020,Bradford,RETAIL_HIGH_STREET,4150.0,4150.0,1047.1543321612774
11047865000,195238165,poundworld,2018,Reading,RETAIL_OTHER_SUPERSTORES_AND_WAREHOUSES,67000.0,69500.0,498.1710683959514
11047865000,12285487000,poundworld,2018,Reading,RETAIL_OTHER_SUPERSTORES_AND_WAREHOUSES,67000.0,62000.0,992.3553406306886
11047865000,498292165,poundworld,2018,Reading,RETAIL_OTHER_SUPERSTORES_AND_WAREHOUSES,67000.0,61500.0,2458.94491679556
11047868000,12451501000,poundworld,2018,Reading,RETAIL_OTHER_SUPERSTORES_AND_WAREHOUSES,76500.0,77000.0,992.3553406306886
11047868000,87840165,poundworld,2018,Reading,RETAIL_OTHER_SUPERSTORES_AND_WAREHOUSES,76500.0,82500.0,4225.8519761268835
11047868000,195551165,poundworld,2018,Reading,RETAIL_OTHER_SUPERSTORES_AND_WAREHOUSES,76500.0,91500.0,1215.4647277529461
11069127000,12843554000,frankie&bennys,2020,Canterbury,OFFICE_GENERAL,2550.0,2550.0,9469.602546472412
11069127000,296066145,frankie&bennys,2020,Canterbury,OFFICE_GENERAL,2550.0,2550.0,422.7232714127202
11069127000,12837246000,frankie&bennys,2020,Canterbury,OFFICE_GENERAL,2550.0,2550.0,9469.602546472412
11074970000,11074725000,paperchase,2023,North Northamptonshire,RETAIL_HIGH_STREET,100000.0,100000.0,1993.8964373150982
11074970000,11074711000,paperchase,2023,North Northamptonshire,RETAIL_HIGH_STREET,100000.0,99500.0,1993.8964373150982
11074970000,11342096000,paperchase,2023,North Northamptonshire,RETAIL_HIGH_STREET,100000.0,98000.0,1993.8964373150982
11084638000,227484082,arcadia,2020,Hammersmith and Fulham,OFFICE_GENERAL,59000.0,59000.0,1075.3433024498547
11084638000,9413492000,arcadia,2020,Hammersmith and Fulham,OFFICE_GENERAL,59000.0,59000.0,698.7172211716107
11084638000,8287684000,arcadia,2020,Hammersmith and Fulham,OFFICE_GENERAL,59000.0,59000.0,1347.8171871100826
11086959000,48820244,frankie&bennys,2020,Leeds,RETAIL_HIGH_STREET,5800.0,5800.0,2071.1666011648426
11086959000,202885244,frankie&bennys,2020,Leeds,RETAIL_HIGH_STREET,5800.0,5800.0,3130.189252148502
11086959000,8728667000,frankie&bennys,2020,Leeds,RETAIL_HIGH_STREET,5800.0,5800.0,984.2880752771771
11086961000,5458066000,frankie&bennys,2020,Leeds,RETAIL_HIGH_STREET,3050.0,3050.0,1165.3559893122433
11086961000,197924244,frankie&bennys,2020,Leeds,RETAIL_HIGH_STREET,3050.0,3050.0,1054.5507308062072
11086961000,15945244,frankie&bennys,2020,Leeds,RETAIL_HIGH_STREET,3050.0,3050.0,2031.0004073674957
11090605000,11465459000,byron,2020,Norwich,RETAIL_RESTAURANTS_AND_CAFES,85000.0,79000.0,3920.941678279753
11090605000,5110070000,byron,2020,Norwich,RETAIL_RESTAURANTS_AND_CAFES,85000.0,52500.0,289.6454809158899
11090605000,50016036,byron,2020,Norwich,RETAIL_RESTAURANTS_AND_CAFES,85000.0,52500.0,768.324857228389
11098682000,7023504000,homebase,2024,Dartford,RETAIL_OTHER_SUPERSTORES_AND_WAREHOUSES,490000.0,159000.0,1639.0884231284685
11098682000,10662837000,homebase,2024,Dartford,RETAIL_OTHER_SUPERSTORES_AND_WAREHOUSES,490000.0,150000.0,150.02688395753412
11098682000,11145633000,homebase,2024,Dartford,RETAIL_OTHER_SUPERSTORES_AND_WAREHOUSES,490000.0,138000.0,2197.6988313316783
11114679000,8036183000,carluccios,2020,Derby,RETAIL_RESTAURANTS_AND_CAFES,110000.0,107000.0,2888.2721127700074
11114679000,1823696000,carluccios,2020,Derby,RETAIL_RESTAURANTS_AND_CAFES,110000.0,116000.0,192.11386699528072
11114679000,12810042,carluccios,2020,Derby,RETAIL_RESTAURANTS_AND_CAFES,110000.0,103000.0,1692.6164638208593
11114683000,219381042,carluccios,2020,Derby,RETAIL_RESTAURANTS_AND_CAFES,20000.0,20000.0,2939.778638550235
11114683000,87390042,carluccios,2020,Derby,RETAIL_RESTAURANTS_AND_CAFES,20000.0,20000.0,2036.9046018930762
11114683000,216884042,carluccios,2020,Derby,RETAIL_RESTAURANTS_AND_CAFES,20000.0,19500.0,361.999828225442
11153297000,14985549000,body shop,2024,Bedford,WAREHOUSING_LARGE_SCALE_AND_HIGH_BAY,12250.0,12250.0,2426.500231292369
11153297000,8895611000,body shop,2024,Bedford,WAREHOUSING_LARGE_SCALE_AND_HIGH_BAY,12250.0,12250.0,2819.1009460560635
11153297000,209808011,body shop,2024,Bedford,WAREHOUSING_LARGE_SCALE_AND_HIGH_BAY,12250.0,12000.0,14427.875747022457
11159156000,104358186,arcadia,2020,Somerset,RETAIL_HIGH_STREET,144000.0,81500.0,183.0559737433094
11159156000,9341538000,arcadia,2020,Somerset,RETAIL_HIGH_STREET,144000.0,81000.0,170.83089397370856
11159156000,9551626000,arcadia,2020,Somerset,RETAIL_HIGH_STREET,144000.0,80000.0,1295.7184170132
11160621000,489516165,toys r us,2018,Reading,RETAIL_OTHER_SUPERSTORES_AND_WAREHOUSES,402500.0,432500.0,977.2156442778369
11160621000,489522165,toys r us,2018,Reading,RETAIL_OTHER_SUPERSTORES_AND_WAREHOUSES,402500.0,437500.0,977.2156442778369
11160621000,11512423000,toys r us,2018,Reading,RETAIL_OTHER_SUPERSTORES_AND_WAREHOUSES,402500.0,437500.0,992.3553406306886
11161430000,6478603000,wilko,2023,Rushmoor,RETAIL_OTHER_SUPERSTORES_AND_WAREHOUSES,152000.0,181000.0,1764.1211460967663
11161430000,3951631000,wilko,2023,Rushmoor,RETAIL_OTHER_SUPERSTORES_AND_WAREHOUSES,152000.0,208000.0,1608.7870846295386
11161430000,11180138000,wilko,2023,Rushmoor,RETAIL_OTHER_SUPERSTORES_AND_WAREHOUSES,152000.0,210000.0,242.22144329710554
11177474000,14970294000,arcadia,2020,Leeds,OFFICE_GENERAL,14750.0,14750.0,525.4354375647359
11177474000,6752510000,arcadia,2020,Leeds,OFFICE_GENERAL,14750.0,14750.0,248.16997532453084
11177474000,9257312000,arcadia,2020,Leeds,OFFICE_GENERAL,14750.0,14750.0,5618.511965432794
11182938000,349656012,homebase,2024,Cambridge,OTHER_COMMERCIAL,250.0,250.0,3086.629081701681
11182938000,349661012,homebase,2024,Cambridge,OTHER_COMMERCIAL,250.0,250.0,2440.4419209345547
11182938000,10739663000,homebase,2024,Cambridge,OTHER_COMMERCIAL,250.0,250.0,536.2697027596454
11206453000,3016614000,toys r us,2018,Chesterfield,RETAIL_OTHER_SUPERSTORES_AND_WAREHOUSES,300000.0,155000.0,3035.3735336944255
11206453000,9000907000,toys r us,2018,Chesterfield,RETAIL_OTHER_SUPERSTORES_AND_WAREHOUSES,300000.0,146000.0,1490.503043388643
11206453000,8181387000,toys r us,2018,Chesterfield,RETAIL_OTHER_SUPERSTORES_AND_WAREHOUSES,300000.0,132000.0,190.730795575199
11219127000,201125063,ted baker,2024,Camden,RETAIL_HIGH_STREET,72000.0,72000.0,391.0997819329086
11219127000,14343400000,ted baker,2024,Camden,RETAIL_HIGH_STREET,72000.0,72000.0,179.82163152831154
11219127000,14989680000,ted baker,2024,Camden,RETAIL_HIGH_STREET,72000.0,72000.0,280.858262425109
11222677000,8955338000,byron,2020,Manchester,RETAIL_RESTAURANTS_AND_CAFES,63000.0,62500.0,2639.7110897416783
11222677000,13965168000,byron,2020,Manchester,RETAIL_RESTAURANTS_AND_CAFES,63000.0,62500.0,207.98444048144555
11222677000,7927321000,byron,2020,Manchester,RETAIL_RESTAURANTS_AND_CAFES,63000.0,62500.0,2361.0193128730907
11229710000,7951086000,thomas cook,2019,Lincoln,RETAIL_HIGH_STREET,71500.0,24500.0,763.2800782158155
11229710000,8460702000,thomas cook,2019,Lincoln,RETAIL_HIGH_STREET,71500.0,22750.0,153.59582754608275
11229710000,10005259000,thomas cook,2019,Lincoln,RETAIL_HIGH_STREET,71500.0,22500.0,265.0114805394031
11233417000,15029690000,homebase,2024,Colchester,RETAIL_OTHER_SUPERSTORES_AND_WAREHOUSES,360000.0,387500.0,9586.188889109446
11233417000,4067889000,homebase,2024,Colchester,RETAIL_OTHER_SUPERSTORES_AND_WAREHOUSES,360000.0,330000.0,2644.02969759416
11233417000,1235904023,homebase,2024,Colchester,RETAIL_OTHER_SUPERSTORES_AND_WAREHOUSES,360000.0,317500.0,703.9254415069122
11238650000,14799250000,homebase,2024,Basingstoke and Deane,RETAIL_OTHER_SUPERSTORES_AND_WAREHOUSES,1130000.0,1430000.0,938.6599834060879
11238650000,193668171,homebase,2024,Basingstoke and Deane,RETAIL_OTHER_SUPERSTORES_AND_WAREHOUSES,1130000.0,1680000.0,2697.8519886655654
11238650000,8992177000,homebase,2024,Basingstoke and Deane,RETAIL_OTHER_SUPERSTORES_AND_WAREHOUSES,1130000.0,1740000.0,3017.4606134612814
11239694000,12758990000,strada,2018,East Riding of Yorkshire,OFFICE_GENERAL,2150.0,2150.0,1125.506603449458
11239694000,7974371000,strada,2018,East Riding of Yorkshire,OFFICE_GENERAL,2150.0,2150.0,30979.644300918157
11239694000,11239634000,strada,2018,East Riding of Yorkshire,OFFICE_GENERAL,2150.0,2150.0,1125.506603449458
11274012000,9713325000,paperchase,2023,Crawley,RETAIL_HIGH_STREET,16750.0,16750.0,4588.6125840409795
11274012000,13096836000,paperchase,2023,Crawley,RETAIL_HIGH_STREET,16750.0,16750.0,1392.8575515170678
11274012000,8936860000,paperchase,2023,Crawley,RETAIL_HIGH_STREET,16750.0,16500.0,4588.6125840409795
11277287000,13074767000,arcadia,2020,"Bristol, City of",OFFICE_GENERAL,5100.0,5100.0,587.8584162878009
11277287000,10155631000,arcadia,2020,"Bristol, City of",OFFICE_GENERAL,5100.0,5100.0,1462.3309780826037
11277287000,8082362000,arcadia,2020,"Bristol, City of",OFFICE_GENERAL,5100.0,5100.0,640.1964198312245
11285976000,204153044,arcadia,2020,Leicester,RETAIL_HIGH_STREET,42250.0,41000.0,165.39839804922644
11285976000,198652044,arcadia,2020,Leicester,RETAIL_HIGH_STREET,42250.0,40750.0,1797.2158776465
11285976000,11578735000,arcadia,2020,Leicester,RETAIL_HIGH_STREET,42250.0,38500.0,1026.2360543980485
11287746000,11221534000,arcadia,2020,"Bristol, City of",INDUSTRIAL_GENERAL,19500.0,19500.0,798.607086916348
11287746000,13321045000,arcadia,2020,"Bristol, City of",INDUSTRIAL_GENERAL,19500.0,19500.0,798.607086916348
11287746000,247138212,arcadia,2020,"Bristol, City of",INDUSTRIAL_GENERAL,19500.0,19500.0,7349.937406699948
11296263000,390361000,cath kidston,2020,Camden,RETAIL_HIGH_STREET,151000.0,151000.0,206.63673602882338
11296263000,201246063,cath kidston,2020,Camden,RETAIL_HIGH_STREET,151000.0,149000.0,224.2271414992271
11296263000,5700554000,cath kidston,2020,Camden,RETAIL_HIGH_STREET,151000.0,149000.0,397.6868628060656
11297717000,14028271000,arcadia,2020,Thurrock,RETAIL_HIGH_STREET,60500.0,27750.0,3898.363401177968
11297717000,809398022,arcadia,2020,Thurrock,RETAIL_HIGH_STREET,60500.0,27500.0,2305.5844671197306
11297717000,14882213000,arcadia,2020,Thurrock,RETAIL_HIGH_STREET,60500.0,27000.0,1088.29730640018
11303276000,674650000,arcadia,2020,Leicester,RETAIL_HIGH_STREET,225000.0,38250.0,252.6901190355187
11303276000,260813044,arcadia,2020,Leicester,RETAIL_HIGH_STREET,225000.0,37500.0,2166.073988990151
11303276000,11629593000,arcadia,2020,Leicester,RETAIL_HIGH_STREET,225000.0,37500.0,408.30170057101645
11306517000,14571535000,thomas cook,2019,Peterborough,RETAIL_HIGH_STREET,48000.0,43750.0,3374.322439121687
11306517000,5032107000,thomas cook,2019,Peterborough,RETAIL_HIGH_STREET,48000.0,43500.0,276.9627582168906
11306517000,10151700000,thomas cook,2019,Peterborough,RETAIL_HIGH_STREET,48000.0,43500.0,3233.56343796927
11307240000,7888162000,thomas cook,2019,Preston,RETAIL_HIGH_STREET,15500.0,15500.0,1588.9696243251456
11307240000,13726383000,thomas cook,2019,Preston,RETAIL_HIGH_STREET,15500.0,15500.0,258.22594224486505
11307240000,12555647000,thomas cook,2019,Preston,RETAIL_HIGH_STREET,15500.0,15500.0,1114.221380085081
11326757000,6491592000,carluccios,2020,York,RETAIL_RESTAURANTS_AND_CAFES,125000.0,126000.0,1732.9973875855937
11326757000,753030000,carluccios,2020,York,RETAIL_RESTAURANTS_AND_CAFES,125000.0,127000.0,2372.661281052563
11326757000,10119166000,carluccios,2020,York,RETAIL_RESTAURANTS_AND_CAFES,125000.0,128000.0,3299.1533154495323
11337205000,11764208000,thomas cook,2019,Stockton-on-Tees,RETAIL_OTHER_SUPERSTORES_AND_WAREHOUSES,235000.0,201000.0,2261.1651545608893
11337205000,13838736000,thomas cook,2019,Stockton-on-Tees,RETAIL_OTHER_SUPERSTORES_AND_WAREHOUSES,235000.0,201000.0,2261.1651545608893
11337205000,310066102,thomas cook,2019,Stockton-on-Tees,RETAIL_OTHER_SUPERSTORES_AND_WAREHOUSES,235000.0,200000.0,2221.4195360918284
11347529000,8144907000,arcadia,2020,York,RETAIL_HIGH_STREET,62500.0,29000.0,622.3669996366457
11347529000,3369445000,arcadia,2020,York,RETAIL_HIGH_STREET,62500.0,28750.0,1413.7834884948395
11347529000,14635108,arcadia,2020,York,RETAIL_HIGH_STREET,62500.0,28750.0,1278.8712642149037
11362864000,3358776000,arcadia,2020,Stockton-on-Tees,RETAIL_OTHER_SUPERSTORES_AND_WAREHOUSES,77000.0,76500.0,1856.5878685636712
11362864000,314449102,arcadia,2020,Stockton-on-Tees,RETAIL_OTHER_SUPERSTORES_AND_WAREHOUSES,77000.0,77500.0,480.1300516256772
11362864000,1326903000,arcadia,2020,Stockton-on-Tees,RETAIL_OTHER_SUPERSTORES_AND_WAREHOUSES,77000.0,78000.0,2056.9614031230185
11366769000,12371967000,body shop,2024,North Yorkshire,OFFICE_GENERAL,16250.0,16250.0,5346.782984488426
11366769000,206462105,body shop,2024,North Yorkshire,OFFICE_GENERAL,16250.0,16250.0,2981.1683114282678
11366769000,430359105,body shop,2024,North Yorkshire,OFFICE_GENERAL,16250.0,16250.0,1802.880992072414
11370205000,14774471000,homebase,2024,South Gloucestershire,RETAIL_OTHER_SUPERSTORES_AND_WAREHOUSES,600000.0,630000.0,434.7871944066753
11370205000,5475732000,homebase,2024,South Gloucestershire,RETAIL_OTHER_SUPERSTORES_AND_WAREHOUSES,600000.0,565000.0,206.93670297125558
11370205000,10889325000,homebase,2024,South Gloucestershire,RETAIL_OTHER_SUPERSTORES_AND_WAREHOUSES,600000.0,635000.0,3699.860834285073
11374772000,14435534000,paperchase,2023,Hammersmith and Fulham,RETAIL_HIGH_STREET,196000.0,107000.0,1542.7790589008903
11374772000,14505662000,paperchase,2023,Hammersmith and Fulham,RETAIL_HIGH_STREET,196000.0,106000.0,1510.292623416827
11374772000,222379082,paperchase,2023,Hammersmith and Fulham,RETAIL_HIGH_STREET,196000.0,105000.0,379.68970188397634
11401745000,90435152,cath kidston,2020,Guildford,RETAIL_HIGH_STREET,85500.0,35500.0,1075.5168828097717
11401745000,9306362000,cath kidston,2020,Guildford,RETAIL_HIGH_STREET,85500.0,34750.0,8554.061895471888
11401745000,8786445000,cath kidston,2020,Guildford,RETAIL_HIGH_STREET,85500.0,34500.0,2016.204293860547
11420393000,8425848000,body shop,2024,Southwark,RETAIL_HIGH_STREET,123000.0,123000.0,235.03590691903187
11420393000,11073428000,body shop,2024,Southwark,RETAIL_HIGH_STREET,123000.0,122000.0,342.3682153227922
11420393000,14979628000,body shop,2024,Southwark,RETAIL_HIGH_STREET,123000.0,120000.0,212.15270526464457
11420892000,236385222,poundworld,2018,Coventry,RETAIL_RESTAURANTS_AND_CAFES,0.0,0.0,834.3718654130823
11420892000,232384222,poundworld,2018,Coventry,RETAIL_RESTAURANTS_AND_CAFES,0.0,0.0,1127.024083904775
11420892000,231945222,poundworld,2018,Coventry,RETAIL_RESTAURANTS_AND_CAFES,0.0,0.0,982.4958249094659
11421028000,5940296000,body shop,2024,Stoke-on-Trent,INDUSTRIAL_GENERAL,4350.0,4350.0,1600.6221899225259
11421028000,9773831000,body shop,2024,Stoke-on-Trent,INDUSTRIAL_GENERAL,4350.0,4350.0,795.9494291963272
11421028000,5120680000,body shop,2024,Stoke-on-Trent,INDUSTRIAL_GENERAL,4350.0,4350.0,321.6605300995859
11421485000,4982622000,body shop,2024,City of London,RETAIL_HIGH_STREET,158000.0,157000.0,151.19260088184873
11421485000,1061001000,body shop,2024,City of London,RETAIL_HIGH_STREET,158000.0,155000.0,205.32102009887248
11421485000,6203521000,body shop,2024,City of London,RETAIL_HIGH_STREET,158000.0,161000.0,157.019440246151
11459418000,10984470000,toys r us,2018,Norwich,RETAIL_OTHER_SUPERSTORES_AND_WAREHOUSES,540000.0,275000.0,1079.688515039724
11459418000,13192955000,toys r us,2018,Norwich,RETAIL_OTHER_SUPERSTORES_AND_WAREHOUSES,540000.0,267500.0,1142.3163550155086
11459418000,9780015000,toys r us,2018,Norwich,RETAIL_OTHER_SUPERSTORES_AND_WAREHOUSES,540000.0,211000.0,599.5112686874565
11472723000,13506188000,cath kidston,2020,Southwark,RETAIL_HIGH_STREET,83000.0,82500.0,1440.1591818678764
11472723000,14977378000,cath kidston,2020,Southwark,RETAIL_HIGH_STREET,83000.0,82000.0,3153.880601664275
11472723000,11222175000,cath kidston,2020,Southwark,RETAIL_HIGH_STREET,83000.0,84000.0,3199.8075970360924
11498986000,757995072,homebase,2024,Bromley,RETAIL_OTHER_SUPERSTORES_AND_WAREHOUSES,785000.0,1010000.0,191.94695740701061
11498986000,11233423000,homebase,2024,Bromley,RETAIL_OTHER_SUPERSTORES_AND_WAREHOUSES,785000.0,445000.0,5582.30844086044
11498986000,749183072,homebase,2024,Bromley,RETAIL_OTHER_SUPERSTORES_AND_WAREHOUSES,785000.0,442500.0,522.1593566582975
11510665000,11188020000,arcadia,2020,Leeds,INDUSTRIAL_GENERAL,84.0,84.0,2158.0941652821393
11510665000,11188629000,arcadia,2020,Leeds,INDUSTRIAL_GENERAL,84.0,84.0,3125.8267566663767
11510665000,11188632000,arcadia,2020,Leeds,INDUSTRIAL_GENERAL,84.0,84.0,3095.8493779985743
11511287000,13679358000,body shop,2024,Leeds,INDUSTRIAL_GENERAL,126.0,126.0,6798.424564943629
11511287000,14926955000,body shop,2024,Leeds,INDUSTRIAL_GENERAL,126.0,128.0,918.1790986863301
11511287000,15033254000,body shop,2024,Leeds,INDUSTRIAL_GENERAL,126.0,122.0,690.3537414492835
11511604000,15033236000,wilko,2023,Leeds,INDUSTRIAL_GENERAL,205.0,205.0,3476.35122834504
11511604000,13027100000,wilko,2023,Leeds,INDUSTRIAL_GENERAL,205.0,200.0,336.88075702079215
11511604000,13297651000,wilko,2023,Leeds,INDUSTRIAL_GENERAL,205.0,210.0,1267.0903474929448
11517705000,14621223000,poundworld,2018,Somerset,RETAIL_HIGH_STREET,159000.0,79500.0,8685.553150916161
11517705000,7482859000,poundworld,2018,Somerset,RETAIL_HIGH_STREET,159000.0,78000.0,11034.420658611663
11517705000,178661186,poundworld,2018,Somerset,RETAIL_HIGH_STREET,159000.0,76000.0,11034.420658611663
11544650000,1111790000,wilko,2023,Brent,RETAIL_OTHER_SUPERSTORES_AND_WAREHOUSES,280000.0,265000.0,553.2620455659547
11544650000,2131500000,wilko,2023,Brent,RETAIL_OTHER_SUPERSTORES_AND_WAREHOUSES,280000.0,262500.0,1697.3952942673284
11544650000,2762624000,wilko,2023,Brent,RETAIL_OTHER_SUPERSTORES_AND_WAREHOUSES,280000.0,300000.0,4128.626486695831
11580148000,108541172,body shop,2024,"Bournemouth, Christchurch and Poole",INDUSTRIAL_GENERAL,20500.0,20500.0,843.1898518752637
11580148000,4910777000,body shop,2024,"Bournemouth, Christchurch and Poole",INDUSTRIAL_GENERAL,20500.0,20500.0,2134.0544706110413
11580148000,316380172,body shop,2024,"Bournemouth, Christchurch and Poole",INDUSTRIAL_GENERAL,20500.0,20500.0,483.9411371861912
11581932000,10718871000,ted baker,2024,Southwark,RETAIL_HIGH_STREET,124000.0,119000.0,517.0055085887119
11581932000,270664075,ted baker,2024,Southwark,RETAIL_HIGH_STREET,124000.0,116000.0,1803.572928101431
11581932000,12230456000,ted baker,2024,Southwark,RETAIL_HIGH_STREET,124000.0,115000.0,330.8823049913923
11585882000,9330626000,debenhams,2020,Cheshire West and Chester,RETAIL_OTHER_SUPERSTORES_AND_WAREHOUSES,1230000.0,1220000.0,1047.1864542322144
11585882000,13091768000,debenhams,2020,Cheshire West and Chester,RETAIL_OTHER_SUPERSTORES_AND_WAREHOUSES,1230000.0,1240000.0,308.46114687336336
11585882000,14036836000,debenhams,2020,Cheshire West and Chester,RETAIL_OTHER_SUPERSTORES_AND_WAREHOUSES,1230000.0,1210000.0,308.46114687336336
11593910000,11118469000,paperchase,2023,Leeds,RETAIL_HIGH_STREET,580.0,580.0,2001.0729116092307
11593910000,14179461000,paperchase,2023,Leeds,RETAIL_HIGH_STREET,580.0,580.0,4528.662887299564
11593910000,14048394000,paperchase,2023,Leeds,RETAIL_HIGH_STREET,580.0,580.0,4528.662887299564
11593912000,338499244,paperchase,2023,Leeds,RETAIL_HIGH_STREET,25500.0,25500.0,787.7308824172364
11593912000,313037244,paperchase,2023,Leeds,RETAIL_HIGH_STREET,25500.0,25500.0,5052.587414479268
11593912000,8086948000,paperchase,2023,Leeds,RETAIL_HIGH_STREET,25500.0,25500.0,980.9719258131097
11603497000,13993812000,wilko,2023,Gloucester,OFFICE_GENERAL,5800.0,5800.0,818.8139837599126
11603497000,13160949000,wilko,2023,Gloucester,OFFICE_GENERAL,5800.0,5800.0,207.62429904001084
11603497000,4931214,wilko,2023,Gloucester,OFFICE_GENERAL,5800.0,5800.0,231.84765862774736
11612972000,300657171,homebase,2024,Basingstoke and Deane,RETAIL_OTHER_SUPERSTORES_AND_WAREHOUSES,840000.0,420000.0,773.0585290491107
11612972000,285586171,homebase,2024,Basingstoke and Deane,RETAIL_OTHER_SUPERSTORES_AND_WAREHOUSES,840000.0,400000.0,2281.764206787225
11612972000,8695115000,homebase,2024,Basingstoke and Deane,RETAIL_OTHER_SUPERSTORES_AND_WAREHOUSES,840000.0,385000.0,1121.7546005643235
11617023000,27751000,paperchase,2023,Bromley,RETAIL_HIGH_STREET,93000.0,55500.0,2950.0982053106495
11617023000,5651270000,paperchase,2023,Bromley,RETAIL_HIGH_STREET,93000.0,54500.0,2704.5625282854344
11617023000,11724900000,paperchase,2023,Bromley,RETAIL_HIGH_STREET,93000.0,54500.0,2704.5625282854344
11617200000,11241327000,wilko,2023,Harlow,RETAIL_OTHER_SUPERSTORES_AND_WAREHOUSES,235000.0,117000.0,907.6850746663613
11617200000,4310818000,wilko,2023,Harlow,RETAIL_OTHER_SUPERSTORES_AND_WAREHOUSES,235000.0,90500.0,1161.9438466134434
11617200000,4094465000,wilko,2023,Harlow,RETAIL_OTHER_SUPERSTORES_AND_WAREHOUSES,235000.0,60000.0,2701.7078270594484
11621554000,229064237,arcadia,2020,Birmingham,RETAIL_OTHER_SUPERSTORES_AND_WAREHOUSES,785000.0,960000.0,4156.825718622454
11621554000,12664041000,arcadia,2020,Birmingham,RETAIL_OTHER_SUPERSTORES_AND_WAREHOUSES,785000.0,965000.0,4156.825718622454
11621554000,11837695000,arcadia,2020,Birmingham,RETAIL_OTHER_SUPERSTORES_AND_WAREHOUSES,785000.0,970000.0,1626.856893997565
11624789000,11310191000,body shop,2024,Bromley,RETAIL_HIGH_STREET,86000.0,53000.0,3415.488402737828
11624789000,11944629000,body shop,2024,Bromley,RETAIL_HIGH_STREET,86000.0,53000.0,2704.5625282854344
11624789000,8790254000,body shop,2024,Bromley,RETAIL_HIGH_STREET,86000.0,53000.0,8666.816253139617
11624882000,8144377000,chiquito,2020,North Devon,RETAIL_HIGH_STREET,52500.0,29250.0,23098.00652427516
11624882000,9534210000,chiquito,2020,North Devon,RETAIL_HIGH_STREET,52500.0,28500.0,14711.379187233551
11624882000,100975183,chiquito,2020,North Devon,RETAIL_HIGH_STREET,52500.0,28500.0,14707.945109175636
11624884000,14182665000,frankie&bennys,2020,North Devon,RETAIL_HIGH_STREET,52500.0,27500.0,14299.711411063392
11624884000,316579182,frankie&bennys,2020,North Devon,RETAIL_HIGH_STREET,52500.0,27500.0,4367.971938766168
11624884000,14337259000,frankie&bennys,2020,North Devon,RETAIL_HIGH_STREET,52500.0,26500.0,17318.18491150363
11625101000,218040072,byron,2020,Bromley,RETAIL_RESTAURANTS_AND_CAFES,64500.0,64700.0,2819.5143056842635
11625101000,767109072,byron,2020,Bromley,RETAIL_RESTAURANTS_AND_CAFES,64500.0,65500.0,1955.0590315737238
11625101000,234407072,byron,2020,Bromley,RETAIL_RESTAURANTS_AND_CAFES,64500.0,63000.0,288.36723360274044
11627023000,8831998000,ted baker,2024,Bromley,RETAIL_HIGH_STREET,96000.0,48500.0,5467.677445942232
11627023000,730618072,ted baker,2024,Bromley,RETAIL_HIGH_STREET,96000.0,46500.0,4619.262497421033
11627023000,8831561000,ted baker,2024,Bromley,RETAIL_HIGH_STREET,96000.0,46500.0,1518.6616887097132
11628294000,8172824000,carluccios,2020,Bromley,RETAIL_RESTAURANTS_AND_CAFES,72500.0,72500.0,310.33802917266854
11628294000,8383531000,carluccios,2020,Bromley,RETAIL_RESTAURANTS_AND_CAFES,72500.0,73500.0,2659.9335983294836
11628294000,179018072,carluccios,2020,Bromley,RETAIL_RESTAURANTS_AND_CAFES,72500.0,74000.0,2490.4334177301785
11647473000,234271072,debenhams,2020,Bromley,RETAIL_HIGH_STREET,14750.0,14750.0,689.2628767654448
11647473000,196814072,debenhams,2020,Bromley,RETAIL_HIGH_STREET,14750.0,14750.0,321.79022542961025
11647473000,2110232000,debenhams,2020,Bromley,RETAIL_HIGH_STREET,14750.0,14750.0,2256.847852549509
11652988000,5016053000,wilko,2023,Birmingham,RETAIL_OTHER_SUPERSTORES_AND_WAREHOUSES,243000.0,247000.0,2179.410068673609
11652988000,423030221,wilko,2023,Birmingham,RETAIL_OTHER_SUPERSTORES_AND_WAREHOUSES,243000.0,247000.0,870.5181217883487
11652988000,7281063000,wilko,2023,Birmingham,RETAIL_OTHER_SUPERSTORES_AND_WAREHOUSES,243000.0,247000.0,2123.859554334819
11664365000,8963575000,arcadia,2020,Cardiff,INDUSTRIAL_GENERAL,4300.0,4300.0,1376.558834295181
11664365000,172424192,arcadia,2020,Cardiff,INDUSTRIAL_GENERAL,4300.0,4300.0,269.6674080525571
11664365000,9111472000,arcadia,2020,Cardiff,INDUSTRIAL_GENERAL,4300.0,4300.0,1629.1650130599746
11672408000,268674017,debenhams,2020,Watford,RETAIL_OTHER_SUPERSTORES_AND_WAREHOUSES,895000.0,975000.0,733.4245797744966
11672408000,13367084000,debenhams,2020,Watford,RETAIL_OTHER_SUPERSTORES_AND_WAREHOUSES,895000.0,625000.0,566.4118281011922
11672408000,1298740000,debenhams,2020,Watford,RETAIL_OTHER_SUPERSTORES_AND_WAREHOUSES,895000.0,590000.0,566.4118281011922
11719749000,4866950000,arcadia,2020,East Staffordshire,RETAIL_HIGH_STREET,63500.0,32250.0,18837.20563372224
11719749000,9303906000,arcadia,2020,East Staffordshire,RETAIL_HIGH_STREET,63500.0,31000.0,749.4720714592587
11719749000,7170572000,arcadia,2020,East Staffordshire,RETAIL_HIGH_STREET,63500.0,30000.0,1919.1623980126062
11719755000,12731068000,arcadia,2020,East Staffordshire,LEISURE_AMUSEMENT_AND_ENTERTAINMENT_CENTRES,7900.0,8200.0,15226.4535307852
11719755000,213713232,arcadia,2020,East Staffordshire,LEISURE_AMUSEMENT_AND_ENTERTAINMENT_CENTRES,7900.0,7500.0,7116.307821170184
11719755000,2316249000,arcadia,2020,East Staffordshire,LEISURE_AMUSEMENT_AND_ENTERTAINMENT_CENTRES,7900.0,7200.0,20083.224062723257
11771493000,6878283000,mothercare,2019,Plymouth,RETAIL_OTHER_SUPERSTORES_AND_WAREHOUSES,372500.0,385000.0,630.4861404591331
11771493000,10651206000,mothercare,2019,Plymouth,RETAIL_OTHER_SUPERSTORES_AND_WAREHOUSES,372500.0,385000.0,1204.161064951113
11771493000,14926945000,mothercare,2019,Plymouth,RETAIL_OTHER_SUPERSTORES_AND_WAREHOUSES,372500.0,390000.0,3279.701416998397
11781172000,2812719000,cath kidston,2020,Hammersmith and Fulham,RETAIL_HIGH_STREET,420000.0,104000.0,181.6391740711264
11781172000,667672000,cath kidston,2020,Hammersmith and Fulham,RETAIL_HIGH_STREET,420000.0,104000.0,468.3387180574833
11781172000,11486743000,cath kidston,2020,Hammersmith and Fulham,RETAIL_HIGH_STREET,420000.0,103000.0,933.401087897024
11791484000,4855120000,paperchase,2023,Eastbourne,RETAIL_HIGH_STREET,84000.0,43000.0,207.96138458671396
11791484000,8791861000,paperchase,2023,Eastbourne,RETAIL_HIGH_STREET,84000.0,42750.0,407.96575878432606
11791484000,52097144,paperchase,2023,Eastbourne,RETAIL_HIGH_STREET,84000.0,42750.0,1520.6653097408682
11843448000,13664230000,carluccios,2020,Tower Hamlets,RETAIL_RESTAURANTS_AND_CAFES,194000.0,192000.0,260.96342623260017
11843448000,11631039000,carluccios,2020,Tower Hamlets,RETAIL_RESTAURANTS_AND_CAFES,194000.0,190000.0,292.6295546535029
11843448000,11522508000,carluccios,2020,Tower Hamlets,RETAIL_RESTAURANTS_AND_CAFES,194000.0,198000.0,742.1779944120182
11851513000,9912605000,body shop,2024,Lancaster,INDUSTRIAL_GENERAL,24500.0,24500.0,2333.1719436689136
11851513000,5317404000,body shop,2024,Lancaster,INDUSTRIAL_GENERAL,24500.0,24500.0,2343.3709332358667
11851513000,13592041000,body shop,2024,Lancaster,INDUSTRIAL_GENERAL,24500.0,24250.0,9748.991152040484
11865183000,11049240000,arcadia,2020,Guildford,OFFICE_GENERAL,3250.0,3250.0,2725.8616862882905
11865183000,11865281000,arcadia,2020,Guildford,OFFICE_GENERAL,3250.0,3250.0,468.8682865617228
11865183000,1339727000,arcadia,2020,Guildford,OFFICE_GENERAL,3250.0,3250.0,348.7806954610445
11871717000,10948859000,mothercare,2019,Gloucester,OFFICE_GENERAL,292500.0,290000.0,917.113896535927
11871717000,9101922000,mothercare,2019,Gloucester,OFFICE_GENERAL,292500.0,300000.0,256.43376500239356
11871717000,13908223000,mothercare,2019,Gloucester,OFFICE_GENERAL,292500.0,310000.0,256.43376500239356
11875708000,60001016,arcadia,2020,Peterborough,RETAIL_HIGH_STREET,8000.0,8000.0,1166.356375531971
11875708000,9759016,arcadia,2020,Peterborough,RETAIL_HIGH_STREET,8000.0,8000.0,683.4903990331755
11875708000,4027016,arcadia,2020,Peterborough,RETAIL_HIGH_STREET,8000.0,8000.0,1046.5813550494277
11913529000,2915574000,debenhams,2020,Watford,RETAIL_RESTAURANTS_AND_CAFES,71000.0,74500.0,2609.5823387713403
11913529000,256394017,debenhams,2020,Watford,RETAIL_RESTAURANTS_AND_CAFES,71000.0,65500.0,272.36365317890267
11913529000,4382017,debenhams,2020,Watford,RETAIL_RESTAURANTS_AND_CAFES,71000.0,78500.0,1284.6037938380598
11938336000,12159147000,body shop,2024,Lancaster,OTHER_PUBLIC,430.0,430.0,9022.814559835428
11938336000,11938306000,body shop,2024,Lancaster,OTHER_PUBLIC,430.0,430.0,9022.814559835428
11938336000,11938290000,body shop,2024,Lancaster,OTHER_PUBLIC,430.0,430.0,9211.48936817406
11986396000,3052733000,strada,2018,"Bournemouth, Christchurch and Poole",OFFICE_GENERAL,9700.0,9700.0,400.6134022570106
11986396000,10402693000,strada,2018,"Bournemouth, Christchurch and Poole",OFFICE_GENERAL,9700.0,9700.0,348.0813705297329
11986396000,8019334000,strada,2018,"Bournemouth, Christchurch and Poole",OFFICE_GENERAL,9700.0,9700.0,2749.9260155542556
11986411000,14455549000,strada,2018,"Bournemouth, Christchurch and Poole",OTHER_COMMERCIAL,750.0,750.0,790.5136088800629
11986411000,10820175000,strada,2018,"Bournemouth, Christchurch and Poole",OTHER_COMMERCIAL,750.0,750.0,790.5136088800629
11986411000,10820176000,strada,2018,"Bournemouth, Christchurch and Poole",OTHER_COMMERCIAL,750.0,750.0,790.5136088800629
11988722000,4900402000,cath kidston,2020,Cheshire West and Chester,RETAIL_HIGH_STREET,138000.0,30000.0,2008.3239311548887
11988722000,192085133,cath kidston,2020,Cheshire West and Chester,RETAIL_HIGH_STREET,138000.0,29000.0,10768.811731053442
11988722000,7231516000,cath kidston,2020,Cheshire West and Chester,RETAIL_HIGH_STREET,138000.0,28750.0,7871.77649741802
12018207000,451889221,thomas cook,2019,Birmingham,RETAIL_HIGH_STREET,47500.0,47250.0,2624.010707472507
12018207000,14846034000,thomas cook,2019,Birmingham,RETAIL_HIGH_STREET,47500.0,47250.0,1720.145169665009
12018207000,10839024000,thomas cook,2019,Birmingham,RETAIL_HIGH_STREET,47500.0,47250.0,522.3442515371402
12076822000,4888712000,arcadia,2020,Lincoln,RETAIL_HIGH_STREET,179000.0,22500.0,638.3819721024537
12076822000,1028630000,arcadia,2020,Lincoln,RETAIL_HIGH_STREET,179000.0,22250.0,549.7612720366521
12076822000,10897433000,arcadia,2020,Lincoln,RETAIL_HIGH_STREET,179000.0,22000.0,283.4443638037033
12093247000,9301219000,paperchase,2023,Southwark,RETAIL_HIGH_STREET,54000.0,54000.0,1696.3109566549242
12093247000,269117075,paperchase,2023,Southwark,RETAIL_HIGH_STREET,54000.0,53500.0,2960.6168713475486
12093247000,8201296000,paperchase,2023,Southwark,RETAIL_HIGH_STREET,54000.0,53500.0,1584.7825097855427
12105528000,78598023,ted baker,2024,Braintree,RETAIL_HIGH_STREET,88500.0,35750.0,815.1112895525118
12105528000,9513809000,ted baker,2024,Braintree,RETAIL_HIGH_STREET,88500.0,35250.0,24329.125999916545
12105528000,1243146023,ted baker,2024,Braintree,RETAIL_HIGH_STREET,88500.0,34750.0,4039.807755909243
12106763000,135445023,body shop,2024,Braintree,RETAIL_HIGH_STREET,37500.0,33500.0,9421.300811768955
12106763000,177524023,body shop,2024,Braintree,RETAIL_HIGH_STREET,37500.0,33500.0,663.958562169247
12106763000,9896534000,body shop,2024,Braintree,RETAIL_HIGH_STREET,37500.0,31750.0,896.8314418861041
12114374000,14299966000,frankie&bennys,2020,Manchester,RETAIL_HIGH_STREET,22750.0,22750.0,622.3927222760601
12114374000,209842113,frankie&bennys,2020,Manchester,RETAIL_HIGH_STREET,22750.0,22750.0,207.8513737193795
12114374000,14342789000,frankie&bennys,2020,Manchester,RETAIL_HIGH_STREET,22750.0,22750.0,5463.192605732648
12192930000,242443144,wilko,2023,Eastbourne,RETAIL_OTHER_SUPERSTORES_AND_WAREHOUSES,367500.0,332500.0,1383.41658110079
12192930000,270281144,wilko,2023,Eastbourne,RETAIL_OTHER_SUPERSTORES_AND_WAREHOUSES,367500.0,330000.0,1383.41658110079
12192930000,10533560000,wilko,2023,Eastbourne,RETAIL_OTHER_SUPERSTORES_AND_WAREHOUSES,367500.0,292500.0,1814.3056939555859
12202440000,10130415000,wilko,2023,Swindon,RETAIL_OTHER_SUPERSTORES_AND_WAREHOUSES,280000.0,280000.0,3882.0079979103484
12202440000,8413606000,wilko,2023,Swindon,RETAIL_OTHER_SUPERSTORES_AND_WAREHOUSES,280000.0,282500.0,1443.348458743442
12202440000,8517865000,wilko,2023,Swindon,RETAIL_OTHER_SUPERSTORES_AND_WAREHOUSES,280000.0,285000.0,681.091634536788
12280663000,13074636000,body shop,2024,Preston,INDUSTRIAL_GENERAL,5500.0,5500.0,8678.183752212299
12280663000,179307126,body shop,2024,Preston,INDUSTRIAL_GENERAL,5500.0,5500.0,1322.3691717222346
12280663000,6986422000,body shop,2024,Preston,INDUSTRIAL_GENERAL,5500.0,5500.0,568.5136001859785
12295847000,5209185000,wilko,2023,Watford,RETAIL_OTHER_SUPERSTORES_AND_WAREHOUSES,232000.0,236000.0,515.2991512409461
12295847000,9445200000,wilko,2023,Watford,RETAIL_OTHER_SUPERSTORES_AND_WAREHOUSES,232000.0,244000.0,1039.8545603014222
12295847000,8862210000,wilko,2023,Watford,RETAIL_OTHER_SUPERSTORES_AND_WAREHOUSES,232000.0,214000.0,547.0297119966461
12305363000,226239082,arcadia,2020,Hammersmith and Fulham,LEISURE_AMUSEMENT_AND_ENTERTAINMENT_CENTRES,50000.0,50500.0,2478.887667705236
12305363000,228872082,arcadia,2020,Hammersmith and Fulham,LEISURE_AMUSEMENT_AND_ENTERTAINMENT_CENTRES,50000.0,56500.0,944.9112464258388
12305363000,14428014000,arcadia,2020,Hammersmith and Fulham,LEISURE_AMUSEMENT_AND_ENTERTAINMENT_CENTRES,50000.0,58000.0,794.1992305159225
12324122000,14994053000,strada,2018,Stockton-on-Tees,INDUSTRIAL_GENERAL,15250.0,15250.0,1778.217025171348
12324122000,2632394000,strada,2018,Stockton-on-Tees,INDUSTRIAL_GENERAL,15250.0,15250.0,1819.5829234721662
12324122000,11281563000,strada,2018,Stockton-on-Tees,INDUSTRIAL_GENERAL,15250.0,15250.0,2064.3632550584434
12333437000,394317244,arcadia,2020,Leeds,RETAIL_HIGH_STREET,320000.0,56500.0,11882.666959765362
12333437000,10565644000,arcadia,2020,Leeds,RETAIL_HIGH_STREET,320000.0,56000.0,187.71774209036408
12333437000,274285244,arcadia,2020,Leeds,RETAIL_HIGH_STREET,320000.0,56000.0,4878.409744647164
12343419000,25261023,arcadia,2020,Colchester,OFFICE_GENERAL,13750.0,13750.0,239.93716648949263
12343419000,4862072000,arcadia,2020,Colchester,OFFICE_GENERAL,13750.0,13750.0,3388.224593548229
12343419000,12343419000,arcadia,2020,Colchester,OFFICE_GENERAL,13750.0,13750.0,5566.969363071823
12350021000,349785012,homebase,2024,Cambridge,RETAIL_OTHER_SUPERSTORES_AND_WAREHOUSES,427500.0,275000.0,1281.1939971606807
12350021000,382202012,homebase,2024,Cambridge,RETAIL_OTHER_SUPERSTORES_AND_WAREHOUSES,427500.0,262500.0,507.00840882727886
12350021000,12180250000,homebase,2024,Cambridge,RETAIL_OTHER_SUPERSTORES_AND_WAREHOUSES,427500.0,257500.0,507.00840882727886
12350022000,382203012,homebase,2024,Cambridge,RETAIL_OTHER_SUPERSTORES_AND_WAREHOUSES,880000.0,252500.0,507.00840882727886
12350022000,384820012,homebase,2024,Cambridge,RETAIL_OTHER_SUPERSTORES_AND_WAREHOUSES,880000.0,242000.0,237.5328132970605
12350022000,5149592000,homebase,2024,Cambridge,RETAIL_OTHER_SUPERSTORES_AND_WAREHOUSES,880000.0,239750.0,209.59864678461707
12374340000,2294381000,body shop,2024,Stockton-on-Tees,INDUSTRIAL_GENERAL,12000.0,12000.0,2045.6710011457137
12374340000,14538224000,body shop,2024,Stockton-on-Tees,INDUSTRIAL_GENERAL,12000.0,12000.0,797.8414600111666
12374340000,6189450000,body shop,2024,Stockton-on-Tees,INDUSTRIAL_GENERAL,12000.0,12000.0,457.45682501975557
12398506000,12990395000,wilko,2023,Thurrock,RETAIL_OTHER_SUPERSTORES_AND_WAREHOUSES,680000.0,63000.0,8951.232978684671
12398506000,14362215000,wilko,2023,Thurrock,RETAIL_OTHER_SUPERSTORES_AND_WAREHOUSES,680000.0,60500.0,462.6189073061506
12398506000,878965022,wilko,2023,Thurrock,RETAIL_OTHER_SUPERSTORES_AND_WAREHOUSES,680000.0,55500.0,1492.945403449701
12408618000,10013376000,wilko,2023,Leeds,RETAIL_HIGH_STREET,102000.0,55500.0,798.225073101828
12408618000,390622244,wilko,2023,Leeds,RETAIL_HIGH_STREET,102000.0,55500.0,1212.3443275549193
12408618000,10565618000,wilko,2023,Leeds,RETAIL_HIGH_STREET,102000.0,55000.0,187.71774209036408
12408908000,399279244,wilko,2023,Leeds,RETAIL_HIGH_STREET,2000.0,2000.0,2785.209561644913
12408908000,316551244,wilko,2023,Leeds,RETAIL_HIGH_STREET,2000.0,2000.0,12759.992432906702
12408908000,7395393000,wilko,2023,Leeds,RETAIL_HIGH_STREET,2000.0,2000.0,10117.533194689966
12417914000,164335108,mothercare,2019,York,RETAIL_OTHER_SUPERSTORES_AND_WAREHOUSES,495000.0,198000.0,566.1649276133566
12417914000,418602108,mothercare,2019,York,RETAIL_OTHER_SUPERSTORES_AND_WAREHOUSES,495000.0,195000.0,2876.4568820059912
12417914000,7638540000,mothercare,2019,York,RETAIL_OTHER_SUPERSTORES_AND_WAREHOUSES,495000.0,184000.0,2889.7880821456874
12419016000,14806349000,ted baker,2024,York,RETAIL_HIGH_STREET,187000.0,28750.0,1537.8690756446233
12419016000,236991108,ted baker,2024,York,RETAIL_HIGH_STREET,187000.0,28750.0,1184.8401968449148
12419016000,2164206000,ted baker,2024,York,RETAIL_HIGH_STREET,187000.0,28250.0,708.7184706223675
12425207000,1480116000,ted baker,2024,Cardiff,RETAIL_HIGH_STREET,152000.0,65000.0,1727.6233564247384
12425207000,1568506000,ted baker,2024,Cardiff,RETAIL_HIGH_STREET,152000.0,64500.0,1727.6233564247384
12425207000,8788774000,ted baker,2024,Cardiff,RETAIL_HIGH_STREET,152000.0,64000.0,1158.0076239786813
12454126000,12611606000,cath kidston,2020,Ashford,RETAIL_HIGH_STREET,126000.0,47750.0,1374.2834686683332
12454126000,320951148,cath kidston,2020,Ashford,RETAIL_HIGH_STREET,126000.0,42750.0,13483.952809047934
12454126000,320827148,cath kidston,2020,Ashford,RETAIL_HIGH_STREET,126000.0,39250.0,13795.518932948755
12499977000,5621763000,arcadia,2020,Leeds,RETAIL_HIGH_STREET,39250.0,38750.0,2646.7979066083426
12499977000,8504439000,arcadia,2020,Leeds,RETAIL_HIGH_STREET,39250.0,38750.0,1160.1880076352954
12499977000,10393436000,arcadia,2020,Leeds,RETAIL_HIGH_STREET,39250.0,38750.0,150.67447743001384
12580392000,577925065,wilko,2023,Brent,RETAIL_OTHER_SUPERSTORES_AND_WAREHOUSES,117000.0,111000.0,1912.7318454669835
12580392000,7775838000,wilko,2023,Brent,RETAIL_OTHER_SUPERSTORES_AND_WAREHOUSES,117000.0,123000.0,4162.145591117953
12580392000,2071951000,wilko,2023,Brent,RETAIL_OTHER_SUPERSTORES_AND_WAREHOUSES,117000.0,110000.0,2103.8379432936567
12624511000,13925604000,debenhams,2020,Camden,OFFICE_GENERAL,8600000.0,9080000.0,324.5392720140643
12624511000,10628078000,debenhams,2020,Camden,OFFICE_GENERAL,8600000.0,9750000.0,247.25609722651004
12624511000,13498102000,debenhams,2020,Camden,OFFICE_GENERAL,8600000.0,9810000.0,255.90912798668342
12627658000,4061644000,arcadia,2020,Manchester,RETAIL_HIGH_STREET,10250.0,10250.0,2457.1392699185303
12627658000,170685113,arcadia,2020,Manchester,RETAIL_HIGH_STREET,10250.0,10250.0,3085.884776452617
12627658000,12351947000,arcadia,2020,Manchester,RETAIL_HIGH_STREET,10250.0,10250.0,4221.278793106091
12731959000,11151255000,arcadia,2020,Milton Keynes,OFFICE_GENERAL,2175.0,2175.0,1002.6581539143625
12731959000,13039539000,arcadia,2020,Milton Keynes,OFFICE_GENERAL,2175.0,2175.0,262.9992556552651
12731959000,14329983000,arcadia,2020,Milton Keynes,OFFICE_GENERAL,2175.0,2175.0,5032.143132842904
12731961000,12990038000,arcadia,2020,Milton Keynes,OFFICE_GENERAL,2350.0,2350.0,262.9992556552651
12731961000,11371636000,arcadia,2020,Milton Keynes,OFFICE_GENERAL,2350.0,2350.0,341.4827667557979
12731961000,11371634000,arcadia,2020,Milton Keynes,OFFICE_GENERAL,2350.0,2350.0,341.4827667557979
12750561000,3782472000,arcadia,2020,Norwich,RETAIL_RESTAURANTS_AND_CAFES,37000.0,36500.0,454.79757845040837
12750561000,12203214000,arcadia,2020,Norwich,RETAIL_RESTAURANTS_AND_CAFES,37000.0,37500.0,155.84392160466808
12750561000,225352036,arcadia,2020,Norwich,RETAIL_RESTAURANTS_AND_CAFES,37000.0,37500.0,1006.01821223377
12805595000,6135528000,arcadia,2020,South Gloucestershire,RETAIL_HIGH_STREET,20750.0,20750.0,1527.3361400078184
12805595000,160476211,arcadia,2020,South Gloucestershire,RETAIL_HIGH_STREET,20750.0,20750.0,10184.744782453816
12805595000,88768211,arcadia,2020,South Gloucestershire,RETAIL_HIGH_STREET,20750.0,20500.0,2918.372477279004
12807647000,8091217000,ted baker,2024,Gloucester,RETAIL_HIGH_STREET,29000.0,29000.0,3672.143106679934
12807647000,14781721000,ted baker,2024,Gloucester,RETAIL_HIGH_STREET,29000.0,28750.0,182.8703983080375
12807647000,7909003000,ted baker,2024,Gloucester,RETAIL_HIGH_STREET,29000.0,29250.0,3672.143106679934
12891660000,1960186000,arcadia,2020,"Bristol, City of",OTHER_COMMERCIAL,4500.0,4500.0,171.17643680745022
12891660000,10619359000,arcadia,2020,"Bristol, City of",OTHER_COMMERCIAL,4500.0,4500.0,603.2936100034129
12891660000,10619356000,arcadia,2020,"Bristol, City of",OTHER_COMMERCIAL,4500.0,4500.0,603.2936100034129
12892193000,11319626000,arcadia,2020,"Bristol, City of",OFFICE_GENERAL,30750.0,30750.0,542.5585864684923
12892193000,10331306000,arcadia,2020,"Bristol, City of",OFFICE_GENERAL,30750.0,30750.0,5756.4360699556355
12892193000,10174111000,arcadia,2020,"Bristol, City of",OFFICE_GENERAL,30750.0,30750.0,198.60649272095299
12951523000,34623036,homebase,2024,Norwich,RETAIL_OTHER_SUPERSTORES_AND_WAREHOUSES,295000.0,202000.0,599.5112686874565
12951523000,7057479000,homebase,2024,Norwich,RETAIL_OTHER_SUPERSTORES_AND_WAREHOUSES,295000.0,202000.0,1590.2718424571744
12951523000,10984481000,homebase,2024,Norwich,RETAIL_OTHER_SUPERSTORES_AND_WAREHOUSES,295000.0,195000.0,1079.688515039724
12951533000,12192351000,homebase,2024,Norwich,RETAIL_OTHER_SUPERSTORES_AND_WAREHOUSES,148000.0,152000.0,599.5112686874565
12951533000,4830317000,homebase,2024,Norwich,RETAIL_OTHER_SUPERSTORES_AND_WAREHOUSES,148000.0,139000.0,226.1890380087399
12951533000,437342036,homebase,2024,Norwich,RETAIL_OTHER_SUPERSTORES_AND_WAREHOUSES,148000.0,160000.0,1376.493991379163
12955425000,11953009000,arcadia,2020,York,LEISURE_BUDGET_HOTELS,2400.0,2400.0,689.8083266795458
12955425000,11329580000,arcadia,2020,York,LEISURE_BUDGET_HOTELS,2400.0,2400.0,1192.5979037633037
12955425000,11142007000,arcadia,2020,York,LEISURE_BUDGET_HOTELS,2400.0,2400.0,685.0345660820083
13104290000,427942036,body shop,2024,Norwich,RETAIL_HIGH_STREET,57000.0,38250.0,3307.684830896194
13104290000,14800963000,body shop,2024,Norwich,RETAIL_HIGH_STREET,57000.0,37750.0,1916.0853980670963
13104290000,15059977000,body shop,2024,Norwich,RETAIL_HIGH_STREET,57000.0,37500.0,2303.3765073949394
13127633000,13879034000,toys r us,2018,County Durham,RETAIL_RESTAURANTS_AND_CAFES,16750.0,16750.0,1284.875419845092
13127633000,136894104,toys r us,2018,County Durham,RETAIL_RESTAURANTS_AND_CAFES,16750.0,16750.0,9134.498809366056
13127633000,14609480000,toys r us,2018,County Durham,RETAIL_RESTAURANTS_AND_CAFES,16750.0,16500.0,225.72837766643846
13141111000,240630126,frankie&bennys,2020,Preston,INDUSTRIAL_GENERAL,11500.0,11500.0,3275.5498993256183
13141111000,11619598000,frankie&bennys,2020,Preston,INDUSTRIAL_GENERAL,11500.0,11500.0,2405.7236150951044
13141111000,6135454000,frankie&bennys,2020,Preston,INDUSTRIAL_GENERAL,11500.0,11500.0,673.4798223875123
13202498000,2265595000,body shop,2024,Stoke-on-Trent,RETAIL_HIGH_STREET,8800.0,8800.0,1231.4099807189014
13202498000,243723236,body shop,2024,Stoke-on-Trent,RETAIL_HIGH_STREET,8800.0,8800.0,2810.093729764887
13202498000,87643236,body shop,2024,Stoke-on-Trent,RETAIL_HIGH_STREET,8800.0,8800.0,294.0289432025408
13253699000,10604464000,arcadia,2020,York,OFFICE_GENERAL,1675.0,1675.0,281.22221523738085
13253699000,6362471000,arcadia,2020,York,OFFICE_GENERAL,1675.0,1675.0,1413.7834884948395
13253699000,6309518000,arcadia,2020,York,OFFICE_GENERAL,1675.0,1675.0,774.9279969939583
13315359000,12087892000,arcadia,2020,Leeds,OFFICE_GENERAL,4600.0,4600.0,12331.085621744727
13315359000,12087880000,arcadia,2020,Leeds,OFFICE_GENERAL,4600.0,4600.0,12331.085621744727
13315359000,1050804000,arcadia,2020,Leeds,OFFICE_GENERAL,4600.0,4600.0,8505.47323706002
13355993000,9396744000,homebase,2024,Tunbridge Wells,RETAIL_OTHER_SUPERSTORES_AND_WAREHOUSES,405000.0,397500.0,2457.5336243889606
13355993000,14858218000,homebase,2024,Tunbridge Wells,RETAIL_OTHER_SUPERSTORES_AND_WAREHOUSES,405000.0,387500.0,3096.708697047133
13355993000,9561665000,homebase,2024,Tunbridge Wells,RETAIL_OTHER_SUPERSTORES_AND_WAREHOUSES,405000.0,377500.0,3022.846857929619
13408249000,11155128000,homebase,2024,Telford and Wrekin,RETAIL_OTHER_SUPERSTORES_AND_WAREHOUSES,470000.0,247000.0,2299.17283598371
13408249000,11570796000,homebase,2024,Telford and Wrekin,RETAIL_OTHER_SUPERSTORES_AND_WAREHOUSES,470000.0,241000.0,441.6197474299782
13408249000,118913000,homebase,2024,Telford and Wrekin,RETAIL_OTHER_SUPERSTORES_AND_WAREHOUSES,470000.0,229000.0,441.6197474299782
13546603000,19945173,prezzo,2018,Dorset,RETAIL_RESTAURANTS_AND_CAFES,65000.0,65000.0,27257.754894739064
13546603000,11875471000,prezzo,2018,Dorset,RETAIL_RESTAURANTS_AND_CAFES,65000.0,64200.0,39372.35896767457
13546603000,123175173,prezzo,2018,Dorset,RETAIL_RESTAURANTS_AND_CAFES,65000.0,64000.0,3699.4605822848716
13605470000,6706119000,arcadia,2020,Birmingham,RETAIL_HIGH_STREET,13000.0,13000.0,507.2105399617563
13605470000,117396221,arcadia,2020,Birmingham,RETAIL_HIGH_STREET,13000.0,13000.0,175.12553009971535
13605470000,442664221,arcadia,2020,Birmingham,RETAIL_HIGH_STREET,13000.0,13000.0,3875.490048328997
13738589000,9321857000,strada,2018,Stockton-on-Tees,INDUSTRIAL_GENERAL,24500.0,24500.0,5842.736748011833
13738589000,14198428000,strada,2018,Stockton-on-Tees,INDUSTRIAL_GENERAL,24500.0,24500.0,2064.3632550584434
13738589000,14771000,strada,2018,Stockton-on-Tees,INDUSTRIAL_GENERAL,24500.0,24500.0,1819.5829234721662
13742496000,3171491000,arcadia,2020,Stockton-on-Tees,OFFICE_GENERAL,5700.0,5700.0,802.9183546315493
13742496000,12716792000,arcadia,2020,Stockton-on-Tees,OFFICE_GENERAL,5700.0,5700.0,5989.08699068609
13742496000,13733935000,arcadia,2020,Stockton-on-Tees,OFFICE_GENERAL,5700.0,5600.0,366.4150743674024
13742548000,15071232000,arcadia,2020,Stockton-on-Tees,OFFICE_GENERAL,2475.0,2475.0,565.0381440306816
13742548000,243418102,arcadia,2020,Stockton-on-Tees,OFFICE_GENERAL,2475.0,2475.0,4836.240370228367
13742548000,9914146000,arcadia,2020,Stockton-on-Tees,OFFICE_GENERAL,2475.0,2475.0,303.77995150483673
13766793000,14168422000,bhs,2016,Cheshire West and Chester,INDUSTRIAL_GENERAL,34000.0,34000.0,6557.3514721376405
13766793000,228903132,bhs,2016,Cheshire West and Chester,INDUSTRIAL_GENERAL,34000.0,33750.0,2246.452897034861
13766793000,7186687000,bhs,2016,Cheshire West and Chester,INDUSTRIAL_GENERAL,34000.0,33750.0,388.49435432566435
13821426000,14142094000,arcadia,2020,"Bristol, City of",OTHER_COMMERCIAL,1500.0,1500.0,5494.086855483889
13821426000,13900481000,arcadia,2020,"Bristol, City of",OTHER_COMMERCIAL,1500.0,1500.0,1009.2908527137783
13821426000,11893886000,arcadia,2020,"Bristol, City of",OTHER_COMMERCIAL,1500.0,1500.0,309.1672328391698
13827802000,499099162,arcadia,2020,Milton Keynes,OFFICE_GENERAL,13750.0,13750.0,1204.3715556540858
13827802000,2982015000,arcadia,2020,Milton Keynes,OFFICE_GENERAL,13750.0,13750.0,1204.3715556540858
13827802000,5221256000,arcadia,2020,Milton Keynes,OFFICE_GENERAL,13750.0,13750.0,4851.081653367227
13858795000,11200805000,frankie&bennys,2020,Maidstone,RETAIL_HIGH_STREET,14750.0,14750.0,2404.909265842431
13858795000,60881148,frankie&bennys,2020,Maidstone,RETAIL_HIGH_STREET,14750.0,14750.0,2029.7923746968017
13858795000,413532148,frankie&bennys,2020,Maidstone,RETAIL_HIGH_STREET,14750.0,14500.0,6207.758308036501
13932169000,236579222,homebase,2024,Coventry,RETAIL_OTHER_SUPERSTORES_AND_WAREHOUSES,432500.0,377500.0,2637.6177316954713
13932169000,276011222,homebase,2024,Coventry,RETAIL_OTHER_SUPERSTORES_AND_WAREHOUSES,432500.0,355000.0,811.9299360299716
13932169000,10378012000,homebase,2024,Coventry,RETAIL_OTHER_SUPERSTORES_AND_WAREHOUSES,432500.0,350000.0,1355.0215895708552
13943394000,14942445000,arcadia,2020,Hammersmith and Fulham,OTHER_COMMERCIAL,3000.0,3000.0,449.67368340429505
13943394000,10607081000,arcadia,2020,Hammersmith and Fulham,OTHER_COMMERCIAL,3000.0,3200.0,2399.171515765125
13943394000,10817974000,arcadia,2020,Hammersmith and Fulham,OTHER_COMMERCIAL,3000.0,3200.0,197.29704193374923
13944960000,139281104,paperchase,2023,County Durham,RETAIL_HIGH_STREET,59500.0,59500.0,5601.197498032742
13944960000,13323846000,paperchase,2023,County Durham,RETAIL_HIGH_STREET,59500.0,58500.0,744.8770993987694
13944960000,12952402000,paperchase,2023,County Durham,RETAIL_HIGH_STREET,59500.0,61000.0,5240.748020823675
14006054000,6519086000,body shop,2024,Thurrock,INDUSTRIAL_GENERAL,14500.0,14500.0,6477.022716191732
14006054000,11986748000,body shop,2024,Thurrock,INDUSTRIAL_GENERAL,14500.0,14500.0,3056.78766010673
14006054000,807541022,body shop,2024,Thurrock,INDUSTRIAL_GENERAL,14500.0,14500.0,800.3908675408707
14085535000,10124930000,homebase,2024,Milton Keynes,OFFICE_GENERAL,103000.0,103000.0,178.31438384434736
14085535000,7945972000,homebase,2024,Milton Keynes,OFFICE_GENERAL,103000.0,103000.0,220.96428373122322
14085535000,9281378000,homebase,2024,Milton Keynes,OFFICE_GENERAL,103000.0,103000.0,252.92314449266343
14114501000,320715172,homebase,2024,"Bournemouth, Christchurch and Poole",RETAIL_OTHER_SUPERSTORES_AND_WAREHOUSES,267500.0,262500.0,1904.850154181355
14114501000,10511400000,homebase,2024,"Bournemouth, Christchurch and Poole",RETAIL_OTHER_SUPERSTORES_AND_WAREHOUSES,267500.0,262500.0,2219.3287238248686
14114501000,2825777000,homebase,2024,"Bournemouth, Christchurch and Poole",RETAIL_OTHER_SUPERSTORES_AND_WAREHOUSES,267500.0,260000.0,2384.232762596479
14176451000,9219611000,wilko,2023,County Durham,RETAIL_OTHER_SUPERSTORES_AND_WAREHOUSES,150000.0,155000.0,2422.2383072866637
14176451000,7028187000,wilko,2023,County Durham,RETAIL_OTHER_SUPERSTORES_AND_WAREHOUSES,150000.0,155000.0,3050.0532385726865
14176451000,12643781000,wilko,2023,County Durham,RETAIL_OTHER_SUPERSTORES_AND_WAREHOUSES,150000.0,156000.0,517.5681849782577
14191762000,12383926000,homebase,2024,Colchester,RETAIL_OTHER_SUPERSTORES_AND_WAREHOUSES,610000.0,525000.0,1271.6163391850773
14191762000,9557564000,homebase,2024,Colchester,RETAIL_OTHER_SUPERSTORES_AND_WAREHOUSES,610000.0,520000.0,1271.6163391850773
14191762000,15012875000,homebase,2024,Colchester,RETAIL_OTHER_SUPERSTORES_AND_WAREHOUSES,610000.0,407500.0,1508.6649613363281
14194003000,10322243000,arcadia,2020,Leeds,OFFICE_GENERAL,6900.0,6900.0,1042.5290816334057
14194003000,9509104000,arcadia,2020,Leeds,OFFICE_GENERAL,6900.0,6900.0,995.8891216732588
14194003000,6383676000,arcadia,2020,Leeds,OFFICE_GENERAL,6900.0,6900.0,517.2880191070745
14244187000,12596569000,chiquito,2020,Peterborough,RETAIL_RESTAURANTS_AND_CAFES,125000.0,122000.0,702.8865896700087
14244187000,2382260000,chiquito,2020,Peterborough,RETAIL_RESTAURANTS_AND_CAFES,125000.0,132500.0,383.32383170194606
14244187000,2363496000,chiquito,2020,Peterborough,RETAIL_RESTAURANTS_AND_CAFES,125000.0,136500.0,383.32383170194606
14244288000,15052687000,frankie&bennys,2020,Peterborough,RETAIL_RESTAURANTS_AND_CAFES,120000.0,110000.0,894.7233715897707
14244288000,9173728000,frankie&bennys,2020,Peterborough,RETAIL_RESTAURANTS_AND_CAFES,120000.0,106000.0,210.73310603890585
14244288000,186717016,frankie&bennys,2020,Peterborough,RETAIL_RESTAURANTS_AND_CAFES,120000.0,105000.0,1297.8853714124773
14249131000,15047323000,arcadia,2020,Birmingham,LEISURE_GENERAL_HOTELS,1300.0,1300.0,743.2333387421153
14249131000,14257890000,arcadia,2020,Birmingham,LEISURE_GENERAL_HOTELS,1300.0,1300.0,2186.092706429076
14249131000,14542256000,arcadia,2020,Birmingham,LEISURE_GENERAL_HOTELS,1300.0,1600.0,1522.1554572410228
14287166000,162307183,homebase,2024,North Devon,RETAIL_OTHER_SUPERSTORES_AND_WAREHOUSES,370000.0,357500.0,1932.2261150409963
14287166000,13367021000,homebase,2024,North Devon,RETAIL_OTHER_SUPERSTORES_AND_WAREHOUSES,370000.0,317500.0,1514.2204868174176
14287166000,9083279000,homebase,2024,North Devon,RETAIL_OTHER_SUPERSTORES_AND_WAREHOUSES,370000.0,292500.0,1282.2091766864016
14287628000,7465375000,wilko,2023,Basingstoke and Deane,RETAIL_OTHER_SUPERSTORES_AND_WAREHOUSES,205000.0,196000.0,633.0600060554037
14287628000,7484001000,wilko,2023,Basingstoke and Deane,RETAIL_OTHER_SUPERSTORES_AND_WAREHOUSES,205000.0,192000.0,1794.8026443996457
14287628000,13509808000,wilko,2023,Basingstoke and Deane,RETAIL_OTHER_SUPERSTORES_AND_WAREHOUSES,205000.0,182000.0,1865.511409715017
14354656000,13428174000,arcadia,2020,Birmingham,LEISURE_GENERAL_HOTELS,1300.0,2000.0,746.4078839345201
14354656000,13530101000,arcadia,2020,Birmingham,LEISURE_GENERAL_HOTELS,1300.0,2000.0,415.0296377696759
14354656000,13595160000,arcadia,2020,Birmingham,LEISURE_GENERAL_HOTELS,1300.0,2000.0,415.0296377696759
14354662000,13668062000,arcadia,2020,Birmingham,LEISURE_GENERAL_HOTELS,1300.0,2000.0,325.90031915239706
14354662000,13959020000,arcadia,2020,Birmingham,LEISURE_GENERAL_HOTELS,1300.0,2000.0,743.2333387421153
14354662000,13963178000,arcadia,2020,Birmingham,LEISURE_GENERAL_HOTELS,1300.0,2000.0,695.4406565017616
14354664000,13980233000,arcadia,2020,Birmingham,LEISURE_GENERAL_HOTELS,1925.0,2000.0,395.79487024942176
14354664000,13042376000,arcadia,2020,Birmingham,LEISURE_GENERAL_HOTELS,1925.0,2000.0,713.8349551064631
14354664000,14316876000,arcadia,2020,Birmingham,LEISURE_GENERAL_HOTELS,1925.0,2000.0,514.7828451106498
14354665000,14279199000,arcadia,2020,Birmingham,LEISURE_GENERAL_HOTELS,1300.0,2250.0,987.3244169668848
14354665000,14078094000,arcadia,2020,Birmingham,LEISURE_GENERAL_HOTELS,1300.0,2600.0,1041.6197693762806
14354665000,14077843000,arcadia,2020,Birmingham,LEISURE_GENERAL_HOTELS,1300.0,2600.0,695.4406565017616
14354666000,14077711000,arcadia,2020,Birmingham,LEISURE_GENERAL_HOTELS,1300.0,2600.0,730.3252419470372
14354666000,14098383000,arcadia,2020,Birmingham,LEISURE_GENERAL_HOTELS,1300.0,2600.0,730.3252419470372
14354666000,13328686000,arcadia,2020,Birmingham,LEISURE_GENERAL_HOTELS,1300.0,2850.0,2039.0910488832085
14354668000,14968314000,arcadia,2020,Birmingham,LEISURE_GENERAL_HOTELS,1300.0,3200.0,196.19064827694658
14354668000,14832353000,arcadia,2020,Birmingham,LEISURE_GENERAL_HOTELS,1300.0,3200.0,817.307364541215
14354668000,14383185000,arcadia,2020,Birmingham,LEISURE_GENERAL_HOTELS,1300.0,3200.0,910.3294716180409
14377744000,3847457000,arcadia,2020,Gloucester,OFFICE_GENERAL,1175.0,1175.0,442.1463848417207
14377744000,3847455000,arcadia,2020,Gloucester,OFFICE_GENERAL,1175.0,1175.0,442.1463848417207
14377744000,12707071000,arcadia,2020,Gloucester,OFFICE_GENERAL,1175.0,1175.0,1875.1362126544684
14377781000,13231891000,frankie&bennys,2020,Bromley,OFFICE_GENERAL,2800.0,2800.0,324.8449099623048
14377781000,12903748000,frankie&bennys,2020,Bromley,OFFICE_GENERAL,2800.0,2800.0,164.11834647454216
14377781000,12903768000,frankie&bennys,2020,Bromley,OFFICE_GENERAL,2800.0,2800.0,164.11834647454216
14390698000,195406171,frankie&bennys,2020,Rushmoor,RETAIL_RESTAURANTS_AND_CAFES,68500.0,49750.0,796.5269114929412
14390698000,195768171,frankie&bennys,2020,Rushmoor,RETAIL_RESTAURANTS_AND_CAFES,68500.0,47500.0,1948.8145093781302
14390698000,8182115000,frankie&bennys,2020,Rushmoor,RETAIL_RESTAURANTS_AND_CAFES,68500.0,41500.0,1764.1211460967663
14404143000,12693991000,arcadia,2020,Dorset,INDUSTRIAL_GENERAL,7300.0,7300.0,25211.339941898626
14404143000,12693986000,arcadia,2020,Dorset,INDUSTRIAL_GENERAL,7300.0,7300.0,25211.339941898626
14404143000,14969588000,arcadia,2020,Dorset,INDUSTRIAL_GENERAL,7300.0,7300.0,16251.107329590643
14498659000,5317810000,strada,2018,Brighton and Hove,OFFICE_GENERAL,9600.0,9600.0,3827.622536466673
14498659000,72810141,strada,2018,Brighton and Hove,OFFICE_GENERAL,9600.0,9600.0,2503.2009038217957
14498659000,11247179000,strada,2018,Brighton and Hove,OFFICE_GENERAL,9600.0,9600.0,651.2378418585636
14504764000,12997976000,wilko,2023,Cumberland,RETAIL_OTHER_SUPERSTORES_AND_WAREHOUSES,220000.0,219000.0,3693.059020852292
14504764000,8533510000,wilko,2023,Cumberland,RETAIL_OTHER_SUPERSTORES_AND_WAREHOUSES,220000.0,218000.0,236.28496123441556
14504764000,9426485000,wilko,2023,Cumberland,RETAIL_OTHER_SUPERSTORES_AND_WAREHOUSES,220000.0,224000.0,532.2243263849825
14534030000,5670815000,wilko,2023,County Durham,RETAIL_OTHER_SUPERSTORES_AND_WAREHOUSES,109000.0,118000.0,2101.059186977004
14534030000,4432143000,wilko,2023,County Durham,RETAIL_OTHER_SUPERSTORES_AND_WAREHOUSES,109000.0,119000.0,2422.2383072866637
14534030000,4266857000,wilko,2023,County Durham,RETAIL_OTHER_SUPERSTORES_AND_WAREHOUSES,109000.0,123000.0,2422.2383072866637
14643271000,31934132,prezzo,2018,Cheshire West and Chester,RETAIL_RESTAURANTS_AND_CAFES,110000.0,108000.0,7244.6598877517845
14643271000,14467380000,prezzo,2018,Cheshire West and Chester,RETAIL_RESTAURANTS_AND_CAFES,110000.0,113400.0,174.63348630665087
14643271000,73176132,prezzo,2018,Cheshire West and Chester,RETAIL_RESTAURANTS_AND_CAFES,110000.0,114000.0,1610.4848203997444
14655653000,14655652000,strada,2018,Brighton and Hove,OTHER_COMMERCIAL,200.0,200.0,1720.7892186197626
14655653000,14655654000,strada,2018,Brighton and Hove,OTHER_COMMERCIAL,200.0,200.0,1720.7892186197626
14655653000,14655655000,strada,2018,Brighton and Hove,OTHER_COMMERCIAL,200.0,200.0,1720.7892186197626
14659122000,470742162,arcadia,2020,Buckinghamshire,INDUSTRIAL_GENERAL,28000.0,28000.0,2090.9883225845792
14659122000,8695642000,arcadia,2020,Buckinghamshire,INDUSTRIAL_GENERAL,28000.0,28000.0,11239.07803823617
14659122000,3274866000,arcadia,2020,Buckinghamshire,INDUSTRIAL_GENERAL,28000.0,28000.0,2851.458283864312
14765353000,5123991000,body shop,2024,Coventry,INDUSTRIAL_GENERAL,5800.0,5800.0,2439.080318705522
14765353000,416939000,body shop,2024,Coventry,INDUSTRIAL_GENERAL,5800.0,5800.0,1820.8848652007712
14765353000,5067990000,body shop,2024,Coventry,INDUSTRIAL_GENERAL,5800.0,5800.0,1340.1530007787735
14804354000,36183132,carluccios,2020,Cheshire West and Chester,RETAIL_RESTAURANTS_AND_CAFES,96500.0,96000.0,4512.519664820941
14804354000,37896132,carluccios,2020,Cheshire West and Chester,RETAIL_RESTAURANTS_AND_CAFES,96500.0,96000.0,754.1568750204106
14804354000,11503970000,carluccios,2020,Cheshire West and Chester,RETAIL_RESTAURANTS_AND_CAFES,96500.0,97000.0,1427.1014801332574
14970820000,3561371000,strada,2018,Harlow,INDUSTRIAL_GENERAL,10500.0,10500.0,2234.699012150456
14970820000,6613937000,strada,2018,Harlow,INDUSTRIAL_GENERAL,10500.0,10500.0,1189.3652966931631
14970820000,4123702000,strada,2018,Harlow,INDUSTRIAL_GENERAL,10500.0,10500.0,2463.1305299930823
15003477000,15003477000,arcadia,2020,Hartlepool,LEISURE_BUDGET_HOTELS,2600.0,2600.0,1117.4091294256766
15003477000,12967507000,arcadia,2020,Hartlepool,LEISURE_BUDGET_HOTELS,2600.0,2550.0,2445.5003456239683
15003477000,14884776000,arcadia,2020,Hartlepool,LEISURE_BUDGET_HOTELS,2600.0,2500.0,1063.8939155046564
15008351000,14228064000,arcadia,2020,Hartlepool,LEISURE_BUDGET_HOTELS,1925.0,1925.0,356.69735341954214
15008351000,14693474000,arcadia,2020,Hartlepool,LEISURE_BUDGET_HOTELS,1925.0,1925.0,751.3563443716102
15008351000,14847322000,arcadia,2020,Hartlepool,LEISURE_BUDGET_HOTELS,1925.0,1925.0,947.1881892116548
15013099000,4437352000,arcadia,2020,Camden,OFFICE_GENERAL,61000.0,61000.0,159.96819097566282
15013099000,11115450000,arcadia,2020,Camden,OFFICE_GENERAL,61000.0,61000.0,239.14592475799864
15013099000,264794000,arcadia,2020,Camden,OFFICE_GENERAL,61000.0,61000.0,216.5298128901252
