treat_uarn,control_uarn,brand,event_year,geocode_name,category_subgroup,treated_rateable_value,control_rateable_value,control_distance_to_clustered_exposure_m
332176,534866176,bella italia,2020,Southampton,RETAIL_RESTAURANTS_AND_CAFES,38750.0,38500.0,4520.881207636088
332176,14683577000,bella italia,2020,Southampton,RETAIL_RESTAURANTS_AND_CAFES,38750.0,38500.0,2255.395494991107
332176,197227176,bella italia,2020,Southampton,RETAIL_RESTAURANTS_AND_CAFES,38750.0,39000.0,2110.6268228681797
400176,10496771000,arcadia,2020,Southampton,RETAIL_HIGH_STREET,427500.0,109000.0,945.251373028872
400176,5150218000,arcadia,2020,Southampton,RETAIL_HIGH_STREET,427500.0,89500.0,3022.436310000427
400176,14515334000,arcadia,2020,Southampton,RETAIL_HIGH_STREET,427500.0,73000.0,492.6727275629293
663042,7778800000,toys r us,2018,Derby,RETAIL_HIGH_STREET,136000.0,112000.0,2533.153925837929
663042,19718042,toys r us,2018,Derby,RETAIL_HIGH_STREET,136000.0,96000.0,1098.4539253994826
663042,11420057000,toys r us,2018,Derby,RETAIL_HIGH_STREET,136000.0,194000.0,463.1402445667517
1438037,14588537000,body shop,2024,Nottingham,RETAIL_HIGH_STREET,90000.0,87000.0,2774.8183130894795
1438037,7669255000,body shop,2024,Nottingham,RETAIL_HIGH_STREET,90000.0,63500.0,1053.6725769393279
1438037,6784859000,body shop,2024,Nottingham,RETAIL_HIGH_STREET,90000.0,55500.0,957.3115022580656
1601022,38338022,prezzo,2018,Chelmsford,RETAIL_RESTAURANTS_AND_CAFES,51000.0,51000.0,5995.551975405451
1601022,10003638000,prezzo,2018,Chelmsford,RETAIL_RESTAURANTS_AND_CAFES,51000.0,50000.0,10105.288613732466
1601022,10701514000,prezzo,2018,Chelmsford,RETAIL_RESTAURANTS_AND_CAFES,51000.0,50000.0,4247.218942699886
2335045,215031045,debenhams,2020,West Northamptonshire,RETAIL_HIGH_STREET,9600.0,9600.0,16199.02280448977
2335045,244194045,debenhams,2020,West Northamptonshire,RETAIL_HIGH_STREET,9600.0,9600.0,16197.276727991764
2335045,102517045,debenhams,2020,West Northamptonshire,RETAIL_HIGH_STREET,9600.0,9600.0,28100.468510584782
2360045,2914284000,thomas cook,2019,West Northamptonshire,RETAIL_HIGH_STREET,36750.0,37000.0,2499.848433460397
2360045,13046121000,thomas cook,2019,West Northamptonshire,RETAIL_HIGH_STREET,36750.0,37000.0,1238.6671247339414
2360045,10181640000,thomas cook,2019,West Northamptonshire,RETAIL_HIGH_STREET,36750.0,35750.0,16065.884245919786
3287132,325408133,thomas cook,2019,Cheshire West and Chester,RETAIL_HIGH_STREET,60000.0,58500.0,7871.77649741802
3287132,308714133,thomas cook,2019,Cheshire West and Chester,RETAIL_HIGH_STREET,60000.0,58000.0,7871.77649741802
3287132,3797877000,thomas cook,2019,Cheshire West and Chester,RETAIL_HIGH_STREET,60000.0,54500.0,7922.385682585844
3292132,9409945000,carluccios,2020,Cheshire West and Chester,RETAIL_RESTAURANTS_AND_CAFES,83000.0,83000.0,1022.3147974291195
3292132,14908673000,carluccios,2020,Cheshire West and Chester,RETAIL_RESTAURANTS_AND_CAFES,83000.0,81500.0,607.922578575875
3292132,5122042000,carluccios,2020,Cheshire West and Chester,RETAIL_RESTAURANTS_AND_CAFES,83000.0,84500.0,2562.256388844801
4131183,7089514000,poundworld,2018,North Devon,RETAIL_HIGH_STREET,42000.0,42000.0,14235.404298578635
4131183,14685044000,poundworld,2018,North Devon,RETAIL_HIGH_STREET,42000.0,46000.0,1422.3847515638583
4131183,147196183,poundworld,2018,North Devon,RETAIL_HIGH_STREET,42000.0,36500.0,7606.579938099747
5859141,13198497000,arcadia,2020,Brighton and Hove,RETAIL_HIGH_STREET,13750.0,13750.0,3002.7121463008357
5859141,365808141,arcadia,2020,Brighton and Hove,RETAIL_HIGH_STREET,13750.0,13750.0,2443.8661922097876
5859141,235481141,arcadia,2020,Brighton and Hove,RETAIL_HIGH_STREET,13750.0,13750.0,1456.0774454366233
5935244,14021178000,wilko,2023,Leeds,RETAIL_HIGH_STREET,98500.0,101000.0,1582.818620446322
5935244,7693878000,wilko,2023,Leeds,RETAIL_HIGH_STREET,98500.0,95000.0,12873.576113339244
5935244,8141167000,wilko,2023,Leeds,RETAIL_HIGH_STREET,98500.0,89500.0,698.9333102438108
6757082,1081450000,ted baker,2024,Kensington and Chelsea,RETAIL_HIGH_STREET,580000.0,580000.0,721.7454684414978
6757082,9267961000,ted baker,2024,Kensington and Chelsea,RETAIL_HIGH_STREET,580000.0,585000.0,885.2535057560947
6757082,2713414000,ted baker,2024,Kensington and Chelsea,RETAIL_HIGH_STREET,580000.0,590000.0,1329.1684497295619
7177126,6638180000,thomas cook,2019,Preston,RETAIL_HIGH_STREET,131000.0,135000.0,833.9429704771022
7177126,177596126,thomas cook,2019,Preston,RETAIL_HIGH_STREET,131000.0,69000.0,436.2620842609572
7177126,95644126,thomas cook,2019,Preston,RETAIL_HIGH_STREET,131000.0,61500.0,2497.488396076303
7345183,14951790000,body shop,2024,North Devon,RETAIL_HIGH_STREET,61000.0,59000.0,7606.579938099747
7345183,12687167000,body shop,2024,North Devon,RETAIL_HIGH_STREET,61000.0,49250.0,11567.158770039294
7345183,3238964000,body shop,2024,North Devon,RETAIL_HIGH_STREET,61000.0,34250.0,7680.744004248842
7350183,14016429000,thomas cook,2019,North Devon,RETAIL_HIGH_STREET,34000.0,32750.0,1258.1017205836008
7350183,318996182,thomas cook,2019,North Devon,RETAIL_HIGH_STREET,34000.0,31750.0,7475.031272164186
7350183,6855656000,thomas cook,2019,North Devon,RETAIL_HIGH_STREET,34000.0,31250.0,17089.443587653328
7391183,807157000,maplin,2018,North Devon,RETAIL_HIGH_STREET,47250.0,31000.0,1095.144750703535
7391183,13816232000,maplin,2018,North Devon,RETAIL_HIGH_STREET,47250.0,30750.0,1752.142459525675
7391183,11257272000,maplin,2018,North Devon,RETAIL_HIGH_STREET,47250.0,30750.0,1752.142459525675
7427183,8144377000,maplin,2018,North Devon,RETAIL_HIGH_STREET,46500.0,29250.0,23098.00652427516
7427183,100975183,maplin,2018,North Devon,RETAIL_HIGH_STREET,46500.0,28500.0,14707.945109175636
7427183,9534210000,maplin,2018,North Devon,RETAIL_HIGH_STREET,46500.0,28500.0,14711.379187233551
8067126,8605785000,wilko,2023,Preston,RETAIL_OTHER_SUPERSTORES_AND_WAREHOUSES,377500.0,377500.0,2763.4105642792556
8067126,12655825000,wilko,2023,Preston,RETAIL_OTHER_SUPERSTORES_AND_WAREHOUSES,377500.0,372500.0,2851.5074902392453
8067126,240691126,wilko,2023,Preston,RETAIL_OTHER_SUPERSTORES_AND_WAREHOUSES,377500.0,382500.0,747.4935385987297
8371032,12763131000,thomas cook,2019,Lincoln,RETAIL_HIGH_STREET,42500.0,41500.0,430.9923480187511
8371032,1414551000,thomas cook,2019,Lincoln,RETAIL_HIGH_STREET,42500.0,40750.0,854.6816804809358
8371032,11035115000,thomas cook,2019,Lincoln,RETAIL_HIGH_STREET,42500.0,44750.0,601.3463196481905
9018104,8848131000,thomas cook,2019,County Durham,RETAIL_HIGH_STREET,53000.0,53500.0,8154.675059178362
9018104,117145104,thomas cook,2019,County Durham,RETAIL_HIGH_STREET,53000.0,52000.0,8788.813116610723
9018104,9358069000,thomas cook,2019,County Durham,RETAIL_HIGH_STREET,53000.0,51500.0,3317.782605487455
9241032,151063032,debenhams,2020,Lincoln,INDUSTRIAL_GENERAL,19000.0,19000.0,1217.4198080247234
9241032,12669402000,debenhams,2020,Lincoln,INDUSTRIAL_GENERAL,19000.0,19000.0,2297.5299744467543
9241032,14329048000,debenhams,2020,Lincoln,INDUSTRIAL_GENERAL,19000.0,19000.0,1241.960373344798
9754082,4470015000,carluccios,2020,Kensington and Chelsea,RETAIL_RESTAURANTS_AND_CAFES,73000.0,73000.0,1114.0050271546058
9754082,27868082,carluccios,2020,Kensington and Chelsea,RETAIL_RESTAURANTS_AND_CAFES,73000.0,73000.0,429.41384311050075
9754082,90225082,carluccios,2020,Kensington and Chelsea,RETAIL_RESTAURANTS_AND_CAFES,73000.0,73000.0,465.5189470471175
9783017,25474017,poundworld,2018,Watford,RETAIL_HIGH_STREET,8200.0,8200.0,2245.277148447692
9783017,6532358000,poundworld,2018,Watford,RETAIL_HIGH_STREET,8200.0,8200.0,415.5479937780144
9783017,33114017,poundworld,2018,Watford,RETAIL_HIGH_STREET,8200.0,8200.0,484.43459875605294
9794113,207996113,paperchase,2023,Manchester,RETAIL_HIGH_STREET,83500.0,82500.0,4335.397730992615
9794113,6957358000,paperchase,2023,Manchester,RETAIL_HIGH_STREET,83500.0,84500.0,1436.489238195794
9794113,3544439000,paperchase,2023,Manchester,RETAIL_HIGH_STREET,83500.0,79500.0,4623.593364089315
9835113,11938902000,body shop,2024,Manchester,RETAIL_HIGH_STREET,129000.0,128000.0,1094.5518730137826
9835113,532330000,body shop,2024,Manchester,RETAIL_HIGH_STREET,129000.0,127000.0,2888.1373385796724
9835113,8007904000,body shop,2024,Manchester,RETAIL_HIGH_STREET,129000.0,133000.0,840.942448660368
10085152,13494050000,arcadia,2020,Surrey Heath,RETAIL_HIGH_STREET,87500.0,73500.0,1235.2922233324648
10085152,167596152,arcadia,2020,Surrey Heath,RETAIL_HIGH_STREET,87500.0,70500.0,2554.5087198117835
10085152,8831370000,arcadia,2020,Surrey Heath,RETAIL_HIGH_STREET,87500.0,57500.0,4498.857104609478
10301124,2494018000,paperchase,2023,Cumberland,RETAIL_HIGH_STREET,131000.0,113000.0,27392.070276941868
10301124,13423280000,paperchase,2023,Cumberland,RETAIL_HIGH_STREET,131000.0,110000.0,26754.718066837206
10301124,105224124,paperchase,2023,Cumberland,RETAIL_HIGH_STREET,131000.0,100000.0,26648.09376206913
10422132,14776457000,bhs,2016,Cheshire West and Chester,RETAIL_OTHER_SUPERSTORES_AND_WAREHOUSES,1160000.0,1160000.0,843.5666795244443
10422132,14776460000,bhs,2016,Cheshire West and Chester,RETAIL_OTHER_SUPERSTORES_AND_WAREHOUSES,1160000.0,1170000.0,797.7169136945698
10422132,9330626000,bhs,2016,Cheshire West and Chester,RETAIL_OTHER_SUPERSTORES_AND_WAREHOUSES,1160000.0,1220000.0,1047.1864542322144
11853036,3895081000,thomas cook,2019,Norwich,RETAIL_HIGH_STREET,97000.0,94500.0,2492.245212592614
11853036,8926478000,thomas cook,2019,Norwich,RETAIL_HIGH_STREET,97000.0,86000.0,472.86637415214244
11853036,12429287000,thomas cook,2019,Norwich,RETAIL_HIGH_STREET,97000.0,70500.0,3321.12319345404
12008214,325134214,carluccios,2020,Gloucester,RETAIL_HIGH_STREET,4150.0,4150.0,520.6891014579211
12008214,329844214,carluccios,2020,Gloucester,RETAIL_HIGH_STREET,4150.0,4150.0,1281.067472960772
12008214,4190214,carluccios,2020,Gloucester,RETAIL_HIGH_STREET,4150.0,4100.0,1748.5287728561266
12561104,9817533000,arcadia,2020,County Durham,RETAIL_HIGH_STREET,138000.0,130000.0,5442.11416973975
12561104,12201980000,arcadia,2020,County Durham,RETAIL_HIGH_STREET,138000.0,185000.0,16951.818493204137
12561104,55275104,arcadia,2020,County Durham,RETAIL_HIGH_STREET,138000.0,88500.0,5753.113578896516
12575104,272269000,body shop,2024,County Durham,RETAIL_HIGH_STREET,57500.0,57000.0,5706.643407967515
12575104,151377104,body shop,2024,County Durham,RETAIL_HIGH_STREET,57500.0,57000.0,5308.700112544744
12575104,13323846000,body shop,2024,County Durham,RETAIL_HIGH_STREET,57500.0,58500.0,744.8770993987694
13378017,26341017,bhs,2016,Watford,RETAIL_HIGH_STREET,5800.0,5800.0,1667.8711452525918
13378017,10530567000,bhs,2016,Watford,RETAIL_HIGH_STREET,5800.0,5800.0,449.4522888146459
13378017,10752025000,bhs,2016,Watford,RETAIL_HIGH_STREET,5800.0,5800.0,638.6086634474256
13584186,11012378000,thomas cook,2019,Somerset,RETAIL_HIGH_STREET,16000.0,16000.0,9427.866700536102
13584186,483047000,thomas cook,2019,Somerset,RETAIL_HIGH_STREET,16000.0,16000.0,33519.31678773573
13584186,15055290000,thomas cook,2019,Somerset,RETAIL_HIGH_STREET,16000.0,16000.0,7706.008862567264
13695022,9183375000,arcadia,2020,Chelmsford,RETAIL_OTHER_SUPERSTORES_AND_WAREHOUSES,355000.0,350000.0,1311.0688447047603
13695022,12403799000,arcadia,2020,Chelmsford,RETAIL_OTHER_SUPERSTORES_AND_WAREHOUSES,355000.0,347500.0,515.3591382511327
13695022,659902000,arcadia,2020,Chelmsford,RETAIL_OTHER_SUPERSTORES_AND_WAREHOUSES,355000.0,342500.0,2292.5494687603637
13807022,5121063000,paperchase,2023,Chelmsford,RETAIL_HIGH_STREET,149000.0,74000.0,13323.819831235574
13807022,44897022,paperchase,2023,Chelmsford,RETAIL_HIGH_STREET,149000.0,73500.0,2294.9216530583863
13807022,8518819000,paperchase,2023,Chelmsford,RETAIL_HIGH_STREET,149000.0,72500.0,4519.550806748857
14528214,8168947000,arcadia,2020,Gloucester,RETAIL_HIGH_STREET,23750.0,23500.0,1948.486369063986
14528214,8980381000,arcadia,2020,Gloucester,RETAIL_HIGH_STREET,23750.0,23500.0,549.330023543374
14528214,7355146000,arcadia,2020,Gloucester,RETAIL_HIGH_STREET,23750.0,22750.0,3672.143106679934
14748036,395291036,paperchase,2023,Norwich,RETAIL_HIGH_STREET,85500.0,64500.0,605.6068487712322
14748036,11349973000,paperchase,2023,Norwich,RETAIL_HIGH_STREET,85500.0,63500.0,3321.12319345404
14748036,8925648000,paperchase,2023,Norwich,RETAIL_HIGH_STREET,85500.0,63000.0,3575.9918427725365
14755036,5073002000,cath kidston,2020,Norwich,RETAIL_HIGH_STREET,104000.0,59500.0,2785.3625117657675
14755036,11892597000,cath kidston,2020,Norwich,RETAIL_HIGH_STREET,104000.0,52500.0,3575.9918427725365
14755036,3134927000,cath kidston,2020,Norwich,RETAIL_HIGH_STREET,104000.0,49500.0,2041.3062774929742
14760036,11076534000,body shop,2024,Norwich,RETAIL_HIGH_STREET,68500.0,43250.0,1582.9706253212419
14760036,5055036,body shop,2024,Norwich,RETAIL_HIGH_STREET,68500.0,41500.0,2650.308009847835
14760036,9079911000,body shop,2024,Norwich,RETAIL_HIGH_STREET,68500.0,40500.0,2303.3765073949394
14793216,3747395000,thomas cook,2019,Swindon,RETAIL_HIGH_STREET,27750.0,27750.0,3988.6432908702322
14793216,4755378000,thomas cook,2019,Swindon,RETAIL_HIGH_STREET,27750.0,27750.0,2207.455519058133
14793216,4755379000,thomas cook,2019,Swindon,RETAIL_HIGH_STREET,27750.0,27250.0,2207.455519058133
15133108,9144552000,poundworld,2018,York,RETAIL_HIGH_STREET,217000.0,190000.0,1516.8542013624417
15133108,4086695000,poundworld,2018,York,RETAIL_HIGH_STREET,217000.0,112000.0,1157.0768490239348
15133108,347146105,poundworld,2018,York,RETAIL_HIGH_STREET,217000.0,110000.0,7145.852281171575
15335108,9952588000,body shop,2024,York,RETAIL_HIGH_STREET,77500.0,77000.0,2820.4347434248216
15335108,11396710000,body shop,2024,York,RETAIL_HIGH_STREET,77500.0,67000.0,761.9607490689094
15335108,11676438000,body shop,2024,York,RETAIL_HIGH_STREET,77500.0,67000.0,561.3231627038232
15517172,7445860000,maplin,2018,"Bournemouth, Christchurch and Poole",RETAIL_HIGH_STREET,66500.0,66000.0,526.9946483216731
15517172,301616172,maplin,2018,"Bournemouth, Christchurch and Poole",RETAIL_HIGH_STREET,66500.0,67500.0,772.980225915445
15517172,6228473000,maplin,2018,"Bournemouth, Christchurch and Poole",RETAIL_HIGH_STREET,66500.0,65000.0,4057.6455077871256
15593172,294123172,arcadia,2020,"Bournemouth, Christchurch and Poole",LEISURE_AMUSEMENT_AND_ENTERTAINMENT_CENTRES,47750.0,41000.0,857.3307655676945
15593172,141150172,arcadia,2020,"Bournemouth, Christchurch and Poole",LEISURE_AMUSEMENT_AND_ENTERTAINMENT_CENTRES,47750.0,55000.0,2236.1321328248055
15593172,317590172,arcadia,2020,"Bournemouth, Christchurch and Poole",LEISURE_AMUSEMENT_AND_ENTERTAINMENT_CENTRES,47750.0,40000.0,477.3679107973062
15594172,15067240000,arcadia,2020,"Bournemouth, Christchurch and Poole",RETAIL_HIGH_STREET,177000.0,149000.0,592.250095627617
15594172,3900295000,arcadia,2020,"Bournemouth, Christchurch and Poole",RETAIL_HIGH_STREET,177000.0,146000.0,2384.232762596479
15594172,3304721000,arcadia,2020,"Bournemouth, Christchurch and Poole",RETAIL_HIGH_STREET,177000.0,214000.0,740.0762774128937
15679058,8217290000,frankie&bennys,2020,Tower Hamlets,RETAIL_HIGH_STREET,12000.0,12000.0,610.4841877408483
15679058,9225584000,frankie&bennys,2020,Tower Hamlets,RETAIL_HIGH_STREET,12000.0,12000.0,1266.1175715659733
15679058,11445376000,frankie&bennys,2020,Tower Hamlets,RETAIL_HIGH_STREET,12000.0,12000.0,1470.2335051696775
15881072,13139057000,thomas cook,2019,Bromley,RETAIL_HIGH_STREET,114000.0,115000.0,2459.3204795735214
15881072,10643666000,thomas cook,2019,Bromley,RETAIL_HIGH_STREET,114000.0,86000.0,3960.4507874216597
15881072,5782162000,thomas cook,2019,Bromley,RETAIL_HIGH_STREET,114000.0,77500.0,7394.457304029982
16090072,8785702000,bhs,2016,Bromley,RETAIL_OTHER_SUPERSTORES_AND_WAREHOUSES,650000.0,630000.0,3721.271440288556
16090072,1536575000,bhs,2016,Bromley,RETAIL_OTHER_SUPERSTORES_AND_WAREHOUSES,650000.0,615000.0,562.449589218465
16090072,908290000,bhs,2016,Bromley,RETAIL_OTHER_SUPERSTORES_AND_WAREHOUSES,650000.0,615000.0,562.449589218465
16094072,7411882000,paperchase,2023,Bromley,RETAIL_HIGH_STREET,76500.0,72000.0,3863.5687614403423
16094072,6899488000,paperchase,2023,Bromley,RETAIL_HIGH_STREET,76500.0,69500.0,2704.5625282854344
16094072,8600059000,paperchase,2023,Bromley,RETAIL_HIGH_STREET,76500.0,68500.0,760.8737382749275
16101072,10631735000,mothercare,2019,Bromley,RETAIL_HIGH_STREET,345000.0,330000.0,3479.0656184768154
16101072,11431186000,mothercare,2019,Bromley,RETAIL_HIGH_STREET,345000.0,300000.0,7394.457304029982
16101072,13190844000,mothercare,2019,Bromley,RETAIL_HIGH_STREET,345000.0,163000.0,2459.3204795735214
16148072,11990707000,maplin,2018,Bromley,RETAIL_HIGH_STREET,72000.0,67500.0,848.0706796956952
16148072,1653992000,maplin,2018,Bromley,RETAIL_HIGH_STREET,72000.0,66500.0,4720.325224078348
16148072,11631886000,maplin,2018,Bromley,RETAIL_HIGH_STREET,72000.0,66000.0,714.7640254444926
16332012,11050255000,debenhams,2020,Cambridge,RETAIL_OTHER_SUPERSTORES_AND_WAREHOUSES,835000.0,795000.0,2314.5356503506086
16332012,3788289000,debenhams,2020,Cambridge,RETAIL_OTHER_SUPERSTORES_AND_WAREHOUSES,835000.0,595000.0,507.00840882727886
16332012,366211000,debenhams,2020,Cambridge,RETAIL_OTHER_SUPERSTORES_AND_WAREHOUSES,835000.0,525000.0,2126.323210575961
16576152,2838474000,body shop,2024,Surrey Heath,RETAIL_HIGH_STREET,36000.0,35750.0,4741.502637968841
16576152,14589789000,body shop,2024,Surrey Heath,RETAIL_HIGH_STREET,36000.0,36750.0,11577.249767965632
16576152,5115624000,body shop,2024,Surrey Heath,RETAIL_HIGH_STREET,36000.0,37250.0,9964.178617787258
16840108,12485720000,debenhams,2020,York,RETAIL_OTHER_SUPERSTORES_AND_WAREHOUSES,440000.0,435000.0,462.2843359503639
16840108,10733085000,debenhams,2020,York,RETAIL_OTHER_SUPERSTORES_AND_WAREHOUSES,440000.0,390000.0,2375.1215896784115
16840108,12529394000,debenhams,2020,York,RETAIL_OTHER_SUPERSTORES_AND_WAREHOUSES,440000.0,307500.0,462.2843359503639
17238023,200219023,thomas cook,2019,Colchester,RETAIL_HIGH_STREET,25500.0,25750.0,407.1850469868097
17238023,8244700000,thomas cook,2019,Colchester,RETAIL_HIGH_STREET,25500.0,25000.0,4964.809293101782
17238023,11947840000,thomas cook,2019,Colchester,RETAIL_HIGH_STREET,25500.0,26250.0,11614.961505852727
17303023,13872196000,byron,2020,Colchester,RETAIL_HIGH_STREET,61500.0,58500.0,2249.397225621165
17303023,9557557000,byron,2020,Colchester,RETAIL_HIGH_STREET,61500.0,54000.0,634.0194838470605
17303023,9210980000,byron,2020,Colchester,RETAIL_HIGH_STREET,61500.0,52000.0,1269.4108512321227
17346023,2893457000,cafe rouge,2020,Colchester,RETAIL_RESTAURANTS_AND_CAFES,48750.0,49750.0,9302.55573005729
17346023,12215826000,cafe rouge,2020,Colchester,RETAIL_RESTAURANTS_AND_CAFES,48750.0,50500.0,2175.7739111577007
17346023,191702023,cafe rouge,2020,Colchester,RETAIL_RESTAURANTS_AND_CAFES,48750.0,50500.0,1276.499105249654
17414037,575025037,body shop,2024,Nottingham,RETAIL_HIGH_STREET,87000.0,55000.0,4885.841543556528
17414037,10989923000,body shop,2024,Nottingham,RETAIL_HIGH_STREET,87000.0,53500.0,4061.857631058897
17414037,12284421000,body shop,2024,Nottingham,RETAIL_HIGH_STREET,87000.0,53000.0,5508.308832927545
17535178,8788875000,body shop,2024,Isle of Wight,RETAIL_HIGH_STREET,27500.0,27500.0,16193.098395882269
17535178,8799936000,body shop,2024,Isle of Wight,RETAIL_HIGH_STREET,27500.0,27000.0,1202.894805262023
17535178,28482178,body shop,2024,Isle of Wight,RETAIL_HIGH_STREET,27500.0,27000.0,9524.482049414977
18915044,13945344000,body shop,2024,Leicester,INDUSTRIAL_LIGHT,10500.0,10500.0,1087.7119282405822
18915044,197677044,body shop,2024,Leicester,INDUSTRIAL_LIGHT,10500.0,10250.0,1164.0619328913617
18915044,196686044,body shop,2024,Leicester,INDUSTRIAL_LIGHT,10500.0,10250.0,1184.7793659911754
19400212,248101212,thomas cook,2019,"Bristol, City of",RETAIL_HIGH_STREET,133000.0,115000.0,849.1087099479813
19400212,6155310000,thomas cook,2019,"Bristol, City of",RETAIL_HIGH_STREET,133000.0,113000.0,8394.875977106622
19400212,12212714000,thomas cook,2019,"Bristol, City of",RETAIL_HIGH_STREET,133000.0,108000.0,1966.8094876851517
19587094,9117643000,arcadia,2020,Sunderland,RETAIL_HIGH_STREET,31750.0,32000.0,2453.3309504699505
19587094,276924094,arcadia,2020,Sunderland,RETAIL_HIGH_STREET,31750.0,32000.0,1634.3607674263264
19587094,8853824000,arcadia,2020,Sunderland,RETAIL_HIGH_STREET,31750.0,31250.0,1589.3266991943572
19603141,82308141,frankie&bennys,2020,Brighton and Hove,RETAIL_HIGH_STREET,5500.0,5500.0,2473.25022458139
19603141,103779141,frankie&bennys,2020,Brighton and Hove,RETAIL_HIGH_STREET,5500.0,5500.0,862.5357161518415
19603141,82022141,frankie&bennys,2020,Brighton and Hove,RETAIL_HIGH_STREET,5500.0,5500.0,446.76685901603975
20085162,10160186000,arcadia,2020,Milton Keynes,RETAIL_HIGH_STREET,27000.0,27000.0,2522.191771930995
20085162,3976283000,arcadia,2020,Milton Keynes,RETAIL_HIGH_STREET,27000.0,27000.0,12534.459448927597
20085162,502304162,arcadia,2020,Milton Keynes,RETAIL_HIGH_STREET,27000.0,27000.0,1912.6759900902096
21155023,13604189000,body shop,2024,Colchester,RETAIL_HIGH_STREET,80500.0,82000.0,3238.003852420507
21155023,13872197000,body shop,2024,Colchester,RETAIL_HIGH_STREET,80500.0,72000.0,2249.397225621165
21155023,9014636000,body shop,2024,Colchester,RETAIL_HIGH_STREET,80500.0,51000.0,525.464701827982
21354022,14861661000,thomas cook,2019,Chelmsford,RETAIL_HIGH_STREET,30500.0,30500.0,437.9938751142691
21354022,39802022,thomas cook,2019,Chelmsford,RETAIL_HIGH_STREET,30500.0,30250.0,2107.9070886294135
21354022,4096941000,thomas cook,2019,Chelmsford,RETAIL_HIGH_STREET,30500.0,31000.0,639.1721593404317
21416072,5615633000,arcadia,2020,Bromley,RETAIL_HIGH_STREET,84000.0,64000.0,2704.5625282854344
21416072,8407476000,arcadia,2020,Bromley,RETAIL_HIGH_STREET,84000.0,63000.0,1273.2343136938039
21416072,1823142000,arcadia,2020,Bromley,RETAIL_HIGH_STREET,84000.0,60500.0,4835.826383460825
22248082,13148781000,byron,2020,Kensington and Chelsea,RETAIL_RESTAURANTS_AND_CAFES,57500.0,57500.0,1486.0691310826826
22248082,6723748000,byron,2020,Kensington and Chelsea,RETAIL_RESTAURANTS_AND_CAFES,57500.0,57500.0,877.1871428036122
22248082,89429082,byron,2020,Kensington and Chelsea,RETAIL_RESTAURANTS_AND_CAFES,57500.0,57500.0,920.0496083637879
22804212,2340860000,thomas cook,2019,"Bristol, City of",RETAIL_HIGH_STREET,9500.0,9500.0,1771.7279556487665
22804212,13318503000,thomas cook,2019,"Bristol, City of",RETAIL_HIGH_STREET,9500.0,9500.0,4364.36329849425
22804212,136135212,thomas cook,2019,"Bristol, City of",RETAIL_HIGH_STREET,9500.0,9500.0,1128.1348752667714
23803176,8027334000,maplin,2018,Southampton,RETAIL_HIGH_STREET,109000.0,71500.0,3034.534148593332
23803176,10218313000,maplin,2018,Southampton,RETAIL_HIGH_STREET,109000.0,68500.0,945.251373028872
23803176,198919176,maplin,2018,Southampton,RETAIL_HIGH_STREET,109000.0,65000.0,2362.3780468621467
25568011,4829665000,thomas cook,2019,Bedford,RETAIL_HIGH_STREET,53000.0,53000.0,680.6557676474458
25568011,10257561000,thomas cook,2019,Bedford,RETAIL_HIGH_STREET,53000.0,53500.0,2698.784521286264
25568011,2236011,thomas cook,2019,Bedford,RETAIL_HIGH_STREET,53000.0,53500.0,878.8007918156745
25573012,10650516000,paperchase,2023,Cambridge,RETAIL_HIGH_STREET,115000.0,109000.0,1022.2310481803696
25573012,10071260000,paperchase,2023,Cambridge,RETAIL_HIGH_STREET,115000.0,108000.0,627.1555282080863
25573012,8789187000,paperchase,2023,Cambridge,RETAIL_HIGH_STREET,115000.0,95500.0,1452.4559618500587
25889173,12471642000,prezzo,2018,Dorset,RETAIL_RESTAURANTS_AND_CAFES,27750.0,27750.0,36622.59575622712
25889173,110033173,prezzo,2018,Dorset,RETAIL_RESTAURANTS_AND_CAFES,27750.0,27950.0,10007.009014151075
25889173,82731173,prezzo,2018,Dorset,RETAIL_RESTAURANTS_AND_CAFES,27750.0,27500.0,417.3432863187736
26059108,7481786000,byron,2020,York,RETAIL_RESTAURANTS_AND_CAFES,109000.0,106000.0,1707.8210575605426
26059108,9221445000,byron,2020,York,RETAIL_RESTAURANTS_AND_CAFES,109000.0,106000.0,654.9399129496356
26059108,1142812000,byron,2020,York,RETAIL_RESTAURANTS_AND_CAFES,109000.0,105000.0,2659.446281692215
27222125,274336125,thomas cook,2019,Blackpool,RETAIL_HIGH_STREET,8800.0,8800.0,1302.684281704651
27222125,10637936000,thomas cook,2019,Blackpool,RETAIL_HIGH_STREET,8800.0,8800.0,1881.0194576958984
27222125,197352125,thomas cook,2019,Blackpool,RETAIL_HIGH_STREET,8800.0,8800.0,3342.960892673286
27508045,169443045,maplin,2018,West Northamptonshire,RETAIL_FINANCIAL_AND_PROFESSIONAL_SERVICES,16500.0,16750.0,12592.610837556895
27508045,8917572000,maplin,2018,West Northamptonshire,RETAIL_FINANCIAL_AND_PROFESSIONAL_SERVICES,16500.0,15750.0,12525.735215945719
27508045,127768045,maplin,2018,West Northamptonshire,RETAIL_FINANCIAL_AND_PROFESSIONAL_SERVICES,16500.0,15250.0,16065.884245919786
29510082,31334082,byron,2020,Kensington and Chelsea,RETAIL_RESTAURANTS_AND_CAFES,52000.0,51500.0,817.7256288240969
29510082,59956082,byron,2020,Kensington and Chelsea,RETAIL_RESTAURANTS_AND_CAFES,52000.0,51500.0,1082.2173737771743
29510082,28520082,byron,2020,Kensington and Chelsea,RETAIL_RESTAURANTS_AND_CAFES,52000.0,51500.0,786.8420548881135
30541016,9581976000,arcadia,2020,Peterborough,RETAIL_OTHER_SUPERSTORES_AND_WAREHOUSES,900000.0,925000.0,2837.2031357855935
30541016,14794066000,arcadia,2020,Peterborough,RETAIL_OTHER_SUPERSTORES_AND_WAREHOUSES,900000.0,845000.0,2837.2031357855935
30541016,14729452000,arcadia,2020,Peterborough,RETAIL_OTHER_SUPERSTORES_AND_WAREHOUSES,900000.0,990000.0,1622.0813053347788
31093162,12131655000,paperchase,2023,Milton Keynes,RETAIL_HIGH_STREET,120000.0,87500.0,1429.053037007915
31093162,11465162,paperchase,2023,Milton Keynes,RETAIL_HIGH_STREET,120000.0,154000.0,1791.9916556364747
31093162,8814104000,paperchase,2023,Milton Keynes,RETAIL_HIGH_STREET,120000.0,75000.0,2438.8115382104984
31111162,9079643000,body shop,2024,Milton Keynes,RETAIL_HIGH_STREET,151000.0,65500.0,2045.7871891469458
31111162,11030423000,body shop,2024,Milton Keynes,RETAIL_HIGH_STREET,151000.0,62500.0,945.8691654889817
31111162,9425664000,body shop,2024,Milton Keynes,RETAIL_HIGH_STREET,151000.0,59500.0,702.3791513073747
31114105,8850485000,arcadia,2020,North Yorkshire,RETAIL_OTHER_SUPERSTORES_AND_WAREHOUSES,505000.0,515000.0,26444.85859206743
31114105,2533875000,arcadia,2020,North Yorkshire,RETAIL_OTHER_SUPERSTORES_AND_WAREHOUSES,505000.0,520000.0,6282.039323666904
31114105,171136108,arcadia,2020,North Yorkshire,RETAIL_OTHER_SUPERSTORES_AND_WAREHOUSES,505000.0,486500.0,2394.992242023184
31139162,587340162,arcadia,2020,Milton Keynes,RETAIL_HIGH_STREET,277500.0,58000.0,1700.547680304458
31139162,6332807000,arcadia,2020,Milton Keynes,RETAIL_HIGH_STREET,277500.0,57500.0,1528.0709551109526
31139162,11330121000,arcadia,2020,Milton Keynes,RETAIL_HIGH_STREET,277500.0,55000.0,945.8691654889817
31146012,8495636000,body shop,2024,Cambridge,RETAIL_HIGH_STREET,131000.0,79000.0,1103.1357582958408
31146012,12474510000,body shop,2024,Cambridge,RETAIL_HIGH_STREET,131000.0,78000.0,2440.4419209345547
31146012,13839157000,body shop,2024,Cambridge,RETAIL_HIGH_STREET,131000.0,75000.0,1022.2310481803696
31271023,9884785000,homebase,2024,Colchester,RETAIL_OTHER_SUPERSTORES_AND_WAREHOUSES,360000.0,360000.0,3709.5099867596546
31271023,11486535000,homebase,2024,Colchester,RETAIL_OTHER_SUPERSTORES_AND_WAREHOUSES,360000.0,375000.0,3709.5099867596546
31271023,1253415023,homebase,2024,Colchester,RETAIL_OTHER_SUPERSTORES_AND_WAREHOUSES,360000.0,380000.0,1043.1527496188328
31909108,191356108,strada,2018,York,RETAIL_RESTAURANTS_AND_CAFES,62000.0,61900.0,3965.27809338418
31909108,11782130000,strada,2018,York,RETAIL_RESTAURANTS_AND_CAFES,62000.0,62500.0,2372.661281052563
31909108,9747108,strada,2018,York,RETAIL_RESTAURANTS_AND_CAFES,62000.0,63500.0,2350.6181163051665
34092036,3142004000,arcadia,2020,Norwich,RETAIL_OTHER_SUPERSTORES_AND_WAREHOUSES,650000.0,670000.0,2041.3062774929742
34092036,14039621000,arcadia,2020,Norwich,RETAIL_OTHER_SUPERSTORES_AND_WAREHOUSES,650000.0,720000.0,2699.6074630198323
34092036,9405024000,arcadia,2020,Norwich,RETAIL_OTHER_SUPERSTORES_AND_WAREHOUSES,650000.0,525000.0,1142.3163550155086
34643023,9625648000,thomas cook,2019,Colchester,RETAIL_HIGH_STREET,62500.0,49250.0,525.464701827982
34643023,192374023,thomas cook,2019,Colchester,RETAIL_HIGH_STREET,62500.0,46000.0,9500.690197850638
34643023,190425023,thomas cook,2019,Colchester,RETAIL_HIGH_STREET,62500.0,41500.0,2545.0410779747117
34817045,13231698000,toys r us,2018,West Northamptonshire,RETAIL_HIGH_STREET,7400.0,7400.0,896.2479088869411
34817045,2252820000,toys r us,2018,West Northamptonshire,RETAIL_HIGH_STREET,7400.0,7400.0,17247.134328735374
34817045,17175045,toys r us,2018,West Northamptonshire,RETAIL_HIGH_STREET,7400.0,7400.0,1380.500444337901
34838144,9265173000,bhs,2016,Eastbourne,RETAIL_OTHER_SUPERSTORES_AND_WAREHOUSES,505000.0,505000.0,892.9650298021903
34838144,270280144,bhs,2016,Eastbourne,RETAIL_OTHER_SUPERSTORES_AND_WAREHOUSES,505000.0,457500.0,1383.41658110079
34838144,14440158000,bhs,2016,Eastbourne,RETAIL_OTHER_SUPERSTORES_AND_WAREHOUSES,505000.0,565000.0,1383.41658110079
34843144,6438882000,arcadia,2020,Eastbourne,RETAIL_HIGH_STREET,76500.0,78500.0,1579.3029224724946
34843144,6361344000,arcadia,2020,Eastbourne,RETAIL_HIGH_STREET,76500.0,65000.0,1461.0329791012807
34843144,11166905000,arcadia,2020,Eastbourne,RETAIL_HIGH_STREET,76500.0,64000.0,1579.3029224724946
35602012,14687173000,thomas cook,2019,Cambridge,RETAIL_HIGH_STREET,58000.0,57000.0,2262.981806032761
35602012,111412012,thomas cook,2019,Cambridge,RETAIL_HIGH_STREET,58000.0,59000.0,1442.9163797499607
35602012,14072619000,thomas cook,2019,Cambridge,RETAIL_HIGH_STREET,58000.0,62000.0,1096.3227202357318
35631042,7778794000,thomas cook,2019,Derby,RETAIL_HIGH_STREET,38750.0,38000.0,2533.153925837929
35631042,2308813000,thomas cook,2019,Derby,RETAIL_HIGH_STREET,38750.0,40000.0,1463.7908773074491
35631042,14891233000,thomas cook,2019,Derby,RETAIL_HIGH_STREET,38750.0,37250.0,5713.029893411227
36425186,36425186,arcadia,2020,Somerset,RETAIL_FINANCIAL_AND_PROFESSIONAL_SERVICES,7500.0,7500.0,11974.57852831708
36425186,6777419000,arcadia,2020,Somerset,RETAIL_FINANCIAL_AND_PROFESSIONAL_SERVICES,7500.0,7400.0,15180.459469619153
36425186,176899186,arcadia,2020,Somerset,RETAIL_FINANCIAL_AND_PROFESSIONAL_SERVICES,7500.0,7400.0,15103.81523123373
36673216,140158216,body shop,2024,Swindon,RETAIL_HIGH_STREET,115000.0,92500.0,2007.4699785104333
36673216,1211894000,body shop,2024,Swindon,RETAIL_HIGH_STREET,115000.0,90000.0,4804.092327901298
36673216,11774212000,body shop,2024,Swindon,RETAIL_HIGH_STREET,115000.0,78500.0,3871.196142666126
37611144,171230144,body shop,2024,Eastbourne,INDUSTRIAL_LIGHT,28250.0,28000.0,1632.4863359114509
37611144,5738691000,body shop,2024,Eastbourne,INDUSTRIAL_LIGHT,28250.0,25750.0,1223.950752485697
37611144,173085144,body shop,2024,Eastbourne,INDUSTRIAL_LIGHT,28250.0,24250.0,1010.8098667229996
38461082,10228088000,byron,2020,Kensington and Chelsea,RETAIL_RESTAURANTS_AND_CAFES,179000.0,180000.0,1511.671677892212
38461082,14292675000,byron,2020,Kensington and Chelsea,RETAIL_RESTAURANTS_AND_CAFES,179000.0,180000.0,817.4107438492454
38461082,13041361000,byron,2020,Kensington and Chelsea,RETAIL_RESTAURANTS_AND_CAFES,179000.0,174000.0,528.2777412276743
38630082,4932633000,prezzo,2018,Kensington and Chelsea,RETAIL_RESTAURANTS_AND_CAFES,50000.0,50000.0,754.8986125498234
38630082,284360082,prezzo,2018,Kensington and Chelsea,RETAIL_RESTAURANTS_AND_CAFES,50000.0,50000.0,787.7407911866608
38630082,11004429000,prezzo,2018,Kensington and Chelsea,RETAIL_RESTAURANTS_AND_CAFES,50000.0,50000.0,1092.2107288160119
39047012,3682652000,strada,2018,Cambridge,RETAIL_RESTAURANTS_AND_CAFES,85500.0,88000.0,1452.4559618500587
39047012,9171517000,strada,2018,Cambridge,RETAIL_RESTAURANTS_AND_CAFES,85500.0,81500.0,1210.8648369976747
39047012,3934303000,strada,2018,Cambridge,RETAIL_RESTAURANTS_AND_CAFES,85500.0,81500.0,1452.4559618500587
39541016,13254968000,maplin,2018,Peterborough,RETAIL_HIGH_STREET,74000.0,63000.0,3374.322439121687
39541016,12351566000,maplin,2018,Peterborough,RETAIL_HIGH_STREET,74000.0,87500.0,558.7595878352687
39541016,7192363000,maplin,2018,Peterborough,RETAIL_HIGH_STREET,74000.0,60000.0,3374.322439121687
40046222,1201955000,thomas cook,2019,Coventry,RETAIL_HIGH_STREET,6500.0,6500.0,433.2736692027869
40046222,14335100000,thomas cook,2019,Coventry,RETAIL_HIGH_STREET,6500.0,6500.0,642.4683833450388
40046222,8580196000,thomas cook,2019,Coventry,RETAIL_HIGH_STREET,6500.0,6500.0,450.41665996670645
40209141,338402141,thomas cook,2019,Brighton and Hove,RETAIL_HIGH_STREET,70500.0,70000.0,1604.2580962158459
40209141,8831523000,thomas cook,2019,Brighton and Hove,RETAIL_HIGH_STREET,70500.0,70000.0,740.041660471878
40209141,10928138000,thomas cook,2019,Brighton and Hove,RETAIL_HIGH_STREET,70500.0,65500.0,4795.3297155840555
43026172,8640339000,thomas cook,2019,"Bournemouth, Christchurch and Poole",RETAIL_HIGH_STREET,102500.0,102000.0,3268.2265955359753
43026172,317783172,thomas cook,2019,"Bournemouth, Christchurch and Poole",RETAIL_HIGH_STREET,102500.0,101000.0,2872.345243426025
43026172,13194874000,thomas cook,2019,"Bournemouth, Christchurch and Poole",RETAIL_HIGH_STREET,102500.0,97000.0,554.3588211929658
43028144,246618144,arcadia,2020,Eastbourne,RETAIL_HIGH_STREET,5500.0,5500.0,800.9795868873213
43028144,14651646000,arcadia,2020,Eastbourne,RETAIL_HIGH_STREET,5500.0,5500.0,783.094721214433
43028144,5318848000,arcadia,2020,Eastbourne,RETAIL_HIGH_STREET,5500.0,5500.0,891.6073619712737
43190036,73794036,thomas cook,2019,Norwich,RETAIL_HIGH_STREET,77500.0,40250.0,865.6765452776258
43190036,620746036,thomas cook,2019,Norwich,RETAIL_HIGH_STREET,77500.0,40250.0,481.3357512909244
43190036,2894495000,thomas cook,2019,Norwich,RETAIL_HIGH_STREET,77500.0,40250.0,712.0417864865987
43952113,7519296000,thomas cook,2019,Manchester,RETAIL_HIGH_STREET,16250.0,16250.0,1237.3818710082196
43952113,289409113,thomas cook,2019,Manchester,RETAIL_HIGH_STREET,16250.0,16250.0,3621.246169848154
43952113,13868743000,thomas cook,2019,Manchester,RETAIL_HIGH_STREET,16250.0,16250.0,2533.634054515648
44450125,4019416000,arcadia,2020,Blackpool,RETAIL_HIGH_STREET,5100.0,5100.0,2191.145031341358
44450125,14148451000,arcadia,2020,Blackpool,RETAIL_HIGH_STREET,5100.0,5100.0,3387.04085498173
44450125,59274125,arcadia,2020,Blackpool,RETAIL_HIGH_STREET,5100.0,5100.0,1758.1946187165931
45623045,267534045,arcadia,2020,West Northamptonshire,INDUSTRIAL_GENERAL,76500.0,76500.0,1380.500444337901
45623045,45623045,arcadia,2020,West Northamptonshire,INDUSTRIAL_GENERAL,76500.0,76500.0,2404.1265942076147
45623045,10818617000,arcadia,2020,West Northamptonshire,INDUSTRIAL_GENERAL,76500.0,76500.0,998.2632614800149
45694108,10638490000,arcadia,2020,York,RETAIL_OTHER_SUPERSTORES_AND_WAREHOUSES,700000.0,670000.0,2849.1814006550667
45694108,11076338000,arcadia,2020,York,RETAIL_OTHER_SUPERSTORES_AND_WAREHOUSES,700000.0,740000.0,462.2843359503639
45694108,14585087000,arcadia,2020,York,RETAIL_OTHER_SUPERSTORES_AND_WAREHOUSES,700000.0,825000.0,654.9399129496356
46958108,1836400000,body shop,2024,York,RETAIL_HIGH_STREET,62000.0,65500.0,561.3231627038232
46958108,3794409000,body shop,2024,York,RETAIL_HIGH_STREET,62000.0,66000.0,1438.3473241005295
46958108,165475108,body shop,2024,York,RETAIL_HIGH_STREET,62000.0,57000.0,1629.8758679495518
47050105,11050750000,debenhams,2020,North Yorkshire,RETAIL_OTHER_SUPERSTORES_AND_WAREHOUSES,292500.0,292500.0,27730.61475799672
47050105,7518825000,debenhams,2020,North Yorkshire,RETAIL_OTHER_SUPERSTORES_AND_WAREHOUSES,292500.0,300000.0,6282.039323666904
47050105,5949151000,debenhams,2020,North Yorkshire,RETAIL_OTHER_SUPERSTORES_AND_WAREHOUSES,292500.0,305000.0,39755.6145901467
47489000,32565132,mothercare,2019,Cheshire West and Chester,RETAIL_OTHER_SUPERSTORES_AND_WAREHOUSES,360000.0,362500.0,5446.192382140334
47489000,222464132,mothercare,2019,Cheshire West and Chester,RETAIL_OTHER_SUPERSTORES_AND_WAREHOUSES,360000.0,362500.0,912.1566769451142
47489000,12617405000,mothercare,2019,Cheshire West and Chester,RETAIL_OTHER_SUPERSTORES_AND_WAREHOUSES,360000.0,345000.0,894.796485746113
49656000,12365409000,wilko,2023,Maidstone,RETAIL_OTHER_SUPERSTORES_AND_WAREHOUSES,237000.0,230000.0,4385.035401943592
49656000,7593454000,wilko,2023,Maidstone,RETAIL_OTHER_SUPERSTORES_AND_WAREHOUSES,237000.0,247000.0,3218.0102494246526
49656000,8282277000,wilko,2023,Maidstone,RETAIL_OTHER_SUPERSTORES_AND_WAREHOUSES,237000.0,248000.0,408.20689402340366
49982132,9123277000,frankie&bennys,2020,Cheshire West and Chester,RETAIL_HIGH_STREET,15000.0,15000.0,10906.4287959197
49982132,9143364000,frankie&bennys,2020,Cheshire West and Chester,RETAIL_HIGH_STREET,15000.0,15000.0,585.0101495595496
49982132,193523133,frankie&bennys,2020,Cheshire West and Chester,RETAIL_HIGH_STREET,15000.0,15000.0,10523.74554797486
50992045,3948610000,body shop,2024,West Northamptonshire,RETAIL_HIGH_STREET,35000.0,34750.0,2122.2977476466
50992045,12796868000,body shop,2024,West Northamptonshire,RETAIL_HIGH_STREET,35000.0,35500.0,516.0167786365939
50992045,8811759000,body shop,2024,West Northamptonshire,RETAIL_HIGH_STREET,35000.0,34250.0,3788.59768449187
51664082,89397082,bella italia,2020,Kensington and Chelsea,RETAIL_RESTAURANTS_AND_CAFES,69500.0,69500.0,810.4547012470388
51664082,3261643000,bella italia,2020,Kensington and Chelsea,RETAIL_RESTAURANTS_AND_CAFES,69500.0,70000.0,1055.5247841168705
51664082,33683082,bella italia,2020,Kensington and Chelsea,RETAIL_RESTAURANTS_AND_CAFES,69500.0,70000.0,1000.7317317384255
51960148,51960148,arcadia,2020,Maidstone,OTHER_PUBLIC,10750.0,10750.0,3994.1881543086542
51960148,994317000,arcadia,2020,Maidstone,OTHER_PUBLIC,10750.0,10750.0,2654.4049958101723
51960148,12680206000,arcadia,2020,Maidstone,OTHER_PUBLIC,10750.0,10750.0,3308.223083023095
52413148,350469148,mothercare,2019,Maidstone,RETAIL_HIGH_STREET,217000.0,138000.0,10877.915228571988
52413148,13907143000,mothercare,2019,Maidstone,RETAIL_HIGH_STREET,217000.0,115000.0,5996.519448563655
52413148,411415148,mothercare,2019,Maidstone,RETAIL_HIGH_STREET,217000.0,98500.0,454.6225729357459
52474148,2193254000,arcadia,2020,Maidstone,RETAIL_HIGH_STREET,201000.0,98000.0,2202.1398658733547
52474148,14596800000,arcadia,2020,Maidstone,RETAIL_HIGH_STREET,201000.0,95000.0,8512.38547575857
52474148,10022419000,arcadia,2020,Maidstone,RETAIL_HIGH_STREET,201000.0,73000.0,2114.5954528193047
52641013,195473013,paperchase,2023,North Hertfordshire,RETAIL_HIGH_STREET,107000.0,70000.0,15781.8611489137
52641013,9937102000,paperchase,2023,North Hertfordshire,RETAIL_HIGH_STREET,107000.0,53000.0,15735.979918111547
52641013,8425972000,paperchase,2023,North Hertfordshire,RETAIL_HIGH_STREET,107000.0,51500.0,872.9618789504315
52846036,225778036,debenhams,2020,Norwich,RETAIL_HIGH_STREET,68000.0,39250.0,1397.406640125339
52846036,11305695000,debenhams,2020,Norwich,RETAIL_HIGH_STREET,68000.0,39250.0,2303.3765073949394
52846036,11219593000,debenhams,2020,Norwich,RETAIL_HIGH_STREET,68000.0,38750.0,1992.8013176527536
53633046,113324046,thomas cook,2019,Charnwood,RETAIL_HIGH_STREET,9900.0,9900.0,5470.065212086493
53633046,160409046,thomas cook,2019,Charnwood,RETAIL_HIGH_STREET,9900.0,9900.0,5486.831375788165
53633046,60116046,thomas cook,2019,Charnwood,RETAIL_HIGH_STREET,9900.0,9900.0,1319.5018050550902
54335022,868153022,thomas cook,2019,Chelmsford,RETAIL_HIGH_STREET,11000.0,11000.0,7473.561963782543
54335022,847256022,thomas cook,2019,Chelmsford,RETAIL_HIGH_STREET,11000.0,11000.0,13754.03425676871
54335022,883955022,thomas cook,2019,Chelmsford,RETAIL_HIGH_STREET,11000.0,11000.0,480.6411743571392
54720000,215149011,wilko,2023,Central Bedfordshire,RETAIL_OTHER_SUPERSTORES_AND_WAREHOUSES,153000.0,153000.0,1122.1770781291316
54720000,14974558000,wilko,2023,Central Bedfordshire,RETAIL_OTHER_SUPERSTORES_AND_WAREHOUSES,153000.0,150000.0,1182.3387335222576
54720000,8813106000,wilko,2023,Central Bedfordshire,RETAIL_OTHER_SUPERSTORES_AND_WAREHOUSES,153000.0,156000.0,6805.426049042523
55794176,82196176,wilko,2023,Southampton,RETAIL_OTHER_SUPERSTORES_AND_WAREHOUSES,136000.0,132000.0,1034.527758361274
55794176,8984176,wilko,2023,Southampton,RETAIL_OTHER_SUPERSTORES_AND_WAREHOUSES,136000.0,128000.0,4630.15031074429
55794176,3935096000,wilko,2023,Southampton,RETAIL_OTHER_SUPERSTORES_AND_WAREHOUSES,136000.0,145000.0,917.2992305723928
55817184,6248542000,arcadia,2020,Plymouth,RETAIL_HIGH_STREET,148000.0,113000.0,2973.537937823731
55817184,8441998000,arcadia,2020,Plymouth,RETAIL_HIGH_STREET,148000.0,95500.0,2807.5420687755886
55817184,10413789000,arcadia,2020,Plymouth,RETAIL_HIGH_STREET,148000.0,94000.0,3441.161853387688
55822184,285023184,arcadia,2020,Plymouth,RETAIL_HIGH_STREET,136000.0,84000.0,2515.807969429937
55822184,14908345000,arcadia,2020,Plymouth,RETAIL_HIGH_STREET,136000.0,68500.0,1464.7967931461083
55822184,14807877000,arcadia,2020,Plymouth,RETAIL_HIGH_STREET,136000.0,65000.0,1650.309096613534
55832184,14958303000,poundworld,2018,Plymouth,RETAIL_HIGH_STREET,198000.0,58000.0,3142.0568639474373
55832184,8040016000,poundworld,2018,Plymouth,RETAIL_HIGH_STREET,198000.0,57000.0,1214.2592448639332
55832184,182040184,poundworld,2018,Plymouth,RETAIL_HIGH_STREET,198000.0,57000.0,1209.617556529574
57344178,46260178,arcadia,2020,Isle of Wight,RETAIL_HIGH_STREET,9800.0,9800.0,11028.034745570634
57344178,47317178,arcadia,2020,Isle of Wight,RETAIL_HIGH_STREET,9800.0,9800.0,10928.272221488634
57344178,63724178,arcadia,2020,Isle of Wight,RETAIL_HIGH_STREET,9800.0,9800.0,4991.92503104164
58729044,546386000,poundworld,2018,Leicester,RETAIL_OTHER_SUPERSTORES_AND_WAREHOUSES,144000.0,145000.0,1085.4963223131904
58729044,3451424000,poundworld,2018,Leicester,RETAIL_OTHER_SUPERSTORES_AND_WAREHOUSES,144000.0,140000.0,1498.9605177338094
58729044,8818005000,poundworld,2018,Leicester,RETAIL_OTHER_SUPERSTORES_AND_WAREHOUSES,144000.0,151000.0,1096.7631312398341
58865036,427942036,arcadia,2020,Norwich,RETAIL_HIGH_STREET,49250.0,38250.0,3307.684830896194
58865036,14800963000,arcadia,2020,Norwich,RETAIL_HIGH_STREET,49250.0,37750.0,1916.0853980670963
58865036,15059977000,arcadia,2020,Norwich,RETAIL_HIGH_STREET,49250.0,37500.0,2303.3765073949394
59952082,58911082,cath kidston,2020,Kensington and Chelsea,RETAIL_HIGH_STREET,48250.0,48250.0,505.7794544011516
59952082,59994082,cath kidston,2020,Kensington and Chelsea,RETAIL_HIGH_STREET,48250.0,48250.0,1082.2173737771743
59952082,45002082,cath kidston,2020,Kensington and Chelsea,RETAIL_HIGH_STREET,48250.0,48250.0,1400.196155209468
60153176,1004546000,debenhams,2020,Southampton,RETAIL_OTHER_SUPERSTORES_AND_WAREHOUSES,315000.0,317500.0,1394.9785345440757
60153176,13033358000,debenhams,2020,Southampton,RETAIL_OTHER_SUPERSTORES_AND_WAREHOUSES,315000.0,320000.0,4614.659006027676
60153176,13441265000,debenhams,2020,Southampton,RETAIL_OTHER_SUPERSTORES_AND_WAREHOUSES,315000.0,350000.0,3214.0519766460307
62430045,13704009000,debenhams,2020,West Northamptonshire,RETAIL_OTHER_SUPERSTORES_AND_WAREHOUSES,300000.0,302500.0,3382.251233587155
62430045,467568000,debenhams,2020,West Northamptonshire,RETAIL_OTHER_SUPERSTORES_AND_WAREHOUSES,300000.0,290000.0,516.0167786365939
62430045,2560415000,debenhams,2020,West Northamptonshire,RETAIL_OTHER_SUPERSTORES_AND_WAREHOUSES,300000.0,317500.0,2845.388518121733
65086239,13287002000,thomas cook,2019,Dudley,OFFICE_GENERAL,4150.0,4150.0,1042.3069264164908
65086239,203620239,thomas cook,2019,Dudley,OFFICE_GENERAL,4150.0,4150.0,2626.6963326208706
65086239,5372943000,thomas cook,2019,Dudley,OFFICE_GENERAL,4150.0,4150.0,4137.109797808717
65235171,11701703000,arcadia,2020,Basingstoke and Deane,OFFICE_GENERAL,14750.0,14750.0,3180.0548104098184
65235171,7723732000,arcadia,2020,Basingstoke and Deane,OFFICE_GENERAL,14750.0,14750.0,13337.809174907858
65235171,14644399000,arcadia,2020,Basingstoke and Deane,OFFICE_GENERAL,14750.0,14750.0,1864.714051538834
67011045,8163640000,toys r us,2018,West Northamptonshire,RETAIL_HIGH_STREET,9500.0,9500.0,19012.850751615093
67011045,8658772000,toys r us,2018,West Northamptonshire,RETAIL_HIGH_STREET,9500.0,9500.0,1043.600498156289
67011045,12205541000,toys r us,2018,West Northamptonshire,RETAIL_HIGH_STREET,9500.0,9500.0,12469.611292680353
67157045,52638045,mothercare,2019,West Northamptonshire,RETAIL_HIGH_STREET,8100.0,8100.0,422.8261233495565
67157045,10303328000,mothercare,2019,West Northamptonshire,RETAIL_HIGH_STREET,8100.0,8100.0,28077.514416384656
67157045,111658000,mothercare,2019,West Northamptonshire,RETAIL_HIGH_STREET,8100.0,8100.0,16167.5342153115
67793045,204100045,thomas cook,2019,West Northamptonshire,RETAIL_HIGH_STREET,42500.0,43000.0,16084.505933764272
67793045,8468810000,thomas cook,2019,West Northamptonshire,RETAIL_HIGH_STREET,42500.0,43000.0,16568.45428056542
67793045,3831110000,thomas cook,2019,West Northamptonshire,RETAIL_HIGH_STREET,42500.0,43250.0,16084.505933764272
68090045,5429341000,debenhams,2020,West Northamptonshire,OTHER_PUBLIC,11500.0,11500.0,447.56512457312226
68090045,2885685000,debenhams,2020,West Northamptonshire,OTHER_PUBLIC,11500.0,11500.0,12473.219495746645
68090045,14202189000,debenhams,2020,West Northamptonshire,OTHER_PUBLIC,11500.0,11500.0,489.4434859831562
68093045,13028096000,debenhams,2020,West Northamptonshire,RETAIL_HIGH_STREET,2850.0,2850.0,18484.211061945436
68093045,14757704000,debenhams,2020,West Northamptonshire,RETAIL_HIGH_STREET,2850.0,2850.0,16210.833001771896
68093045,9112843000,debenhams,2020,West Northamptonshire,RETAIL_HIGH_STREET,2850.0,2850.0,10596.678607675096
68131013,80355013,body shop,2024,North Hertfordshire,OTHER_PUBLIC,13250.0,13250.0,11385.06618970716
68131013,11159066000,body shop,2024,North Hertfordshire,OTHER_PUBLIC,13250.0,13250.0,2672.837456723419
68131013,195914013,body shop,2024,North Hertfordshire,OTHER_PUBLIC,13250.0,13250.0,15869.0082352856
69282045,7851759000,arcadia,2020,West Northamptonshire,RETAIL_HIGH_STREET,148000.0,100000.0,413.80183881942986
69282045,35368045,arcadia,2020,West Northamptonshire,RETAIL_HIGH_STREET,148000.0,86500.0,1097.1015808034172
69282045,11780824000,arcadia,2020,West Northamptonshire,RETAIL_HIGH_STREET,148000.0,79500.0,1309.8042514007402
69631037,7568143000,debenhams,2020,Nottingham,RETAIL_OTHER_SUPERSTORES_AND_WAREHOUSES,575000.0,585000.0,930.0477920578214
69631037,1260736000,debenhams,2020,Nottingham,RETAIL_OTHER_SUPERSTORES_AND_WAREHOUSES,575000.0,590000.0,2210.59339689374
69631037,8789182000,debenhams,2020,Nottingham,RETAIL_OTHER_SUPERSTORES_AND_WAREHOUSES,575000.0,530000.0,2897.349813321539
69654037,50084000,thomas cook,2019,Nottingham,RETAIL_HIGH_STREET,84000.0,43750.0,2015.5033871592727
69654037,5142786000,thomas cook,2019,Nottingham,RETAIL_HIGH_STREET,84000.0,41500.0,2418.5554043563907
69654037,100616037,thomas cook,2019,Nottingham,RETAIL_HIGH_STREET,84000.0,39500.0,5534.037349989812
69670144,245243144,debenhams,2020,Eastbourne,RETAIL_OTHER_SUPERSTORES_AND_WAREHOUSES,387500.0,367500.0,1600.548517007052
69670144,10932494000,debenhams,2020,Eastbourne,RETAIL_OTHER_SUPERSTORES_AND_WAREHOUSES,387500.0,410000.0,1600.548517007052
69670144,15053715000,debenhams,2020,Eastbourne,RETAIL_OTHER_SUPERSTORES_AND_WAREHOUSES,387500.0,355000.0,1935.6586186720785
70801037,4699483000,wilko,2023,Nottingham,RETAIL_OTHER_SUPERSTORES_AND_WAREHOUSES,216000.0,214000.0,1672.427902649054
70801037,9452137000,wilko,2023,Nottingham,RETAIL_OTHER_SUPERSTORES_AND_WAREHOUSES,216000.0,213000.0,2825.5110112993816
70801037,10108254000,wilko,2023,Nottingham,RETAIL_OTHER_SUPERSTORES_AND_WAREHOUSES,216000.0,210000.0,1212.7480608327837
71805044,15844044,poundworld,2018,Leicester,RETAIL_HIGH_STREET,4000.0,4000.0,679.3065001110326
71805044,42027044,poundworld,2018,Leicester,RETAIL_HIGH_STREET,4000.0,4000.0,2297.3016091463073
71805044,96325044,poundworld,2018,Leicester,RETAIL_HIGH_STREET,4000.0,4000.0,4022.0472234416934
72940152,11903601000,cath kidston,2020,Guildford,RETAIL_HIGH_STREET,53000.0,50500.0,2511.6230388582344
72940152,4752046000,cath kidston,2020,Guildford,RETAIL_HIGH_STREET,53000.0,56000.0,12045.76648089178
72940152,297540152,cath kidston,2020,Guildford,RETAIL_HIGH_STREET,53000.0,49500.0,911.4625099173576
73135037,4048807000,wilko,2023,Nottingham,RETAIL_HIGH_STREET,39500.0,37750.0,2906.644818143384
73135037,8899363000,wilko,2023,Nottingham,RETAIL_HIGH_STREET,39500.0,36750.0,2770.709240123096
73135037,5389358000,wilko,2023,Nottingham,RETAIL_HIGH_STREET,39500.0,36000.0,2425.2904907746893
75568236,1027161000,wilko,2023,Stoke-on-Trent,RETAIL_RESTAURANTS_AND_CAFES,30250.0,30000.0,1276.7319058505027
75568236,6287874000,wilko,2023,Stoke-on-Trent,RETAIL_RESTAURANTS_AND_CAFES,30250.0,30000.0,1392.1937871295263
75568236,9046403000,wilko,2023,Stoke-on-Trent,RETAIL_RESTAURANTS_AND_CAFES,30250.0,30750.0,1208.9225135417694
76190104,14996651000,thomas cook,2019,County Durham,RETAIL_HIGH_STREET,11750.0,11750.0,7970.7869055534475
76190104,4185535000,thomas cook,2019,County Durham,RETAIL_HIGH_STREET,11750.0,11750.0,1889.056503026558
76190104,11922429000,thomas cook,2019,County Durham,RETAIL_HIGH_STREET,11750.0,11750.0,2952.7157478890927
79656000,11345750000,maplin,2018,Norwich,RETAIL_HIGH_STREET,43000.0,36750.0,2435.8595580664887
79656000,4977393000,maplin,2018,Norwich,RETAIL_HIGH_STREET,43000.0,36000.0,772.6885920569765
79656000,6988596000,maplin,2018,Norwich,RETAIL_HIGH_STREET,43000.0,35500.0,1907.6381497635357
79663237,8831350000,thomas cook,2019,Warwick,RETAIL_HIGH_STREET,40500.0,40250.0,1495.8732125648212
79663237,172930237,thomas cook,2019,Warwick,RETAIL_HIGH_STREET,40500.0,40000.0,547.4154765915208
79663237,11306790000,thomas cook,2019,Warwick,RETAIL_HIGH_STREET,40500.0,39750.0,2968.004456310738
79757237,47015237,thomas cook,2019,Warwick,RETAIL_HIGH_STREET,27750.0,28750.0,2331.3124961809126
79757237,13923042000,thomas cook,2019,Warwick,RETAIL_HIGH_STREET,27750.0,29000.0,1364.2133569045868
79757237,5930675000,thomas cook,2019,Warwick,RETAIL_HIGH_STREET,27750.0,30500.0,3988.8907056416197
80169152,13976022000,thomas cook,2019,Guildford,RETAIL_HIGH_STREET,128000.0,93500.0,2725.8616862882905
80169152,162719152,thomas cook,2019,Guildford,RETAIL_HIGH_STREET,128000.0,79500.0,1992.300730725209
80169152,8214653000,thomas cook,2019,Guildford,RETAIL_HIGH_STREET,128000.0,76500.0,1004.2287047399175
80210152,974172000,ted baker,2024,Guildford,RETAIL_HIGH_STREET,190000.0,66500.0,2940.291251415109
80210152,13976018000,ted baker,2024,Guildford,RETAIL_HIGH_STREET,190000.0,57500.0,2725.8616862882905
80210152,6836265000,ted baker,2024,Guildford,RETAIL_HIGH_STREET,190000.0,48500.0,4318.27227288233
80212152,8832082000,body shop,2024,Guildford,RETAIL_HIGH_STREET,117000.0,44500.0,1506.5373139930118
80212152,3875141000,body shop,2024,Guildford,RETAIL_HIGH_STREET,117000.0,43250.0,507.34557171830454
80212152,297541152,body shop,2024,Guildford,RETAIL_HIGH_STREET,117000.0,43250.0,911.4625099173576
81848000,11153068000,toys r us,2018,Southwark,RETAIL_OTHER_SUPERSTORES_AND_WAREHOUSES,535000.0,560000.0,1906.53888391596
81848000,9604584000,toys r us,2018,Southwark,RETAIL_OTHER_SUPERSTORES_AND_WAREHOUSES,535000.0,500000.0,1755.2000322094618
81848000,2567058000,toys r us,2018,Southwark,RETAIL_OTHER_SUPERSTORES_AND_WAREHOUSES,535000.0,382500.0,1809.0476961094605
83982013,1575992000,thomas cook,2019,North Hertfordshire,RETAIL_HIGH_STREET,24500.0,24250.0,657.0730606150153
83982013,249841013,thomas cook,2019,North Hertfordshire,RETAIL_HIGH_STREET,24500.0,25000.0,15760.036072540777
83982013,13504530000,thomas cook,2019,North Hertfordshire,RETAIL_HIGH_STREET,24500.0,23500.0,2672.837456723419
84216013,8810063000,body shop,2024,North Hertfordshire,RETAIL_HIGH_STREET,36500.0,37000.0,11239.517314477012
84216013,14619509000,body shop,2024,North Hertfordshire,RETAIL_HIGH_STREET,36500.0,35500.0,3509.565251936409
84216013,6545391000,body shop,2024,North Hertfordshire,RETAIL_HIGH_STREET,36500.0,35500.0,6561.954762490917
84913236,245682236,arcadia,2020,Stoke-on-Trent,RETAIL_HIGH_STREET,25000.0,25000.0,1934.2613238041336
84913236,8104434000,arcadia,2020,Stoke-on-Trent,RETAIL_HIGH_STREET,25000.0,25000.0,938.5413512099351
84913236,8847687000,arcadia,2020,Stoke-on-Trent,RETAIL_HIGH_STREET,25000.0,24750.0,1231.4099807189014
84949244,101560244,arcadia,2020,Leeds,RETAIL_HIGH_STREET,1300.0,1300.0,1123.0764358621043
84949244,313135244,arcadia,2020,Leeds,RETAIL_HIGH_STREET,1300.0,1300.0,5858.321689808495
84949244,12721224000,arcadia,2020,Leeds,RETAIL_HIGH_STREET,1300.0,1300.0,1907.2533722116784
84950244,10232831000,arcadia,2020,Leeds,RETAIL_HIGH_STREET,1300.0,1300.0,1177.8089347778762
84950244,325695244,arcadia,2020,Leeds,RETAIL_HIGH_STREET,1300.0,1300.0,4329.205629619325
84950244,14405844000,arcadia,2020,Leeds,RETAIL_HIGH_STREET,1300.0,1300.0,404.85200539152214
84951244,11070393000,arcadia,2020,Leeds,RETAIL_HIGH_STREET,1300.0,1300.0,12331.085621744727
84951244,12969482000,arcadia,2020,Leeds,RETAIL_HIGH_STREET,1300.0,1275.0,1907.2533722116784
84951244,11343845000,arcadia,2020,Leeds,RETAIL_HIGH_STREET,1300.0,1275.0,3887.0105712485033
84960152,3456711000,debenhams,2020,Guildford,RETAIL_OTHER_SUPERSTORES_AND_WAREHOUSES,1550000.0,1440000.0,1315.1103703492092
84960152,12871031000,debenhams,2020,Guildford,RETAIL_OTHER_SUPERSTORES_AND_WAREHOUSES,1550000.0,1340000.0,1315.1103703492092
84960152,8834291000,debenhams,2020,Guildford,RETAIL_OTHER_SUPERSTORES_AND_WAREHOUSES,1550000.0,1890000.0,2040.3797987674054
85012141,8832129000,thomas cook,2019,Brighton and Hove,RETAIL_HIGH_STREET,41000.0,40500.0,3251.516529635801
85012141,18380141,thomas cook,2019,Brighton and Hove,RETAIL_HIGH_STREET,41000.0,41500.0,621.208439468861
85012141,14821881000,thomas cook,2019,Brighton and Hove,RETAIL_HIGH_STREET,41000.0,41500.0,1779.8797613917654
85118178,5344558000,bhs,2016,Isle of Wight,RETAIL_OTHER_SUPERSTORES_AND_WAREHOUSES,228000.0,229000.0,470.4055389213985
85118178,5344548000,bhs,2016,Isle of Wight,RETAIL_OTHER_SUPERSTORES_AND_WAREHOUSES,228000.0,216000.0,470.4055389213985
85118178,4933734000,bhs,2016,Isle of Wight,RETAIL_OTHER_SUPERSTORES_AND_WAREHOUSES,228000.0,244000.0,470.4055389213985
85350012,14633941000,prezzo,2018,East Cambridgeshire,RETAIL_RESTAURANTS_AND_CAFES,59000.0,57000.0,3407.8887134948855
85350012,11091613000,prezzo,2018,East Cambridgeshire,RETAIL_RESTAURANTS_AND_CAFES,59000.0,53000.0,1445.506704623905
85350012,11045076000,prezzo,2018,East Cambridgeshire,RETAIL_RESTAURANTS_AND_CAFES,59000.0,50000.0,465.28431703265295
85631152,94754152,paperchase,2023,Guildford,RETAIL_HIGH_STREET,100000.0,43000.0,911.4625099173576
85631152,624459000,paperchase,2023,Guildford,RETAIL_HIGH_STREET,100000.0,41750.0,11779.810045363714
85631152,6659152,paperchase,2023,Guildford,RETAIL_HIGH_STREET,100000.0,41500.0,10236.351057531729
85642152,14393831000,mothercare,2019,Guildford,RETAIL_HIGH_STREET,127000.0,41250.0,8812.512780662415
85642152,9897732000,mothercare,2019,Guildford,RETAIL_HIGH_STREET,127000.0,40750.0,2193.9426223632486
85642152,90435152,mothercare,2019,Guildford,RETAIL_HIGH_STREET,127000.0,35500.0,1075.5168828097717
87248127,12548213000,arcadia,2020,Cumberland,RETAIL_HIGH_STREET,45000.0,45000.0,16810.422624292933
87248127,13927175000,arcadia,2020,Cumberland,RETAIL_HIGH_STREET,45000.0,45250.0,26648.09376206913
87248127,105220124,arcadia,2020,Cumberland,RETAIL_HIGH_STREET,45000.0,45750.0,26648.09376206913
88184175,10961513000,arcadia,2020,Fareham,RETAIL_HIGH_STREET,90500.0,127000.0,4269.188823065278
88184175,9819123000,arcadia,2020,Fareham,RETAIL_HIGH_STREET,90500.0,47500.0,6845.114969404693
88184175,1238374000,arcadia,2020,Fareham,RETAIL_HIGH_STREET,90500.0,45250.0,926.0910838675233
88490013,259937013,wilko,2023,North Hertfordshire,RETAIL_HIGH_STREET,14000.0,14000.0,15818.17433781084
88490013,10170303000,wilko,2023,North Hertfordshire,RETAIL_HIGH_STREET,14000.0,14000.0,590.163200215861
88490013,14802059000,wilko,2023,North Hertfordshire,RETAIL_HIGH_STREET,14000.0,14000.0,15869.0082352856
88839082,68976082,arcadia,2020,Kensington and Chelsea,RETAIL_HIGH_STREET,217000.0,217000.0,891.1614856793013
88839082,288279082,arcadia,2020,Kensington and Chelsea,RETAIL_HIGH_STREET,217000.0,217000.0,446.5302885662825
88839082,2235604000,arcadia,2020,Kensington and Chelsea,RETAIL_HIGH_STREET,217000.0,217000.0,450.2706142176496
88849148,12204225000,thomas cook,2019,Sevenoaks,RETAIL_HIGH_STREET,35500.0,35750.0,1918.4277778846679
88849148,10426514000,thomas cook,2019,Sevenoaks,RETAIL_HIGH_STREET,35500.0,36250.0,8555.962828425176
88849148,395652148,thomas cook,2019,Sevenoaks,RETAIL_HIGH_STREET,35500.0,34250.0,455.5444341364831
88979148,8291024000,paperchase,2023,Sevenoaks,RETAIL_HIGH_STREET,39750.0,37500.0,8438.51454607539
88979148,393783148,paperchase,2023,Sevenoaks,RETAIL_HIGH_STREET,39750.0,37000.0,3549.0794302704985
88979148,9072589000,paperchase,2023,Sevenoaks,RETAIL_HIGH_STREET,39750.0,43500.0,15138.500148309317
89233108,89233108,arcadia,2020,North Yorkshire,RETAIL_RESTAURANTS_AND_CAFES,1900.0,1900.0,12429.407372897276
89233108,122717105,arcadia,2020,North Yorkshire,RETAIL_RESTAURANTS_AND_CAFES,1900.0,1900.0,27010.738506646918
89233108,81999108,arcadia,2020,North Yorkshire,RETAIL_RESTAURANTS_AND_CAFES,1900.0,1900.0,38766.806231919945
89352082,11462512000,paperchase,2023,Kensington and Chelsea,RETAIL_HIGH_STREET,106000.0,106000.0,764.2986128920832
89352082,90399082,paperchase,2023,Kensington and Chelsea,RETAIL_HIGH_STREET,106000.0,106000.0,1329.1684497295619
89352082,7623834000,paperchase,2023,Kensington and Chelsea,RETAIL_HIGH_STREET,106000.0,106000.0,1432.961471721654
89358082,11239131000,byron,2020,Kensington and Chelsea,RETAIL_RESTAURANTS_AND_CAFES,169000.0,168000.0,800.3284132622757
89358082,14642792000,byron,2020,Kensington and Chelsea,RETAIL_RESTAURANTS_AND_CAFES,169000.0,167000.0,486.0835407363489
89358082,88089082,byron,2020,Kensington and Chelsea,RETAIL_RESTAURANTS_AND_CAFES,169000.0,167000.0,755.7648364576454
89962082,88327082,carluccios,2020,Kensington and Chelsea,RETAIL_HIGH_STREET,2500.0,2500.0,803.2046099389349
89962082,12975939000,carluccios,2020,Kensington and Chelsea,RETAIL_HIGH_STREET,2500.0,2475.0,1721.4797701763969
89962082,6842311000,carluccios,2020,Kensington and Chelsea,RETAIL_HIGH_STREET,2500.0,2475.0,1165.4764506226877
90356148,14765561000,prezzo,2018,Sevenoaks,RETAIL_HIGH_STREET,45500.0,45250.0,9838.22660520897
90356148,3324170000,prezzo,2018,Sevenoaks,RETAIL_HIGH_STREET,45500.0,44750.0,13784.076946995854
90356148,12110665000,prezzo,2018,Sevenoaks,RETAIL_HIGH_STREET,45500.0,46250.0,12507.193888060923
91706216,8553999000,wilko,2023,Wiltshire,RETAIL_OTHER_SUPERSTORES_AND_WAREHOUSES,169000.0,169000.0,1449.736721541259
91706216,4833677000,wilko,2023,Wiltshire,RETAIL_OTHER_SUPERSTORES_AND_WAREHOUSES,169000.0,169000.0,1578.0040207559755
91706216,8967662000,wilko,2023,Wiltshire,RETAIL_OTHER_SUPERSTORES_AND_WAREHOUSES,169000.0,168000.0,2437.432553305845
92926124,60377124,thomas cook,2019,Cumberland,RETAIL_HIGH_STREET,16500.0,16500.0,26826.222181081434
92926124,5175025000,thomas cook,2019,Cumberland,RETAIL_HIGH_STREET,16500.0,16500.0,6010.366659832981
92926124,8211555000,thomas cook,2019,Cumberland,RETAIL_HIGH_STREET,16500.0,16500.0,26706.96736126367
93538216,731147000,arcadia,2020,Wiltshire,RETAIL_HIGH_STREET,22500.0,22500.0,6657.671966785221
93538216,8791155000,arcadia,2020,Wiltshire,RETAIL_HIGH_STREET,22500.0,22500.0,26034.50749389014
93538216,10149510000,arcadia,2020,Wiltshire,RETAIL_HIGH_STREET,22500.0,22500.0,7707.504403740394
93744046,5899530000,thomas cook,2019,Charnwood,RETAIL_HIGH_STREET,48500.0,46000.0,1876.9545728952835
93744046,11056897000,thomas cook,2019,Charnwood,RETAIL_HIGH_STREET,48500.0,44000.0,2662.537502580327
93744046,12572843000,thomas cook,2019,Charnwood,RETAIL_HIGH_STREET,48500.0,43000.0,6525.051231833274
93765046,14997733000,arcadia,2020,Charnwood,RETAIL_HIGH_STREET,52500.0,37500.0,1876.9545728952835
93765046,13409863000,arcadia,2020,Charnwood,RETAIL_HIGH_STREET,52500.0,34250.0,3915.0480439991966
93765046,9579067000,arcadia,2020,Charnwood,RETAIL_HIGH_STREET,52500.0,29750.0,3485.4501239103515
94074244,320533244,cath kidston,2020,Leeds,RETAIL_HIGH_STREET,96500.0,88500.0,13030.380241244779
94074244,11605398000,cath kidston,2020,Leeds,RETAIL_HIGH_STREET,96500.0,88500.0,547.5700687847641
94074244,10306299000,cath kidston,2020,Leeds,RETAIL_HIGH_STREET,96500.0,87500.0,1582.818620446322
94096244,9657951000,byron,2020,Leeds,RETAIL_HIGH_STREET,162000.0,128000.0,1297.755142920466
94096244,8831339000,byron,2020,Leeds,RETAIL_HIGH_STREET,162000.0,86000.0,434.96224843065073
94096244,14538900000,byron,2020,Leeds,RETAIL_HIGH_STREET,162000.0,78500.0,13590.484813625406
94483163,266931000,wilko,2023,South Oxfordshire,RETAIL_HIGH_STREET,4900.0,4900.0,13626.599551521509
94483163,182004163,wilko,2023,South Oxfordshire,RETAIL_HIGH_STREET,4900.0,4850.0,13711.003665312235
94483163,172594163,wilko,2023,South Oxfordshire,RETAIL_HIGH_STREET,4900.0,4850.0,18592.762474366642
95104125,10543935000,thomas cook,2019,Lancaster,RETAIL_HIGH_STREET,67500.0,74500.0,3832.511020565917
95104125,13581685000,thomas cook,2019,Lancaster,RETAIL_HIGH_STREET,67500.0,77500.0,12576.519811010714
95104125,10747335000,thomas cook,2019,Lancaster,RETAIL_HIGH_STREET,67500.0,56500.0,12576.519811010714
95823212,10226692000,cath kidston,2020,"Bristol, City of",RETAIL_HIGH_STREET,43250.0,43000.0,2151.677368424133
95823212,4699012000,cath kidston,2020,"Bristol, City of",RETAIL_HIGH_STREET,43250.0,43000.0,655.0692174996176
95823212,2366302000,cath kidston,2020,"Bristol, City of",RETAIL_HIGH_STREET,43250.0,43500.0,4183.016490375814
97261172,14717917000,body shop,2024,"Bournemouth, Christchurch and Poole",RETAIL_HIGH_STREET,34250.0,34250.0,448.7420449156571
97261172,303102172,body shop,2024,"Bournemouth, Christchurch and Poole",RETAIL_HIGH_STREET,34250.0,34000.0,2872.345243426025
97261172,8830484000,body shop,2024,"Bournemouth, Christchurch and Poole",RETAIL_HIGH_STREET,34250.0,34500.0,2467.10713428618
98309063,8831167000,maplin,2018,Camden,RETAIL_HIGH_STREET,76000.0,75500.0,678.5421421020684
98309063,102498063,maplin,2018,Camden,RETAIL_HIGH_STREET,76000.0,75500.0,948.8466501695796
98309063,50257063,maplin,2018,Camden,RETAIL_HIGH_STREET,76000.0,75000.0,769.185612246712
98676063,97454063,byron,2020,Camden,RETAIL_RESTAURANTS_AND_CAFES,81000.0,82000.0,555.0828111067813
98676063,44969063,byron,2020,Camden,RETAIL_RESTAURANTS_AND_CAFES,81000.0,79000.0,1096.065374606301
98676063,107040063,byron,2020,Camden,RETAIL_RESTAURANTS_AND_CAFES,81000.0,83500.0,1321.0961673072165
99134105,14527879000,thomas cook,2019,North Yorkshire,RETAIL_HIGH_STREET,17500.0,17500.0,30021.147254494164
99134105,135756105,thomas cook,2019,North Yorkshire,RETAIL_HIGH_STREET,17500.0,17500.0,20684.871944170838
99134105,14938490000,thomas cook,2019,North Yorkshire,RETAIL_HIGH_STREET,17500.0,17500.0,40188.831373227054
99472173,14360615000,thomas cook,2019,Dorset,RETAIL_HIGH_STREET,44250.0,44750.0,33123.17995222405
99472173,1147192000,thomas cook,2019,Dorset,RETAIL_HIGH_STREET,44250.0,44750.0,2027.9815398573162
99472173,159905173,thomas cook,2019,Dorset,RETAIL_HIGH_STREET,44250.0,43250.0,4828.815435260111
99561104,709874104,thomas cook,2019,County Durham,RETAIL_HIGH_STREET,20000.0,20000.0,5500.928426999615
99561104,10796312000,thomas cook,2019,County Durham,RETAIL_HIGH_STREET,20000.0,20000.0,5744.953147549461
99561104,139287104,thomas cook,2019,County Durham,RETAIL_HIGH_STREET,20000.0,20000.0,5524.694873125508
99727013,5925370000,prezzo,2018,North Hertfordshire,RETAIL_HIGH_STREET,8900.0,8900.0,657.0730606150153
99727013,100258013,prezzo,2018,North Hertfordshire,RETAIL_HIGH_STREET,8900.0,8900.0,15821.722982401448
99727013,209982013,prezzo,2018,North Hertfordshire,RETAIL_HIGH_STREET,8900.0,8900.0,2893.347965087159
100504236,14173746000,arcadia,2020,Stoke-on-Trent,RETAIL_FINANCIAL_AND_PROFESSIONAL_SERVICES,13250.0,13250.0,1291.7010709415385
100504236,9720994000,arcadia,2020,Stoke-on-Trent,RETAIL_FINANCIAL_AND_PROFESSIONAL_SERVICES,13250.0,13000.0,449.1709994123352
100504236,58900236,arcadia,2020,Stoke-on-Trent,RETAIL_FINANCIAL_AND_PROFESSIONAL_SERVICES,13250.0,11750.0,1353.9803030488697
102005183,101614183,prezzo,2018,North Devon,RETAIL_RESTAURANTS_AND_CAFES,55000.0,55000.0,13103.317044807645
102005183,5951645000,prezzo,2018,North Devon,RETAIL_RESTAURANTS_AND_CAFES,55000.0,51000.0,3268.5497829265883
102005183,102978183,prezzo,2018,North Devon,RETAIL_RESTAURANTS_AND_CAFES,55000.0,46500.0,12452.669962842856
102753124,8790652000,homebase,2024,Cumberland,RETAIL_OTHER_SUPERSTORES_AND_WAREHOUSES,560000.0,565000.0,11762.383337680101
102753124,9416690000,homebase,2024,Cumberland,RETAIL_OTHER_SUPERSTORES_AND_WAREHOUSES,560000.0,540000.0,662.4312060199381
102753124,12041854000,homebase,2024,Cumberland,RETAIL_OTHER_SUPERSTORES_AND_WAREHOUSES,560000.0,430000.0,3366.1636270360937
102936124,59844124,thomas cook,2019,Cumberland,RETAIL_HIGH_STREET,91500.0,87000.0,26671.822559820706
102936124,10422435000,thomas cook,2019,Cumberland,RETAIL_HIGH_STREET,91500.0,97000.0,622.6172642592079
102936124,93669000,thomas cook,2019,Cumberland,RETAIL_HIGH_STREET,91500.0,85500.0,26557.855277546798
102955124,105221124,arcadia,2020,Cumberland,RETAIL_HIGH_STREET,229000.0,85000.0,26648.09376206913
102955124,59704124,arcadia,2020,Cumberland,RETAIL_HIGH_STREET,229000.0,81000.0,26648.09376206913
102955124,10461866000,arcadia,2020,Cumberland,RETAIL_HIGH_STREET,229000.0,80500.0,26526.663380140773
102957000,2828514000,maplin,2018,West Northamptonshire,RETAIL_HIGH_STREET,30000.0,30250.0,16254.556032949296
102957000,409876000,maplin,2018,West Northamptonshire,RETAIL_HIGH_STREET,30000.0,30750.0,425.17334685159454
102957000,30216045,maplin,2018,West Northamptonshire,RETAIL_HIGH_STREET,30000.0,29000.0,2014.7992089935747
103057211,8445528000,wilko,2023,South Gloucestershire,RETAIL_OTHER_SUPERSTORES_AND_WAREHOUSES,232000.0,238000.0,3509.02524489225
103057211,4843000,wilko,2023,South Gloucestershire,RETAIL_OTHER_SUPERSTORES_AND_WAREHOUSES,232000.0,239000.0,2865.341841151063
103057211,10561248000,wilko,2023,South Gloucestershire,RETAIL_OTHER_SUPERSTORES_AND_WAREHOUSES,232000.0,224000.0,3178.274079762162
105768127,60261124,thomas cook,2019,Cumberland,RETAIL_HIGH_STREET,10750.0,10750.0,26814.79574607959
105768127,10716165000,thomas cook,2019,Cumberland,RETAIL_HIGH_STREET,10750.0,10750.0,3292.7001307361784
105768127,8210178000,thomas cook,2019,Cumberland,RETAIL_HIGH_STREET,10750.0,10750.0,10946.540520615554
106356232,9380440000,arcadia,2020,East Staffordshire,RETAIL_HIGH_STREET,63500.0,60000.0,18883.826057825285
106356232,8788079000,arcadia,2020,East Staffordshire,RETAIL_HIGH_STREET,63500.0,58500.0,808.2919784646916
106356232,6223379000,arcadia,2020,East Staffordshire,RETAIL_HIGH_STREET,63500.0,70000.0,18542.087610688333
106995175,9996187000,body shop,2024,Fareham,RETAIL_HIGH_STREET,57000.0,44250.0,6545.956883903178
106995175,72160175,body shop,2024,Fareham,RETAIL_HIGH_STREET,57000.0,44000.0,6845.114969404693
106995175,6368554000,body shop,2024,Fareham,RETAIL_HIGH_STREET,57000.0,42500.0,6363.736427166391
107582162,546751162,body shop,2024,Buckinghamshire,RETAIL_HIGH_STREET,47250.0,47750.0,6359.681348608683
107582162,4608059000,body shop,2024,Buckinghamshire,RETAIL_HIGH_STREET,47250.0,46500.0,7730.350594042644
107582162,14958698000,body shop,2024,Buckinghamshire,RETAIL_HIGH_STREET,47250.0,46250.0,4184.343127433233
107600162,13614196000,thomas cook,2019,Buckinghamshire,RETAIL_HIGH_STREET,47750.0,46000.0,1340.269505912599
107600162,576084162,thomas cook,2019,Buckinghamshire,RETAIL_HIGH_STREET,47750.0,46000.0,6935.958013239248
107600162,413885162,thomas cook,2019,Buckinghamshire,RETAIL_HIGH_STREET,47750.0,49500.0,1244.6812427627062
107886063,74478063,carluccios,2020,Camden,RETAIL_HIGH_STREET,59500.0,60000.0,970.4981671896859
107886063,6477509000,carluccios,2020,Camden,RETAIL_HIGH_STREET,59500.0,58500.0,911.3255599067711
107886063,8789874000,carluccios,2020,Camden,RETAIL_HIGH_STREET,59500.0,60500.0,707.6855474538696
108532044,9081224000,wilko,2023,Leicester,RETAIL_HIGH_STREET,21000.0,21000.0,1113.9856514971948
108532044,13818633000,wilko,2023,Leicester,RETAIL_HIGH_STREET,21000.0,21000.0,1474.025039544922
108532044,11742972000,wilko,2023,Leicester,RETAIL_HIGH_STREET,21000.0,21000.0,1293.255196662453
108766186,2884157000,paperchase,2023,Somerset,RETAIL_HIGH_STREET,66500.0,67500.0,6326.07451629726
108766186,2020111000,paperchase,2023,Somerset,RETAIL_HIGH_STREET,66500.0,65000.0,4865.685137758029
108766186,5376531000,paperchase,2023,Somerset,RETAIL_HIGH_STREET,66500.0,65000.0,494.2044456321119
108785186,178640186,thomas cook,2019,Somerset,RETAIL_HIGH_STREET,50000.0,49750.0,11130.024314074984
108785186,9373256000,thomas cook,2019,Somerset,RETAIL_HIGH_STREET,50000.0,49000.0,1014.0903506245712
108785186,178631186,thomas cook,2019,Somerset,RETAIL_HIGH_STREET,50000.0,49000.0,11130.024314074984
110136124,6354247000,body shop,2024,Cumberland,RETAIL_HIGH_STREET,68500.0,73000.0,4052.9058966464527
110136124,59729124,body shop,2024,Cumberland,RETAIL_HIGH_STREET,68500.0,75500.0,26557.855277546798
110136124,105294124,body shop,2024,Cumberland,RETAIL_HIGH_STREET,68500.0,76000.0,26706.96736126367
110306236,5742748000,bhs,2016,Stoke-on-Trent,RETAIL_OTHER_SUPERSTORES_AND_WAREHOUSES,565000.0,442500.0,2576.753024168907
110306236,5782590000,bhs,2016,Stoke-on-Trent,RETAIL_OTHER_SUPERSTORES_AND_WAREHOUSES,565000.0,405000.0,1363.721959945377
110306236,9806489000,bhs,2016,Stoke-on-Trent,RETAIL_OTHER_SUPERSTORES_AND_WAREHOUSES,565000.0,375000.0,415.1009734994374
110418175,7627588000,thomas cook,2019,Fareham,RETAIL_HIGH_STREET,67500.0,41500.0,763.3508773657592
110418175,106494175,thomas cook,2019,Fareham,RETAIL_HIGH_STREET,67500.0,39250.0,3880.8605702955224
110418175,73805175,thomas cook,2019,Fareham,RETAIL_HIGH_STREET,67500.0,38000.0,6545.956883903178
110569063,1813806000,prezzo,2018,Camden,RETAIL_RESTAURANTS_AND_CAFES,63000.0,61500.0,952.6670028742609
110569063,102514063,prezzo,2018,Camden,RETAIL_RESTAURANTS_AND_CAFES,63000.0,60500.0,914.4410326420824
110569063,105563063,prezzo,2018,Camden,RETAIL_RESTAURANTS_AND_CAFES,63000.0,60000.0,1738.7238187066812
110651173,110651173,arcadia,2020,Dorset,RETAIL_HIGH_STREET,16000.0,16000.0,36510.570624524466
110651173,12366831000,arcadia,2020,Dorset,RETAIL_HIGH_STREET,16000.0,16000.0,448.20748901756923
110651173,8870958000,arcadia,2020,Dorset,RETAIL_HIGH_STREET,16000.0,16000.0,38206.29672041657
111714012,20257012,wilko,2023,Cambridge,RETAIL_OTHER_SUPERSTORES_AND_WAREHOUSES,160000.0,162000.0,997.5807803689689
111714012,382200012,wilko,2023,Cambridge,RETAIL_OTHER_SUPERSTORES_AND_WAREHOUSES,160000.0,165000.0,507.00840882727886
111714012,382205012,wilko,2023,Cambridge,RETAIL_OTHER_SUPERSTORES_AND_WAREHOUSES,160000.0,169000.0,507.00840882727886
113001175,3690154000,body shop,2024,Fareham,INDUSTRIAL_GENERAL,8900.0,8900.0,1431.9559548882703
113001175,9594824000,body shop,2024,Fareham,INDUSTRIAL_GENERAL,8900.0,8900.0,2459.481177006472
113001175,10428280000,body shop,2024,Fareham,INDUSTRIAL_GENERAL,8900.0,8900.0,3205.1269801318936
116573216,12770216000,arcadia,2020,Wiltshire,RETAIL_HIGH_STREET,4050.0,4050.0,9153.471233431295
116573216,134408216,arcadia,2020,Wiltshire,RETAIL_HIGH_STREET,4050.0,4050.0,8959.260505182787
116573216,63732216,arcadia,2020,Wiltshire,RETAIL_HIGH_STREET,4050.0,4050.0,21150.399491269058
117034216,12538600000,thomas cook,2019,Wiltshire,RETAIL_HIGH_STREET,25000.0,25000.0,15334.704884196613
117034216,3328756000,thomas cook,2019,Wiltshire,RETAIL_HIGH_STREET,25000.0,25000.0,15334.704884196613
117034216,72205216,thomas cook,2019,Wiltshire,RETAIL_HIGH_STREET,25000.0,25000.0,17079.893450306146
117417012,932751000,thomas cook,2019,East Cambridgeshire,RETAIL_HIGH_STREET,28250.0,28250.0,8932.770608768542
117417012,10009278000,thomas cook,2019,East Cambridgeshire,RETAIL_HIGH_STREET,28250.0,26000.0,1243.1639896645338
117417012,92556012,thomas cook,2019,East Cambridgeshire,RETAIL_HIGH_STREET,28250.0,31000.0,6884.133817806633
119349072,14610798000,homebase,2024,Bromley,RETAIL_OTHER_SUPERSTORES_AND_WAREHOUSES,510000.0,490000.0,562.449589218465
119349072,13650298000,homebase,2024,Bromley,RETAIL_OTHER_SUPERSTORES_AND_WAREHOUSES,510000.0,487500.0,494.54077076055347
119349072,14886681000,homebase,2024,Bromley,RETAIL_OTHER_SUPERSTORES_AND_WAREHOUSES,510000.0,475000.0,562.449589218465
119851022,11681793000,wilko,2023,Harlow,RETAIL_HIGH_STREET,44250.0,50500.0,1517.2099647752616
119851022,9669092000,wilko,2023,Harlow,RETAIL_HIGH_STREET,44250.0,51500.0,402.49792516260976
119851022,881537022,wilko,2023,Harlow,RETAIL_HIGH_STREET,44250.0,51500.0,1681.5779463234549
119852022,9347363000,wilko,2023,Harlow,RETAIL_OTHER_SUPERSTORES_AND_WAREHOUSES,216000.0,203000.0,683.7339500045094
119852022,899006022,wilko,2023,Harlow,RETAIL_OTHER_SUPERSTORES_AND_WAREHOUSES,216000.0,182000.0,1020.1231540036694
119852022,883083022,wilko,2023,Harlow,RETAIL_OTHER_SUPERSTORES_AND_WAREHOUSES,216000.0,181000.0,1681.5779463234549
119892022,898839022,thomas cook,2019,Harlow,RETAIL_HIGH_STREET,62500.0,64000.0,1681.5779463234549
119892022,888250022,thomas cook,2019,Harlow,RETAIL_HIGH_STREET,62500.0,59500.0,1644.6240338032583
119892022,11835714000,thomas cook,2019,Harlow,RETAIL_HIGH_STREET,62500.0,76500.0,418.05559057232904
125841108,13024471000,wilko,2023,North Yorkshire,RETAIL_OTHER_SUPERSTORES_AND_WAREHOUSES,225000.0,222000.0,55107.16012420884
125841108,8639479000,wilko,2023,North Yorkshire,RETAIL_OTHER_SUPERSTORES_AND_WAREHOUSES,225000.0,221000.0,6282.039323666904
125841108,169621108,wilko,2023,North Yorkshire,RETAIL_OTHER_SUPERSTORES_AND_WAREHOUSES,225000.0,230000.0,2610.7363465980347
127191108,12090422000,arcadia,2020,North Yorkshire,LEISURE_BUDGET_HOTELS,7500.0,7500.0,43010.77173618447
127191108,13412209000,arcadia,2020,North Yorkshire,LEISURE_BUDGET_HOTELS,7500.0,7500.0,1244.18280236856
127191108,4061202000,arcadia,2020,North Yorkshire,LEISURE_BUDGET_HOTELS,7500.0,7500.0,38431.74997767741
130859239,9239743000,thomas cook,2019,Dudley,RETAIL_HIGH_STREET,20250.0,20250.0,2240.335031168558
130859239,6492237000,thomas cook,2019,Dudley,RETAIL_HIGH_STREET,20250.0,20250.0,1433.860259376948
130859239,203686239,thomas cook,2019,Dudley,RETAIL_HIGH_STREET,20250.0,20000.0,649.205751613263
132190171,276902171,wilko,2023,Rushmoor,RETAIL_OTHER_SUPERSTORES_AND_WAREHOUSES,110000.0,106000.0,737.5136278196293
132190171,6562098000,wilko,2023,Rushmoor,RETAIL_OTHER_SUPERSTORES_AND_WAREHOUSES,110000.0,119000.0,1764.1211460967663
132190171,6478610000,wilko,2023,Rushmoor,RETAIL_OTHER_SUPERSTORES_AND_WAREHOUSES,110000.0,135000.0,1764.1211460967663
132798105,240088108,paperchase,2023,North Yorkshire,RETAIL_HIGH_STREET,91000.0,92000.0,26564.915678397654
132798105,78100105,paperchase,2023,North Yorkshire,RETAIL_HIGH_STREET,91000.0,89500.0,38961.79778686177
132798105,78118105,paperchase,2023,North Yorkshire,RETAIL_HIGH_STREET,91000.0,88500.0,38961.79778686177
134136105,3421805000,prezzo,2018,North Yorkshire,RETAIL_RESTAURANTS_AND_CAFES,62500.0,62500.0,552.6027542276227
134136105,166044108,prezzo,2018,North Yorkshire,RETAIL_RESTAURANTS_AND_CAFES,62500.0,62500.0,36723.70452195251
134136105,140283105,prezzo,2018,North Yorkshire,RETAIL_RESTAURANTS_AND_CAFES,62500.0,62500.0,51126.362323986825
135071000,8833241000,debenhams,2020,Lincoln,RETAIL_OTHER_SUPERSTORES_AND_WAREHOUSES,600000.0,515000.0,774.2972677360771
135071000,11029336000,debenhams,2020,Lincoln,RETAIL_OTHER_SUPERSTORES_AND_WAREHOUSES,600000.0,482500.0,3363.410029989978
135071000,7595974000,debenhams,2020,Lincoln,RETAIL_OTHER_SUPERSTORES_AND_WAREHOUSES,600000.0,457500.0,737.4524557558572
136620113,14392553000,maplin,2018,Manchester,RETAIL_HIGH_STREET,39250.0,39500.0,4664.57681287436
136620113,12567386000,maplin,2018,Manchester,RETAIL_HIGH_STREET,39250.0,39500.0,694.5220055146132
136620113,238047113,maplin,2018,Manchester,RETAIL_HIGH_STREET,39250.0,38750.0,3743.365511712435
137062105,8704792000,body shop,2024,North Yorkshire,RETAIL_HIGH_STREET,20250.0,20250.0,15980.492034826497
137062105,4470098000,body shop,2024,North Yorkshire,RETAIL_HIGH_STREET,20250.0,20250.0,24726.290860944155
137062105,11457045000,body shop,2024,North Yorkshire,RETAIL_HIGH_STREET,20250.0,20250.0,24645.99368916911
137305022,120144022,arcadia,2020,Harlow,RETAIL_HIGH_STREET,7200.0,7200.0,1524.74235393012
137305022,137361022,arcadia,2020,Harlow,RETAIL_HIGH_STREET,7200.0,7200.0,803.4869703446923
137305022,11391480000,arcadia,2020,Harlow,RETAIL_HIGH_STREET,7200.0,7200.0,1677.393452249608
137306022,137306022,arcadia,2020,Harlow,RETAIL_HIGH_STREET,12750.0,12750.0,727.3745441195603
137306022,137255022,arcadia,2020,Harlow,RETAIL_HIGH_STREET,12750.0,12750.0,786.6159768790131
137306022,9950112000,arcadia,2020,Harlow,RETAIL_HIGH_STREET,12750.0,12500.0,2386.57849704005
137336241,179857241,paperchase,2023,Bradford,RETAIL_HIGH_STREET,34750.0,35000.0,606.8692988756796
137336241,11371241000,paperchase,2023,Bradford,RETAIL_HIGH_STREET,34750.0,35000.0,2357.1570536912877
137336241,7229911000,paperchase,2023,Bradford,RETAIL_HIGH_STREET,34750.0,35000.0,1521.4458329042868
137469108,7286529000,thomas cook,2019,North Yorkshire,RETAIL_HIGH_STREET,16250.0,16250.0,1244.18280236856
137469108,2866079000,thomas cook,2019,North Yorkshire,RETAIL_HIGH_STREET,16250.0,16250.0,26519.900468049607
137469108,12984745000,thomas cook,2019,North Yorkshire,RETAIL_HIGH_STREET,16250.0,16250.0,27771.42349922989
139920216,2773768000,debenhams,2020,Swindon,RETAIL_OTHER_SUPERSTORES_AND_WAREHOUSES,750000.0,750000.0,3871.196142666126
139920216,5312958000,debenhams,2020,Swindon,RETAIL_OTHER_SUPERSTORES_AND_WAREHOUSES,750000.0,785000.0,759.9423919794496
139920216,9216371000,debenhams,2020,Swindon,RETAIL_OTHER_SUPERSTORES_AND_WAREHOUSES,750000.0,805000.0,2053.52280525812
140588216,8045020000,thomas cook,2019,Wiltshire,RETAIL_HIGH_STREET,23250.0,23250.0,7794.908774871941
140588216,12699275000,thomas cook,2019,Wiltshire,RETAIL_HIGH_STREET,23250.0,23250.0,9024.381430870879
140588216,8349633000,thomas cook,2019,Wiltshire,RETAIL_HIGH_STREET,23250.0,23500.0,16434.96672421512
140730216,12857090000,prezzo,2018,Wiltshire,RETAIL_HIGH_STREET,26500.0,26500.0,27947.403742479506
140730216,9157927000,prezzo,2018,Wiltshire,RETAIL_HIGH_STREET,26500.0,26250.0,1542.3800487424717
140730216,1281151000,prezzo,2018,Wiltshire,RETAIL_HIGH_STREET,26500.0,26250.0,2412.646200037771
141097211,2021846000,body shop,2024,South Gloucestershire,RETAIL_HIGH_STREET,53000.0,53500.0,12701.753533227922
141097211,160228211,body shop,2024,South Gloucestershire,RETAIL_HIGH_STREET,53000.0,52000.0,3904.675865448608
141097211,1022601000,body shop,2024,South Gloucestershire,RETAIL_HIGH_STREET,53000.0,54000.0,2239.4264485088265
141643216,12485387000,wilko,2023,Wiltshire,RETAIL_OTHER_SUPERSTORES_AND_WAREHOUSES,105000.0,105000.0,1693.1760845645204
141643216,12583401000,wilko,2023,Wiltshire,RETAIL_OTHER_SUPERSTORES_AND_WAREHOUSES,105000.0,103000.0,7678.747863011967
141643216,6421222000,wilko,2023,Wiltshire,RETAIL_OTHER_SUPERSTORES_AND_WAREHOUSES,105000.0,103000.0,1519.0427492029885
142095173,11276288000,body shop,2024,Dorset,INDUSTRIAL_GENERAL,13250.0,13250.0,20762.02118770665
142095173,12683142000,body shop,2024,Dorset,INDUSTRIAL_GENERAL,13250.0,13250.0,1761.8302974666474
142095173,11278175000,body shop,2024,Dorset,INDUSTRIAL_GENERAL,13250.0,13250.0,33043.472338119456
142182000,9005461000,bhs,2016,South Gloucestershire,RETAIL_OTHER_SUPERSTORES_AND_WAREHOUSES,1300000.0,1090000.0,2865.341841151063
142182000,7077319000,bhs,2016,South Gloucestershire,RETAIL_OTHER_SUPERSTORES_AND_WAREHOUSES,1300000.0,1520000.0,1141.1910459890914
142182000,14788275000,bhs,2016,South Gloucestershire,RETAIL_OTHER_SUPERSTORES_AND_WAREHOUSES,1300000.0,1540000.0,434.7871944066753
142182104,12567924000,wilko,2023,County Durham,RETAIL_OTHER_SUPERSTORES_AND_WAREHOUSES,270000.0,267500.0,7191.980529880868
142182104,11800304000,wilko,2023,County Durham,RETAIL_OTHER_SUPERSTORES_AND_WAREHOUSES,270000.0,265000.0,902.3447790035334
142182104,9680111000,wilko,2023,County Durham,RETAIL_OTHER_SUPERSTORES_AND_WAREHOUSES,270000.0,262500.0,1022.4701487021721
142211000,11045947000,paperchase,2023,South Gloucestershire,RETAIL_HIGH_STREET,231000.0,124000.0,3967.9395236662367
142211000,155845211,paperchase,2023,South Gloucestershire,RETAIL_HIGH_STREET,231000.0,118000.0,1627.9702764397787
142211000,10195484000,paperchase,2023,South Gloucestershire,RETAIL_HIGH_STREET,231000.0,103000.0,3582.532633745633
142215000,103061211,body shop,2024,South Gloucestershire,RETAIL_HIGH_STREET,219000.0,103000.0,1627.9702764397787
142215000,6557642000,body shop,2024,South Gloucestershire,RETAIL_HIGH_STREET,219000.0,102000.0,1652.6624458729118
142215000,580493000,body shop,2024,South Gloucestershire,RETAIL_HIGH_STREET,219000.0,100000.0,2239.4264485088265
142407000,14860745000,thomas cook,2019,South Gloucestershire,RETAIL_HIGH_STREET,232000.0,92500.0,935.4945394503227
142407000,14087773000,thomas cook,2019,South Gloucestershire,RETAIL_HIGH_STREET,232000.0,92000.0,3320.8002546744406
142407000,14594239000,thomas cook,2019,South Gloucestershire,RETAIL_HIGH_STREET,232000.0,83000.0,1925.2945823965597
142470000,193542211,arcadia,2020,South Gloucestershire,RETAIL_HIGH_STREET,650000.0,82000.0,10184.744782453816
142470000,14564713000,arcadia,2020,South Gloucestershire,RETAIL_HIGH_STREET,650000.0,82000.0,9999.569882822274
142470000,14802200000,arcadia,2020,South Gloucestershire,RETAIL_HIGH_STREET,650000.0,82000.0,1652.6624458729118
143064045,10120471000,body shop,2024,North Northamptonshire,RETAIL_HIGH_STREET,45250.0,45000.0,724.8921721915905
143064045,10867977000,body shop,2024,North Northamptonshire,RETAIL_HIGH_STREET,45250.0,45000.0,1025.4662196971033
143064045,12728799000,body shop,2024,North Northamptonshire,RETAIL_HIGH_STREET,45250.0,46000.0,2073.7741397690133
143855011,10924590000,frankie&bennys,2020,Central Bedfordshire,RETAIL_HIGH_STREET,12000.0,12000.0,16922.593172035977
143855011,5539207000,frankie&bennys,2020,Central Bedfordshire,RETAIL_HIGH_STREET,12000.0,12000.0,728.3679477495336
143855011,278167011,frankie&bennys,2020,Central Bedfordshire,RETAIL_HIGH_STREET,12000.0,12000.0,9226.482449267509
144698045,2784573000,arcadia,2020,North Northamptonshire,RETAIL_HIGH_STREET,51000.0,49000.0,5532.316812798238
144698045,12136878000,arcadia,2020,North Northamptonshire,RETAIL_HIGH_STREET,51000.0,46750.0,2073.7741397690133
144698045,12235207000,arcadia,2020,North Northamptonshire,RETAIL_HIGH_STREET,51000.0,46750.0,2073.7741397690133
144846254,181562254,body shop,2024,East Riding of Yorkshire,RETAIL_HIGH_STREET,17750.0,17750.0,6432.746069754042
144846254,14595753000,body shop,2024,East Riding of Yorkshire,RETAIL_HIGH_STREET,17750.0,17750.0,44229.91043613867
144846254,644342000,body shop,2024,East Riding of Yorkshire,RETAIL_HIGH_STREET,17750.0,17750.0,24726.367842303516
147703241,3899541000,thomas cook,2019,Bradford,RETAIL_HIGH_STREET,49000.0,49750.0,1813.9416086525905
147703241,1734654000,thomas cook,2019,Bradford,RETAIL_HIGH_STREET,49000.0,50000.0,2568.4905245764935
147703241,11616022000,thomas cook,2019,Bradford,RETAIL_HIGH_STREET,49000.0,47500.0,772.014417611855
148166183,7101900000,wilko,2023,North Devon,RETAIL_OTHER_SUPERSTORES_AND_WAREHOUSES,214000.0,203000.0,1656.7934972897388
148166183,6487860000,wilko,2023,North Devon,RETAIL_OTHER_SUPERSTORES_AND_WAREHOUSES,214000.0,231000.0,933.7463119004531
148166183,8788825000,wilko,2023,North Devon,RETAIL_OTHER_SUPERSTORES_AND_WAREHOUSES,214000.0,192000.0,17561.1847946645
148811162,142097162,arcadia,2020,Buckinghamshire,RETAIL_HIGH_STREET,8000.0,8000.0,11146.052510189556
148811162,11367341000,arcadia,2020,Buckinghamshire,RETAIL_HIGH_STREET,8000.0,8000.0,6434.416638309033
148811162,2918810000,arcadia,2020,Buckinghamshire,RETAIL_HIGH_STREET,8000.0,8000.0,6046.866278619798
150027216,11013539000,prezzo,2018,Wiltshire,OFFICE_GENERAL,3650.0,3650.0,7151.735583113448
150027216,8599761000,prezzo,2018,Wiltshire,OFFICE_GENERAL,3650.0,3650.0,3382.0408836720267
150027216,274946216,prezzo,2018,Wiltshire,OFFICE_GENERAL,3650.0,3650.0,5961.446530090279
150030216,13237912000,prezzo,2018,Wiltshire,OFFICE_GENERAL,2300.0,2300.0,11776.153577119157
150030216,347044216,prezzo,2018,Wiltshire,OFFICE_GENERAL,2300.0,2300.0,6819.91175690043
150030216,13237875000,prezzo,2018,Wiltshire,OFFICE_GENERAL,2300.0,2300.0,11776.153577119157
150224163,12353126000,paperchase,2023,South Oxfordshire,RETAIL_HIGH_STREET,31250.0,32000.0,11875.59024970899
150224163,9167420000,paperchase,2023,South Oxfordshire,RETAIL_HIGH_STREET,31250.0,30250.0,7965.8066865671
150224163,15028438000,paperchase,2023,South Oxfordshire,RETAIL_HIGH_STREET,31250.0,30000.0,7384.265561555643
150224212,331517212,strada,2018,"Bristol, City of",RETAIL_HIGH_STREET,12000.0,12000.0,1169.732866114639
150224212,15021416000,strada,2018,"Bristol, City of",RETAIL_HIGH_STREET,12000.0,12000.0,944.7681971197628
150224212,163661212,strada,2018,"Bristol, City of",RETAIL_HIGH_STREET,12000.0,12000.0,4307.641293846197
150333216,8101628000,homebase,2024,Wiltshire,RETAIL_OTHER_SUPERSTORES_AND_WAREHOUSES,515000.0,515000.0,13179.162019011841
150333216,11260544000,homebase,2024,Wiltshire,RETAIL_OTHER_SUPERSTORES_AND_WAREHOUSES,515000.0,520000.0,6089.451580908228
150333216,8834333000,homebase,2024,Wiltshire,RETAIL_OTHER_SUPERSTORES_AND_WAREHOUSES,515000.0,530000.0,898.0117064462488
152400254,162810254,thomas cook,2019,East Riding of Yorkshire,RETAIL_HIGH_STREET,45750.0,46000.0,30877.79350156026
152400254,7736461000,thomas cook,2019,East Riding of Yorkshire,RETAIL_HIGH_STREET,45750.0,46250.0,31016.313510051106
152400254,345168254,thomas cook,2019,East Riding of Yorkshire,RETAIL_HIGH_STREET,45750.0,45000.0,31189.257337062765
152553127,6185408000,arcadia,2020,Cumberland,RETAIL_HIGH_STREET,49750.0,49500.0,26794.224227581813
152553127,146739124,arcadia,2020,Cumberland,RETAIL_HIGH_STREET,49750.0,49000.0,26444.309130338188
152553127,14074502000,arcadia,2020,Cumberland,RETAIL_HIGH_STREET,49750.0,50500.0,26648.09376206913
154181173,14300173,body shop,2024,Dorset,RETAIL_HIGH_STREET,19250.0,19250.0,22625.413763385008
154181173,5392035000,body shop,2024,Dorset,RETAIL_HIGH_STREET,19250.0,19250.0,26653.854346967957
154181173,42504173,body shop,2024,Dorset,RETAIL_HIGH_STREET,19250.0,19250.0,35121.03355520422
155198171,10856222000,arcadia,2020,Basingstoke and Deane,RETAIL_RESTAURANTS_AND_CAFES,10000.0,10000.0,7016.8711227929925
155198171,195259171,arcadia,2020,Basingstoke and Deane,RETAIL_RESTAURANTS_AND_CAFES,10000.0,10000.0,10410.970513171635
155198171,155198171,arcadia,2020,Basingstoke and Deane,RETAIL_RESTAURANTS_AND_CAFES,10000.0,10000.0,17961.21300930423
155747241,11270256000,arcadia,2020,Bradford,RETAIL_HIGH_STREET,85000.0,81500.0,1687.9293215521343
155747241,8998317000,arcadia,2020,Bradford,RETAIL_HIGH_STREET,85000.0,81500.0,832.0646992162197
155747241,193409241,arcadia,2020,Bradford,RETAIL_HIGH_STREET,85000.0,80500.0,606.8692988756796
155751241,12007315000,body shop,2024,Bradford,RETAIL_HIGH_STREET,54500.0,54000.0,684.5907351697085
155751241,14015597000,body shop,2024,Bradford,RETAIL_HIGH_STREET,54500.0,53500.0,951.200108741029
155751241,9870920000,body shop,2024,Bradford,RETAIL_HIGH_STREET,54500.0,55500.0,772.014417611855
159147148,186504148,maplin,2018,Tunbridge Wells,RETAIL_HIGH_STREET,71500.0,72000.0,568.193691811013
159147148,8785810000,maplin,2018,Tunbridge Wells,RETAIL_HIGH_STREET,71500.0,68500.0,714.797039706936
159147148,7764877000,maplin,2018,Tunbridge Wells,RETAIL_HIGH_STREET,71500.0,76000.0,3282.2280406891796
161487186,178660186,thomas cook,2019,Somerset,RETAIL_HIGH_STREET,43250.0,43750.0,11026.169238829742
161487186,90381183,thomas cook,2019,Somerset,RETAIL_HIGH_STREET,43250.0,44000.0,33472.7876241556
161487186,3393048000,thomas cook,2019,Somerset,RETAIL_HIGH_STREET,43250.0,42250.0,7641.137490417217
163013148,5468415000,thomas cook,2019,Tunbridge Wells,RETAIL_HIGH_STREET,58500.0,62000.0,1879.818726017303
163013148,9854043000,thomas cook,2019,Tunbridge Wells,RETAIL_HIGH_STREET,58500.0,63000.0,874.912068913385
163013148,9390413000,thomas cook,2019,Tunbridge Wells,RETAIL_HIGH_STREET,58500.0,64500.0,2418.8722224526027
163472152,99095152,prezzo,2018,Guildford,RETAIL_RESTAURANTS_AND_CAFES,94000.0,90000.0,4041.9332135410978
163472152,163153152,prezzo,2018,Guildford,RETAIL_RESTAURANTS_AND_CAFES,94000.0,90000.0,2815.6091470074834
163472152,15047252000,prezzo,2018,Guildford,RETAIL_RESTAURANTS_AND_CAFES,94000.0,100500.0,10427.852016568899
164143108,3436370000,arcadia,2020,York,RETAIL_HIGH_STREET,322500.0,106000.0,2036.0285933712912
164143108,1515933000,arcadia,2020,York,RETAIL_HIGH_STREET,322500.0,90000.0,587.1595677871509
164143108,4086689000,arcadia,2020,York,RETAIL_HIGH_STREET,322500.0,52000.0,1157.0768490239348
164147108,47919108,arcadia,2020,York,OTHER_PUBLIC,22250.0,22250.0,1384.4002135150986
164147108,9808921000,arcadia,2020,York,OTHER_PUBLIC,22250.0,22250.0,1664.1106319054436
164147108,165446108,arcadia,2020,York,OTHER_PUBLIC,22250.0,22250.0,1930.9184056966144
164703192,8871429000,thomas cook,2019,Cardiff,RETAIL_HIGH_STREET,104000.0,112000.0,1072.170867449694
164703192,159995192,thomas cook,2019,Cardiff,RETAIL_HIGH_STREET,104000.0,94500.0,1079.5709065166025
164703192,4375407000,thomas cook,2019,Cardiff,RETAIL_HIGH_STREET,104000.0,88000.0,1727.6233564247384
164911192,8789713000,debenhams,2020,Cardiff,RETAIL_OTHER_SUPERSTORES_AND_WAREHOUSES,1690000.0,1690000.0,453.15156136803887
164911192,8894199000,debenhams,2020,Cardiff,RETAIL_OTHER_SUPERSTORES_AND_WAREHOUSES,1690000.0,1750000.0,2783.980691354063
164911192,13118948000,debenhams,2020,Cardiff,RETAIL_OTHER_SUPERSTORES_AND_WAREHOUSES,1690000.0,1580000.0,2783.980691354063
165439108,254000000,carluccios,2020,York,RETAIL_HIGH_STREET,67500.0,47500.0,2677.4007565103543
165439108,3876803000,carluccios,2020,York,RETAIL_HIGH_STREET,67500.0,47000.0,2644.565035810616
165439108,9732456000,carluccios,2020,York,RETAIL_HIGH_STREET,67500.0,44250.0,2820.4347434248216
165440108,8144915000,carluccios,2020,York,RETAIL_FINANCIAL_AND_PROFESSIONAL_SERVICES,140000.0,40500.0,2698.853986909453
165440108,4248923000,carluccios,2020,York,RETAIL_FINANCIAL_AND_PROFESSIONAL_SERVICES,140000.0,37250.0,2698.853986909453
165440108,193244108,carluccios,2020,York,RETAIL_FINANCIAL_AND_PROFESSIONAL_SERVICES,140000.0,30500.0,2577.348411872708
165656108,957335000,cath kidston,2020,York,RETAIL_HIGH_STREET,81500.0,41750.0,1735.5917743932714
165656108,8453594000,cath kidston,2020,York,RETAIL_HIGH_STREET,81500.0,41500.0,1157.0768490239348
165656108,10476452000,cath kidston,2020,York,RETAIL_HIGH_STREET,81500.0,40750.0,493.8864486135844
165762046,11684885000,thomas cook,2019,Charnwood,RETAIL_HIGH_STREET,52000.0,29250.0,3915.0480439991966
165762046,6419956000,thomas cook,2019,Charnwood,RETAIL_HIGH_STREET,52000.0,27250.0,510.84266540354315
165762046,5520697000,thomas cook,2019,Charnwood,RETAIL_HIGH_STREET,52000.0,25750.0,2331.5024523170578
166419104,13158740000,poundworld,2018,County Durham,RETAIL_OTHER_SUPERSTORES_AND_WAREHOUSES,102000.0,103000.0,2765.579973268365
166419104,12100192000,poundworld,2018,County Durham,RETAIL_OTHER_SUPERSTORES_AND_WAREHOUSES,102000.0,103000.0,2101.059186977004
166419104,10402656000,poundworld,2018,County Durham,RETAIL_OTHER_SUPERSTORES_AND_WAREHOUSES,102000.0,105000.0,5654.388384878048
166428104,142261104,poundworld,2018,County Durham,RETAIL_HIGH_STREET,40250.0,40250.0,5619.982453960152
166428104,9441215000,poundworld,2018,County Durham,RETAIL_HIGH_STREET,40250.0,40250.0,5753.113578896516
166428104,583724000,poundworld,2018,County Durham,RETAIL_HIGH_STREET,40250.0,40000.0,6061.35582727854
166601104,8850319000,arcadia,2020,County Durham,RETAIL_HIGH_STREET,45500.0,46250.0,11634.94287432087
166601104,9236207000,arcadia,2020,County Durham,RETAIL_HIGH_STREET,45500.0,44500.0,1261.0730103847823
166601104,682075104,arcadia,2020,County Durham,RETAIL_HIGH_STREET,45500.0,44000.0,18312.45005665057
166602104,3121559000,thomas cook,2019,County Durham,RETAIL_HIGH_STREET,23750.0,23600.0,1131.0066186117806
166602104,719475104,thomas cook,2019,County Durham,RETAIL_HIGH_STREET,23750.0,24000.0,8857.025657507682
166602104,9642009000,thomas cook,2019,County Durham,RETAIL_HIGH_STREET,23750.0,24000.0,8876.448405558564
167113108,119405108,frankie&bennys,2020,North Yorkshire,RETAIL_RESTAURANTS_AND_CAFES,18500.0,18500.0,833.3232358345093
167113108,11491071000,frankie&bennys,2020,North Yorkshire,RETAIL_RESTAURANTS_AND_CAFES,18500.0,18500.0,39115.81719063719
167113108,3063089000,frankie&bennys,2020,North Yorkshire,RETAIL_RESTAURANTS_AND_CAFES,18500.0,18450.0,3872.58497750044
168571147,398331147,wilko,2023,Dartford,RETAIL_OTHER_SUPERSTORES_AND_WAREHOUSES,198000.0,173000.0,3352.50488038898
168571147,400138000,wilko,2023,Dartford,RETAIL_OTHER_SUPERSTORES_AND_WAREHOUSES,198000.0,226000.0,719.7506149674159
168571147,7990073000,wilko,2023,Dartford,RETAIL_OTHER_SUPERSTORES_AND_WAREHOUSES,198000.0,234000.0,1080.107298144883
169809192,758128000,thomas cook,2019,Cardiff,INDUSTRIAL_LIGHT,680.0,670.0,3426.5229044661833
169809192,158658192,thomas cook,2019,Cardiff,INDUSTRIAL_LIGHT,680.0,720.0,2405.6603777253918
169809192,169806192,thomas cook,2019,Cardiff,INDUSTRIAL_LIGHT,680.0,630.0,1378.2354428715087
170305232,15061810000,wilko,2023,East Staffordshire,OTHER_PUBLIC,6400.0,6300.0,921.2556151777655
170305232,7073304000,wilko,2023,East Staffordshire,OTHER_PUBLIC,6400.0,6300.0,1020.1198308537159
170305232,5136357000,wilko,2023,East Staffordshire,OTHER_PUBLIC,6400.0,6600.0,7225.570791096741
170813108,136222105,arcadia,2020,North Yorkshire,RETAIL_HIGH_STREET,1050.0,1050.0,12342.642936940236
170813108,8532839000,arcadia,2020,North Yorkshire,RETAIL_HIGH_STREET,1050.0,1050.0,21137.932502975436
170813108,12500748000,arcadia,2020,North Yorkshire,RETAIL_HIGH_STREET,1050.0,1050.0,37691.27057216119
170964108,14280958000,arcadia,2020,North Yorkshire,RETAIL_HIGH_STREET,12500.0,12500.0,966.1619229043853
170964108,13875511000,arcadia,2020,North Yorkshire,RETAIL_HIGH_STREET,12500.0,12500.0,966.1619229043853
170964108,99157105,arcadia,2020,North Yorkshire,RETAIL_HIGH_STREET,12500.0,12500.0,15840.33796793135
171517144,14185385000,arcadia,2020,Eastbourne,RETAIL_HIGH_STREET,83000.0,92000.0,1461.0329791012807
171517144,2197983000,arcadia,2020,Eastbourne,RETAIL_HIGH_STREET,83000.0,63500.0,1520.6653097408682
171517144,13484773000,arcadia,2020,Eastbourne,RETAIL_HIGH_STREET,83000.0,59000.0,1910.1559056678095
171521144,12831786000,thomas cook,2019,Eastbourne,RETAIL_HIGH_STREET,87000.0,114000.0,1520.6653097408682
171521144,12164621000,thomas cook,2019,Eastbourne,RETAIL_HIGH_STREET,87000.0,54000.0,1579.3029224724946
171521144,171037144,thomas cook,2019,Eastbourne,RETAIL_HIGH_STREET,87000.0,53000.0,1520.6653097408682
173235192,180793196,frankie&bennys,2020,Cardiff,RETAIL_HIGH_STREET,5100.0,5100.0,5708.194808456859
173235192,76137192,frankie&bennys,2020,Cardiff,RETAIL_HIGH_STREET,5100.0,5100.0,2650.0641649502813
173235192,20395192,frankie&bennys,2020,Cardiff,RETAIL_HIGH_STREET,5100.0,5100.0,1065.1047129018214
173353163,12408961000,thomas cook,2019,South Oxfordshire,RETAIL_HIGH_STREET,10750.0,10750.0,11768.166705101845
173353163,158784163,thomas cook,2019,South Oxfordshire,RETAIL_HIGH_STREET,10750.0,10750.0,7938.572278293645
173353163,12719045000,thomas cook,2019,South Oxfordshire,RETAIL_HIGH_STREET,10750.0,10750.0,11768.166705101845
173456237,7441561000,paperchase,2023,Warwick,RETAIL_HIGH_STREET,73000.0,70500.0,2116.260335851509
173456237,8788321000,paperchase,2023,Warwick,RETAIL_HIGH_STREET,73000.0,66500.0,2089.6503318243413
173456237,14212949000,paperchase,2023,Warwick,RETAIL_HIGH_STREET,73000.0,63000.0,2577.922796497778
173483163,40674163,homebase,2024,South Oxfordshire,RETAIL_HIGH_STREET,0.0,0.0,7511.905877127367
173483163,796585000,homebase,2024,South Oxfordshire,RETAIL_HIGH_STREET,0.0,0.0,7511.905877127367
173483163,15068243000,homebase,2024,South Oxfordshire,RETAIL_HIGH_STREET,0.0,255.0,11181.277051425006
174066144,56482144,prezzo,2018,Eastbourne,RETAIL_RESTAURANTS_AND_CAFES,47250.0,49000.0,1937.3353869338082
174066144,15032711000,prezzo,2018,Eastbourne,RETAIL_RESTAURANTS_AND_CAFES,47250.0,45000.0,844.7685320596934
174066144,764522000,prezzo,2018,Eastbourne,RETAIL_RESTAURANTS_AND_CAFES,47250.0,52000.0,1579.3029224724946
174120237,43433237,thomas cook,2019,Warwick,RETAIL_HIGH_STREET,16000.0,16000.0,2743.7242302542454
174120237,1994109000,thomas cook,2019,Warwick,RETAIL_HIGH_STREET,16000.0,16000.0,1254.0206842541036
174120237,44813237,thomas cook,2019,Warwick,RETAIL_HIGH_STREET,16000.0,16000.0,2968.004456310738
174607152,8022653000,homebase,2024,Guildford,RETAIL_OTHER_SUPERSTORES_AND_WAREHOUSES,1280000.0,1200000.0,1136.5454545314558
174607152,11311226000,homebase,2024,Guildford,RETAIL_OTHER_SUPERSTORES_AND_WAREHOUSES,1280000.0,1150000.0,1206.0027986403993
174607152,13354961000,homebase,2024,Guildford,RETAIL_OTHER_SUPERSTORES_AND_WAREHOUSES,1280000.0,840000.0,1315.1103703492092
175136016,177944016,wilko,2023,North Northamptonshire,RETAIL_OTHER_SUPERSTORES_AND_WAREHOUSES,160000.0,161000.0,7132.598731594288
175136016,260714045,wilko,2023,North Northamptonshire,RETAIL_OTHER_SUPERSTORES_AND_WAREHOUSES,160000.0,161000.0,2027.2056191836186
175136016,11919295000,wilko,2023,North Northamptonshire,RETAIL_OTHER_SUPERSTORES_AND_WAREHOUSES,160000.0,157000.0,2211.360829933808
175180016,118140045,wilko,2023,North Northamptonshire,RETAIL_RESTAURANTS_AND_CAFES,7500.0,7500.0,1340.6792784852178
175180016,247818045,wilko,2023,North Northamptonshire,RETAIL_RESTAURANTS_AND_CAFES,7500.0,7500.0,6769.28667573863
175180016,230927045,wilko,2023,North Northamptonshire,RETAIL_RESTAURANTS_AND_CAFES,7500.0,7500.0,1199.0168206749968
175181016,179940045,wilko,2023,North Northamptonshire,RETAIL_HIGH_STREET,7700.0,7700.0,542.7149642428171
175181016,124394000,wilko,2023,North Northamptonshire,RETAIL_HIGH_STREET,7700.0,7700.0,1541.3424280557201
175181016,7858677000,wilko,2023,North Northamptonshire,RETAIL_HIGH_STREET,7700.0,7700.0,5432.383383346798
176693108,8789513000,debenhams,2020,North Yorkshire,RETAIL_OTHER_SUPERSTORES_AND_WAREHOUSES,480000.0,472500.0,39536.63843680963
176693108,11588951000,debenhams,2020,North Yorkshire,RETAIL_OTHER_SUPERSTORES_AND_WAREHOUSES,480000.0,447500.0,47523.96576888013
176693108,2349438000,debenhams,2020,North Yorkshire,RETAIL_OTHER_SUPERSTORES_AND_WAREHOUSES,480000.0,435000.0,21055.959194455707
176894186,178669186,thomas cook,2019,Somerset,RETAIL_HIGH_STREET,8000.0,8000.0,10937.370460479884
176894186,13724750000,thomas cook,2019,Somerset,RETAIL_HIGH_STREET,8000.0,8000.0,1718.7882838041496
176894186,141397186,thomas cook,2019,Somerset,RETAIL_HIGH_STREET,8000.0,8000.0,9144.46831969743
177304126,11479800000,bhs,2016,Preston,RETAIL_OTHER_SUPERSTORES_AND_WAREHOUSES,525000.0,555000.0,2256.4044412570847
177304126,13235210000,bhs,2016,Preston,RETAIL_OTHER_SUPERSTORES_AND_WAREHOUSES,525000.0,570000.0,760.2436458491962
177304126,12137573000,bhs,2016,Preston,RETAIL_OTHER_SUPERSTORES_AND_WAREHOUSES,525000.0,447500.0,723.5190725490047
177516125,135867125,thomas cook,2019,Lancaster,RETAIL_HIGH_STREET,8900.0,8900.0,8952.216854616949
177516125,181296125,thomas cook,2019,Lancaster,RETAIL_HIGH_STREET,8900.0,8800.0,2251.000302064846
177516125,176175125,thomas cook,2019,Lancaster,RETAIL_HIGH_STREET,8900.0,8800.0,834.4383564829035
177570045,3994792000,wilko,2023,North Northamptonshire,RETAIL_OTHER_SUPERSTORES_AND_WAREHOUSES,207000.0,207000.0,1008.2960284658399
177570045,263080045,wilko,2023,North Northamptonshire,RETAIL_OTHER_SUPERSTORES_AND_WAREHOUSES,207000.0,208000.0,1537.0675691057963
177570045,11074390000,wilko,2023,North Northamptonshire,RETAIL_OTHER_SUPERSTORES_AND_WAREHOUSES,207000.0,199000.0,1894.6068597410185
177719182,2426987000,debenhams,2020,Torbay,RETAIL_OTHER_SUPERSTORES_AND_WAREHOUSES,150000.0,152000.0,2466.4545921815784
177719182,12409663000,debenhams,2020,Torbay,RETAIL_OTHER_SUPERSTORES_AND_WAREHOUSES,150000.0,153000.0,6510.749844191742
177719182,12453790000,debenhams,2020,Torbay,RETAIL_OTHER_SUPERSTORES_AND_WAREHOUSES,150000.0,161000.0,2930.0316000602133
177759023,14762807000,prezzo,2018,Braintree,RETAIL_RESTAURANTS_AND_CAFES,48250.0,48500.0,1288.6121806770157
177759023,88006023,prezzo,2018,Braintree,RETAIL_RESTAURANTS_AND_CAFES,48250.0,46650.0,4182.510234940997
177759023,1183253000,prezzo,2018,Braintree,RETAIL_RESTAURANTS_AND_CAFES,48250.0,46000.0,3701.295256487089
178624186,9067683000,thomas cook,2019,Somerset,RETAIL_HIGH_STREET,24500.0,24500.0,1889.0220122567387
178624186,12621096000,thomas cook,2019,Somerset,RETAIL_HIGH_STREET,24500.0,24500.0,1048.8929786936176
178624186,5218641000,thomas cook,2019,Somerset,RETAIL_HIGH_STREET,24500.0,24500.0,22032.37438213247
178641016,7138396000,body shop,2024,Peterborough,RETAIL_HIGH_STREET,123000.0,107000.0,3374.322439121687
178641016,8939763000,body shop,2024,Peterborough,RETAIL_HIGH_STREET,123000.0,144000.0,1622.0813053347788
178641016,10188559000,body shop,2024,Peterborough,RETAIL_HIGH_STREET,123000.0,93000.0,409.21373430777766
178685016,14809359000,thomas cook,2019,Peterborough,RETAIL_HIGH_STREET,103000.0,57500.0,409.21373430777766
178685016,11380602000,thomas cook,2019,Peterborough,RETAIL_HIGH_STREET,103000.0,57000.0,850.5999231161428
178685016,12699701000,thomas cook,2019,Peterborough,RETAIL_HIGH_STREET,103000.0,53500.0,2124.3605870209317
178774126,4577140000,body shop,2024,Preston,RETAIL_HIGH_STREET,65000.0,58000.0,708.5783818461682
178774126,849451000,body shop,2024,Preston,RETAIL_HIGH_STREET,65000.0,56500.0,2534.905629989754
178774126,9784361000,body shop,2024,Preston,RETAIL_HIGH_STREET,65000.0,56000.0,3383.726399153148
180078172,12762874000,frankie&bennys,2020,"Bournemouth, Christchurch and Poole",OFFICE_GENERAL,7500.0,7500.0,814.743137093714
180078172,294469172,frankie&bennys,2020,"Bournemouth, Christchurch and Poole",OFFICE_GENERAL,7500.0,7500.0,1218.7210714910684
180078172,181211172,frankie&bennys,2020,"Bournemouth, Christchurch and Poole",OFFICE_GENERAL,7500.0,7500.0,935.6946366955302
180124184,6590527000,frankie&bennys,2020,Plymouth,LEISURE_AMUSEMENT_AND_ENTERTAINMENT_CENTRES,15500.0,15000.0,3485.084968584541
180124184,10689810000,frankie&bennys,2020,Plymouth,LEISURE_AMUSEMENT_AND_ENTERTAINMENT_CENTRES,15500.0,15000.0,1860.8143221599962
180124184,182402184,frankie&bennys,2020,Plymouth,LEISURE_AMUSEMENT_AND_ENTERTAINMENT_CENTRES,15500.0,16750.0,1236.6674344171852
180275046,12797386000,thomas cook,2019,Charnwood,RETAIL_HIGH_STREET,6800.0,6800.0,510.84266540354315
180275046,11994272000,thomas cook,2019,Charnwood,RETAIL_HIGH_STREET,6800.0,6800.0,5919.364299264044
180275046,8765220000,thomas cook,2019,Charnwood,RETAIL_HIGH_STREET,6800.0,6800.0,2006.5200722704092
180875163,180693163,cafe rouge,2020,South Oxfordshire,RETAIL_RESTAURANTS_AND_CAFES,34000.0,34000.0,11830.561081530288
180875163,141741163,cafe rouge,2020,South Oxfordshire,RETAIL_RESTAURANTS_AND_CAFES,34000.0,34500.0,4665.953643229825
180875163,180459163,cafe rouge,2020,South Oxfordshire,RETAIL_RESTAURANTS_AND_CAFES,34000.0,34500.0,9332.04263336478
181217144,7128417000,body shop,2024,Eastbourne,RETAIL_HIGH_STREET,57000.0,51000.0,1741.8508982663732
181217144,764530000,body shop,2024,Eastbourne,RETAIL_HIGH_STREET,57000.0,49000.0,1579.3029224724946
181217144,3058431000,body shop,2024,Eastbourne,RETAIL_HIGH_STREET,57000.0,44000.0,1520.6653097408682
181451144,4265543000,frankie&bennys,2020,Eastbourne,RETAIL_RESTAURANTS_AND_CAFES,77500.0,78500.0,1471.855126401466
181451144,4094766000,frankie&bennys,2020,Eastbourne,RETAIL_RESTAURANTS_AND_CAFES,77500.0,74500.0,1579.3029224724946
181451144,264828144,frankie&bennys,2020,Eastbourne,RETAIL_RESTAURANTS_AND_CAFES,77500.0,82500.0,2022.8406697070063
182469186,3345457000,body shop,2024,Somerset,RETAIL_HIGH_STREET,43250.0,44500.0,33345.71861196598
182469186,183038186,body shop,2024,Somerset,RETAIL_HIGH_STREET,43250.0,44750.0,940.6882016868732
182469186,187305186,body shop,2024,Somerset,RETAIL_HIGH_STREET,43250.0,45000.0,18349.748362711987
182581237,37611237,body shop,2024,Warwick,OFFICE_GENERAL,7100.0,7100.0,671.7350461257222
182581237,9213659000,body shop,2024,Warwick,OFFICE_GENERAL,7100.0,7100.0,2717.727858703754
182581237,6984202000,body shop,2024,Warwick,OFFICE_GENERAL,7100.0,7100.0,655.8048107579286
182695237,8967058000,body shop,2024,Warwick,RETAIL_HIGH_STREET,59500.0,59500.0,1010.5618872998314
182695237,184073237,body shop,2024,Warwick,RETAIL_HIGH_STREET,59500.0,62500.0,5594.717504574859
182695237,7255829000,body shop,2024,Warwick,RETAIL_HIGH_STREET,59500.0,53500.0,5251.20694725593
182861141,9714515000,arcadia,2020,Crawley,RETAIL_HIGH_STREET,52000.0,50500.0,4588.6125840409795
182861141,10022039000,arcadia,2020,Crawley,RETAIL_HIGH_STREET,52000.0,53500.0,4626.292797816645
182861141,10532998000,arcadia,2020,Crawley,RETAIL_HIGH_STREET,52000.0,49750.0,4588.6125840409795
182892186,285603186,debenhams,2020,Somerset,RETAIL_OTHER_SUPERSTORES_AND_WAREHOUSES,405000.0,407500.0,1756.6339106711357
182892186,3356914000,debenhams,2020,Somerset,RETAIL_OTHER_SUPERSTORES_AND_WAREHOUSES,405000.0,395000.0,713.0699555809049
182892186,9088858000,debenhams,2020,Somerset,RETAIL_OTHER_SUPERSTORES_AND_WAREHOUSES,405000.0,415000.0,11721.082905507712
182952186,15080048000,arcadia,2020,Somerset,RETAIL_HIGH_STREET,137000.0,146000.0,15308.316786990708
182952186,178627186,arcadia,2020,Somerset,RETAIL_HIGH_STREET,137000.0,106000.0,11121.191617437298
182952186,15038873000,arcadia,2020,Somerset,RETAIL_HIGH_STREET,137000.0,95500.0,15096.452206388845
182985186,14964525000,debenhams,2020,Somerset,OFFICE_GENERAL,332500.0,332500.0,615.6901896991385
182985186,6214457000,debenhams,2020,Somerset,OFFICE_GENERAL,332500.0,325000.0,1845.4592714996522
182985186,9104350000,debenhams,2020,Somerset,OFFICE_GENERAL,332500.0,365000.0,1730.894590923204
182987237,11565436000,arcadia,2020,Warwick,OTHER_COMMERCIAL,8200.0,8300.0,1010.5618872998314
182987237,9981552000,arcadia,2020,Warwick,OTHER_COMMERCIAL,8200.0,8300.0,653.4238226169017
182987237,10752184000,arcadia,2020,Warwick,OTHER_COMMERCIAL,8200.0,8300.0,642.8337811774751
183445016,180338016,poundworld,2018,Peterborough,RETAIL_HIGH_STREET,93500.0,52000.0,2122.7049472585672
183445016,10339652000,poundworld,2018,Peterborough,RETAIL_HIGH_STREET,93500.0,50000.0,4991.115551860077
183445016,9705704000,poundworld,2018,Peterborough,RETAIL_HIGH_STREET,93500.0,49000.0,1536.0722957452754
183581148,9974508000,arcadia,2020,Sevenoaks,LEISURE_LUXURY_HOTELS,270000.0,307500.0,10580.161446600108
183581148,11495930000,arcadia,2020,Sevenoaks,LEISURE_LUXURY_HOTELS,270000.0,171000.0,932.8816269262248
183581148,8520123000,arcadia,2020,Sevenoaks,LEISURE_LUXURY_HOTELS,270000.0,140850.0,9699.379556947943
184148016,13022357000,toys r us,2018,Peterborough,RETAIL_OTHER_SUPERSTORES_AND_WAREHOUSES,615000.0,555000.0,749.2072889395404
184148016,8305811000,toys r us,2018,Peterborough,RETAIL_OTHER_SUPERSTORES_AND_WAREHOUSES,615000.0,550000.0,1468.600041239724
184148016,13072943000,toys r us,2018,Peterborough,RETAIL_OTHER_SUPERSTORES_AND_WAREHOUSES,615000.0,470000.0,2395.2298639663336
186570186,11553317000,arcadia,2020,Somerset,RETAIL_OTHER_SUPERSTORES_AND_WAREHOUSES,10750.0,10750.0,9264.772992031409
186570186,14991007000,arcadia,2020,Somerset,RETAIL_OTHER_SUPERSTORES_AND_WAREHOUSES,10750.0,10750.0,10792.004466957238
186570186,186570186,arcadia,2020,Somerset,RETAIL_OTHER_SUPERSTORES_AND_WAREHOUSES,10750.0,10750.0,10848.879109144676
188256186,279691186,prezzo,2018,Somerset,INDUSTRIAL_LIGHT,5600.0,5600.0,20009.120115162277
188256186,6101419000,prezzo,2018,Somerset,INDUSTRIAL_LIGHT,5600.0,5600.0,7793.1120069897415
188256186,1328191000,prezzo,2018,Somerset,INDUSTRIAL_LIGHT,5600.0,5600.0,15594.93502911089
188548226,157303226,wilko,2023,Cannock Chase,RETAIL_HIGH_STREET,47500.0,49000.0,8935.329253844191
188548226,10114485000,wilko,2023,Cannock Chase,RETAIL_HIGH_STREET,47500.0,45750.0,10014.15804870685
188548226,188636226,wilko,2023,Cannock Chase,RETAIL_HIGH_STREET,47500.0,45750.0,10031.413899134808
189871022,11429211000,bhs,2016,Harlow,RETAIL_OTHER_SUPERSTORES_AND_WAREHOUSES,497500.0,605000.0,1161.9438466134434
189871022,115966022,bhs,2016,Harlow,RETAIL_OTHER_SUPERSTORES_AND_WAREHOUSES,497500.0,382500.0,706.1945990321743
189871022,10498311000,bhs,2016,Harlow,RETAIL_OTHER_SUPERSTORES_AND_WAREHOUSES,497500.0,350000.0,609.6136844191938
190263172,10918915000,body shop,2024,"Bournemouth, Christchurch and Poole",RETAIL_HIGH_STREET,121000.0,122000.0,2872.345243426025
190263172,13266061000,body shop,2024,"Bournemouth, Christchurch and Poole",RETAIL_HIGH_STREET,121000.0,117000.0,4057.6455077871256
190263172,14797224000,body shop,2024,"Bournemouth, Christchurch and Poole",RETAIL_HIGH_STREET,121000.0,94000.0,1119.798648666527
190733022,8427921000,thomas cook,2019,Chelmsford,RETAIL_HIGH_STREET,99000.0,69000.0,437.9938751142691
190733022,7580925000,thomas cook,2019,Chelmsford,RETAIL_HIGH_STREET,99000.0,61000.0,541.4192890945753
190733022,8518825000,thomas cook,2019,Chelmsford,RETAIL_HIGH_STREET,99000.0,60500.0,4519.550806748857
190834022,13190297000,thomas cook,2019,Chelmsford,RETAIL_HIGH_STREET,43250.0,44000.0,3261.631974859811
190834022,11219287000,thomas cook,2019,Chelmsford,RETAIL_HIGH_STREET,43250.0,44000.0,3261.631974859811
190834022,12923491000,thomas cook,2019,Chelmsford,RETAIL_HIGH_STREET,43250.0,44000.0,3261.631974859811
191096011,14513257000,arcadia,2020,Central Bedfordshire,RETAIL_RESTAURANTS_AND_CAFES,24000.0,24000.0,21524.757173784867
191096011,212258011,arcadia,2020,Central Bedfordshire,RETAIL_RESTAURANTS_AND_CAFES,24000.0,24000.0,11057.571491894656
191096011,191096011,arcadia,2020,Central Bedfordshire,RETAIL_RESTAURANTS_AND_CAFES,24000.0,24000.0,4697.752003839955
191526145,3838683000,arcadia,2020,Canterbury,OFFICE_GENERAL,2700.0,2700.0,9293.488621720986
191526145,12673216000,arcadia,2020,Canterbury,OFFICE_GENERAL,2700.0,2700.0,7727.122703550635
191526145,3801922000,arcadia,2020,Canterbury,OFFICE_GENERAL,2700.0,2700.0,11513.752289184778
191671145,9052606000,thomas cook,2019,Canterbury,RETAIL_HIGH_STREET,8300.0,8300.0,10497.436816087331
191671145,194002145,thomas cook,2019,Canterbury,RETAIL_HIGH_STREET,8300.0,8300.0,10834.065316751796
191671145,535710145,thomas cook,2019,Canterbury,RETAIL_HIGH_STREET,8300.0,8300.0,10834.720936738322
192093148,159986148,cath kidston,2020,Tunbridge Wells,RETAIL_HIGH_STREET,65500.0,45000.0,415.8308079805448
192093148,8659702000,cath kidston,2020,Tunbridge Wells,RETAIL_HIGH_STREET,65500.0,40500.0,3373.942957139961
192093148,407301148,cath kidston,2020,Tunbridge Wells,RETAIL_HIGH_STREET,65500.0,39000.0,19354.28635366436
192998013,191596013,prezzo,2018,North Hertfordshire,RETAIL_HIGH_STREET,75500.0,51000.0,2885.787439649339
192998013,8831817000,prezzo,2018,North Hertfordshire,RETAIL_HIGH_STREET,75500.0,51000.0,1431.117878316353
192998013,234648013,prezzo,2018,North Hertfordshire,RETAIL_HIGH_STREET,75500.0,50500.0,11274.139435840625
193238171,193669171,thomas cook,2019,Basingstoke and Deane,RETAIL_HIGH_STREET,91000.0,84000.0,2697.8519886655654
193238171,9160392000,thomas cook,2019,Basingstoke and Deane,RETAIL_HIGH_STREET,91000.0,76500.0,10587.6806494643
193238171,10641538000,thomas cook,2019,Basingstoke and Deane,RETAIL_HIGH_STREET,91000.0,64500.0,10241.169911404173
193299125,8030641000,thomas cook,2019,Blackpool,RETAIL_HIGH_STREET,36000.0,36250.0,2492.8304668315227
193299125,58261125,thomas cook,2019,Blackpool,RETAIL_HIGH_STREET,36000.0,36750.0,1837.1286263447435
193299125,12823070000,thomas cook,2019,Blackpool,RETAIL_HIGH_STREET,36000.0,34750.0,1743.2271843389142
193312241,6342748000,wilko,2023,Bradford,RETAIL_HIGH_STREET,40000.0,40000.0,1363.4670228155082
193312241,5488808000,wilko,2023,Bradford,RETAIL_HIGH_STREET,40000.0,40000.0,524.8522029069453
193312241,244180241,wilko,2023,Bradford,RETAIL_HIGH_STREET,40000.0,39750.0,1374.0372600210594
193514125,9395540000,bella italia,2020,Lancaster,RETAIL_HIGH_STREET,51000.0,51000.0,1577.413236614171
193514125,201942125,bella italia,2020,Lancaster,RETAIL_HIGH_STREET,51000.0,42750.0,9183.064857605053
193514125,8418358000,bella italia,2020,Lancaster,RETAIL_HIGH_STREET,51000.0,39750.0,3832.511020565917
193782186,8833539000,homebase,2024,Somerset,RETAIL_OTHER_SUPERSTORES_AND_WAREHOUSES,555000.0,555000.0,16753.4752202076
193782186,14799350000,homebase,2024,Somerset,RETAIL_OTHER_SUPERSTORES_AND_WAREHOUSES,555000.0,595000.0,2398.9839540460976
193782186,1573550000,homebase,2024,Somerset,RETAIL_OTHER_SUPERSTORES_AND_WAREHOUSES,555000.0,615000.0,1283.6602556908717
194132102,229679102,thomas cook,2019,Stockton-on-Tees,RETAIL_HIGH_STREET,43750.0,43500.0,6377.008386807559
194132102,331706102,thomas cook,2019,Stockton-on-Tees,RETAIL_HIGH_STREET,43750.0,44000.0,4707.520787952942
194132102,9732102,thomas cook,2019,Stockton-on-Tees,RETAIL_HIGH_STREET,43750.0,44250.0,4660.921495887033
194209013,9697190000,arcadia,2020,North Hertfordshire,RETAIL_HIGH_STREET,68500.0,49500.0,15842.457068086931
194209013,201159013,arcadia,2020,North Hertfordshire,RETAIL_HIGH_STREET,68500.0,48500.0,16517.757520766325
194209013,10030753000,arcadia,2020,North Hertfordshire,RETAIL_HIGH_STREET,68500.0,48500.0,15852.942009379316
194480023,135456023,thomas cook,2019,Braintree,RETAIL_HIGH_STREET,17250.0,17000.0,9301.310727845648
194480023,12990296000,thomas cook,2019,Braintree,RETAIL_HIGH_STREET,17250.0,17000.0,3736.0226905380823
194480023,14104811000,thomas cook,2019,Braintree,RETAIL_HIGH_STREET,17250.0,17500.0,9607.763668834064
195308125,9193082000,arcadia,2020,Lancaster,RETAIL_HIGH_STREET,130000.0,33250.0,533.6785100446042
195308125,12524277000,arcadia,2020,Lancaster,RETAIL_HIGH_STREET,130000.0,30500.0,533.6785100446042
195308125,7940562000,arcadia,2020,Lancaster,RETAIL_HIGH_STREET,130000.0,30500.0,1577.413236614171
195310125,12890540000,wilko,2023,Lancaster,RETAIL_OTHER_SUPERSTORES_AND_WAREHOUSES,280000.0,282500.0,440.3873770334541
195310125,14742269000,wilko,2023,Lancaster,RETAIL_OTHER_SUPERSTORES_AND_WAREHOUSES,280000.0,275000.0,2395.442534189638
195310125,11843819000,wilko,2023,Lancaster,RETAIL_OTHER_SUPERSTORES_AND_WAREHOUSES,280000.0,270000.0,606.9809054102407
196585241,13409752000,homebase,2024,Bradford,RETAIL_OTHER_SUPERSTORES_AND_WAREHOUSES,307500.0,305000.0,2966.390254777514
196585241,206399241,homebase,2024,Bradford,RETAIL_OTHER_SUPERSTORES_AND_WAREHOUSES,307500.0,300000.0,1185.7350813856322
196585241,67482241,homebase,2024,Bradford,RETAIL_OTHER_SUPERSTORES_AND_WAREHOUSES,307500.0,315000.0,3926.2245738269044
196625125,60552125,arcadia,2020,Blackpool,OFFICE_GENERAL,0.0,0.0,1525.539068751163
196625125,35977125,arcadia,2020,Blackpool,OFFICE_GENERAL,0.0,0.0,2012.832152635945
196625125,35976125,arcadia,2020,Blackpool,OFFICE_GENERAL,0.0,0.0,2012.832152635945
196695072,1845453000,thomas cook,2019,Bromley,RETAIL_HIGH_STREET,38250.0,38000.0,4770.377282227964
196695072,222216072,thomas cook,2019,Bromley,RETAIL_HIGH_STREET,38250.0,37500.0,3589.0205038329846
196695072,14163088000,thomas cook,2019,Bromley,RETAIL_HIGH_STREET,38250.0,37500.0,3822.073121719036
196698165,12467179000,arcadia,2020,Reading,RETAIL_HIGH_STREET,247000.0,77500.0,2443.4635564812406
196698165,9655163000,arcadia,2020,Reading,RETAIL_HIGH_STREET,247000.0,62500.0,758.0288185480365
196698165,11353415000,arcadia,2020,Reading,RETAIL_HIGH_STREET,247000.0,61500.0,758.0288185480365
196699165,10321896000,arcadia,2020,Reading,OFFICE_GENERAL,10500.0,10500.0,849.8036719339013
196699165,5317392000,arcadia,2020,Reading,OFFICE_GENERAL,10500.0,10500.0,766.7746607124378
196699165,3914535000,arcadia,2020,Reading,OFFICE_GENERAL,10500.0,10500.0,887.9438376844928
196700165,3914581000,arcadia,2020,Reading,OFFICE_GENERAL,6400.0,6400.0,887.9438376844928
196700165,196127165,arcadia,2020,Reading,OFFICE_GENERAL,6400.0,6300.0,2458.94491679556
196700165,5920704000,arcadia,2020,Reading,OFFICE_GENERAL,6400.0,6300.0,766.6243696923616
196711165,9543136000,thomas cook,2019,Reading,RETAIL_HIGH_STREET,172000.0,56500.0,2181.082213888542
196711165,462573165,thomas cook,2019,Reading,RETAIL_HIGH_STREET,172000.0,55000.0,1215.4647277529461
196711165,465238165,thomas cook,2019,Reading,RETAIL_HIGH_STREET,172000.0,52000.0,1347.2891845889435
197353044,10932620000,wilko,2023,Leicester,RETAIL_HIGH_STREET,16000.0,16000.0,1348.063636420662
197353044,11342341000,wilko,2023,Leicester,RETAIL_HIGH_STREET,16000.0,16000.0,1002.7304269462762
197353044,7334230000,wilko,2023,Leicester,RETAIL_HIGH_STREET,16000.0,16000.0,1474.025039544922
197465165,14037886000,homebase,2024,Reading,RETAIL_OTHER_SUPERSTORES_AND_WAREHOUSES,635000.0,645000.0,865.404647265624
197465165,7085168000,homebase,2024,Reading,RETAIL_OTHER_SUPERSTORES_AND_WAREHOUSES,635000.0,605000.0,2589.874899037504
197465165,14478248000,homebase,2024,Reading,RETAIL_OTHER_SUPERSTORES_AND_WAREHOUSES,635000.0,605000.0,977.2156442778369
197764165,7930453000,mothercare,2019,Reading,RETAIL_HIGH_STREET,165000.0,49750.0,1529.5677149841288
197764165,480725165,mothercare,2019,Reading,RETAIL_HIGH_STREET,165000.0,49500.0,956.5418540033958
197764165,10289380000,mothercare,2019,Reading,RETAIL_HIGH_STREET,165000.0,49250.0,3059.685328263892
197968176,58906176,maplin,2018,Southampton,RETAIL_HIGH_STREET,16750.0,16750.0,2433.352272690584
197968176,42179176,maplin,2018,Southampton,RETAIL_HIGH_STREET,16750.0,16750.0,573.6583428407971
197968176,10783039000,maplin,2018,Southampton,RETAIL_HIGH_STREET,16750.0,16750.0,3214.0519766460307
199529023,13545835000,debenhams,2020,Colchester,RETAIL_OTHER_SUPERSTORES_AND_WAREHOUSES,1035000.0,1320000.0,418.23303580751667
199529023,9753744000,debenhams,2020,Colchester,RETAIL_OTHER_SUPERSTORES_AND_WAREHOUSES,1035000.0,1330000.0,1508.6649613363281
199529023,13906577000,debenhams,2020,Colchester,RETAIL_OTHER_SUPERSTORES_AND_WAREHOUSES,1035000.0,685000.0,418.23303580751667
200001023,9006432000,arcadia,2020,Braintree,RETAIL_HIGH_STREET,46250.0,47250.0,9191.416839466188
200001023,199306023,arcadia,2020,Braintree,RETAIL_HIGH_STREET,46250.0,42200.0,10902.963744814784
200001023,11593025000,arcadia,2020,Braintree,RETAIL_HIGH_STREET,46250.0,41500.0,2213.781450158261
200048063,2032210000,byron,2020,Camden,OFFICE_GENERAL,32250.0,32250.0,843.5375001016868
200048063,220855063,byron,2020,Camden,OFFICE_GENERAL,32250.0,32000.0,724.43633816974
200048063,8676850000,byron,2020,Camden,OFFICE_GENERAL,32250.0,32000.0,516.1379925537259
201161125,8093820000,body shop,2024,Blackpool,RETAIL_HIGH_STREET,84000.0,85000.0,615.9808248674207
201161125,201443125,body shop,2024,Blackpool,RETAIL_HIGH_STREET,84000.0,80500.0,1914.2180503798656
201161125,201257125,body shop,2024,Blackpool,RETAIL_HIGH_STREET,84000.0,90000.0,1824.128011498966
201164125,8861859000,arcadia,2020,Blackpool,RETAIL_HIGH_STREET,246000.0,109000.0,881.7967654476565
201164125,5775407000,arcadia,2020,Blackpool,RETAIL_HIGH_STREET,246000.0,74000.0,1837.1286263447435
201164125,264482125,arcadia,2020,Blackpool,RETAIL_HIGH_STREET,246000.0,66000.0,3118.5134486269785
201249023,3949931000,poundworld,2018,Braintree,RETAIL_HIGH_STREET,95000.0,75500.0,3836.732571093106
201249023,11935906000,poundworld,2018,Braintree,RETAIL_HIGH_STREET,95000.0,63000.0,4039.807755909243
201249023,1737179000,poundworld,2018,Braintree,RETAIL_HIGH_STREET,95000.0,56000.0,493.41059417038997
201659241,8652084000,arcadia,2020,Bradford,INDUSTRIAL_GENERAL,31250.0,31250.0,632.9184068261837
201659241,4487602000,arcadia,2020,Bradford,INDUSTRIAL_GENERAL,31250.0,31250.0,4659.537932757076
201659241,240925241,arcadia,2020,Bradford,INDUSTRIAL_GENERAL,31250.0,31250.0,2715.3782030880507
202355241,198657241,body shop,2024,Bradford,INDUSTRIAL_GENERAL,3650.0,3650.0,422.98852543590607
202355241,10949192000,body shop,2024,Bradford,INDUSTRIAL_GENERAL,3650.0,3650.0,2026.543530011949
202355241,249927241,body shop,2024,Bradford,INDUSTRIAL_GENERAL,3650.0,3650.0,568.3107462269406
202568171,200963171,debenhams,2020,Rushmoor,RETAIL_OTHER_SUPERSTORES_AND_WAREHOUSES,66500.0,52000.0,1731.2005768074234
202568171,14793321000,debenhams,2020,Rushmoor,RETAIL_OTHER_SUPERSTORES_AND_WAREHOUSES,66500.0,47250.0,1764.1211460967663
202568171,2583366000,debenhams,2020,Rushmoor,RETAIL_OTHER_SUPERSTORES_AND_WAREHOUSES,66500.0,45750.0,1722.0494388005648
204528222,8093915000,thomas cook,2019,Rugby,RETAIL_HIGH_STREET,23750.0,24250.0,1814.146291433135
204528222,7020162000,thomas cook,2019,Rugby,RETAIL_HIGH_STREET,23750.0,24750.0,14406.56401564509
204528222,6560987000,thomas cook,2019,Rugby,RETAIL_HIGH_STREET,23750.0,22500.0,1814.146291433135
204826171,8817975000,body shop,2024,Rushmoor,RETAIL_HIGH_STREET,44250.0,45000.0,1743.0185288634566
204826171,13007183000,body shop,2024,Rushmoor,RETAIL_HIGH_STREET,44250.0,46000.0,2053.727915664523
204826171,11836160000,body shop,2024,Rushmoor,RETAIL_HIGH_STREET,44250.0,51500.0,1066.0779576096945
204828171,10454207000,thomas cook,2019,Rushmoor,RETAIL_HIGH_STREET,50500.0,36750.0,1424.9433142116702
204828171,9414465000,thomas cook,2019,Rushmoor,RETAIL_HIGH_STREET,50500.0,36750.0,789.2820403455546
204828171,8780727000,thomas cook,2019,Rushmoor,RETAIL_HIGH_STREET,50500.0,36000.0,1593.125233128562
204950045,8814669000,arcadia,2020,West Northamptonshire,RETAIL_HIGH_STREET,175000.0,77500.0,1028.0775511455038
204950045,204099045,arcadia,2020,West Northamptonshire,RETAIL_HIGH_STREET,175000.0,61000.0,16084.505933764272
204950045,14425433000,arcadia,2020,West Northamptonshire,RETAIL_HIGH_STREET,175000.0,54500.0,5927.881774497239
205123241,9846795000,thomas cook,2019,Bradford,RETAIL_HIGH_STREET,30750.0,31000.0,1753.3816632803123
205123241,10254554000,thomas cook,2019,Bradford,RETAIL_HIGH_STREET,30750.0,30000.0,850.9765986769173
205123241,9134194000,thomas cook,2019,Bradford,RETAIL_HIGH_STREET,30750.0,30000.0,1373.0260989536077
205392176,13221930000,toys r us,2018,Southampton,RETAIL_OTHER_SUPERSTORES_AND_WAREHOUSES,820000.0,620000.0,4982.296692458325
205392176,11804495000,toys r us,2018,Southampton,RETAIL_OTHER_SUPERSTORES_AND_WAREHOUSES,820000.0,620000.0,4982.296692458325
205392176,5984186000,toys r us,2018,Southampton,RETAIL_OTHER_SUPERSTORES_AND_WAREHOUSES,820000.0,570000.0,1034.527758361274
205428045,9079671000,toys r us,2018,West Northamptonshire,RETAIL_OTHER_SUPERSTORES_AND_WAREHOUSES,540000.0,520000.0,12794.764897919791
205428045,10702453000,toys r us,2018,West Northamptonshire,RETAIL_OTHER_SUPERSTORES_AND_WAREHOUSES,540000.0,590000.0,28442.779854814893
205428045,8896213000,toys r us,2018,West Northamptonshire,RETAIL_OTHER_SUPERSTORES_AND_WAREHOUSES,540000.0,480000.0,2025.1928674486453
205556045,14932035000,mothercare,2019,West Northamptonshire,WAREHOUSING_LARGE_SCALE_AND_HIGH_BAY,8900.0,9000.0,28442.779854814893
205556045,207193045,mothercare,2019,West Northamptonshire,WAREHOUSING_LARGE_SCALE_AND_HIGH_BAY,8900.0,9000.0,12748.384133374617
205556045,11155608000,mothercare,2019,West Northamptonshire,WAREHOUSING_LARGE_SCALE_AND_HIGH_BAY,8900.0,8700.0,18359.36976049233
205688113,5625582000,cath kidston,2020,Manchester,RETAIL_HIGH_STREET,132000.0,152000.0,1227.4382735655072
205688113,11446911000,cath kidston,2020,Manchester,RETAIL_HIGH_STREET,132000.0,107000.0,3250.81142172605
205688113,13903198000,cath kidston,2020,Manchester,RETAIL_HIGH_STREET,132000.0,105000.0,932.6643207130734
206241011,9072829000,arcadia,2020,Bedford,RETAIL_HIGH_STREET,137000.0,97000.0,403.316842292661
206241011,14316189000,arcadia,2020,Bedford,RETAIL_HIGH_STREET,137000.0,81000.0,1622.4957213026332
206241011,9926119000,arcadia,2020,Bedford,RETAIL_HIGH_STREET,137000.0,71000.0,1190.8000375808815
206390045,450050045,arcadia,2020,North Northamptonshire,OFFICE_GENERAL,15000.0,15000.0,3993.089828631088
206390045,7254929000,arcadia,2020,North Northamptonshire,OFFICE_GENERAL,15000.0,15000.0,2622.6900514210392
206390045,5830265000,arcadia,2020,North Northamptonshire,OFFICE_GENERAL,15000.0,15000.0,2110.0620788062083
206396182,2393487000,wilko,2023,Torbay,LEISURE_BUDGET_HOTELS,19750.0,19750.0,4203.241471536555
206396182,210481182,wilko,2023,Torbay,LEISURE_BUDGET_HOTELS,19750.0,18500.0,685.754313513151
206396182,6223594000,wilko,2023,Torbay,LEISURE_BUDGET_HOTELS,19750.0,18500.0,4055.415927575377
206402165,9888196000,toys r us,2018,Reading,RETAIL_OTHER_SUPERSTORES_AND_WAREHOUSES,685000.0,700000.0,463.35066671760035
206402165,45791165,toys r us,2018,Reading,RETAIL_OTHER_SUPERSTORES_AND_WAREHOUSES,685000.0,580000.0,1209.2251369831993
206402165,14568367000,toys r us,2018,Reading,RETAIL_OTHER_SUPERSTORES_AND_WAREHOUSES,685000.0,575000.0,977.2156442778369
206449239,11719635000,wilko,2023,Dudley,RETAIL_OTHER_SUPERSTORES_AND_WAREHOUSES,244000.0,238000.0,1937.3678410588018
206449239,12767434000,wilko,2023,Dudley,RETAIL_OTHER_SUPERSTORES_AND_WAREHOUSES,244000.0,238000.0,4146.580805719315
206449239,672184000,wilko,2023,Dudley,RETAIL_OTHER_SUPERSTORES_AND_WAREHOUSES,244000.0,220000.0,415.3358680620388
206804017,14032587000,bhs,2016,Watford,RETAIL_OTHER_SUPERSTORES_AND_WAREHOUSES,815000.0,750000.0,751.3398636246748
206804017,1425153000,bhs,2016,Watford,RETAIL_OTHER_SUPERSTORES_AND_WAREHOUSES,815000.0,710000.0,566.4118281011922
206804017,5209175000,bhs,2016,Watford,RETAIL_OTHER_SUPERSTORES_AND_WAREHOUSES,815000.0,675000.0,515.2991512409461
206833241,3394675000,body shop,2024,Bradford,INDUSTRIAL_GENERAL,6400.0,6400.0,4019.1765755124216
206833241,3394673000,body shop,2024,Bradford,INDUSTRIAL_GENERAL,6400.0,6400.0,4019.1765755124216
206833241,3394672000,body shop,2024,Bradford,INDUSTRIAL_GENERAL,6400.0,6400.0,4019.1765755124216
207432232,170257232,wilko,2023,East Staffordshire,RETAIL_HIGH_STREET,49250.0,49500.0,18807.246002060718
207432232,2759842000,wilko,2023,East Staffordshire,RETAIL_HIGH_STREET,49250.0,48500.0,2081.061193116227
207432232,13313042000,wilko,2023,East Staffordshire,RETAIL_HIGH_STREET,49250.0,47500.0,12017.44801768948
207721045,5425076000,thomas cook,2019,North Northamptonshire,RETAIL_HIGH_STREET,28500.0,28500.0,2543.9710528963124
207721045,7957455000,thomas cook,2019,North Northamptonshire,RETAIL_HIGH_STREET,28500.0,28250.0,5359.788407584726
207721045,3351995000,thomas cook,2019,North Northamptonshire,RETAIL_HIGH_STREET,28500.0,28000.0,1819.8663835554812
208084011,8789694000,body shop,2024,Bedford,RETAIL_HIGH_STREET,55000.0,52000.0,1886.2319908457093
208084011,9704313000,body shop,2024,Bedford,RETAIL_HIGH_STREET,55000.0,49250.0,2998.786687141766
208084011,8542847000,body shop,2024,Bedford,RETAIL_HIGH_STREET,55000.0,47500.0,2659.0461570412126
208592239,8829959000,thomas cook,2019,Dudley,RETAIL_HIGH_STREET,30500.0,30250.0,2727.7912256871737
208592239,14617742000,thomas cook,2019,Dudley,RETAIL_HIGH_STREET,30500.0,30000.0,3796.4914421637063
208592239,1249983000,thomas cook,2019,Dudley,RETAIL_HIGH_STREET,30500.0,31500.0,1365.6059592317247
208656045,10441136000,poundworld,2018,North Northamptonshire,RETAIL_OTHER_SUPERSTORES_AND_WAREHOUSES,115000.0,115000.0,589.9583695652312
208656045,6215915000,poundworld,2018,North Northamptonshire,RETAIL_OTHER_SUPERSTORES_AND_WAREHOUSES,115000.0,117000.0,1537.0675691057963
208656045,252680045,poundworld,2018,North Northamptonshire,RETAIL_OTHER_SUPERSTORES_AND_WAREHOUSES,115000.0,118000.0,1239.364922050884
208711017,35263017,body shop,2024,Watford,RETAIL_RESTAURANTS_AND_CAFES,7100.0,7200.0,2040.6514062925007
208711017,12919299000,body shop,2024,Watford,RETAIL_RESTAURANTS_AND_CAFES,7100.0,7300.0,813.9733737664086
208711017,207280017,body shop,2024,Watford,RETAIL_RESTAURANTS_AND_CAFES,7100.0,6800.0,921.9552591805513
211057113,11357785000,debenhams,2020,Manchester,RETAIL_OTHER_SUPERSTORES_AND_WAREHOUSES,2520000.0,2400000.0,2533.168664876696
211057113,12943960000,debenhams,2020,Manchester,RETAIL_OTHER_SUPERSTORES_AND_WAREHOUSES,2520000.0,2750000.0,3250.81142172605
211057113,11446914000,debenhams,2020,Manchester,RETAIL_OTHER_SUPERSTORES_AND_WAREHOUSES,2520000.0,2810000.0,3250.81142172605
211530182,213086182,debenhams,2020,Torbay,RETAIL_HIGH_STREET,58000.0,58500.0,4045.5762457182354
211530182,4970073000,debenhams,2020,Torbay,RETAIL_HIGH_STREET,58000.0,57000.0,611.7380509949301
211530182,9342181000,debenhams,2020,Torbay,RETAIL_HIGH_STREET,58000.0,57000.0,400.8275838692268
211750000,14634915000,debenhams,2020,Stoke-on-Trent,OTHER_COMMERCIAL,2700.0,2700.0,1099.0864005862559
211750000,247993236,debenhams,2020,Stoke-on-Trent,OTHER_COMMERCIAL,2700.0,2700.0,663.9244378031714
211750000,247992236,debenhams,2020,Stoke-on-Trent,OTHER_COMMERCIAL,2700.0,2650.0,1554.4633160723215
211752000,249725236,debenhams,2020,Stoke-on-Trent,OTHER_COMMERCIAL,1800.0,1800.0,4135.336884983326
211752000,297958236,debenhams,2020,Stoke-on-Trent,OTHER_COMMERCIAL,1800.0,1825.0,576.9665561511514
211752000,1065176000,debenhams,2020,Stoke-on-Trent,OTHER_COMMERCIAL,1800.0,1850.0,1405.6350753236711
211786239,9186537000,thomas cook,2019,Dudley,RETAIL_HIGH_STREET,134000.0,74500.0,2133.2280551790286
211786239,11386729000,thomas cook,2019,Dudley,RETAIL_HIGH_STREET,134000.0,70000.0,2133.2280551790286
211786239,501405000,thomas cook,2019,Dudley,RETAIL_HIGH_STREET,134000.0,67500.0,567.341067160188
211804239,1044001000,bhs,2016,Dudley,RETAIL_OTHER_SUPERSTORES_AND_WAREHOUSES,960000.0,980000.0,1258.237041610977
211804239,8990903000,bhs,2016,Dudley,RETAIL_OTHER_SUPERSTORES_AND_WAREHOUSES,960000.0,1030000.0,538.0706926822174
211804239,14658299000,bhs,2016,Dudley,RETAIL_OTHER_SUPERSTORES_AND_WAREHOUSES,960000.0,1110000.0,1639.90963775749
211806239,11656755000,debenhams,2020,Dudley,RETAIL_OTHER_SUPERSTORES_AND_WAREHOUSES,1320000.0,1320000.0,1639.90963775749
211806239,8788788000,debenhams,2020,Dudley,RETAIL_OTHER_SUPERSTORES_AND_WAREHOUSES,1320000.0,1400000.0,1639.90963775749
211806239,15046663000,debenhams,2020,Dudley,RETAIL_OTHER_SUPERSTORES_AND_WAREHOUSES,1320000.0,1110000.0,1639.90963775749
212536045,14363769000,arcadia,2020,West Northamptonshire,RETAIL_HIGH_STREET,35500.0,34000.0,16084.505933764272
212536045,14214870000,arcadia,2020,West Northamptonshire,RETAIL_HIGH_STREET,35500.0,34000.0,26474.0765793791
212536045,3093061000,arcadia,2020,West Northamptonshire,RETAIL_HIGH_STREET,35500.0,33250.0,19088.114339332984
212610017,2607725000,cath kidston,2020,Watford,RETAIL_HIGH_STREET,158000.0,183000.0,2609.5823387713403
212610017,1830135000,cath kidston,2020,Watford,RETAIL_HIGH_STREET,158000.0,61000.0,1700.9955991221245
212610017,5301358000,cath kidston,2020,Watford,RETAIL_HIGH_STREET,158000.0,59000.0,1711.1322836525335
212726017,4063030000,paperchase,2023,Watford,RETAIL_HIGH_STREET,214000.0,55500.0,895.9548121844181
212726017,11073978000,paperchase,2023,Watford,RETAIL_HIGH_STREET,214000.0,53500.0,811.4747872415402
212726017,1729016000,paperchase,2023,Watford,RETAIL_HIGH_STREET,214000.0,45000.0,1106.4455192997157
212918211,580417000,arcadia,2020,South Gloucestershire,RETAIL_HIGH_STREET,103000.0,78500.0,2239.4264485088265
212918211,6618038000,arcadia,2020,South Gloucestershire,RETAIL_HIGH_STREET,103000.0,73500.0,3477.0647454027953
212918211,2649748000,arcadia,2020,South Gloucestershire,RETAIL_HIGH_STREET,103000.0,73500.0,1922.1066519394722
213062045,8361912000,wilko,2023,West Northamptonshire,OFFICE_GENERAL,7400.0,7400.0,6891.7046011941675
213062045,12537666000,wilko,2023,West Northamptonshire,OFFICE_GENERAL,7400.0,7400.0,4397.021833508969
213062045,2176426000,wilko,2023,West Northamptonshire,OFFICE_GENERAL,7400.0,7400.0,2353.802093901453
213189017,9359728000,body shop,2024,Watford,RETAIL_HIGH_STREET,157000.0,43250.0,713.5976439214072
213189017,2160616000,body shop,2024,Watford,RETAIL_HIGH_STREET,157000.0,42500.0,1051.311153185679
213189017,13990266000,body shop,2024,Watford,RETAIL_HIGH_STREET,157000.0,35500.0,627.8362795480704
214482125,275148125,body shop,2024,Lancaster,RETAIL_HIGH_STREET,54000.0,27750.0,2290.7292350969196
214482125,14995446000,body shop,2024,Lancaster,RETAIL_HIGH_STREET,54000.0,26250.0,5986.704763886933
214482125,10840030000,body shop,2024,Lancaster,RETAIL_HIGH_STREET,54000.0,23500.0,607.0028968176156
215669102,7815082000,frankie&bennys,2020,Stockton-on-Tees,RETAIL_HIGH_STREET,8900.0,8900.0,6581.698042115334
215669102,4575424000,frankie&bennys,2020,Stockton-on-Tees,RETAIL_HIGH_STREET,8900.0,8900.0,8107.551091104237
215669102,30064000,frankie&bennys,2020,Stockton-on-Tees,RETAIL_HIGH_STREET,8900.0,8900.0,3575.7711988176993
216058232,9380434000,arcadia,2020,East Staffordshire,RETAIL_HIGH_STREET,145000.0,111000.0,18883.826057825285
216058232,13168470000,arcadia,2020,East Staffordshire,RETAIL_HIGH_STREET,145000.0,52000.0,6135.395849122562
216058232,5730112000,arcadia,2020,East Staffordshire,RETAIL_HIGH_STREET,145000.0,46000.0,18959.917812410225
216973042,13910966000,poundworld,2018,Derby,RETAIL_HIGH_STREET,99500.0,76000.0,642.3584349776254
216973042,9812881000,poundworld,2018,Derby,RETAIL_HIGH_STREET,99500.0,66000.0,588.7705524446783
216973042,7145812000,poundworld,2018,Derby,RETAIL_HIGH_STREET,99500.0,57000.0,2344.769204957263
217040011,217040011,arcadia,2020,Bedford,RETAIL_HIGH_STREET,17000.0,17000.0,2156.276118305567
217040011,11555375000,arcadia,2020,Bedford,RETAIL_HIGH_STREET,17000.0,17000.0,1395.1428817478547
217040011,10064727000,arcadia,2020,Bedford,RETAIL_HIGH_STREET,17000.0,17000.0,2698.784521286264
217182042,2449991000,bhs,2016,Derby,RETAIL_OTHER_SUPERSTORES_AND_WAREHOUSES,350000.0,347500.0,1983.1069147274172
217182042,14799587000,bhs,2016,Derby,RETAIL_OTHER_SUPERSTORES_AND_WAREHOUSES,350000.0,342500.0,624.6437213245441
217182042,138759000,bhs,2016,Derby,RETAIL_OTHER_SUPERSTORES_AND_WAREHOUSES,350000.0,357500.0,1726.9172138729139
217240232,9274212000,thomas cook,2019,East Staffordshire,RETAIL_HIGH_STREET,37500.0,37750.0,18883.826057825285
217240232,11842492000,thomas cook,2019,East Staffordshire,RETAIL_HIGH_STREET,37500.0,38000.0,2976.144463056382
217240232,1715283000,thomas cook,2019,East Staffordshire,RETAIL_HIGH_STREET,37500.0,36750.0,1174.8683412488108
217569072,7261045000,arcadia,2020,Bromley,OFFICE_GENERAL,6100.0,6100.0,7394.457304029982
217569072,217569072,arcadia,2020,Bromley,OFFICE_GENERAL,6100.0,6100.0,2911.6692172171815
217569072,7198328000,arcadia,2020,Bromley,OFFICE_GENERAL,6100.0,6100.0,2805.2967210623974
217983011,13676191000,arcadia,2020,Central Bedfordshire,RETAIL_RESTAURANTS_AND_CAFES,12000.0,12000.0,5094.651607334878
217983011,212111011,arcadia,2020,Central Bedfordshire,RETAIL_RESTAURANTS_AND_CAFES,12000.0,12000.0,2988.0595685959943
217983011,14618283000,arcadia,2020,Central Bedfordshire,RETAIL_RESTAURANTS_AND_CAFES,12000.0,12000.0,4822.056459567136
220438214,14234712000,thomas cook,2019,Gloucester,RETAIL_HIGH_STREET,102000.0,94500.0,1659.502858350108
220438214,496286000,thomas cook,2019,Gloucester,RETAIL_HIGH_STREET,102000.0,89500.0,3414.468148555356
220438214,14673864000,thomas cook,2019,Gloucester,RETAIL_HIGH_STREET,102000.0,63500.0,3715.3192968179237
221590132,308739133,wilko,2023,Cheshire West and Chester,RETAIL_HIGH_STREET,159000.0,106000.0,7871.77649741802
221590132,7049090000,wilko,2023,Cheshire West and Chester,RETAIL_HIGH_STREET,159000.0,104000.0,7913.935294120053
221590132,3699534000,wilko,2023,Cheshire West and Chester,RETAIL_HIGH_STREET,159000.0,84500.0,7922.385682585844
221789082,221124082,strada,2018,Hammersmith and Fulham,RETAIL_RESTAURANTS_AND_CAFES,52000.0,52000.0,1641.69743589371
221789082,9762126000,strada,2018,Hammersmith and Fulham,RETAIL_RESTAURANTS_AND_CAFES,52000.0,52000.0,1106.1259898790267
221789082,167646082,strada,2018,Hammersmith and Fulham,RETAIL_RESTAURANTS_AND_CAFES,52000.0,52000.0,862.8098165655693
222272072,172257072,thomas cook,2019,Bromley,RETAIL_HIGH_STREET,14500.0,14500.0,3332.4056141943574
222272072,39546072,thomas cook,2019,Bromley,RETAIL_HIGH_STREET,14500.0,14500.0,2683.9929417961735
222272072,190464072,thomas cook,2019,Bromley,RETAIL_HIGH_STREET,14500.0,14500.0,3149.9407897660617
222314082,7736811000,poundworld,2018,Hammersmith and Fulham,RETAIL_OTHER_SUPERSTORES_AND_WAREHOUSES,97000.0,106000.0,492.75785636961507
222314082,14736396000,poundworld,2018,Hammersmith and Fulham,RETAIL_OTHER_SUPERSTORES_AND_WAREHOUSES,97000.0,84000.0,937.9665663248838
222314082,14589100000,poundworld,2018,Hammersmith and Fulham,RETAIL_OTHER_SUPERSTORES_AND_WAREHOUSES,97000.0,76000.0,2286.635812567912
222693214,14786616000,debenhams,2020,Gloucester,RETAIL_OTHER_SUPERSTORES_AND_WAREHOUSES,1170000.0,1160000.0,490.38968659014506
222693214,4421148000,debenhams,2020,Gloucester,RETAIL_OTHER_SUPERSTORES_AND_WAREHOUSES,1170000.0,1220000.0,1869.4248573872824
222693214,12272639000,debenhams,2020,Gloucester,RETAIL_OTHER_SUPERSTORES_AND_WAREHOUSES,1170000.0,1410000.0,661.8283738231158
223427237,14060041000,body shop,2024,Warwick,INDUSTRIAL_GENERAL,10750.0,10750.0,1820.86927223966
223427237,592980000,body shop,2024,Warwick,INDUSTRIAL_GENERAL,10750.0,10750.0,3853.136109350834
223427237,14548495000,body shop,2024,Warwick,INDUSTRIAL_GENERAL,10750.0,10750.0,1548.7546705882262
223550044,9574942000,debenhams,2020,Leicester,RETAIL_OTHER_SUPERSTORES_AND_WAREHOUSES,1250000.0,1330000.0,1419.73288636158
223550044,14778052000,debenhams,2020,Leicester,RETAIL_OTHER_SUPERSTORES_AND_WAREHOUSES,1250000.0,1130000.0,1419.73288636158
223550044,9269847000,debenhams,2020,Leicester,RETAIL_OTHER_SUPERSTORES_AND_WAREHOUSES,1250000.0,1470000.0,1778.15226764277
223611063,11765732000,cafe rouge,2020,Camden,RETAIL_RESTAURANTS_AND_CAFES,178000.0,187000.0,997.2370131067626
223611063,96656063,cafe rouge,2020,Camden,RETAIL_RESTAURANTS_AND_CAFES,178000.0,165000.0,1258.1479366319334
223611063,112593063,cafe rouge,2020,Camden,RETAIL_RESTAURANTS_AND_CAFES,178000.0,152000.0,1096.065374606301
223809042,7611218000,toys r us,2018,Derby,RETAIL_OTHER_SUPERSTORES_AND_WAREHOUSES,550000.0,460000.0,1726.9172138729139
223809042,973528000,toys r us,2018,Derby,RETAIL_OTHER_SUPERSTORES_AND_WAREHOUSES,550000.0,412500.0,703.7888500189667
223809042,221942042,toys r us,2018,Derby,RETAIL_OTHER_SUPERSTORES_AND_WAREHOUSES,550000.0,377500.0,2290.4361311627495
223810042,13880533000,homebase,2024,Derby,RETAIL_OTHER_SUPERSTORES_AND_WAREHOUSES,485000.0,340000.0,2588.695797665653
223810042,8079640000,homebase,2024,Derby,RETAIL_OTHER_SUPERSTORES_AND_WAREHOUSES,485000.0,325000.0,466.8342222613789
223810042,14881956000,homebase,2024,Derby,RETAIL_OTHER_SUPERSTORES_AND_WAREHOUSES,485000.0,310000.0,5162.044635335013
223947192,10135710000,mothercare,2019,Cardiff,RETAIL_OTHER_SUPERSTORES_AND_WAREHOUSES,214000.0,214000.0,997.8591143005962
223947192,9094239000,mothercare,2019,Cardiff,RETAIL_OTHER_SUPERSTORES_AND_WAREHOUSES,214000.0,211000.0,1566.8789734093534
223947192,761733000,mothercare,2019,Cardiff,RETAIL_OTHER_SUPERSTORES_AND_WAREHOUSES,214000.0,211000.0,3575.8431719377772
224825036,6366244000,body shop,2024,Norwich,OFFICE_GENERAL,5800.0,5800.0,5274.76504773102
224825036,10497133000,body shop,2024,Norwich,OFFICE_GENERAL,5800.0,5800.0,400.2318722071643
224825036,13190582000,body shop,2024,Norwich,OFFICE_GENERAL,5800.0,5800.0,3321.12319345404
224847036,68597036,arcadia,2020,Norwich,RETAIL_HIGH_STREET,5600.0,5600.0,488.7192488096417
224847036,62795036,arcadia,2020,Norwich,RETAIL_HIGH_STREET,5600.0,5600.0,510.3917549155259
224847036,7632389000,arcadia,2020,Norwich,RETAIL_HIGH_STREET,5600.0,5600.0,821.2816385844004
228447046,9377772000,body shop,2024,Charnwood,RETAIL_HIGH_STREET,27750.0,25250.0,2424.937470072648
228447046,8950812000,body shop,2024,Charnwood,RETAIL_HIGH_STREET,27750.0,25250.0,2347.3218308965243
228447046,10219126000,body shop,2024,Charnwood,RETAIL_HIGH_STREET,27750.0,22750.0,1746.3675825687933
229498082,129393082,arcadia,2020,Hammersmith and Fulham,RETAIL_HIGH_STREET,13250.0,13250.0,698.7172211716107
229498082,134194082,arcadia,2020,Hammersmith and Fulham,RETAIL_HIGH_STREET,13250.0,13250.0,653.5075351639772
229498082,120718082,arcadia,2020,Hammersmith and Fulham,RETAIL_HIGH_STREET,13250.0,13250.0,1454.7544883426829
229512082,5288826000,arcadia,2020,Hammersmith and Fulham,RETAIL_HIGH_STREET,153000.0,156000.0,1436.3896515630845
229512082,8771184000,arcadia,2020,Hammersmith and Fulham,RETAIL_HIGH_STREET,153000.0,164000.0,748.6840266579147
229512082,11258769000,arcadia,2020,Hammersmith and Fulham,RETAIL_HIGH_STREET,153000.0,166000.0,986.564186774039
229733046,53641046,arcadia,2020,Charnwood,RETAIL_HIGH_STREET,96500.0,22750.0,1926.2778464972394
229733046,11786453000,arcadia,2020,Charnwood,RETAIL_HIGH_STREET,96500.0,21750.0,1908.301728659559
229733046,11721595000,arcadia,2020,Charnwood,RETAIL_HIGH_STREET,96500.0,21750.0,1908.301728659559
231057226,153033226,thomas cook,2019,Cannock Chase,RETAIL_HIGH_STREET,20000.0,19750.0,10031.413899134808
231057226,427075000,thomas cook,2019,Cannock Chase,RETAIL_HIGH_STREET,20000.0,19750.0,9965.127978595872
231057226,154782226,thomas cook,2019,Cannock Chase,RETAIL_HIGH_STREET,20000.0,20250.0,10117.827935169362
231707222,3901817000,arcadia,2020,Coventry,RETAIL_HIGH_STREET,180000.0,142000.0,1620.2294251382848
231707222,8615787000,arcadia,2020,Coventry,RETAIL_HIGH_STREET,180000.0,130000.0,2132.3448614734243
231707222,9969303000,arcadia,2020,Coventry,RETAIL_HIGH_STREET,180000.0,128000.0,3608.715534858092
232356222,116257222,thomas cook,2019,Coventry,RETAIL_HIGH_STREET,11500.0,11500.0,1685.3296379231228
232356222,41474222,thomas cook,2019,Coventry,RETAIL_HIGH_STREET,11500.0,11500.0,3339.8033266331286
232356222,62480222,thomas cook,2019,Coventry,RETAIL_HIGH_STREET,11500.0,11500.0,1788.8752792033797
232453237,14463624000,mothercare,2019,Warwick,RETAIL_OTHER_SUPERSTORES_AND_WAREHOUSES,297500.0,249000.0,1061.9818119488368
232453237,13710169000,mothercare,2019,Warwick,RETAIL_OTHER_SUPERSTORES_AND_WAREHOUSES,297500.0,365000.0,1844.3732291676824
232453237,8705028000,mothercare,2019,Warwick,RETAIL_OTHER_SUPERSTORES_AND_WAREHOUSES,297500.0,216000.0,517.8748787869205
232656102,232656102,arcadia,2020,Hartlepool,RETAIL_HIGH_STREET,2275.0,2275.0,856.2368460736849
232656102,233352102,arcadia,2020,Hartlepool,RETAIL_HIGH_STREET,2275.0,2250.0,448.94422397953906
232656102,34397102,arcadia,2020,Hartlepool,RETAIL_HIGH_STREET,2275.0,2250.0,1578.6746923274125
232675222,231941222,arcadia,2020,Coventry,RETAIL_HIGH_STREET,2200.0,2200.0,1000.8291806861123
232675222,15695222,arcadia,2020,Coventry,RETAIL_HIGH_STREET,2200.0,2200.0,3098.6100685535644
232675222,13372612000,arcadia,2020,Coventry,RETAIL_HIGH_STREET,2200.0,2200.0,1107.9305611041111
233644241,8357233000,body shop,2024,Bradford,RETAIL_HIGH_STREET,47750.0,47250.0,2614.560290081438
233644241,207483241,body shop,2024,Bradford,RETAIL_HIGH_STREET,47750.0,46750.0,1818.053329324443
233644241,12293755000,body shop,2024,Bradford,RETAIL_HIGH_STREET,47750.0,45250.0,2369.68205668015
233678102,8790160000,poundworld,2018,Hartlepool,RETAIL_HIGH_STREET,93000.0,95500.0,2817.7367986458626
233678102,11148870000,poundworld,2018,Hartlepool,RETAIL_HIGH_STREET,93000.0,54000.0,1560.245305651986
233678102,8788544000,poundworld,2018,Hartlepool,RETAIL_HIGH_STREET,93000.0,49000.0,2874.8732249992104
233740102,9365397000,thomas cook,2019,Hartlepool,RETAIL_HIGH_STREET,76000.0,34750.0,1450.305125301356
233740102,8273675000,thomas cook,2019,Hartlepool,RETAIL_HIGH_STREET,76000.0,32000.0,1411.18214387573
233740102,825462000,thomas cook,2019,Hartlepool,RETAIL_HIGH_STREET,76000.0,31500.0,2006.0506751740156
234223072,236173072,poundworld,2018,Bromley,RETAIL_OTHER_SUPERSTORES_AND_WAREHOUSES,106000.0,101000.0,2894.016997002076
234223072,233914072,poundworld,2018,Bromley,RETAIL_OTHER_SUPERSTORES_AND_WAREHOUSES,106000.0,99000.0,3099.305579850116
234223072,71442072,poundworld,2018,Bromley,RETAIL_OTHER_SUPERSTORES_AND_WAREHOUSES,106000.0,113000.0,4860.718005860159
234314141,91652141,arcadia,2020,Brighton and Hove,RETAIL_HIGH_STREET,3750.0,3750.0,615.5049470507678
234314141,13588141,arcadia,2020,Brighton and Hove,RETAIL_HIGH_STREET,3750.0,3750.0,3248.104757002659
234314141,14117581000,arcadia,2020,Brighton and Hove,RETAIL_HIGH_STREET,3750.0,3750.0,660.1326376900435
234569141,2531395000,maplin,2018,Brighton and Hove,RETAIL_HIGH_STREET,32750.0,31500.0,824.0975498436993
234569141,342597141,maplin,2018,Brighton and Hove,RETAIL_HIGH_STREET,32750.0,31500.0,532.4072897051543
234569141,5199082000,maplin,2018,Brighton and Hove,RETAIL_HIGH_STREET,32750.0,31500.0,2503.2009038217957
234894222,10765022000,homebase,2024,Coventry,RETAIL_OTHER_SUPERSTORES_AND_WAREHOUSES,515000.0,500000.0,3481.242733465792
234894222,9968921000,homebase,2024,Coventry,RETAIL_OTHER_SUPERSTORES_AND_WAREHOUSES,515000.0,535000.0,1620.2294251382848
234894222,276282222,homebase,2024,Coventry,RETAIL_OTHER_SUPERSTORES_AND_WAREHOUSES,515000.0,445000.0,811.9299360299716
234967222,3901820000,thomas cook,2019,Coventry,RETAIL_HIGH_STREET,77500.0,76500.0,1620.2294251382848
234967222,3901824000,thomas cook,2019,Coventry,RETAIL_HIGH_STREET,77500.0,76500.0,1620.2294251382848
234967222,11388774000,thomas cook,2019,Coventry,RETAIL_HIGH_STREET,77500.0,79000.0,2618.4624906761755
235493126,12581807000,arcadia,2020,Preston,RETAIL_HIGH_STREET,417500.0,51000.0,725.678474656431
235493126,180110126,arcadia,2020,Preston,RETAIL_HIGH_STREET,417500.0,48500.0,603.2752319260571
235493126,14483290000,arcadia,2020,Preston,RETAIL_HIGH_STREET,417500.0,48250.0,3383.726399153148
236140072,234340072,prezzo,2018,Bromley,RETAIL_RESTAURANTS_AND_CAFES,34000.0,34250.0,8201.522804372678
236140072,10718680000,prezzo,2018,Bromley,RETAIL_RESTAURANTS_AND_CAFES,34000.0,34500.0,4453.262993025367
236140072,67474072,prezzo,2018,Bromley,RETAIL_RESTAURANTS_AND_CAFES,34000.0,33000.0,6735.571138347077
237268036,14847162000,debenhams,2020,Norwich,INDUSTRIAL_GENERAL,54500.0,54500.0,2927.731764028968
237268036,98119000,debenhams,2020,Norwich,INDUSTRIAL_GENERAL,54500.0,55000.0,2387.1804103492973
237268036,11473845000,debenhams,2020,Norwich,INDUSTRIAL_GENERAL,54500.0,55000.0,2569.217785032677
238474036,9454342000,debenhams,2020,Norwich,RETAIL_OTHER_SUPERSTORES_AND_WAREHOUSES,870000.0,850000.0,1142.3163550155086
238474036,616240036,debenhams,2020,Norwich,RETAIL_OTHER_SUPERSTORES_AND_WAREHOUSES,870000.0,382500.0,2811.983761144996
238474036,14121170000,debenhams,2020,Norwich,RETAIL_OTHER_SUPERSTORES_AND_WAREHOUSES,870000.0,362500.0,1142.3163550155086
238493133,3699554000,arcadia,2020,Cheshire West and Chester,RETAIL_HIGH_STREET,76500.0,71000.0,7922.385682585844
238493133,282934133,arcadia,2020,Cheshire West and Chester,RETAIL_HIGH_STREET,76500.0,67500.0,9985.952932080661
238493133,246019133,arcadia,2020,Cheshire West and Chester,RETAIL_HIGH_STREET,76500.0,52500.0,2401.466927612739
238586133,9466365000,frankie&bennys,2020,Cheshire West and Chester,RETAIL_HIGH_STREET,16250.0,16250.0,411.7686081439783
238586133,16432132,frankie&bennys,2020,Cheshire West and Chester,RETAIL_HIGH_STREET,16250.0,16250.0,1983.8963074783392
238586133,4356944000,frankie&bennys,2020,Cheshire West and Chester,RETAIL_HIGH_STREET,16250.0,16250.0,422.29946061511237
238590133,15056403000,thomas cook,2019,Cheshire West and Chester,RETAIL_HIGH_STREET,22500.0,22500.0,800.6069632938954
238590133,310042133,thomas cook,2019,Cheshire West and Chester,RETAIL_HIGH_STREET,22500.0,22500.0,7922.385682585844
238590133,361600133,thomas cook,2019,Cheshire West and Chester,RETAIL_HIGH_STREET,22500.0,22750.0,7922.385682585844
238599133,1347844000,arcadia,2020,Cheshire West and Chester,RETAIL_HIGH_STREET,61000.0,49000.0,7930.78251565902
238599133,9532505000,arcadia,2020,Cheshire West and Chester,RETAIL_HIGH_STREET,61000.0,48500.0,10800.839935469674
238599133,319247133,arcadia,2020,Cheshire West and Chester,RETAIL_HIGH_STREET,61000.0,47750.0,7913.935294120053
238606226,10903647000,homebase,2024,Cannock Chase,RETAIL_OTHER_SUPERSTORES_AND_WAREHOUSES,342500.0,355000.0,1528.2859571635197
238606226,9163914000,homebase,2024,Cannock Chase,RETAIL_OTHER_SUPERSTORES_AND_WAREHOUSES,342500.0,305000.0,1637.8769627113807
238606226,14912958000,homebase,2024,Cannock Chase,RETAIL_OTHER_SUPERSTORES_AND_WAREHOUSES,342500.0,305000.0,10669.147283552065
238987239,12591464000,thomas cook,2019,Dudley,RETAIL_HIGH_STREET,3600.0,3600.0,2084.809859749147
238987239,1573912000,thomas cook,2019,Dudley,RETAIL_HIGH_STREET,3600.0,3600.0,4178.860349246509
238987239,2338770000,thomas cook,2019,Dudley,RETAIL_HIGH_STREET,3600.0,3600.0,1018.0494389774694
240177254,5472792000,wilko,2023,East Riding of Yorkshire,RETAIL_HIGH_STREET,108000.0,108000.0,17462.444563491194
240177254,8935662000,wilko,2023,East Riding of Yorkshire,RETAIL_HIGH_STREET,108000.0,106000.0,17462.444563491194
240177254,14776281000,wilko,2023,East Riding of Yorkshire,RETAIL_HIGH_STREET,108000.0,111000.0,34180.02109323491
240189141,5310667000,thomas cook,2019,Crawley,RETAIL_HIGH_STREET,48000.0,49250.0,4413.306256571062
240189141,14256927000,thomas cook,2019,Crawley,RETAIL_HIGH_STREET,48000.0,49750.0,1987.498959371756
240189141,14606590000,thomas cook,2019,Crawley,RETAIL_HIGH_STREET,48000.0,46000.0,4588.6125840409795
240268241,12569482000,carluccios,2020,Bradford,RETAIL_RESTAURANTS_AND_CAFES,35750.0,35750.0,2075.8348617484044
240268241,115910241,carluccios,2020,Bradford,RETAIL_RESTAURANTS_AND_CAFES,35750.0,35500.0,2289.760377429813
240268241,109513241,carluccios,2020,Bradford,RETAIL_RESTAURANTS_AND_CAFES,35750.0,36000.0,4118.782855916946
241017234,12681964000,arcadia,2020,Telford and Wrekin,RETAIL_HIGH_STREET,240000.0,130000.0,2129.859238098612
241017234,9520695000,arcadia,2020,Telford and Wrekin,RETAIL_HIGH_STREET,240000.0,122000.0,2129.859238098612
241017234,14078332000,arcadia,2020,Telford and Wrekin,RETAIL_HIGH_STREET,240000.0,112500.0,2129.859238098612
241020234,1701327000,thomas cook,2019,Telford and Wrekin,RETAIL_HIGH_STREET,133000.0,95000.0,2127.482516331725
241020234,161063234,thomas cook,2019,Telford and Wrekin,RETAIL_HIGH_STREET,133000.0,62500.0,11074.62830032107
241020234,150996234,thomas cook,2019,Telford and Wrekin,RETAIL_HIGH_STREET,133000.0,51500.0,1936.4349616624688
241061234,9426654000,debenhams,2020,Telford and Wrekin,RETAIL_OTHER_SUPERSTORES_AND_WAREHOUSES,705000.0,735000.0,4289.804267771764
241061234,9079665000,debenhams,2020,Telford and Wrekin,RETAIL_OTHER_SUPERSTORES_AND_WAREHOUSES,705000.0,650000.0,11102.543602849986
241061234,10444625000,debenhams,2020,Telford and Wrekin,RETAIL_OTHER_SUPERSTORES_AND_WAREHOUSES,705000.0,640000.0,1615.638478817108
241217072,10765146000,arcadia,2020,Bromley,OFFICE_GENERAL,38750.0,38500.0,405.772043439979
241217072,33690072,arcadia,2020,Bromley,OFFICE_GENERAL,38750.0,38500.0,726.8528894580585
241217072,5939230000,arcadia,2020,Bromley,OFFICE_GENERAL,38750.0,38500.0,5741.179030059597
242444144,12387630000,wilko,2023,Eastbourne,RETAIL_OTHER_SUPERSTORES_AND_WAREHOUSES,207000.0,205000.0,1030.1422257316883
242444144,6871113000,wilko,2023,Eastbourne,RETAIL_OTHER_SUPERSTORES_AND_WAREHOUSES,207000.0,213000.0,1383.41658110079
242444144,9643760000,wilko,2023,Eastbourne,RETAIL_OTHER_SUPERSTORES_AND_WAREHOUSES,207000.0,194000.0,1718.0019674030455
243148013,7171874000,thomas cook,2019,North Hertfordshire,INDUSTRIAL_GENERAL,41750.0,41750.0,1887.6197706841501
243148013,2835157000,thomas cook,2019,North Hertfordshire,INDUSTRIAL_GENERAL,41750.0,41750.0,1908.296964368596
243148013,5249228000,thomas cook,2019,North Hertfordshire,INDUSTRIAL_GENERAL,41750.0,41500.0,1966.4391923302387
243163236,8513704000,body shop,2024,Stoke-on-Trent,INDUSTRIAL_GENERAL,8400.0,8400.0,1948.0285423424605
243163236,7066041000,body shop,2024,Stoke-on-Trent,INDUSTRIAL_GENERAL,8400.0,8400.0,832.5538304612605
243163236,11601273000,body shop,2024,Stoke-on-Trent,INDUSTRIAL_GENERAL,8400.0,8400.0,704.7357714849188
243258000,3816872000,cath kidston,2020,Cheshire West and Chester,RETAIL_HIGH_STREET,56500.0,47000.0,3700.3755890526163
243258000,308727133,cath kidston,2020,Cheshire West and Chester,RETAIL_HIGH_STREET,56500.0,46000.0,7871.77649741802
243258000,1234571000,cath kidston,2020,Cheshire West and Chester,RETAIL_HIGH_STREET,56500.0,44000.0,508.7890467828292
243635241,11296061000,maplin,2018,Bradford,RETAIL_OTHER_SUPERSTORES_AND_WAREHOUSES,78500.0,78500.0,850.9765986769173
243635241,104114241,maplin,2018,Bradford,RETAIL_OTHER_SUPERSTORES_AND_WAREHOUSES,78500.0,78500.0,4231.906718446324
243635241,194327241,maplin,2018,Bradford,RETAIL_OTHER_SUPERSTORES_AND_WAREHOUSES,78500.0,78000.0,983.142405243124
243716236,244804236,strada,2018,Stoke-on-Trent,LEISURE_LUXURY_HOTELS,35000.0,121500.0,1557.5873617569805
243716236,9183304000,strada,2018,Stoke-on-Trent,LEISURE_LUXURY_HOTELS,35000.0,151500.0,500.1116018404247
243716236,1243770000,strada,2018,Stoke-on-Trent,LEISURE_LUXURY_HOTELS,35000.0,169000.0,2455.765177035544
244308044,40301044,mothercare,2019,Leicester,RETAIL_OTHER_SUPERSTORES_AND_WAREHOUSES,287500.0,317500.0,1527.0083825460697
244308044,14824101000,mothercare,2019,Leicester,RETAIL_OTHER_SUPERSTORES_AND_WAREHOUSES,287500.0,255000.0,3544.456294121937
244308044,9592513000,mothercare,2019,Leicester,RETAIL_OTHER_SUPERSTORES_AND_WAREHOUSES,287500.0,325000.0,1208.1325478560473
244323239,10670773000,maplin,2018,Dudley,RETAIL_OTHER_SUPERSTORES_AND_WAREHOUSES,191000.0,191000.0,1578.550207621948
244323239,10415322000,maplin,2018,Dudley,RETAIL_OTHER_SUPERSTORES_AND_WAREHOUSES,191000.0,192000.0,4146.580805719315
244323239,7251259000,maplin,2018,Dudley,RETAIL_OTHER_SUPERSTORES_AND_WAREHOUSES,191000.0,200000.0,1574.3265472661565
244467236,14006452000,wilko,2023,Stoke-on-Trent,RETAIL_OTHER_SUPERSTORES_AND_WAREHOUSES,275000.0,280000.0,996.8462551689264
244467236,8385019000,wilko,2023,Stoke-on-Trent,RETAIL_OTHER_SUPERSTORES_AND_WAREHOUSES,275000.0,282500.0,1933.9236944238191
244467236,13529064000,wilko,2023,Stoke-on-Trent,RETAIL_OTHER_SUPERSTORES_AND_WAREHOUSES,275000.0,257500.0,1368.4910885274853
244590108,496460108,arcadia,2020,North Yorkshire,RETAIL_HIGH_STREET,16250.0,16250.0,554.0763339675583
244590108,99169105,arcadia,2020,North Yorkshire,RETAIL_HIGH_STREET,16250.0,16250.0,15898.31969723248
244590108,43129105,arcadia,2020,North Yorkshire,RETAIL_HIGH_STREET,16250.0,16250.0,1240.8313180022783
245740239,203682239,paperchase,2023,Dudley,RETAIL_HIGH_STREET,196000.0,65000.0,649.205751613263
245740239,208711239,paperchase,2023,Dudley,RETAIL_HIGH_STREET,196000.0,60000.0,649.205751613263
245740239,7268266000,paperchase,2023,Dudley,RETAIL_HIGH_STREET,196000.0,59000.0,649.205751613263
246270033,10579834000,thomas cook,2019,Chesterfield,RETAIL_HIGH_STREET,44750.0,41750.0,1800.0246299799219
246270033,3263324000,thomas cook,2019,Chesterfield,RETAIL_HIGH_STREET,44750.0,38000.0,663.4023434716914
246270033,8948397000,thomas cook,2019,Chesterfield,RETAIL_HIGH_STREET,44750.0,36750.0,635.4199909958431
246305236,4751405000,maplin,2018,Stoke-on-Trent,OTHER_COMMERCIAL,250.0,250.0,529.3200869793641
246305236,15049479000,maplin,2018,Stoke-on-Trent,OTHER_COMMERCIAL,250.0,215.0,830.228776735031
246305236,1488015000,maplin,2018,Stoke-on-Trent,OTHER_COMMERCIAL,250.0,200.0,1047.504730041703
246434234,10807372000,toys r us,2018,Telford and Wrekin,RETAIL_HIGH_STREET,221000.0,47000.0,1666.1635125103783
246434234,11383194000,toys r us,2018,Telford and Wrekin,RETAIL_HIGH_STREET,221000.0,43000.0,1195.8549068273257
246434234,161935234,toys r us,2018,Telford and Wrekin,RETAIL_HIGH_STREET,221000.0,41250.0,2095.0028361334566
246951239,203681239,cath kidston,2020,Dudley,RETAIL_HIGH_STREET,216000.0,58000.0,649.205751613263
246951239,9340807000,cath kidston,2020,Dudley,RETAIL_HIGH_STREET,216000.0,51500.0,1783.9488896699731
246951239,9331920000,cath kidston,2020,Dudley,RETAIL_HIGH_STREET,216000.0,46750.0,648.8672178627469
247106234,12242942000,mothercare,2019,Telford and Wrekin,RETAIL_OTHER_SUPERSTORES_AND_WAREHOUSES,340000.0,337500.0,11073.368866295705
247106234,975313000,mothercare,2019,Telford and Wrekin,RETAIL_OTHER_SUPERSTORES_AND_WAREHOUSES,340000.0,335000.0,441.6197474299782
247106234,3948404000,mothercare,2019,Telford and Wrekin,RETAIL_OTHER_SUPERSTORES_AND_WAREHOUSES,340000.0,315000.0,441.6197474299782
247491082,9413050000,thomas cook,2019,Hammersmith and Fulham,RETAIL_HIGH_STREET,78500.0,78000.0,940.9038180661532
247491082,8979922000,thomas cook,2019,Hammersmith and Fulham,RETAIL_HIGH_STREET,78500.0,77500.0,731.2990906879223
247491082,9282545000,thomas cook,2019,Hammersmith and Fulham,RETAIL_HIGH_STREET,78500.0,79500.0,910.3019390293601
247728162,11666829000,arcadia,2020,Buckinghamshire,RETAIL_HIGH_STREET,31000.0,31000.0,6905.791153950874
247728162,14533699000,arcadia,2020,Buckinghamshire,RETAIL_HIGH_STREET,31000.0,31000.0,6905.791153950874
247728162,11400697000,arcadia,2020,Buckinghamshire,RETAIL_HIGH_STREET,31000.0,30750.0,7534.772050353278
247970141,12935395000,homebase,2024,Crawley,RETAIL_OTHER_SUPERSTORES_AND_WAREHOUSES,935000.0,870000.0,439.11675898754225
247970141,13558223000,homebase,2024,Crawley,RETAIL_OTHER_SUPERSTORES_AND_WAREHOUSES,935000.0,1010000.0,1366.5619362720226
247970141,12660012000,homebase,2024,Crawley,RETAIL_OTHER_SUPERSTORES_AND_WAREHOUSES,935000.0,1010000.0,1589.8257111526732
248269162,1756972000,prezzo,2018,Buckinghamshire,RETAIL_RESTAURANTS_AND_CAFES,64000.0,65000.0,13146.449219105267
248269162,14922123000,prezzo,2018,Buckinghamshire,RETAIL_RESTAURANTS_AND_CAFES,64000.0,66000.0,3037.561823232999
248269162,210605162,prezzo,2018,Buckinghamshire,RETAIL_RESTAURANTS_AND_CAFES,64000.0,66500.0,6303.4441326983915
250105000,194547184,thomas cook,2019,Plymouth,RETAIL_HIGH_STREET,84000.0,56500.0,1214.2592448639332
250105000,306316184,thomas cook,2019,Plymouth,RETAIL_HIGH_STREET,84000.0,56500.0,2515.807969429937
250105000,11105368000,thomas cook,2019,Plymouth,RETAIL_HIGH_STREET,84000.0,53000.0,3441.161853387688
250860075,6679266000,bhs,2016,Southwark,RETAIL_HIGH_STREET,9200.0,9200.0,2848.8270130123406
250860075,244112075,bhs,2016,Southwark,RETAIL_HIGH_STREET,9200.0,9200.0,1233.2848680649497
250860075,13075779000,bhs,2016,Southwark,RETAIL_HIGH_STREET,9200.0,9200.0,3153.880601664275
251537222,3895257000,body shop,2024,Coventry,RETAIL_HIGH_STREET,64500.0,63000.0,1620.2294251382848
251537222,9934752000,body shop,2024,Coventry,RETAIL_HIGH_STREET,64500.0,60000.0,2918.222788782244
251537222,12053535000,body shop,2024,Coventry,RETAIL_HIGH_STREET,64500.0,71500.0,2918.222788782244
251542222,5374650000,arcadia,2020,Coventry,RETAIL_HIGH_STREET,165000.0,123000.0,2618.4624906761755
251542222,14295301000,arcadia,2020,Coventry,RETAIL_HIGH_STREET,165000.0,116000.0,420.1821888347497
251542222,10563769000,arcadia,2020,Coventry,RETAIL_HIGH_STREET,165000.0,111000.0,3481.242733465792
251551222,13885224000,arcadia,2020,Coventry,RETAIL_HIGH_STREET,85000.0,81500.0,3481.242733465792
251551222,6451908000,arcadia,2020,Coventry,RETAIL_HIGH_STREET,85000.0,92500.0,2431.6328259753554
251551222,11379969000,arcadia,2020,Coventry,RETAIL_HIGH_STREET,85000.0,92500.0,3813.481704606641
251567222,8354861000,debenhams,2020,Coventry,RETAIL_OTHER_SUPERSTORES_AND_WAREHOUSES,735000.0,655000.0,1620.2294251382848
251567222,11446297000,debenhams,2020,Coventry,RETAIL_OTHER_SUPERSTORES_AND_WAREHOUSES,735000.0,590000.0,652.7356461172385
251567222,275982222,debenhams,2020,Coventry,RETAIL_OTHER_SUPERSTORES_AND_WAREHOUSES,735000.0,910000.0,811.9299360299716
251629239,11069547000,body shop,2024,Dudley,OFFICE_GENERAL,690.0,690.0,3103.2274295667457
251629239,247004239,body shop,2024,Dudley,OFFICE_GENERAL,690.0,690.0,4400.485252574395
251629239,485316000,body shop,2024,Dudley,OFFICE_GENERAL,690.0,690.0,1293.9331199017838
252735241,12520941000,poundworld,2018,Bradford,RETAIL_OTHER_SUPERSTORES_AND_WAREHOUSES,370000.0,367500.0,1920.558639556702
252735241,3457266000,poundworld,2018,Bradford,RETAIL_OTHER_SUPERSTORES_AND_WAREHOUSES,370000.0,352500.0,2480.6058864919596
252735241,12201965000,poundworld,2018,Bradford,RETAIL_OTHER_SUPERSTORES_AND_WAREHOUSES,370000.0,402500.0,4565.700784783598
253259239,2893415000,arcadia,2020,Dudley,RETAIL_HIGH_STREET,282500.0,44000.0,557.8900646760619
253259239,105342239,arcadia,2020,Dudley,RETAIL_HIGH_STREET,282500.0,39750.0,4164.641533480451
253259239,15030227000,arcadia,2020,Dudley,RETAIL_HIGH_STREET,282500.0,39750.0,731.708981711164
253263239,203796239,body shop,2024,Dudley,RETAIL_HIGH_STREET,161000.0,39750.0,4090.7994763924426
253263239,9716665000,body shop,2024,Dudley,RETAIL_HIGH_STREET,161000.0,39250.0,537.721306431352
253263239,5055234000,body shop,2024,Dudley,RETAIL_HIGH_STREET,161000.0,37500.0,592.555175588944
253293239,8597716000,arcadia,2020,Dudley,RETAIL_HIGH_STREET,210000.0,37500.0,1608.0011806890157
253293239,14665056000,arcadia,2020,Dudley,RETAIL_HIGH_STREET,210000.0,35750.0,2714.3820558043085
253293239,13662630000,arcadia,2020,Dudley,RETAIL_HIGH_STREET,210000.0,35000.0,3429.9320005049267
253304239,206819239,bhs,2016,Dudley,RETAIL_RESTAURANTS_AND_CAFES,46750.0,47250.0,842.5227048478233
253304239,201526239,bhs,2016,Dudley,RETAIL_RESTAURANTS_AND_CAFES,46750.0,45750.0,1568.5321300273408
253304239,265559239,bhs,2016,Dudley,RETAIL_RESTAURANTS_AND_CAFES,46750.0,45750.0,3312.377404592994
253756212,346837212,body shop,2024,"Bristol, City of",RETAIL_HIGH_STREET,44500.0,44500.0,1469.009232488078
253756212,250686212,body shop,2024,"Bristol, City of",RETAIL_HIGH_STREET,44500.0,44500.0,1668.4858143831598
253756212,329020212,body shop,2024,"Bristol, City of",RETAIL_HIGH_STREET,44500.0,44500.0,1114.8604945618345
254142241,5293226000,thomas cook,2019,Bradford,RETAIL_HIGH_STREET,39250.0,39000.0,601.850784303361
254142241,11714548000,thomas cook,2019,Bradford,RETAIL_HIGH_STREET,39250.0,38000.0,1920.558639556702
254142241,6419705000,thomas cook,2019,Bradford,RETAIL_HIGH_STREET,39250.0,40500.0,576.2356703367775
255067212,2277280000,debenhams,2020,"Bristol, City of",RETAIL_OTHER_SUPERSTORES_AND_WAREHOUSES,1380000.0,1390000.0,2834.052128309371
255067212,9738992000,debenhams,2020,"Bristol, City of",RETAIL_OTHER_SUPERSTORES_AND_WAREHOUSES,1380000.0,1320000.0,3147.9654533602043
255067212,321392212,debenhams,2020,"Bristol, City of",RETAIL_OTHER_SUPERSTORES_AND_WAREHOUSES,1380000.0,1310000.0,4017.4960780525753
255752033,14093423000,body shop,2024,Chesterfield,RETAIL_HIGH_STREET,11000.0,11000.0,429.9782347123751
255752033,14813798000,body shop,2024,Chesterfield,RETAIL_HIGH_STREET,11000.0,11000.0,2012.948180740009
255752033,14800109000,body shop,2024,Chesterfield,RETAIL_HIGH_STREET,11000.0,11000.0,1315.215978392419
256044000,366174133,ted baker,2024,Cheshire West and Chester,RETAIL_HIGH_STREET,56500.0,44000.0,7922.385682585844
256044000,14638826000,ted baker,2024,Cheshire West and Chester,RETAIL_HIGH_STREET,56500.0,42000.0,1044.4124946130378
256044000,321472133,ted baker,2024,Cheshire West and Chester,RETAIL_HIGH_STREET,56500.0,40500.0,8030.799895116647
256270000,4502489000,cafe rouge,2020,County Durham,RETAIL_RESTAURANTS_AND_CAFES,90000.0,88000.0,7879.9019323723705
256270000,9086106000,cafe rouge,2020,County Durham,RETAIL_RESTAURANTS_AND_CAFES,90000.0,93500.0,3809.6722886519174
256270000,13336203000,cafe rouge,2020,County Durham,RETAIL_RESTAURANTS_AND_CAFES,90000.0,93500.0,3809.6722886519174
256325239,8812322000,wilko,2023,Dudley,RETAIL_OTHER_SUPERSTORES_AND_WAREHOUSES,140000.0,140000.0,2242.147776493308
256325239,1427286000,wilko,2023,Dudley,RETAIL_OTHER_SUPERSTORES_AND_WAREHOUSES,140000.0,136000.0,1115.032082585177
256325239,3696976000,wilko,2023,Dudley,RETAIL_OTHER_SUPERSTORES_AND_WAREHOUSES,140000.0,146000.0,1748.8705658256554
257899033,12981632000,thomas cook,2019,Chesterfield,RETAIL_HIGH_STREET,43250.0,36500.0,2041.3137094933443
257899033,3368169000,thomas cook,2019,Chesterfield,RETAIL_HIGH_STREET,43250.0,35000.0,960.6554444645008
257899033,6483024000,thomas cook,2019,Chesterfield,RETAIL_HIGH_STREET,43250.0,33500.0,663.4023434716914
258402037,14080854000,maplin,2018,Nottingham,RETAIL_HIGH_STREET,14500.0,14500.0,633.9600486614577
258402037,15713037,maplin,2018,Nottingham,RETAIL_HIGH_STREET,14500.0,14500.0,5423.04186977795
258402037,255788037,maplin,2018,Nottingham,RETAIL_HIGH_STREET,14500.0,14500.0,5423.04186977795
258604013,254923013,wilko,2023,North Hertfordshire,RETAIL_OTHER_SUPERSTORES_AND_WAREHOUSES,135000.0,140000.0,1530.100013768502
258604013,4784851000,wilko,2023,North Hertfordshire,RETAIL_OTHER_SUPERSTORES_AND_WAREHOUSES,135000.0,127000.0,684.0059532462302
258604013,14940179000,wilko,2023,North Hertfordshire,RETAIL_OTHER_SUPERSTORES_AND_WAREHOUSES,135000.0,146000.0,15959.822275177665
258605013,12407789000,wilko,2023,North Hertfordshire,WAREHOUSING_LARGE_SCALE_AND_HIGH_BAY,24500.0,24250.0,1283.6744606192403
258605013,2285766000,wilko,2023,North Hertfordshire,WAREHOUSING_LARGE_SCALE_AND_HIGH_BAY,24500.0,24250.0,15877.169874802205
258605013,2474793000,wilko,2023,North Hertfordshire,WAREHOUSING_LARGE_SCALE_AND_HIGH_BAY,24500.0,24750.0,1111.8962850987223
259064037,339888000,arcadia,2020,Nottingham,RETAIL_HIGH_STREET,285000.0,158000.0,752.0735986177261
259064037,100613037,arcadia,2020,Nottingham,RETAIL_HIGH_STREET,285000.0,35750.0,5534.037349989812
259064037,8542019000,arcadia,2020,Nottingham,RETAIL_HIGH_STREET,285000.0,34250.0,1053.6725769393279
260098037,11030792000,arcadia,2020,Nottingham,RETAIL_HIGH_STREET,49000.0,33500.0,6150.81818286834
260098037,73516037,arcadia,2020,Nottingham,RETAIL_HIGH_STREET,49000.0,32750.0,1118.5050643278219
260098037,114568037,arcadia,2020,Nottingham,RETAIL_HIGH_STREET,49000.0,31750.0,554.9243630940208
260122037,13434461000,bhs,2016,Nottingham,RETAIL_OTHER_SUPERSTORES_AND_WAREHOUSES,249000.0,249000.0,1281.4220651441722
260122037,11788729000,bhs,2016,Nottingham,RETAIL_OTHER_SUPERSTORES_AND_WAREHOUSES,249000.0,243000.0,3284.067868865016
260122037,14548608000,bhs,2016,Nottingham,RETAIL_OTHER_SUPERSTORES_AND_WAREHOUSES,249000.0,257500.0,930.0477920578214
260138037,10108269000,wilko,2023,Nottingham,RETAIL_OTHER_SUPERSTORES_AND_WAREHOUSES,77500.0,77500.0,1212.7480608327837
260138037,67234037,wilko,2023,Nottingham,RETAIL_OTHER_SUPERSTORES_AND_WAREHOUSES,77500.0,76000.0,2251.694116547545
260138037,333849037,wilko,2023,Nottingham,RETAIL_OTHER_SUPERSTORES_AND_WAREHOUSES,77500.0,72500.0,2210.59339689374
260216234,11142828000,bhs,2016,Telford and Wrekin,RETAIL_OTHER_SUPERSTORES_AND_WAREHOUSES,460000.0,422500.0,3951.3697404626946
260216234,14899025000,bhs,2016,Telford and Wrekin,RETAIL_OTHER_SUPERSTORES_AND_WAREHOUSES,460000.0,415000.0,1099.393550200322
260216234,7703236000,bhs,2016,Telford and Wrekin,RETAIL_OTHER_SUPERSTORES_AND_WAREHOUSES,460000.0,407500.0,1242.7684473557747
260395239,5518165000,wilko,2023,Dudley,RETAIL_OTHER_SUPERSTORES_AND_WAREHOUSES,203000.0,204000.0,2625.6109344860893
260395239,8015775000,wilko,2023,Dudley,RETAIL_OTHER_SUPERSTORES_AND_WAREHOUSES,203000.0,201000.0,2201.409601770692
260395239,1339056000,wilko,2023,Dudley,RETAIL_OTHER_SUPERSTORES_AND_WAREHOUSES,203000.0,179000.0,2027.923556963498
261606175,14539438000,homebase,2024,Fareham,RETAIL_OTHER_SUPERSTORES_AND_WAREHOUSES,452500.0,465000.0,5334.5286157005385
261606175,10633602000,homebase,2024,Fareham,RETAIL_OTHER_SUPERSTORES_AND_WAREHOUSES,452500.0,400000.0,4134.789464845229
261606175,113162175,homebase,2024,Fareham,RETAIL_OTHER_SUPERSTORES_AND_WAREHOUSES,452500.0,515000.0,5555.46227555894
262538175,202297175,frankie&bennys,2020,Fareham,RETAIL_HIGH_STREET,8400.0,8400.0,3621.2139323688007
262538175,13852789000,frankie&bennys,2020,Fareham,RETAIL_HIGH_STREET,8400.0,8400.0,3312.991299892859
262538175,112449175,frankie&bennys,2020,Fareham,RETAIL_HIGH_STREET,8400.0,8400.0,2775.8719001153313
263134239,14988601000,thomas cook,2019,Dudley,RETAIL_HIGH_STREET,94500.0,34250.0,2204.141279940956
263134239,9667215000,thomas cook,2019,Dudley,RETAIL_HIGH_STREET,94500.0,34000.0,1013.3722794132246
263134239,8832841000,thomas cook,2019,Dudley,RETAIL_HIGH_STREET,94500.0,34000.0,759.6770621772191
264730212,8082362000,arcadia,2020,"Bristol, City of",OFFICE_GENERAL,5100.0,5100.0,640.1964198312245
264730212,12991565000,arcadia,2020,"Bristol, City of",OFFICE_GENERAL,5100.0,5100.0,498.12210757681953
264730212,10482786000,arcadia,2020,"Bristol, City of",OFFICE_GENERAL,5100.0,5100.0,1952.3826606023845
265114045,2844462000,wilko,2023,North Northamptonshire,RETAIL_OTHER_SUPERSTORES_AND_WAREHOUSES,156000.0,156000.0,1051.2009131704935
265114045,8813196000,wilko,2023,North Northamptonshire,RETAIL_OTHER_SUPERSTORES_AND_WAREHOUSES,156000.0,150000.0,12650.470707329438
265114045,1251387000,wilko,2023,North Northamptonshire,RETAIL_OTHER_SUPERSTORES_AND_WAREHOUSES,156000.0,149000.0,1723.1584647102536
265402037,1859796000,arcadia,2020,Nottingham,RETAIL_HIGH_STREET,2300.0,2300.0,1672.188071593238
265402037,23669037,arcadia,2020,Nottingham,RETAIL_HIGH_STREET,2300.0,2300.0,1388.2687586695827
265402037,7648173000,arcadia,2020,Nottingham,RETAIL_HIGH_STREET,2300.0,2300.0,2764.520951633863
265573144,55644144,homebase,2024,Eastbourne,RETAIL_OTHER_SUPERSTORES_AND_WAREHOUSES,450000.0,432500.0,1600.548517007052
265573144,257785144,homebase,2024,Eastbourne,RETAIL_OTHER_SUPERSTORES_AND_WAREHOUSES,450000.0,347500.0,489.50399219010455
265573144,8791922000,homebase,2024,Eastbourne,RETAIL_OTHER_SUPERSTORES_AND_WAREHOUSES,450000.0,347500.0,1520.6653097408682
265591216,279607216,cath kidston,2020,Wiltshire,RETAIL_HIGH_STREET,17000.0,17000.0,1683.4511787382908
265591216,2136510000,cath kidston,2020,Wiltshire,RETAIL_HIGH_STREET,17000.0,17000.0,1705.4798695066652
265591216,123492216,cath kidston,2020,Wiltshire,RETAIL_HIGH_STREET,17000.0,17000.0,13371.205993252555
265597216,8641358000,thomas cook,2019,Wiltshire,RETAIL_HIGH_STREET,19500.0,19500.0,14043.415620912725
265597216,14627271000,thomas cook,2019,Wiltshire,RETAIL_HIGH_STREET,19500.0,19500.0,1951.4004586270044
265597216,3612016000,thomas cook,2019,Wiltshire,RETAIL_HIGH_STREET,19500.0,19500.0,5649.199345805254
265862045,169616045,strada,2018,West Northamptonshire,RETAIL_HIGH_STREET,26000.0,26000.0,12523.831915534385
265862045,2920382000,strada,2018,West Northamptonshire,RETAIL_HIGH_STREET,26000.0,26000.0,2096.563326075823
265862045,8490622000,strada,2018,West Northamptonshire,RETAIL_HIGH_STREET,26000.0,25750.0,28035.204461574358
265868033,313190033,strada,2018,Chesterfield,RETAIL_HIGH_STREET,13750.0,13750.0,2612.1827441848427
265868033,14690934000,strada,2018,Chesterfield,RETAIL_HIGH_STREET,13750.0,13500.0,1258.4198397351836
265868033,8950182000,strada,2018,Chesterfield,RETAIL_HIGH_STREET,13750.0,14000.0,593.572103037721
265972000,8833417000,wilko,2023,Somerset,RETAIL_OTHER_SUPERSTORES_AND_WAREHOUSES,241000.0,246000.0,8050.446812526296
265972000,12409917000,wilko,2023,Somerset,RETAIL_OTHER_SUPERSTORES_AND_WAREHOUSES,241000.0,246000.0,458.1985075364446
265972000,9670377000,wilko,2023,Somerset,RETAIL_OTHER_SUPERSTORES_AND_WAREHOUSES,241000.0,247000.0,440.29237402583135
266599045,10606164000,wilko,2023,West Northamptonshire,RETAIL_OTHER_SUPERSTORES_AND_WAREHOUSES,100000.0,106000.0,18000.23169413333
266599045,205426045,wilko,2023,West Northamptonshire,RETAIL_OTHER_SUPERSTORES_AND_WAREHOUSES,100000.0,93000.0,413.80183881942986
266599045,8147243000,wilko,2023,West Northamptonshire,RETAIL_OTHER_SUPERSTORES_AND_WAREHOUSES,100000.0,108000.0,12251.94041919823
266701017,208365017,maplin,2018,Watford,RETAIL_HIGH_STREET,47250.0,33000.0,1228.568873234953
266701017,208364017,maplin,2018,Watford,RETAIL_HIGH_STREET,47250.0,32500.0,1228.568873234953
266701017,207960017,maplin,2018,Watford,RETAIL_HIGH_STREET,47250.0,31500.0,1033.3688012898149
266828045,4005103000,poundworld,2018,West Northamptonshire,RETAIL_HIGH_STREET,82000.0,53500.0,16084.505933764272
266828045,13755523000,poundworld,2018,West Northamptonshire,RETAIL_HIGH_STREET,82000.0,52500.0,1162.5358569800417
266828045,9841963000,poundworld,2018,West Northamptonshire,RETAIL_HIGH_STREET,82000.0,52000.0,2355.4599166793764
267066045,10759518000,homebase,2024,West Northamptonshire,RETAIL_OTHER_SUPERSTORES_AND_WAREHOUSES,595000.0,477500.0,886.11201734963
267066045,13439636000,homebase,2024,West Northamptonshire,RETAIL_OTHER_SUPERSTORES_AND_WAREHOUSES,595000.0,720000.0,3205.370225471257
267066045,13029130000,homebase,2024,West Northamptonshire,RETAIL_OTHER_SUPERSTORES_AND_WAREHOUSES,595000.0,725000.0,26443.14691035137
267076045,763194000,body shop,2024,West Northamptonshire,LEISURE_PERIODIC_USE,4050.0,4100.0,6836.364503824029
267076045,463173045,body shop,2024,West Northamptonshire,LEISURE_PERIODIC_USE,4050.0,4150.0,22892.517726667713
267076045,4381314000,body shop,2024,West Northamptonshire,LEISURE_PERIODIC_USE,4050.0,3900.0,5416.228636146141
269028075,81243000,body shop,2024,Southwark,RETAIL_HIGH_STREET,51500.0,51500.0,1696.3109566549242
269028075,13428817000,body shop,2024,Southwark,RETAIL_HIGH_STREET,51500.0,51000.0,3204.3893952927724
269028075,268881075,body shop,2024,Southwark,RETAIL_HIGH_STREET,51500.0,52000.0,1803.572928101431
269032075,11400619000,thomas cook,2019,Southwark,RETAIL_HIGH_STREET,26250.0,26250.0,514.2643433934824
269032075,481152000,thomas cook,2019,Southwark,RETAIL_HIGH_STREET,26250.0,26250.0,1853.2175555390456
269032075,270659075,thomas cook,2019,Southwark,RETAIL_HIGH_STREET,26250.0,26250.0,3090.781591582904
269118075,270662075,poundworld,2018,Southwark,RETAIL_HIGH_STREET,128000.0,130000.0,1803.572928101431
269118075,269116075,poundworld,2018,Southwark,RETAIL_HIGH_STREET,128000.0,124000.0,2960.6168713475486
269118075,14414530000,poundworld,2018,Southwark,RETAIL_HIGH_STREET,128000.0,135000.0,482.5656904658492
269235132,11206345000,thomas cook,2019,Cheshire West and Chester,OTHER_COMMERCIAL,1000.0,1000.0,7036.132476800681
269235132,10900461000,thomas cook,2019,Cheshire West and Chester,OTHER_COMMERCIAL,1000.0,1000.0,1597.6444900743506
269235132,12502377000,thomas cook,2019,Cheshire West and Chester,OTHER_COMMERCIAL,1000.0,1000.0,587.0567301921766
269871075,10644323000,arcadia,2020,Southwark,INDUSTRIAL_GENERAL,11500.0,11500.0,433.33275106283884
269871075,14334743000,arcadia,2020,Southwark,INDUSTRIAL_GENERAL,11500.0,11500.0,3199.8075970360924
269871075,266779075,arcadia,2020,Southwark,INDUSTRIAL_GENERAL,11500.0,11500.0,2954.482532259359
270501045,2204414000,wilko,2023,West Northamptonshire,RETAIL_OTHER_SUPERSTORES_AND_WAREHOUSES,219000.0,222000.0,607.9519207229275
270501045,6685078000,wilko,2023,West Northamptonshire,RETAIL_OTHER_SUPERSTORES_AND_WAREHOUSES,219000.0,213000.0,27581.309115106684
270501045,8344752000,wilko,2023,West Northamptonshire,RETAIL_OTHER_SUPERSTORES_AND_WAREHOUSES,219000.0,225000.0,923.7963848728325
271787232,14299049000,body shop,2024,East Staffordshire,RETAIL_HIGH_STREET,63000.0,45500.0,7827.370091592968
271787232,9180415000,body shop,2024,East Staffordshire,RETAIL_HIGH_STREET,63000.0,41750.0,7261.42010426622
271787232,207478232,body shop,2024,East Staffordshire,RETAIL_HIGH_STREET,63000.0,41750.0,18807.246002060718
272579186,6453186,body shop,2024,Somerset,RETAIL_HIGH_STREET,2650.0,2650.0,21063.14466634167
272579186,10262274000,body shop,2024,Somerset,RETAIL_HIGH_STREET,2650.0,2650.0,13512.34286673241
272579186,71351186,body shop,2024,Somerset,RETAIL_HIGH_STREET,2650.0,2650.0,10308.391946499776
273396045,95278045,bhs,2016,West Northamptonshire,RETAIL_RESTAURANTS_AND_CAFES,77000.0,78000.0,10310.39116511859
273396045,45712045,bhs,2016,West Northamptonshire,RETAIL_RESTAURANTS_AND_CAFES,77000.0,75850.0,3637.304868105646
273396045,14076814000,bhs,2016,West Northamptonshire,RETAIL_RESTAURANTS_AND_CAFES,77000.0,78500.0,5013.343650778517
274903132,8960254000,thomas cook,2019,Cheshire West and Chester,RETAIL_HIGH_STREET,25500.0,25250.0,1937.5250594097513
274903132,1589167000,thomas cook,2019,Cheshire West and Chester,RETAIL_HIGH_STREET,25500.0,25250.0,14922.437533606704
274903132,7767352000,thomas cook,2019,Cheshire West and Chester,RETAIL_HIGH_STREET,25500.0,25000.0,15054.46979908322
276334132,14198571000,poundworld,2018,Cheshire West and Chester,RETAIL_HIGH_STREET,345000.0,39000.0,8071.023851262372
276334132,319219133,poundworld,2018,Cheshire West and Chester,RETAIL_HIGH_STREET,345000.0,38750.0,7871.77649741802
276334132,8622830000,poundworld,2018,Cheshire West and Chester,RETAIL_HIGH_STREET,345000.0,38250.0,7913.935294120053
276444032,8346134000,arcadia,2020,Lincoln,RETAIL_HIGH_STREET,59000.0,67000.0,3207.3736272120113
276444032,5853392000,arcadia,2020,Lincoln,RETAIL_HIGH_STREET,59000.0,48000.0,532.8899257938843
276444032,13607144000,arcadia,2020,Lincoln,RETAIL_HIGH_STREET,59000.0,45000.0,507.5268705117817
276587244,7114776000,thomas cook,2019,Leeds,RETAIL_HIGH_STREET,13000.0,13000.0,11978.89745072423
276587244,6544115000,thomas cook,2019,Leeds,RETAIL_HIGH_STREET,13000.0,13000.0,3499.639989793659
276587244,298145244,thomas cook,2019,Leeds,RETAIL_HIGH_STREET,13000.0,13000.0,12888.330434538873
277413234,10093204000,homebase,2024,Telford and Wrekin,RETAIL_OTHER_SUPERSTORES_AND_WAREHOUSES,545000.0,405000.0,441.6197474299782
277413234,5555734000,homebase,2024,Telford and Wrekin,RETAIL_OTHER_SUPERSTORES_AND_WAREHOUSES,545000.0,287500.0,1099.393550200322
277413234,118915000,homebase,2024,Telford and Wrekin,RETAIL_OTHER_SUPERSTORES_AND_WAREHOUSES,545000.0,282500.0,441.6197474299782
278026171,133818171,mothercare,2019,Rushmoor,RETAIL_OTHER_SUPERSTORES_AND_WAREHOUSES,48000.0,44250.0,1646.9227053187644
278026171,5922003000,mothercare,2019,Rushmoor,RETAIL_OTHER_SUPERSTORES_AND_WAREHOUSES,48000.0,43500.0,1830.7464638259933
278026171,5922000000,mothercare,2019,Rushmoor,RETAIL_OTHER_SUPERSTORES_AND_WAREHOUSES,48000.0,42000.0,1830.7464638259933
278396132,14169131000,poundworld,2018,Cheshire West and Chester,RETAIL_HIGH_STREET,89500.0,38250.0,8071.023851262372
278396132,1768677000,poundworld,2018,Cheshire West and Chester,RETAIL_HIGH_STREET,89500.0,37250.0,2232.5485191035255
278396132,319215133,poundworld,2018,Cheshire West and Chester,RETAIL_HIGH_STREET,89500.0,37250.0,7871.77649741802
278927145,2596656000,thomas cook,2019,Canterbury,RETAIL_HIGH_STREET,9200.0,9200.0,1841.218493973675
278927145,9280967000,thomas cook,2019,Canterbury,RETAIL_HIGH_STREET,9200.0,9200.0,622.3315839994916
278927145,4390573000,thomas cook,2019,Canterbury,RETAIL_HIGH_STREET,9200.0,9200.0,7670.728609447609
279181011,5151984000,mothercare,2019,Bedford,RETAIL_OTHER_SUPERSTORES_AND_WAREHOUSES,171000.0,171000.0,1268.032983545204
279181011,266779011,mothercare,2019,Bedford,RETAIL_OTHER_SUPERSTORES_AND_WAREHOUSES,171000.0,206000.0,4106.041221723326
279181011,208300011,mothercare,2019,Bedford,RETAIL_OTHER_SUPERSTORES_AND_WAREHOUSES,171000.0,135000.0,1082.5308646297885
279431216,13220782000,thomas cook,2019,Wiltshire,RETAIL_HIGH_STREET,24500.0,24500.0,13207.031059502984
279431216,12692620000,thomas cook,2019,Wiltshire,RETAIL_HIGH_STREET,24500.0,24500.0,27947.403742479506
279431216,349286216,thomas cook,2019,Wiltshire,RETAIL_HIGH_STREET,24500.0,24250.0,13409.727096848945
280184132,231808133,arcadia,2020,Cheshire West and Chester,RETAIL_HIGH_STREET,3450.0,3450.0,960.9833751356479
280184132,12893491000,arcadia,2020,Cheshire West and Chester,RETAIL_HIGH_STREET,3450.0,3450.0,2776.6805933691066
280184132,12716612000,arcadia,2020,Cheshire West and Chester,RETAIL_HIGH_STREET,3450.0,3450.0,1758.9101194040327
280739094,284114094,thomas cook,2019,Sunderland,RETAIL_HIGH_STREET,38250.0,38250.0,1634.3607674263264
280739094,9585914000,thomas cook,2019,Sunderland,RETAIL_HIGH_STREET,38250.0,38000.0,2441.65888022746
280739094,9794343000,thomas cook,2019,Sunderland,RETAIL_HIGH_STREET,38250.0,38500.0,3211.086294803653
280754154,7314180000,poundworld,2018,Spelthorne,RETAIL_HIGH_STREET,154000.0,128000.0,4534.366932789895
280754154,13476451000,poundworld,2018,Spelthorne,RETAIL_HIGH_STREET,154000.0,117000.0,979.2313670071425
280754154,420200000,poundworld,2018,Spelthorne,RETAIL_HIGH_STREET,154000.0,195000.0,6303.847883154084
281295094,6160226000,mothercare,2019,Sunderland,RETAIL_HIGH_STREET,114000.0,109000.0,7185.151418449033
281295094,8336071000,mothercare,2019,Sunderland,RETAIL_HIGH_STREET,114000.0,88000.0,1849.4573806468702
281295094,14269900000,mothercare,2019,Sunderland,RETAIL_HIGH_STREET,114000.0,81500.0,1310.9042896877054
281876011,217655011,thomas cook,2019,Central Bedfordshire,RETAIL_HIGH_STREET,6400.0,6400.0,10971.386153753463
281876011,184118011,thomas cook,2019,Central Bedfordshire,RETAIL_HIGH_STREET,6400.0,6400.0,10143.932424015346
281876011,9465480000,thomas cook,2019,Central Bedfordshire,RETAIL_HIGH_STREET,6400.0,6400.0,3484.095732036973
282037132,5678393000,paperchase,2023,Cheshire West and Chester,RETAIL_HIGH_STREET,92000.0,37250.0,14916.295004724929
282037132,10314435000,paperchase,2023,Cheshire West and Chester,RETAIL_HIGH_STREET,92000.0,36250.0,3852.2131265739804
282037132,9897144000,paperchase,2023,Cheshire West and Chester,RETAIL_HIGH_STREET,92000.0,34000.0,1502.458240663422
282404171,301670171,mothercare,2019,Basingstoke and Deane,RETAIL_OTHER_SUPERSTORES_AND_WAREHOUSES,224000.0,222000.0,773.0585290491107
282404171,11710609000,mothercare,2019,Basingstoke and Deane,RETAIL_OTHER_SUPERSTORES_AND_WAREHOUSES,224000.0,232000.0,1865.511409715017
282404171,8972449000,mothercare,2019,Basingstoke and Deane,RETAIL_OTHER_SUPERSTORES_AND_WAREHOUSES,224000.0,205000.0,2168.6625337600344
284448132,2592530000,cath kidston,2020,Cheshire West and Chester,RETAIL_HIGH_STREET,127000.0,33750.0,11139.688438071673
284448132,10936541000,cath kidston,2020,Cheshire West and Chester,RETAIL_HIGH_STREET,127000.0,33750.0,10906.4287959197
284448132,1234573000,cath kidston,2020,Cheshire West and Chester,RETAIL_HIGH_STREET,127000.0,33750.0,508.7890467828292
284618011,12518080000,wilko,2023,Bedford,RETAIL_OTHER_SUPERSTORES_AND_WAREHOUSES,240000.0,236000.0,719.4653908951673
284618011,14363492000,wilko,2023,Bedford,RETAIL_OTHER_SUPERSTORES_AND_WAREHOUSES,240000.0,236000.0,3750.893771154973
284618011,11310222000,wilko,2023,Bedford,RETAIL_OTHER_SUPERSTORES_AND_WAREHOUSES,240000.0,229000.0,3750.893771154973
285018171,8900395000,poundworld,2018,Rushmoor,RETAIL_HIGH_STREET,49250.0,33500.0,1442.1179355527004
285018171,202593171,poundworld,2018,Rushmoor,RETAIL_HIGH_STREET,49250.0,31500.0,1408.550818520828
285018171,174443000,poundworld,2018,Rushmoor,RETAIL_HIGH_STREET,49250.0,30000.0,1766.4651750807498
285409222,7830261000,toys r us,2018,Coventry,RETAIL_OTHER_SUPERSTORES_AND_WAREHOUSES,645000.0,435000.0,2289.5677845154964
285409222,4126731000,toys r us,2018,Coventry,RETAIL_OTHER_SUPERSTORES_AND_WAREHOUSES,645000.0,425000.0,1620.2294251382848
285409222,235239222,toys r us,2018,Coventry,RETAIL_OTHER_SUPERSTORES_AND_WAREHOUSES,645000.0,422500.0,595.1279479138032
285411222,11520219000,toys r us,2018,Coventry,WAREHOUSING_LARGE_SCALE_AND_HIGH_BAY,2970000.0,2890000.0,3940.638794017199
285411222,14632389000,toys r us,2018,Coventry,WAREHOUSING_LARGE_SCALE_AND_HIGH_BAY,2970000.0,2290000.0,599.9220383317039
285411222,1087934000,toys r us,2018,Coventry,WAREHOUSING_LARGE_SCALE_AND_HIGH_BAY,2970000.0,2270000.0,1370.0631621119014
286500113,8491604000,thomas cook,2019,Manchester,OFFICE_GENERAL,49500.0,49500.0,676.5593541975965
286500113,9110720000,thomas cook,2019,Manchester,OFFICE_GENERAL,49500.0,49250.0,3904.9798354231284
286500113,14962024000,thomas cook,2019,Manchester,OFFICE_GENERAL,49500.0,49750.0,5308.549849844795
287587154,283767154,body shop,2024,Spelthorne,RETAIL_HIGH_STREET,60500.0,56500.0,1842.9062741793966
287587154,8791587000,body shop,2024,Spelthorne,RETAIL_HIGH_STREET,60500.0,55500.0,4538.772746307464
287587154,14976053000,body shop,2024,Spelthorne,RETAIL_HIGH_STREET,60500.0,66500.0,6152.521513947305
287589154,14553019000,thomas cook,2019,Spelthorne,RETAIL_HIGH_STREET,59000.0,53000.0,4170.507615046751
287589154,12930614000,thomas cook,2019,Spelthorne,RETAIL_HIGH_STREET,59000.0,50500.0,3128.581926666995
287589154,10147416000,thomas cook,2019,Spelthorne,RETAIL_HIGH_STREET,59000.0,68000.0,1546.5503499961285
288499145,3973778000,debenhams,2020,Canterbury,RETAIL_OTHER_SUPERSTORES_AND_WAREHOUSES,147000.0,146000.0,1363.1864121252165
288499145,7361494000,debenhams,2020,Canterbury,RETAIL_OTHER_SUPERSTORES_AND_WAREHOUSES,147000.0,149000.0,1647.7551613082737
288499145,4144430000,debenhams,2020,Canterbury,RETAIL_OTHER_SUPERSTORES_AND_WAREHOUSES,147000.0,144000.0,9584.11310556516
288799132,308730133,carluccios,2020,Cheshire West and Chester,RETAIL_HIGH_STREET,131000.0,32750.0,7871.77649741802
288799132,319217133,carluccios,2020,Cheshire West and Chester,RETAIL_HIGH_STREET,131000.0,32500.0,7871.77649741802
288799132,8856998000,carluccios,2020,Cheshire West and Chester,RETAIL_HIGH_STREET,131000.0,32000.0,14864.803231742704
289708113,219578113,toys r us,2018,Manchester,RETAIL_OTHER_SUPERSTORES_AND_WAREHOUSES,575000.0,575000.0,655.4773681974333
289708113,5652497000,toys r us,2018,Manchester,RETAIL_OTHER_SUPERSTORES_AND_WAREHOUSES,575000.0,565000.0,4088.315545514936
289708113,15079279000,toys r us,2018,Manchester,RETAIL_OTHER_SUPERSTORES_AND_WAREHOUSES,575000.0,555000.0,4174.933306445249
289826236,720169000,maplin,2018,Stoke-on-Trent,OTHER_COMMERCIAL,250.0,200.0,501.4647445423761
289826236,250148236,maplin,2018,Stoke-on-Trent,OTHER_COMMERCIAL,250.0,173.0,1032.1405800276204
289826236,14984669000,maplin,2018,Stoke-on-Trent,OTHER_COMMERCIAL,250.0,330.0,1372.4789345187912
289827236,14999119000,maplin,2018,Stoke-on-Trent,OTHER_COMMERCIAL,250.0,330.0,1372.4789345187912
289827236,14625247000,maplin,2018,Stoke-on-Trent,OTHER_COMMERCIAL,250.0,335.0,2441.2256223195177
289827236,10971776000,maplin,2018,Stoke-on-Trent,OTHER_COMMERCIAL,250.0,162.0,3837.6714420217454
289828236,15048489000,maplin,2018,Stoke-on-Trent,OTHER_COMMERCIAL,250.0,152.0,2096.1272234519797
289828236,12829115000,maplin,2018,Stoke-on-Trent,OTHER_COMMERCIAL,250.0,140.0,1652.2049926527945
289828236,12829142000,maplin,2018,Stoke-on-Trent,OTHER_COMMERCIAL,250.0,140.0,625.3025271322772
289836236,10291460000,maplin,2018,Stoke-on-Trent,OTHER_COMMERCIAL,250.0,375.0,569.4546558715003
289836236,14610003000,maplin,2018,Stoke-on-Trent,OTHER_COMMERCIAL,250.0,385.0,1083.16484526873
289836236,15049133000,maplin,2018,Stoke-on-Trent,OTHER_COMMERCIAL,250.0,112.0,1041.3064673257707
289837236,1250097000,maplin,2018,Stoke-on-Trent,OTHER_COMMERCIAL,250.0,400.0,1437.8929758485579
289837236,1487717000,maplin,2018,Stoke-on-Trent,OTHER_COMMERCIAL,250.0,405.0,619.6598539546204
289837236,1267605000,maplin,2018,Stoke-on-Trent,OTHER_COMMERCIAL,250.0,420.0,2308.2856373793243
289838236,1390858000,maplin,2018,Stoke-on-Trent,OTHER_COMMERCIAL,250.0,420.0,417.5130479538495
289838236,1592254000,maplin,2018,Stoke-on-Trent,OTHER_COMMERCIAL,250.0,420.0,1598.9716515983298
289838236,1493397000,maplin,2018,Stoke-on-Trent,OTHER_COMMERCIAL,250.0,420.0,1871.2189636456928
290791094,10702514000,toys r us,2018,Sunderland,RETAIL_HIGH_STREET,275000.0,267500.0,3323.6219844074817
290791094,14269899000,toys r us,2018,Sunderland,RETAIL_HIGH_STREET,275000.0,80000.0,1310.9042896877054
290791094,14269887000,toys r us,2018,Sunderland,RETAIL_HIGH_STREET,275000.0,73000.0,1310.9042896877054
290798094,11205729000,body shop,2024,Sunderland,RETAIL_HIGH_STREET,101000.0,65500.0,3092.974470963374
290798094,6965389000,body shop,2024,Sunderland,RETAIL_HIGH_STREET,101000.0,65000.0,3831.521570432341
290798094,345618094,body shop,2024,Sunderland,RETAIL_HIGH_STREET,101000.0,62000.0,3754.4966265821477
290962000,14428239000,poundworld,2018,Leeds,RETAIL_HIGH_STREET,195000.0,78000.0,11882.666959765362
290962000,5613566000,poundworld,2018,Leeds,RETAIL_HIGH_STREET,195000.0,76000.0,2646.7979066083426
290962000,8788549000,poundworld,2018,Leeds,RETAIL_HIGH_STREET,195000.0,74000.0,3870.6976434465105
291570094,12571750000,wilko,2023,Sunderland,RETAIL_OTHER_SUPERSTORES_AND_WAREHOUSES,485000.0,535000.0,680.3717810895212
291570094,12512951000,wilko,2023,Sunderland,RETAIL_OTHER_SUPERSTORES_AND_WAREHOUSES,485000.0,535000.0,680.3717810895212
291570094,10905179000,wilko,2023,Sunderland,RETAIL_OTHER_SUPERSTORES_AND_WAREHOUSES,485000.0,430000.0,3214.0907709104445
291937113,13788895000,prezzo,2018,Manchester,RETAIL_RESTAURANTS_AND_CAFES,148000.0,148000.0,586.4653877867322
291937113,237453113,prezzo,2018,Manchester,RETAIL_RESTAURANTS_AND_CAFES,148000.0,147000.0,3844.5364287827447
291937113,4135368000,prezzo,2018,Manchester,RETAIL_RESTAURANTS_AND_CAFES,148000.0,145000.0,4227.615426543893
292079182,15007236000,mothercare,2019,Torbay,RETAIL_OTHER_SUPERSTORES_AND_WAREHOUSES,407500.0,407500.0,4946.355295208507
292079182,158515182,mothercare,2019,Torbay,RETAIL_OTHER_SUPERSTORES_AND_WAREHOUSES,407500.0,412500.0,1786.433209442697
292079182,14288615000,mothercare,2019,Torbay,RETAIL_OTHER_SUPERSTORES_AND_WAREHOUSES,407500.0,367500.0,6575.950435428758
292266094,2820428000,homebase,2024,Sunderland,RETAIL_OTHER_SUPERSTORES_AND_WAREHOUSES,260000.0,260000.0,3211.086294803653
292266094,10955694000,homebase,2024,Sunderland,RETAIL_OTHER_SUPERSTORES_AND_WAREHOUSES,260000.0,260000.0,1478.106602953973
292266094,10662970000,homebase,2024,Sunderland,RETAIL_OTHER_SUPERSTORES_AND_WAREHOUSES,260000.0,260000.0,2322.1761084024597
292928132,325230133,body shop,2024,Cheshire West and Chester,RETAIL_HIGH_STREET,55500.0,32000.0,8001.836975733416
292928132,9796865000,body shop,2024,Cheshire West and Chester,RETAIL_HIGH_STREET,55500.0,32000.0,411.7686081439783
292928132,7190595000,body shop,2024,Cheshire West and Chester,RETAIL_HIGH_STREET,55500.0,31500.0,589.3670733552548
293127132,8789053000,toys r us,2018,Cheshire West and Chester,RETAIL_OTHER_SUPERSTORES_AND_WAREHOUSES,695000.0,685000.0,10822.383024076991
293127132,14566272000,toys r us,2018,Cheshire West and Chester,RETAIL_OTHER_SUPERSTORES_AND_WAREHOUSES,695000.0,750000.0,10835.104173920057
293127132,14549154000,toys r us,2018,Cheshire West and Chester,RETAIL_OTHER_SUPERSTORES_AND_WAREHOUSES,695000.0,610000.0,1047.1864542322144
293547172,5560391000,prezzo,2018,"Bournemouth, Christchurch and Poole",RETAIL_RESTAURANTS_AND_CAFES,33000.0,32750.0,498.2605002210334
293547172,183750172,prezzo,2018,"Bournemouth, Christchurch and Poole",RETAIL_RESTAURANTS_AND_CAFES,33000.0,32750.0,1864.5522259931793
293547172,12555378000,prezzo,2018,"Bournemouth, Christchurch and Poole",RETAIL_RESTAURANTS_AND_CAFES,33000.0,33700.0,3002.4008856878568
293607216,14325692000,toys r us,2018,Swindon,RETAIL_OTHER_SUPERSTORES_AND_WAREHOUSES,500000.0,525000.0,1792.3290875972866
293607216,4913338000,toys r us,2018,Swindon,RETAIL_OTHER_SUPERSTORES_AND_WAREHOUSES,500000.0,465000.0,768.0598404618435
293607216,8292263000,toys r us,2018,Swindon,RETAIL_OTHER_SUPERSTORES_AND_WAREHOUSES,500000.0,455000.0,3882.0079979103484
295286222,940648000,wilko,2023,Coventry,RETAIL_OTHER_SUPERSTORES_AND_WAREHOUSES,170000.0,170000.0,1405.9481745868115
295286222,3469605000,wilko,2023,Coventry,RETAIL_OTHER_SUPERSTORES_AND_WAREHOUSES,170000.0,171000.0,3568.847837823899
295286222,10384217000,wilko,2023,Coventry,RETAIL_OTHER_SUPERSTORES_AND_WAREHOUSES,170000.0,168000.0,450.41665996670645
296841222,14591356000,wilko,2023,Coventry,RETAIL_OTHER_SUPERSTORES_AND_WAREHOUSES,300000.0,300000.0,811.9299360299716
296841222,9087069000,wilko,2023,Coventry,RETAIL_OTHER_SUPERSTORES_AND_WAREHOUSES,300000.0,300000.0,811.9299360299716
296841222,14689811000,wilko,2023,Coventry,RETAIL_OTHER_SUPERSTORES_AND_WAREHOUSES,300000.0,297500.0,1620.2294251382848
297211172,9621800000,debenhams,2020,"Bournemouth, Christchurch and Poole",RETAIL_OTHER_SUPERSTORES_AND_WAREHOUSES,760000.0,730000.0,3173.5619432378326
297211172,7007427000,debenhams,2020,"Bournemouth, Christchurch and Poole",RETAIL_OTHER_SUPERSTORES_AND_WAREHOUSES,760000.0,620000.0,2825.2525997985335
297211172,2069283000,debenhams,2020,"Bournemouth, Christchurch and Poole",RETAIL_OTHER_SUPERSTORES_AND_WAREHOUSES,760000.0,940000.0,1904.850154181355
298345113,188669113,bella italia,2020,Manchester,RETAIL_HIGH_STREET,13000.0,13000.0,4308.402085380144
298345113,1279061000,bella italia,2020,Manchester,RETAIL_HIGH_STREET,13000.0,13000.0,4802.948631577272
298345113,10843405000,bella italia,2020,Manchester,RETAIL_HIGH_STREET,13000.0,13000.0,4325.92652199348
299801222,3198235000,mothercare,2019,Coventry,RETAIL_OTHER_SUPERSTORES_AND_WAREHOUSES,265000.0,262500.0,1625.423766071415
299801222,11029002000,mothercare,2019,Coventry,RETAIL_OTHER_SUPERSTORES_AND_WAREHOUSES,265000.0,262500.0,4353.302676419361
299801222,4484647000,mothercare,2019,Coventry,RETAIL_OTHER_SUPERSTORES_AND_WAREHOUSES,265000.0,270000.0,1679.7393555599479
299809222,4527724000,arcadia,2020,Coventry,RETAIL_OTHER_SUPERSTORES_AND_WAREHOUSES,495000.0,410000.0,450.41665996670645
299809222,8973358000,arcadia,2020,Coventry,RETAIL_OTHER_SUPERSTORES_AND_WAREHOUSES,495000.0,405000.0,687.2799420407202
299809222,4126733000,arcadia,2020,Coventry,RETAIL_OTHER_SUPERSTORES_AND_WAREHOUSES,495000.0,382500.0,1620.2294251382848
299855244,6568861000,thomas cook,2019,Leeds,RETAIL_HIGH_STREET,17500.0,17500.0,2071.1666011648426
299855244,7811729000,thomas cook,2019,Leeds,RETAIL_HIGH_STREET,17500.0,17500.0,3568.297207130515
299855244,298178244,thomas cook,2019,Leeds,RETAIL_HIGH_STREET,17500.0,17500.0,12960.8434677352
300660171,5813875000,toys r us,2018,Basingstoke and Deane,RETAIL_OTHER_SUPERSTORES_AND_WAREHOUSES,570000.0,555000.0,1213.774122498473
300660171,195147171,toys r us,2018,Basingstoke and Deane,RETAIL_OTHER_SUPERSTORES_AND_WAREHOUSES,570000.0,555000.0,1718.4284787351444
300660171,14133104000,toys r us,2018,Basingstoke and Deane,RETAIL_OTHER_SUPERSTORES_AND_WAREHOUSES,570000.0,487500.0,10793.180276053577
301788145,11843302000,prezzo,2018,Thanet,RETAIL_RESTAURANTS_AND_CAFES,43250.0,43500.0,2928.552113325698
301788145,538828145,prezzo,2018,Thanet,RETAIL_RESTAURANTS_AND_CAFES,43250.0,39750.0,2928.552113325698
301788145,3181332000,prezzo,2018,Thanet,RETAIL_RESTAURANTS_AND_CAFES,43250.0,37250.0,2928.552113325698
302911236,2939109000,maplin,2018,Stoke-on-Trent,OTHER_COMMERCIAL,250.0,450.0,3779.0576930409197
302911236,2938502000,maplin,2018,Stoke-on-Trent,OTHER_COMMERCIAL,250.0,450.0,839.1872467612776
302911236,2939216000,maplin,2018,Stoke-on-Trent,OTHER_COMMERCIAL,250.0,450.0,2051.541445508292
302956184,2044870000,homebase,2024,Plymouth,RETAIL_OTHER_SUPERSTORES_AND_WAREHOUSES,800000.0,487500.0,4101.35159284755
302956184,192757184,homebase,2024,Plymouth,RETAIL_OTHER_SUPERSTORES_AND_WAREHOUSES,800000.0,460000.0,482.83081155218986
302956184,10935919000,homebase,2024,Plymouth,RETAIL_OTHER_SUPERSTORES_AND_WAREHOUSES,800000.0,1170000.0,1971.5912036626364
305219184,11252743000,debenhams,2020,Plymouth,RETAIL_OTHER_SUPERSTORES_AND_WAREHOUSES,1150000.0,1190000.0,1971.5912036626364
305219184,14194405000,debenhams,2020,Plymouth,RETAIL_OTHER_SUPERSTORES_AND_WAREHOUSES,1150000.0,1220000.0,1754.6510507180817
305219184,15072222000,debenhams,2020,Plymouth,RETAIL_OTHER_SUPERSTORES_AND_WAREHOUSES,1150000.0,1230000.0,3036.6005553658842
308178000,18451244,frankie&bennys,2020,Leeds,RETAIL_RESTAURANTS_AND_CAFES,88500.0,88000.0,847.7877779684843
308178000,373713244,frankie&bennys,2020,Leeds,RETAIL_RESTAURANTS_AND_CAFES,88500.0,88000.0,1745.319378571143
308178000,2311966000,frankie&bennys,2020,Leeds,RETAIL_RESTAURANTS_AND_CAFES,88500.0,89000.0,1899.3047553735908
309010133,8182587000,arcadia,2020,Cheshire West and Chester,RETAIL_HIGH_STREET,37250.0,31500.0,2352.2880955524806
309010133,77676132,arcadia,2020,Cheshire West and Chester,RETAIL_HIGH_STREET,37250.0,31500.0,19210.762284565513
309010133,14798414000,arcadia,2020,Cheshire West and Chester,RETAIL_HIGH_STREET,37250.0,31250.0,6032.69702915863
309068182,13705554000,bhs,2016,North Devon,RETAIL_OTHER_SUPERSTORES_AND_WAREHOUSES,260000.0,257500.0,1932.2261150409963
309068182,162303183,bhs,2016,North Devon,RETAIL_OTHER_SUPERSTORES_AND_WAREHOUSES,260000.0,246000.0,1932.2261150409963
309068182,166982183,bhs,2016,North Devon,RETAIL_OTHER_SUPERSTORES_AND_WAREHOUSES,260000.0,287500.0,1644.3923005267588
309919244,319187244,poundworld,2018,Leeds,RETAIL_HIGH_STREET,162000.0,70500.0,13030.380241244779
309919244,12574465000,poundworld,2018,Leeds,RETAIL_HIGH_STREET,162000.0,69500.0,3102.6302418291775
309919244,309392244,poundworld,2018,Leeds,RETAIL_HIGH_STREET,162000.0,69000.0,773.7753541166547
311329244,11140156000,wilko,2023,Leeds,RETAIL_HIGH_STREET,107000.0,69000.0,1582.818620446322
311329244,398498244,wilko,2023,Leeds,RETAIL_HIGH_STREET,107000.0,67500.0,12873.576113339244
311329244,13249738000,wilko,2023,Leeds,RETAIL_HIGH_STREET,107000.0,67000.0,795.3063823082254
311836244,7874285000,arcadia,2020,Leeds,RETAIL_HIGH_STREET,2700.0,2700.0,5239.594321651672
311836244,13990910000,arcadia,2020,Leeds,RETAIL_HIGH_STREET,2700.0,2700.0,14157.401803288743
311836244,6631673000,arcadia,2020,Leeds,RETAIL_HIGH_STREET,2700.0,2700.0,1518.8010252403556
312147033,10579831000,arcadia,2020,Chesterfield,RETAIL_HIGH_STREET,73000.0,83500.0,1800.0246299799219
312147033,551756033,arcadia,2020,Chesterfield,RETAIL_HIGH_STREET,73000.0,56000.0,1490.503043388643
312147033,246811033,arcadia,2020,Chesterfield,RETAIL_HIGH_STREET,73000.0,29750.0,1083.0586925270466
312154033,13895588000,arcadia,2020,Chesterfield,RETAIL_HIGH_STREET,63000.0,27000.0,2012.948180740009
312154033,7029818000,arcadia,2020,Chesterfield,RETAIL_HIGH_STREET,63000.0,26250.0,825.516533589158
312154033,8778449000,arcadia,2020,Chesterfield,RETAIL_HIGH_STREET,63000.0,25500.0,4203.827755501717
312430236,6313911000,maplin,2018,Stoke-on-Trent,RETAIL_HIGH_STREET,30000.0,30000.0,1328.6447091323175
312430236,451457236,maplin,2018,Stoke-on-Trent,RETAIL_HIGH_STREET,30000.0,30250.0,1276.7319058505027
312430236,5651606000,maplin,2018,Stoke-on-Trent,RETAIL_HIGH_STREET,30000.0,30250.0,791.7117871605702
312673102,3171491000,arcadia,2020,Stockton-on-Tees,OFFICE_GENERAL,5700.0,5700.0,802.9183546315493
312673102,11471589000,arcadia,2020,Stockton-on-Tees,OFFICE_GENERAL,5700.0,5700.0,6499.867684131847
312673102,9689978000,arcadia,2020,Stockton-on-Tees,OFFICE_GENERAL,5700.0,5700.0,2145.381316812844
312675102,10263553000,arcadia,2020,Stockton-on-Tees,OFFICE_GENERAL,2475.0,2475.0,4871.582876572774
312675102,8356881000,arcadia,2020,Stockton-on-Tees,OFFICE_GENERAL,2475.0,2475.0,7247.60421271493
312675102,243418102,arcadia,2020,Stockton-on-Tees,OFFICE_GENERAL,2475.0,2475.0,4836.240370228367
313118244,12329661000,arcadia,2020,Leeds,RETAIL_HIGH_STREET,4500.0,4500.0,4813.103821680526
313118244,28814244,arcadia,2020,Leeds,RETAIL_HIGH_STREET,4500.0,4500.0,738.2714511291853
313118244,135133244,arcadia,2020,Leeds,RETAIL_HIGH_STREET,4500.0,4500.0,1280.152907509857
313312244,205154244,thomas cook,2019,Leeds,RETAIL_HIGH_STREET,27750.0,27750.0,2500.2171539492356
313312244,3307462000,thomas cook,2019,Leeds,RETAIL_HIGH_STREET,27750.0,27750.0,1352.9119336503038
313312244,13494154000,thomas cook,2019,Leeds,RETAIL_HIGH_STREET,27750.0,27750.0,12896.922236769611
314947172,10588172,body shop,2024,"Bournemouth, Christchurch and Poole",INDUSTRIAL_GENERAL,8500.0,8500.0,494.3396255828726
314947172,53210172,body shop,2024,"Bournemouth, Christchurch and Poole",INDUSTRIAL_GENERAL,8500.0,8500.0,536.3281223518115
314947172,6345170000,body shop,2024,"Bournemouth, Christchurch and Poole",INDUSTRIAL_GENERAL,8500.0,8500.0,534.8775882724437
315527244,12573658000,homebase,2024,Leeds,RETAIL_OTHER_SUPERSTORES_AND_WAREHOUSES,92500.0,93000.0,3102.6302418291775
315527244,627205000,homebase,2024,Leeds,RETAIL_OTHER_SUPERSTORES_AND_WAREHOUSES,92500.0,94000.0,2749.194086608964
315527244,10316295000,homebase,2024,Leeds,RETAIL_OTHER_SUPERSTORES_AND_WAREHOUSES,92500.0,95000.0,1582.818620446322
315814172,6437860000,homebase,2024,"Bournemouth, Christchurch and Poole",RETAIL_OTHER_SUPERSTORES_AND_WAREHOUSES,595000.0,570000.0,1885.6340729293024
315814172,10483204000,homebase,2024,"Bournemouth, Christchurch and Poole",RETAIL_OTHER_SUPERSTORES_AND_WAREHOUSES,595000.0,515000.0,442.49980532713124
315814172,3854319000,homebase,2024,"Bournemouth, Christchurch and Poole",RETAIL_OTHER_SUPERSTORES_AND_WAREHOUSES,595000.0,460000.0,1261.827770437467
315818172,14661008000,maplin,2018,"Bournemouth, Christchurch and Poole",RETAIL_OTHER_SUPERSTORES_AND_WAREHOUSES,103000.0,102000.0,1232.5149550904791
315818172,294568172,maplin,2018,"Bournemouth, Christchurch and Poole",RETAIL_OTHER_SUPERSTORES_AND_WAREHOUSES,103000.0,106000.0,2455.1653827446435
315818172,185032172,maplin,2018,"Bournemouth, Christchurch and Poole",RETAIL_OTHER_SUPERSTORES_AND_WAREHOUSES,103000.0,98500.0,820.7453312544919
319218133,325407133,wilko,2023,Cheshire West and Chester,RETAIL_HIGH_STREET,64000.0,31000.0,7871.77649741802
319218133,192428133,wilko,2023,Cheshire West and Chester,RETAIL_HIGH_STREET,64000.0,30250.0,10800.839935469674
319218133,3318048000,wilko,2023,Cheshire West and Chester,RETAIL_HIGH_STREET,64000.0,30250.0,7871.77649741802
319256172,311961172,frankie&bennys,2020,"Bournemouth, Christchurch and Poole",RETAIL_HIGH_STREET,16500.0,16500.0,1480.2364509777449
319256172,308399172,frankie&bennys,2020,"Bournemouth, Christchurch and Poole",RETAIL_HIGH_STREET,16500.0,16500.0,505.8398304741376
319256172,184003172,frankie&bennys,2020,"Bournemouth, Christchurch and Poole",RETAIL_HIGH_STREET,16500.0,16500.0,3359.633452755586
319717033,13806108000,poundworld,2018,Chesterfield,RETAIL_HIGH_STREET,86000.0,24250.0,2012.948180740009
319717033,7475632000,poundworld,2018,Chesterfield,RETAIL_HIGH_STREET,86000.0,23250.0,1362.8438958647491
319717033,7397967000,poundworld,2018,Chesterfield,RETAIL_HIGH_STREET,86000.0,21750.0,1800.0246299799219
320236172,12684171000,thomas cook,2019,"Bournemouth, Christchurch and Poole",RETAIL_HIGH_STREET,85000.0,80500.0,1750.721673028186
320236172,6812857000,thomas cook,2019,"Bournemouth, Christchurch and Poole",RETAIL_HIGH_STREET,85000.0,93500.0,592.250095627617
320236172,5550806000,thomas cook,2019,"Bournemouth, Christchurch and Poole",RETAIL_HIGH_STREET,85000.0,70500.0,2872.345243426025
320627244,930755000,paperchase,2023,Leeds,RETAIL_HIGH_STREET,210000.0,66000.0,3102.6302418291775
320627244,8848682000,paperchase,2023,Leeds,RETAIL_HIGH_STREET,210000.0,65000.0,2453.0744930543974
320627244,14623926000,paperchase,2023,Leeds,RETAIL_HIGH_STREET,210000.0,65000.0,12873.576113339244
320877244,1816098000,arcadia,2020,Leeds,LEISURE_AMUSEMENT_AND_ENTERTAINMENT_CENTRES,57500.0,58500.0,502.889182857641
320877244,8296538000,arcadia,2020,Leeds,LEISURE_AMUSEMENT_AND_ENTERTAINMENT_CENTRES,57500.0,59000.0,765.9418481662208
320877244,12367057000,arcadia,2020,Leeds,LEISURE_AMUSEMENT_AND_ENTERTAINMENT_CENTRES,57500.0,60000.0,765.9418481662208
320972148,328785148,prezzo,2018,Ashford,RETAIL_RESTAURANTS_AND_CAFES,40000.0,41250.0,5170.7873839035265
320972148,10108116000,prezzo,2018,Ashford,RETAIL_RESTAURANTS_AND_CAFES,40000.0,38250.0,2552.986805568878
320972148,320981148,prezzo,2018,Ashford,RETAIL_RESTAURANTS_AND_CAFES,40000.0,42500.0,13602.16122389026
323714176,7429078000,debenhams,2020,Wiltshire,RETAIL_OTHER_SUPERSTORES_AND_WAREHOUSES,285000.0,285000.0,1449.736721541259
323714176,570401216,debenhams,2020,Wiltshire,RETAIL_OTHER_SUPERSTORES_AND_WAREHOUSES,285000.0,280000.0,604.7061357168236
323714176,5992711000,debenhams,2020,Wiltshire,RETAIL_OTHER_SUPERSTORES_AND_WAREHOUSES,285000.0,280000.0,1853.8583903296371
323851037,14184531000,paperchase,2023,Nottingham,RETAIL_HIGH_STREET,58000.0,31000.0,2272.9670015594274
323851037,7437491000,paperchase,2023,Nottingham,RETAIL_HIGH_STREET,58000.0,30750.0,2162.782230410355
323851037,14290806000,paperchase,2023,Nottingham,RETAIL_HIGH_STREET,58000.0,30750.0,2111.4144171082385
323852037,7679112000,prezzo,2018,Nottingham,RETAIL_RESTAURANTS_AND_CAFES,56500.0,56000.0,1053.6725769393279
323852037,567647037,prezzo,2018,Nottingham,RETAIL_RESTAURANTS_AND_CAFES,56500.0,56000.0,2850.602273590844
323852037,6737797000,prezzo,2018,Nottingham,RETAIL_RESTAURANTS_AND_CAFES,56500.0,57500.0,1164.1187611814355
323855141,10534371000,body shop,2024,Crawley,RETAIL_HIGH_STREET,91000.0,82000.0,4588.6125840409795
323855141,10534352000,body shop,2024,Crawley,RETAIL_HIGH_STREET,91000.0,71000.0,4588.6125840409795
323855141,11844823000,body shop,2024,Crawley,RETAIL_HIGH_STREET,91000.0,69500.0,4588.6125840409795
323881141,11038509000,paperchase,2023,Crawley,RETAIL_HIGH_STREET,129000.0,65000.0,4588.6125840409795
323881141,8791058000,paperchase,2023,Crawley,RETAIL_HIGH_STREET,129000.0,64000.0,1678.7136794638138
323881141,10541181000,paperchase,2023,Crawley,RETAIL_HIGH_STREET,129000.0,56000.0,4588.6125840409795
324955244,342128244,mothercare,2019,Leeds,RETAIL_OTHER_SUPERSTORES_AND_WAREHOUSES,745000.0,715000.0,1984.8447996175667
324955244,11529303000,mothercare,2019,Leeds,RETAIL_OTHER_SUPERSTORES_AND_WAREHOUSES,745000.0,700000.0,11789.470725856921
324955244,7435060000,mothercare,2019,Leeds,RETAIL_OTHER_SUPERSTORES_AND_WAREHOUSES,745000.0,690000.0,2988.3039212540984
325079037,8403492000,toys r us,2018,Nottingham,RETAIL_OTHER_SUPERSTORES_AND_WAREHOUSES,925000.0,900000.0,930.0477920578214
325079037,7568138000,toys r us,2018,Nottingham,RETAIL_OTHER_SUPERSTORES_AND_WAREHOUSES,925000.0,900000.0,930.0477920578214
325079037,7985658000,toys r us,2018,Nottingham,RETAIL_OTHER_SUPERSTORES_AND_WAREHOUSES,925000.0,870000.0,930.0477920578214
326202037,9861685000,wilko,2023,Nottingham,OFFICE_GENERAL,22500.0,22500.0,2368.561953590966
326202037,263954037,wilko,2023,Nottingham,OFFICE_GENERAL,22500.0,22500.0,2540.3533086578996
326202037,5295857000,wilko,2023,Nottingham,OFFICE_GENERAL,22500.0,22250.0,456.1633750565506
327621244,1792345000,body shop,2024,Leeds,RETAIL_HIGH_STREET,240000.0,397500.0,1783.2752546933727
327621244,11389063000,body shop,2024,Leeds,RETAIL_HIGH_STREET,240000.0,63500.0,4878.449095570559
327621244,11459489000,body shop,2024,Leeds,RETAIL_HIGH_STREET,240000.0,63000.0,4029.8588897675922
329181214,4106539000,arcadia,2020,Gloucester,RETAIL_OTHER_SUPERSTORES_AND_WAREHOUSES,180000.0,180000.0,2376.360421886864
329181214,9095524000,arcadia,2020,Gloucester,RETAIL_OTHER_SUPERSTORES_AND_WAREHOUSES,180000.0,181000.0,3089.300016124877
329181214,8973919000,arcadia,2020,Gloucester,RETAIL_OTHER_SUPERSTORES_AND_WAREHOUSES,180000.0,168000.0,967.4280536964538
331060102,13067608000,wilko,2023,Hartlepool,RETAIL_OTHER_SUPERSTORES_AND_WAREHOUSES,280000.0,282500.0,1728.0105531184402
331060102,9514385000,wilko,2023,Hartlepool,RETAIL_OTHER_SUPERSTORES_AND_WAREHOUSES,280000.0,297500.0,1940.469414084471
331060102,3160441000,wilko,2023,Hartlepool,RETAIL_OTHER_SUPERSTORES_AND_WAREHOUSES,280000.0,257500.0,717.6510807570006
332231176,11191994000,paperchase,2023,Wiltshire,RETAIL_HIGH_STREET,73000.0,72500.0,491.3141110753772
332231176,8112894000,paperchase,2023,Wiltshire,RETAIL_HIGH_STREET,73000.0,74000.0,4359.701740021832
332231176,9197726000,paperchase,2023,Wiltshire,RETAIL_HIGH_STREET,73000.0,74500.0,8222.560038299884
332580176,337059216,body shop,2024,Wiltshire,RETAIL_HIGH_STREET,50500.0,49750.0,7443.677983028591
332580176,8391231000,body shop,2024,Wiltshire,RETAIL_HIGH_STREET,50500.0,51500.0,5515.70083260042
332580176,8195125000,body shop,2024,Wiltshire,RETAIL_HIGH_STREET,50500.0,49250.0,4112.892786025245
332734141,921009000,bhs,2016,Crawley,RETAIL_OTHER_SUPERSTORES_AND_WAREHOUSES,535000.0,525000.0,1589.8257111526732
332734141,242828141,bhs,2016,Crawley,RETAIL_OTHER_SUPERSTORES_AND_WAREHOUSES,535000.0,492500.0,1589.8257111526732
332734141,11020399000,bhs,2016,Crawley,RETAIL_OTHER_SUPERSTORES_AND_WAREHOUSES,535000.0,600000.0,1576.2371694540623
333617148,331227148,thomas cook,2019,Ashford,RETAIL_HIGH_STREET,41250.0,39750.0,13508.922748200652
333617148,320929148,thomas cook,2019,Ashford,RETAIL_HIGH_STREET,41250.0,42750.0,13593.291147604306
333617148,320951148,thomas cook,2019,Ashford,RETAIL_HIGH_STREET,41250.0,42750.0,13483.952809047934
333628148,9047290000,body shop,2024,Ashford,RETAIL_HIGH_STREET,44750.0,44750.0,13377.941637011427
333628148,7319769000,body shop,2024,Ashford,RETAIL_HIGH_STREET,44750.0,44250.0,13413.72017113228
333628148,8791546000,body shop,2024,Ashford,RETAIL_HIGH_STREET,44750.0,43000.0,483.8547756383664
333632148,8772080000,mothercare,2019,Ashford,RETAIL_HIGH_STREET,114000.0,118000.0,13377.941637011427
333632148,1433522000,mothercare,2019,Ashford,RETAIL_HIGH_STREET,114000.0,93500.0,13342.355794394522
333632148,12641945000,mothercare,2019,Ashford,RETAIL_HIGH_STREET,114000.0,86000.0,584.6415540791794
333640148,10540937000,bhs,2016,Ashford,RETAIL_OTHER_SUPERSTORES_AND_WAREHOUSES,347500.0,345000.0,2043.0778246401317
333640148,1780488000,bhs,2016,Ashford,RETAIL_OTHER_SUPERSTORES_AND_WAREHOUSES,347500.0,340000.0,1519.7918714260395
333640148,15059266000,bhs,2016,Ashford,RETAIL_OTHER_SUPERSTORES_AND_WAREHOUSES,347500.0,362500.0,1971.620738483943
333993212,1624941000,wilko,2023,"Bristol, City of",RETAIL_OTHER_SUPERSTORES_AND_WAREHOUSES,232000.0,236000.0,1417.2990757510604
333993212,2598173000,wilko,2023,"Bristol, City of",RETAIL_OTHER_SUPERSTORES_AND_WAREHOUSES,232000.0,227000.0,1755.318114829307
333993212,8229231000,wilko,2023,"Bristol, City of",RETAIL_OTHER_SUPERSTORES_AND_WAREHOUSES,232000.0,237000.0,3062.109118926552
334228141,12481746000,homebase,2024,Brighton and Hove,RETAIL_OTHER_SUPERSTORES_AND_WAREHOUSES,520000.0,515000.0,1053.6350698204337
334228141,9915375000,homebase,2024,Brighton and Hove,RETAIL_OTHER_SUPERSTORES_AND_WAREHOUSES,520000.0,530000.0,1081.6387608010793
334228141,1346102000,homebase,2024,Brighton and Hove,RETAIL_OTHER_SUPERSTORES_AND_WAREHOUSES,520000.0,530000.0,1479.7213483283851
334345176,15053665000,arcadia,2020,Wiltshire,INDUSTRIAL_GENERAL,6200.0,6200.0,7743.442409510138
334345176,549435176,arcadia,2020,Wiltshire,INDUSTRIAL_GENERAL,6200.0,6200.0,3448.4413484242964
334345176,10628892000,arcadia,2020,Wiltshire,INDUSTRIAL_GENERAL,6200.0,6200.0,10383.063728292062
335718212,248115212,maplin,2018,"Bristol, City of",RETAIL_HIGH_STREET,58000.0,57000.0,849.1087099479813
335718212,15071950000,maplin,2018,"Bristol, City of",RETAIL_HIGH_STREET,58000.0,56000.0,757.2555772176813
335718212,246801212,maplin,2018,"Bristol, City of",RETAIL_HIGH_STREET,58000.0,56000.0,783.7533250543345
335753221,8401836000,thomas cook,2019,Birmingham,RETAIL_HIGH_STREET,39500.0,39500.0,1957.6568444249976
335753221,12753820000,thomas cook,2019,Birmingham,RETAIL_HIGH_STREET,39500.0,39500.0,2784.747001991508
335753221,10309290000,thomas cook,2019,Birmingham,RETAIL_HIGH_STREET,39500.0,39500.0,1700.048843535145
337247037,8060640000,thomas cook,2019,Nottingham,RETAIL_HIGH_STREET,4250.0,4250.0,548.4113103805324
337247037,7643140000,thomas cook,2019,Nottingham,RETAIL_HIGH_STREET,4250.0,4250.0,1230.5687898870851
337247037,3550540000,thomas cook,2019,Nottingham,RETAIL_HIGH_STREET,4250.0,4250.0,1666.78445018912
339381221,5305793000,arcadia,2020,Birmingham,RETAIL_HIGH_STREET,60500.0,60500.0,2201.144749266712
339381221,11269257000,arcadia,2020,Birmingham,RETAIL_HIGH_STREET,60500.0,60000.0,3486.717546448453
339381221,11089197000,arcadia,2020,Birmingham,RETAIL_HIGH_STREET,60500.0,61000.0,1939.0946185614787
339492221,441663221,arcadia,2020,Birmingham,RETAIL_HIGH_STREET,73500.0,73000.0,1793.0859072227215
339492221,6565832000,arcadia,2020,Birmingham,RETAIL_HIGH_STREET,73500.0,73000.0,2373.7112035160208
339492221,4953813000,arcadia,2020,Birmingham,RETAIL_HIGH_STREET,73500.0,74000.0,2201.144749266712
340737244,11435315000,poundworld,2018,Leeds,RETAIL_OTHER_SUPERSTORES_AND_WAREHOUSES,161000.0,161000.0,4878.449095570559
340737244,13412142000,poundworld,2018,Leeds,RETAIL_OTHER_SUPERSTORES_AND_WAREHOUSES,161000.0,160000.0,10105.412833670585
340737244,10016983000,poundworld,2018,Leeds,RETAIL_OTHER_SUPERSTORES_AND_WAREHOUSES,161000.0,163000.0,2038.0695649916518
341585094,9555059000,thomas cook,2019,Sunderland,RETAIL_HIGH_STREET,63000.0,52000.0,3211.086294803653
341585094,4884823000,thomas cook,2019,Sunderland,RETAIL_HIGH_STREET,63000.0,51500.0,3534.8720449980947
341585094,347682094,thomas cook,2019,Sunderland,RETAIL_HIGH_STREET,63000.0,49750.0,7280.405897938777
342439214,9096503000,homebase,2024,Gloucester,INDUSTRIAL_GENERAL,2800.0,2850.0,494.77774730476375
342439214,14700074000,homebase,2024,Gloucester,INDUSTRIAL_GENERAL,2800.0,2900.0,4942.924735255711
342439214,14700047000,homebase,2024,Gloucester,INDUSTRIAL_GENERAL,2800.0,2650.0,4942.924735255711
344374152,22466152,thomas cook,2019,Surrey Heath,RETAIL_HIGH_STREET,43250.0,43500.0,2593.591016832781
344374152,8785817000,thomas cook,2019,Surrey Heath,RETAIL_HIGH_STREET,43250.0,44750.0,3085.1707393828847
344374152,169781152,thomas cook,2019,Surrey Heath,RETAIL_HIGH_STREET,43250.0,40500.0,1469.8453422823711
345069162,90563162,arcadia,2020,Buckinghamshire,RETAIL_HIGH_STREET,26500.0,26500.0,6346.817462474892
345069162,93075162,arcadia,2020,Buckinghamshire,RETAIL_HIGH_STREET,26500.0,26500.0,7730.350594042644
345069162,472737162,arcadia,2020,Buckinghamshire,RETAIL_HIGH_STREET,26500.0,26500.0,4505.377863416361
346392254,366309254,paperchase,2023,East Riding of Yorkshire,RETAIL_HIGH_STREET,81500.0,81000.0,32747.000658536275
346392254,271823254,paperchase,2023,East Riding of Yorkshire,RETAIL_HIGH_STREET,81500.0,80000.0,8739.295593876263
346392254,327253254,paperchase,2023,East Riding of Yorkshire,RETAIL_HIGH_STREET,81500.0,85500.0,34180.02109323491
347297082,167653082,arcadia,2020,Hammersmith and Fulham,RETAIL_HIGH_STREET,32000.0,32000.0,1014.2311808422626
347297082,122980082,arcadia,2020,Hammersmith and Fulham,RETAIL_HIGH_STREET,32000.0,32000.0,618.3836739259966
347297082,224954082,arcadia,2020,Hammersmith and Fulham,RETAIL_HIGH_STREET,32000.0,32000.0,540.022553593432
349200141,14256924000,mothercare,2019,Crawley,RETAIL_HIGH_STREET,114000.0,54500.0,1987.498959371756
349200141,11125349000,mothercare,2019,Crawley,RETAIL_HIGH_STREET,114000.0,42250.0,4626.292797816645
349200141,11125347000,mothercare,2019,Crawley,RETAIL_HIGH_STREET,114000.0,42000.0,4626.292797816645
349310221,4870777000,thomas cook,2019,Birmingham,RETAIL_HIGH_STREET,29000.0,29000.0,2814.8500561997034
349310221,416393221,thomas cook,2019,Birmingham,RETAIL_HIGH_STREET,29000.0,29000.0,2900.293879547634
349310221,13042380000,thomas cook,2019,Birmingham,RETAIL_HIGH_STREET,29000.0,29000.0,2814.8500561997034
349356141,4460207000,debenhams,2020,Crawley,RETAIL_OTHER_SUPERSTORES_AND_WAREHOUSES,960000.0,855000.0,1589.8257111526732
349356141,12616202000,debenhams,2020,Crawley,RETAIL_OTHER_SUPERSTORES_AND_WAREHOUSES,960000.0,845000.0,1589.8257111526732
349356141,11684049000,debenhams,2020,Crawley,RETAIL_OTHER_SUPERSTORES_AND_WAREHOUSES,960000.0,840000.0,1589.8257111526732
354375094,11479594000,poundworld,2018,Sunderland,RETAIL_OTHER_SUPERSTORES_AND_WAREHOUSES,52000.0,51500.0,2362.386493818928
354375094,7489248000,poundworld,2018,Sunderland,RETAIL_OTHER_SUPERSTORES_AND_WAREHOUSES,52000.0,50000.0,793.414404435193
354375094,9641437000,poundworld,2018,Sunderland,RETAIL_OTHER_SUPERSTORES_AND_WAREHOUSES,52000.0,54000.0,943.2786655206563
355222082,11372298000,paperchase,2023,Hammersmith and Fulham,RETAIL_HIGH_STREET,127000.0,126000.0,414.16342440919846
355222082,14733362000,paperchase,2023,Hammersmith and Fulham,RETAIL_HIGH_STREET,127000.0,130000.0,867.789303473265
355222082,14706470000,paperchase,2023,Hammersmith and Fulham,RETAIL_HIGH_STREET,127000.0,131000.0,1075.3433024498547
355920216,7486529000,homebase,2024,Swindon,RETAIL_OTHER_SUPERSTORES_AND_WAREHOUSES,695000.0,690000.0,1443.348458743442
355920216,5701263000,homebase,2024,Swindon,RETAIL_OTHER_SUPERSTORES_AND_WAREHOUSES,695000.0,655000.0,401.8464194209971
355920216,14587723000,homebase,2024,Swindon,RETAIL_OTHER_SUPERSTORES_AND_WAREHOUSES,695000.0,580000.0,768.0598404618435
356253082,220817082,poundworld,2018,Hammersmith and Fulham,RETAIL_HIGH_STREET,5100.0,5100.0,1833.616357764119
356253082,109365082,poundworld,2018,Hammersmith and Fulham,RETAIL_HIGH_STREET,5100.0,5100.0,1371.3246947827042
356253082,8620071000,poundworld,2018,Hammersmith and Fulham,RETAIL_HIGH_STREET,5100.0,5100.0,780.7695786660659
356502075,9980594000,byron,2020,Southwark,RETAIL_RESTAURANTS_AND_CAFES,29500.0,29250.0,828.1873271757179
356502075,252974075,byron,2020,Southwark,RETAIL_RESTAURANTS_AND_CAFES,29500.0,29250.0,529.2480074054153
356502075,167431075,byron,2020,Southwark,RETAIL_RESTAURANTS_AND_CAFES,29500.0,29000.0,599.1803459341468
356941075,8843654000,bhs,2016,Southwark,OFFICE_GENERAL,0.0,0.0,567.3438292661339
356941075,270620075,bhs,2016,Southwark,OFFICE_GENERAL,0.0,0.0,599.1803459341468
356941075,362982075,bhs,2016,Southwark,OFFICE_GENERAL,0.0,0.0,4666.0035658765055
357811082,648811082,body shop,2024,Hammersmith and Fulham,RETAIL_HIGH_STREET,102000.0,102000.0,933.401087897024
357811082,5478029000,body shop,2024,Hammersmith and Fulham,RETAIL_HIGH_STREET,102000.0,101000.0,933.401087897024
357811082,11486743000,body shop,2024,Hammersmith and Fulham,RETAIL_HIGH_STREET,102000.0,103000.0,933.401087897024
360113216,11718108000,mothercare,2019,Swindon,RETAIL_OTHER_SUPERSTORES_AND_WAREHOUSES,347500.0,350000.0,711.5100659973697
360113216,8292469000,mothercare,2019,Swindon,RETAIL_OTHER_SUPERSTORES_AND_WAREHOUSES,347500.0,340000.0,1343.9843917742924
360113216,585812000,mothercare,2019,Swindon,RETAIL_OTHER_SUPERSTORES_AND_WAREHOUSES,347500.0,340000.0,1103.9934225934521
360114216,10626162000,wilko,2023,Swindon,RETAIL_OTHER_SUPERSTORES_AND_WAREHOUSES,239000.0,238000.0,1155.966419409708
360114216,2843163000,wilko,2023,Swindon,RETAIL_OTHER_SUPERSTORES_AND_WAREHOUSES,239000.0,241000.0,3871.196142666126
360114216,11545952000,wilko,2023,Swindon,RETAIL_OTHER_SUPERSTORES_AND_WAREHOUSES,239000.0,242000.0,1113.463922600597
363623148,7764875000,wilko,2023,Tunbridge Wells,RETAIL_HIGH_STREET,126000.0,97500.0,3282.2280406891796
363623148,159998148,wilko,2023,Tunbridge Wells,RETAIL_HIGH_STREET,126000.0,38500.0,421.2614950480767
363623148,393600148,wilko,2023,Tunbridge Wells,RETAIL_HIGH_STREET,126000.0,37250.0,2262.679823262901
363642148,4821272000,body shop,2024,Tunbridge Wells,RETAIL_HIGH_STREET,100000.0,36500.0,421.2614950480767
363642148,184399148,body shop,2024,Tunbridge Wells,RETAIL_HIGH_STREET,100000.0,35750.0,415.9539836340193
363642148,8829894000,body shop,2024,Tunbridge Wells,RETAIL_HIGH_STREET,100000.0,34750.0,9957.692799034021
363673148,7640045000,paperchase,2023,Tunbridge Wells,RETAIL_HIGH_STREET,111000.0,34500.0,2747.7612695694097
363673148,413663148,paperchase,2023,Tunbridge Wells,RETAIL_HIGH_STREET,111000.0,33500.0,19354.28635366436
363673148,788504000,paperchase,2023,Tunbridge Wells,RETAIL_HIGH_STREET,111000.0,33250.0,484.63633894034564
363675148,14537303000,mothercare,2019,Tunbridge Wells,RETAIL_HIGH_STREET,217000.0,33000.0,1834.906108936554
363675148,378795148,mothercare,2019,Tunbridge Wells,RETAIL_HIGH_STREET,217000.0,31750.0,9782.910335675813
363675148,13731127000,mothercare,2019,Tunbridge Wells,RETAIL_HIGH_STREET,217000.0,31500.0,2301.6014638710294
363686148,14526296000,cath kidston,2020,Tunbridge Wells,RETAIL_HIGH_STREET,87000.0,31500.0,1728.2264755432832
363686148,159985148,cath kidston,2020,Tunbridge Wells,RETAIL_HIGH_STREET,87000.0,31250.0,415.8308079805448
363686148,412854148,cath kidston,2020,Tunbridge Wells,RETAIL_HIGH_STREET,87000.0,30750.0,19286.543318870907
373939244,131746241,body shop,2024,Bradford,RETAIL_HIGH_STREET,4900.0,4900.0,5831.437416909254
373939244,100506241,body shop,2024,Bradford,RETAIL_HIGH_STREET,4900.0,4900.0,662.2231559487864
373939244,11279623000,body shop,2024,Bradford,RETAIL_HIGH_STREET,4900.0,4900.0,1487.3910859026494
376993154,11513974000,mothercare,2019,Spelthorne,RETAIL_HIGH_STREET,125000.0,49500.0,3252.065185101323
376993154,573389000,mothercare,2019,Spelthorne,RETAIL_HIGH_STREET,125000.0,47250.0,6338.565426097521
376993154,271701154,mothercare,2019,Spelthorne,RETAIL_HIGH_STREET,125000.0,46500.0,6024.944339279322
377016154,14039482000,bhs,2016,Spelthorne,RETAIL_OTHER_SUPERSTORES_AND_WAREHOUSES,475000.0,472500.0,2795.8771859526605
377016154,13450419000,bhs,2016,Spelthorne,RETAIL_OTHER_SUPERSTORES_AND_WAREHOUSES,475000.0,540000.0,2781.9979049847466
377016154,10881609000,bhs,2016,Spelthorne,RETAIL_OTHER_SUPERSTORES_AND_WAREHOUSES,475000.0,580000.0,2781.9979049847466
377098154,7753676000,debenhams,2020,Spelthorne,RETAIL_OTHER_SUPERSTORES_AND_WAREHOUSES,515000.0,203000.0,6606.751522374257
377098154,283076154,debenhams,2020,Spelthorne,RETAIL_OTHER_SUPERSTORES_AND_WAREHOUSES,515000.0,195000.0,1230.4698519570868
377098154,385408000,debenhams,2020,Spelthorne,RETAIL_OTHER_SUPERSTORES_AND_WAREHOUSES,515000.0,143000.0,2166.2440233033635
378173036,71421036,prezzo,2018,Norwich,RETAIL_RESTAURANTS_AND_CAFES,68500.0,68500.0,498.48319611539745
378173036,10718483000,prezzo,2018,Norwich,RETAIL_RESTAURANTS_AND_CAFES,68500.0,76000.0,3920.941678279753
378173036,11465459000,prezzo,2018,Norwich,RETAIL_RESTAURANTS_AND_CAFES,68500.0,79000.0,3920.941678279753
383299104,719518104,poundworld,2018,County Durham,RETAIL_HIGH_STREET,50500.0,50000.0,5308.700112544744
383299104,137077104,poundworld,2018,County Durham,RETAIL_HIGH_STREET,50500.0,49750.0,8704.155852192707
383299104,55303104,poundworld,2018,County Durham,RETAIL_HIGH_STREET,50500.0,49500.0,5500.928426999615
385256000,14530200000,paperchase,2023,Manchester,RETAIL_OTHER_SUPERSTORES_AND_WAREHOUSES,510000.0,510000.0,1751.5718036587036
385256000,14985359000,paperchase,2023,Manchester,RETAIL_OTHER_SUPERSTORES_AND_WAREHOUSES,510000.0,510000.0,1751.5718036587036
385256000,5091324000,paperchase,2023,Manchester,RETAIL_OTHER_SUPERSTORES_AND_WAREHOUSES,510000.0,500000.0,801.7137076931481
388252012,10334262000,mothercare,2019,Cambridge,RETAIL_HIGH_STREET,185000.0,72500.0,1643.8426013829949
388252012,10333610000,mothercare,2019,Cambridge,RETAIL_HIGH_STREET,185000.0,67500.0,2082.240033999427
388252012,10071262000,mothercare,2019,Cambridge,RETAIL_HIGH_STREET,185000.0,53500.0,627.1555282080863
389825244,8960609000,wilko,2023,Leeds,RETAIL_OTHER_SUPERSTORES_AND_WAREHOUSES,181000.0,182000.0,2614.263790816536
389825244,381572244,wilko,2023,Leeds,RETAIL_OTHER_SUPERSTORES_AND_WAREHOUSES,181000.0,176000.0,710.6924693268138
389825244,8849073000,wilko,2023,Leeds,RETAIL_OTHER_SUPERSTORES_AND_WAREHOUSES,181000.0,174000.0,2290.6734626347784
390174148,2510353000,thomas cook,2019,Maidstone,INDUSTRIAL_GENERAL,8800.0,8800.0,6686.620142692219
390174148,379210148,thomas cook,2019,Maidstone,INDUSTRIAL_GENERAL,8800.0,8800.0,8454.568609286833
390174148,8015269000,thomas cook,2019,Maidstone,INDUSTRIAL_GENERAL,8800.0,8800.0,4794.019456763268
391554148,14814834000,prezzo,2018,Tunbridge Wells,RETAIL_RESTAURANTS_AND_CAFES,71000.0,71000.0,421.2614950480767
391554148,8575656000,prezzo,2018,Tunbridge Wells,RETAIL_RESTAURANTS_AND_CAFES,71000.0,69500.0,2747.7612695694097
391554148,13714148,prezzo,2018,Tunbridge Wells,RETAIL_RESTAURANTS_AND_CAFES,71000.0,63500.0,19440.656854454563
392025244,8292538000,maplin,2018,Leeds,RETAIL_OTHER_SUPERSTORES_AND_WAREHOUSES,84500.0,84500.0,1132.625291983589
392025244,7491470000,maplin,2018,Leeds,RETAIL_OTHER_SUPERSTORES_AND_WAREHOUSES,84500.0,85500.0,1183.0602723022155
392025244,3167307000,maplin,2018,Leeds,RETAIL_OTHER_SUPERSTORES_AND_WAREHOUSES,84500.0,82000.0,1287.3184600385468
394984145,455996145,thomas cook,2019,Thanet,RETAIL_HIGH_STREET,7600.0,7600.0,2847.070102928382
394984145,4673279000,thomas cook,2019,Thanet,RETAIL_HIGH_STREET,7600.0,7600.0,2630.7567548770085
394984145,299106145,thomas cook,2019,Thanet,RETAIL_HIGH_STREET,7600.0,7600.0,6539.279163104052
395289221,415603221,wilko,2023,Birmingham,RETAIL_OTHER_SUPERSTORES_AND_WAREHOUSES,168000.0,167000.0,2034.2517157736295
395289221,1192746000,wilko,2023,Birmingham,RETAIL_OTHER_SUPERSTORES_AND_WAREHOUSES,168000.0,169000.0,2682.6598753057533
395289221,3739877000,wilko,2023,Birmingham,RETAIL_OTHER_SUPERSTORES_AND_WAREHOUSES,168000.0,169000.0,1178.4687765200133
395528000,2910071000,mothercare,2019,Brighton and Hove,RETAIL_HIGH_STREET,241000.0,214000.0,2627.7924129681005
395528000,3428408000,mothercare,2019,Brighton and Hove,RETAIL_HIGH_STREET,241000.0,86000.0,779.2413008919075
395528000,4699930000,mothercare,2019,Brighton and Hove,RETAIL_HIGH_STREET,241000.0,79000.0,941.7147698132196
396724148,6911751000,arcadia,2020,Ashford,OTHER_PUBLIC,46750.0,47000.0,7862.309983722758
396724148,10613233000,arcadia,2020,Ashford,OTHER_PUBLIC,46750.0,45500.0,14671.80533721248
396724148,11853480000,arcadia,2020,Ashford,OTHER_PUBLIC,46750.0,48250.0,2724.0901920420515
398765244,4022648000,paperchase,2023,Leeds,RETAIL_HIGH_STREET,255000.0,62000.0,13030.380241244779
398765244,309260244,paperchase,2023,Leeds,RETAIL_HIGH_STREET,255000.0,62000.0,1884.5025526167508
398765244,7769842000,paperchase,2023,Leeds,RETAIL_HIGH_STREET,255000.0,61000.0,10186.160147174409
398821244,8849050000,thomas cook,2019,Leeds,RETAIL_HIGH_STREET,200000.0,58000.0,3671.732907757611
398821244,5891253000,thomas cook,2019,Leeds,RETAIL_HIGH_STREET,200000.0,57500.0,697.3518362471511
398821244,8830043000,thomas cook,2019,Leeds,RETAIL_HIGH_STREET,200000.0,57000.0,797.7941195659633
398828244,9382679000,arcadia,2020,Leeds,RETAIL_HIGH_STREET,492500.0,57000.0,2234.6438139681222
398828244,394317244,arcadia,2020,Leeds,RETAIL_HIGH_STREET,492500.0,56500.0,11882.666959765362
398828244,274285244,arcadia,2020,Leeds,RETAIL_HIGH_STREET,492500.0,56000.0,4878.409744647164
398831244,9703250000,debenhams,2020,Leeds,RETAIL_OTHER_SUPERSTORES_AND_WAREHOUSES,1470000.0,1460000.0,2818.080609768821
398831244,10759131000,debenhams,2020,Leeds,RETAIL_OTHER_SUPERSTORES_AND_WAREHOUSES,1470000.0,1460000.0,1352.9119336503038
398831244,8790087000,debenhams,2020,Leeds,RETAIL_OTHER_SUPERSTORES_AND_WAREHOUSES,1470000.0,1480000.0,657.2675265434788
398847221,8956610000,paperchase,2023,Birmingham,RETAIL_HIGH_STREET,117000.0,116000.0,1804.9355439664603
398847221,11422750000,paperchase,2023,Birmingham,RETAIL_HIGH_STREET,117000.0,116000.0,2584.0951051231996
398847221,10340526000,paperchase,2023,Birmingham,RETAIL_HIGH_STREET,117000.0,116000.0,2584.0951051231996
402570148,9932707000,wilko,2023,Maidstone,RETAIL_HIGH_STREET,2850.0,2850.0,7108.180480421802
402570148,4418941000,wilko,2023,Maidstone,RETAIL_HIGH_STREET,2850.0,2800.0,13994.202360115129
402570148,13003567000,wilko,2023,Maidstone,RETAIL_HIGH_STREET,2850.0,2800.0,10782.868220220595
407124148,10450745000,homebase,2024,Sevenoaks,RETAIL_OTHER_SUPERSTORES_AND_WAREHOUSES,525000.0,442500.0,7320.952484542015
407124148,12209735000,homebase,2024,Sevenoaks,RETAIL_OTHER_SUPERSTORES_AND_WAREHOUSES,525000.0,420000.0,12238.223444456804
407124148,3462747000,homebase,2024,Sevenoaks,RETAIL_OTHER_SUPERSTORES_AND_WAREHOUSES,525000.0,417500.0,2676.72871217295
410570148,7511018000,homebase,2024,Tunbridge Wells,RETAIL_OTHER_SUPERSTORES_AND_WAREHOUSES,880000.0,895000.0,3405.047634567635
410570148,14968975000,homebase,2024,Tunbridge Wells,RETAIL_OTHER_SUPERSTORES_AND_WAREHOUSES,880000.0,765000.0,3405.047634567635
410570148,7511010000,homebase,2024,Tunbridge Wells,RETAIL_OTHER_SUPERSTORES_AND_WAREHOUSES,880000.0,995000.0,2747.7612695694097
412378000,305617172,frankie&bennys,2020,"Bournemouth, Christchurch and Poole",RETAIL_RESTAURANTS_AND_CAFES,86000.0,87400.0,2153.7587460377295
412378000,4637259000,frankie&bennys,2020,"Bournemouth, Christchurch and Poole",RETAIL_RESTAURANTS_AND_CAFES,86000.0,84500.0,477.3679107973062
412378000,4530404000,frankie&bennys,2020,"Bournemouth, Christchurch and Poole",RETAIL_RESTAURANTS_AND_CAFES,86000.0,90500.0,3550.9555093894473
414028000,14020245000,carluccios,2020,North Yorkshire,RETAIL_RESTAURANTS_AND_CAFES,93500.0,93000.0,39962.417899681925
414028000,11020336000,carluccios,2020,North Yorkshire,RETAIL_RESTAURANTS_AND_CAFES,93500.0,96000.0,26444.85859206743
414028000,1653076000,carluccios,2020,North Yorkshire,RETAIL_RESTAURANTS_AND_CAFES,93500.0,90500.0,4085.9853449808265
422075000,611324000,bhs,2016,East Staffordshire,RETAIL_OTHER_SUPERSTORES_AND_WAREHOUSES,0.0,4450.0,750.6281085132327
422075000,629461000,bhs,2016,East Staffordshire,RETAIL_OTHER_SUPERSTORES_AND_WAREHOUSES,0.0,4800.0,1765.8331890951547
422075000,1231936000,bhs,2016,East Staffordshire,RETAIL_OTHER_SUPERSTORES_AND_WAREHOUSES,0.0,5700.0,645.598887790936
424967221,416359221,arcadia,2020,Birmingham,RETAIL_HIGH_STREET,31750.0,31750.0,2900.293879547634
424967221,13003756000,arcadia,2020,Birmingham,RETAIL_HIGH_STREET,31750.0,31750.0,1805.243913811234
424967221,3204764000,arcadia,2020,Birmingham,RETAIL_HIGH_STREET,31750.0,31750.0,1005.9845780041328
427515105,10883395000,cath kidston,2020,North Yorkshire,RETAIL_HIGH_STREET,117000.0,119000.0,1434.8575823286697
427515105,78141105,cath kidston,2020,North Yorkshire,RETAIL_HIGH_STREET,117000.0,108000.0,39199.00675144525
427515105,3088481000,cath kidston,2020,North Yorkshire,RETAIL_HIGH_STREET,117000.0,102000.0,39065.57136097454
427870221,424475221,homebase,2024,Birmingham,RETAIL_OTHER_SUPERSTORES_AND_WAREHOUSES,242000.0,245000.0,2794.1936780453734
427870221,4349382000,homebase,2024,Birmingham,RETAIL_OTHER_SUPERSTORES_AND_WAREHOUSES,242000.0,245000.0,1177.384543289607
427870221,13056936000,homebase,2024,Birmingham,RETAIL_OTHER_SUPERSTORES_AND_WAREHOUSES,242000.0,237000.0,2812.175629526832
428782105,78045105,thomas cook,2019,North Yorkshire,RETAIL_HIGH_STREET,75500.0,74500.0,38835.0927717059
428782105,2230024000,thomas cook,2019,North Yorkshire,RETAIL_HIGH_STREET,75500.0,74000.0,15921.968271233889
428782105,14842896000,thomas cook,2019,North Yorkshire,RETAIL_HIGH_STREET,75500.0,73500.0,19905.7364075366
430568221,159488221,arcadia,2020,Birmingham,RETAIL_HIGH_STREET,5000.0,5000.0,2264.9504770083977
430568221,5963221,arcadia,2020,Birmingham,RETAIL_HIGH_STREET,5000.0,5000.0,2773.6985516083996
430568221,284046221,arcadia,2020,Birmingham,RETAIL_HIGH_STREET,5000.0,5000.0,1745.7165932216208
430955162,10125280000,thomas cook,2019,Buckinghamshire,RETAIL_HIGH_STREET,32250.0,32250.0,1119.1738433931162
430955162,93104162,thomas cook,2019,Buckinghamshire,RETAIL_HIGH_STREET,32250.0,32250.0,7739.570965060601
430955162,272159162,thomas cook,2019,Buckinghamshire,RETAIL_HIGH_STREET,32250.0,32000.0,6935.958013239248
438454221,10615945000,byron,2020,Birmingham,RETAIL_HIGH_STREET,189000.0,200000.0,2649.080684086794
438454221,14009237000,byron,2020,Birmingham,RETAIL_HIGH_STREET,189000.0,235000.0,1879.5833485689707
438454221,9594028000,byron,2020,Birmingham,RETAIL_HIGH_STREET,189000.0,131000.0,507.2105399617563
438997154,10342183000,prezzo,2018,Spelthorne,RETAIL_RESTAURANTS_AND_CAFES,35750.0,35700.0,3050.1646522421916
438997154,292478154,prezzo,2018,Spelthorne,RETAIL_RESTAURANTS_AND_CAFES,35750.0,36000.0,6093.450759757966
438997154,376366154,prezzo,2018,Spelthorne,RETAIL_RESTAURANTS_AND_CAFES,35750.0,35000.0,4881.5012512992125
441623036,21301036,poundworld,2018,Norwich,RETAIL_HIGH_STREET,8000.0,8000.0,822.3335744687361
441623036,57884036,poundworld,2018,Norwich,RETAIL_HIGH_STREET,8000.0,8000.0,465.99008271753235
441623036,3212651000,poundworld,2018,Norwich,RETAIL_HIGH_STREET,8000.0,8000.0,2398.2677309398705
442702000,11085117000,body shop,2024,South Gloucestershire,RETAIL_HIGH_STREET,2750.0,2750.0,923.2338415726938
442702000,9877684000,body shop,2024,South Gloucestershire,RETAIL_HIGH_STREET,2750.0,2750.0,1430.5166744905157
442702000,123931211,body shop,2024,South Gloucestershire,RETAIL_HIGH_STREET,2750.0,2750.0,3450.105478555733
449593221,5290884000,thomas cook,2019,Birmingham,RETAIL_HIGH_STREET,38250.0,38250.0,1240.6645893233217
449593221,8811777000,thomas cook,2019,Birmingham,RETAIL_HIGH_STREET,38250.0,38250.0,3431.90564962238
449593221,8388251000,thomas cook,2019,Birmingham,RETAIL_HIGH_STREET,38250.0,38250.0,1704.2081173776005
452033176,14503784000,arcadia,2020,Wiltshire,OFFICE_GENERAL,83000.0,82500.0,754.2198973271038
452033176,13460189000,arcadia,2020,Wiltshire,OFFICE_GENERAL,83000.0,82500.0,1228.6872755109757
452033176,14403802000,arcadia,2020,Wiltshire,OFFICE_GENERAL,83000.0,81500.0,10851.048598682115
453066221,10044345000,frankie&bennys,2020,Birmingham,RETAIL_RESTAURANTS_AND_CAFES,95000.0,95000.0,615.4855733737619
453066221,7441998000,frankie&bennys,2020,Birmingham,RETAIL_RESTAURANTS_AND_CAFES,95000.0,95000.0,3151.794758911533
453066221,575725221,frankie&bennys,2020,Birmingham,RETAIL_RESTAURANTS_AND_CAFES,95000.0,95000.0,675.6491152496956
453807012,112370012,prezzo,2018,Cambridge,RETAIL_RESTAURANTS_AND_CAFES,49250.0,46000.0,952.5140130912132
453807012,13315453000,prezzo,2018,Cambridge,RETAIL_RESTAURANTS_AND_CAFES,49250.0,45250.0,1001.0073246697476
453807012,111903012,prezzo,2018,Cambridge,RETAIL_RESTAURANTS_AND_CAFES,49250.0,44000.0,585.1396095206973
453881221,417805221,homebase,2024,Birmingham,OTHER_PUBLIC,18500.0,18500.0,1931.5867700410704
453881221,14187348000,homebase,2024,Birmingham,OTHER_PUBLIC,18500.0,18500.0,736.8421128833979
453881221,444950221,homebase,2024,Birmingham,OTHER_PUBLIC,18500.0,18500.0,725.1506998446072
455896000,1192668000,poundworld,2018,Birmingham,RETAIL_OTHER_SUPERSTORES_AND_WAREHOUSES,81000.0,80500.0,2682.6598753057533
455896000,438409221,poundworld,2018,Birmingham,RETAIL_OTHER_SUPERSTORES_AND_WAREHOUSES,81000.0,80500.0,2864.0302468169143
455896000,13179649000,poundworld,2018,Birmingham,RETAIL_OTHER_SUPERSTORES_AND_WAREHOUSES,81000.0,81500.0,1359.2829920547047
459373162,4977928000,prezzo,2018,Buckinghamshire,RETAIL_RESTAURANTS_AND_CAFES,53500.0,53500.0,13244.476363004434
459373162,209632162,prezzo,2018,Buckinghamshire,RETAIL_RESTAURANTS_AND_CAFES,53500.0,53000.0,1948.041580025113
459373162,12686522000,prezzo,2018,Buckinghamshire,RETAIL_RESTAURANTS_AND_CAFES,53500.0,54000.0,21823.757250913473
459415162,14541380000,thomas cook,2019,Buckinghamshire,RETAIL_HIGH_STREET,57000.0,57000.0,1447.7732431658621
459415162,4606178000,thomas cook,2019,Buckinghamshire,RETAIL_HIGH_STREET,57000.0,56000.0,7739.570965060601
459415162,6459631000,thomas cook,2019,Buckinghamshire,RETAIL_HIGH_STREET,57000.0,56000.0,1274.1508421114859
459744176,10502826000,arcadia,2020,Wiltshire,INDUSTRIAL_GENERAL,18250.0,18250.0,1075.3266021887632
459744176,14503320000,arcadia,2020,Wiltshire,INDUSTRIAL_GENERAL,18250.0,18250.0,19305.75734482393
459744176,11203032000,arcadia,2020,Wiltshire,INDUSTRIAL_GENERAL,18250.0,18250.0,11853.438744625148
459938000,6552636000,arcadia,2020,Hartlepool,RETAIL_HIGH_STREET,74500.0,29750.0,1791.1999512900768
459938000,11092638000,arcadia,2020,Hartlepool,RETAIL_HIGH_STREET,74500.0,29500.0,2728.1800200545745
459938000,7200600000,arcadia,2020,Hartlepool,RETAIL_HIGH_STREET,74500.0,24000.0,3294.421840345225
459938145,1059324000,arcadia,2020,Thanet,OTHER_COMMERCIAL,8200.0,8300.0,3335.8644244901852
459938145,3396015000,arcadia,2020,Thanet,OTHER_COMMERCIAL,8200.0,8300.0,3335.8644244901852
459938145,1592391000,arcadia,2020,Thanet,OTHER_COMMERCIAL,8200.0,8300.0,1091.9618558522707
459940145,1079984000,arcadia,2020,Thanet,OTHER_PUBLIC,10250.0,10250.0,2288.085798450192
459940145,399535145,arcadia,2020,Thanet,OTHER_PUBLIC,10250.0,10250.0,1237.5467382582497
459940145,7821778000,arcadia,2020,Thanet,OTHER_PUBLIC,10250.0,10250.0,4998.5428260314675
460479162,209674162,cath kidston,2020,Buckinghamshire,RETAIL_RESTAURANTS_AND_CAFES,49750.0,50000.0,13776.63692800809
460479162,14608024000,cath kidston,2020,Buckinghamshire,RETAIL_RESTAURANTS_AND_CAFES,49750.0,50500.0,843.8466463039431
460479162,13304471000,cath kidston,2020,Buckinghamshire,RETAIL_RESTAURANTS_AND_CAFES,49750.0,48500.0,6882.543761823012
462520000,6741887000,paperchase,2023,County Durham,RETAIL_HIGH_STREET,81500.0,82000.0,5753.113578896516
462520000,15061167000,paperchase,2023,County Durham,RETAIL_HIGH_STREET,81500.0,80000.0,1953.9814543321747
462520000,142169104,paperchase,2023,County Durham,RETAIL_HIGH_STREET,81500.0,86000.0,5619.982453960152
465424000,11038965000,arcadia,2020,Preston,RETAIL_OTHER_SUPERSTORES_AND_WAREHOUSES,625000.0,610000.0,760.2436458491962
465424000,13235217000,arcadia,2020,Preston,RETAIL_OTHER_SUPERSTORES_AND_WAREHOUSES,625000.0,447500.0,723.5190725490047
465424000,12009111000,arcadia,2020,Preston,RETAIL_OTHER_SUPERSTORES_AND_WAREHOUSES,625000.0,382500.0,471.4886625559572
470335162,471051162,wilko,2023,Buckinghamshire,RETAIL_OTHER_SUPERSTORES_AND_WAREHOUSES,202000.0,202000.0,2734.4371161500353
470335162,2358650000,wilko,2023,Buckinghamshire,RETAIL_OTHER_SUPERSTORES_AND_WAREHOUSES,202000.0,202000.0,7935.923890514012
470335162,14590332000,wilko,2023,Buckinghamshire,RETAIL_OTHER_SUPERSTORES_AND_WAREHOUSES,202000.0,208000.0,1341.947708907114
474510221,8553904000,arcadia,2020,Birmingham,RETAIL_HIGH_STREET,37000.0,37000.0,1804.9355439664603
474510221,9607083000,arcadia,2020,Birmingham,RETAIL_HIGH_STREET,37000.0,37000.0,2900.293879547634
474510221,8811761000,arcadia,2020,Birmingham,RETAIL_HIGH_STREET,37000.0,37000.0,3992.3387718587283
481298108,10860072000,bhs,2016,York,INDUSTRIAL_GENERAL,14750.0,14750.0,5779.310295323922
481298108,4942528000,bhs,2016,York,INDUSTRIAL_GENERAL,14750.0,14750.0,532.2263710155067
481298108,11445985000,bhs,2016,York,INDUSTRIAL_GENERAL,14750.0,14750.0,7387.204530930731
482948000,14986039000,toys r us,2018,Leicester,RETAIL_OTHER_SUPERSTORES_AND_WAREHOUSES,550000.0,410000.0,1208.1325478560473
482948000,12149674000,toys r us,2018,Leicester,RETAIL_OTHER_SUPERSTORES_AND_WAREHOUSES,550000.0,337500.0,1208.1325478560473
482948000,14946601000,toys r us,2018,Leicester,RETAIL_OTHER_SUPERSTORES_AND_WAREHOUSES,550000.0,335000.0,3656.018325098183
482949000,10764044,poundworld,2018,Leicester,RETAIL_OTHER_SUPERSTORES_AND_WAREHOUSES,141000.0,134000.0,1219.5633244171765
482949000,2573924000,poundworld,2018,Leicester,RETAIL_OTHER_SUPERSTORES_AND_WAREHOUSES,141000.0,130000.0,1100.9521722791535
482949000,5586388000,poundworld,2018,Leicester,RETAIL_OTHER_SUPERSTORES_AND_WAREHOUSES,141000.0,152000.0,1179.6297502055663
485318165,5317389000,arcadia,2020,Reading,INDUSTRIAL_GENERAL,122000.0,123000.0,766.7746607124378
485318165,4091406000,arcadia,2020,Reading,INDUSTRIAL_GENERAL,122000.0,125000.0,1811.8747860110382
485318165,15005949000,arcadia,2020,Reading,INDUSTRIAL_GENERAL,122000.0,117000.0,1102.4741632757953
486326000,6278036000,thomas cook,2019,Nottingham,OFFICE_GENERAL,2425.0,2425.0,1201.1863687707444
486326000,46810037,thomas cook,2019,Nottingham,OFFICE_GENERAL,2425.0,2425.0,1866.907676297483
486326000,2294102000,thomas cook,2019,Nottingham,OFFICE_GENERAL,2425.0,2425.0,701.3695862625874
494891104,8848142000,thomas cook,2019,Darlington,RETAIL_HIGH_STREET,45750.0,50000.0,3050.1862301803167
494891104,8853793000,thomas cook,2019,Darlington,RETAIL_HIGH_STREET,45750.0,54000.0,1782.5949773846621
494891104,8596712000,thomas cook,2019,Darlington,RETAIL_HIGH_STREET,45750.0,33250.0,1295.9412320980393
494963104,8848460000,poundworld,2018,Darlington,RETAIL_HIGH_STREET,104000.0,31250.0,2378.7394071814356
494963104,12788663000,poundworld,2018,Darlington,RETAIL_HIGH_STREET,104000.0,29250.0,7838.383064773295
494963104,12535807000,poundworld,2018,Darlington,RETAIL_HIGH_STREET,104000.0,29250.0,7838.383064773295
496797165,5088434000,cath kidston,2020,Reading,RETAIL_HIGH_STREET,163000.0,49000.0,1021.8324158588423
496797165,6974165000,cath kidston,2020,Reading,RETAIL_HIGH_STREET,163000.0,48750.0,1365.9372272779297
496797165,89419165,cath kidston,2020,Reading,RETAIL_HIGH_STREET,163000.0,47750.0,4470.927968499749
497894000,8848656000,thomas cook,2019,County Durham,RETAIL_HIGH_STREET,71000.0,73000.0,929.6139239080524
497894000,55309104,thomas cook,2019,County Durham,RETAIL_HIGH_STREET,71000.0,68500.0,5500.928426999615
497894000,752365000,thomas cook,2019,County Durham,RETAIL_HIGH_STREET,71000.0,67500.0,5240.748020823675
502223163,50562000,strada,2018,South Oxfordshire,RETAIL_HIGH_STREET,10000.0,10000.0,5400.945981973164
502223163,159871163,strada,2018,South Oxfordshire,RETAIL_HIGH_STREET,10000.0,10000.0,7965.8066865671
502223163,994729000,strada,2018,South Oxfordshire,RETAIL_HIGH_STREET,10000.0,10000.0,13799.78688731588
507789000,11173487000,wilko,2023,Cardiff,RETAIL_OTHER_SUPERSTORES_AND_WAREHOUSES,177000.0,177000.0,2338.5005831766734
507789000,629678000,wilko,2023,Cardiff,RETAIL_OTHER_SUPERSTORES_AND_WAREHOUSES,177000.0,178000.0,2338.5005831766734
507789000,223203192,wilko,2023,Cardiff,RETAIL_OTHER_SUPERSTORES_AND_WAREHOUSES,177000.0,180000.0,4173.225741556729
511630145,14498545000,thomas cook,2019,Canterbury,RETAIL_HIGH_STREET,95000.0,71500.0,763.42333423276
511630145,8786434000,thomas cook,2019,Canterbury,RETAIL_HIGH_STREET,95000.0,64000.0,415.3836420289807
511630145,13873444000,thomas cook,2019,Canterbury,RETAIL_HIGH_STREET,95000.0,62000.0,9350.101050599118
513155145,14085471000,strada,2018,Canterbury,RETAIL_RESTAURANTS_AND_CAFES,87500.0,84000.0,763.42333423276
513155145,6753509000,strada,2018,Canterbury,RETAIL_RESTAURANTS_AND_CAFES,87500.0,82500.0,5786.752374055429
513155145,13988978000,strada,2018,Canterbury,RETAIL_RESTAURANTS_AND_CAFES,87500.0,92500.0,763.42333423276
523512000,13652345000,paperchase,2023,Lincoln,RETAIL_HIGH_STREET,164000.0,84500.0,3151.431634470775
523512000,9252924000,paperchase,2023,Lincoln,RETAIL_HIGH_STREET,164000.0,84000.0,2080.680152860813
523512000,7625449000,paperchase,2023,Lincoln,RETAIL_HIGH_STREET,164000.0,37750.0,4015.759919668775
528957145,158668145,mothercare,2019,Canterbury,RETAIL_OTHER_SUPERSTORES_AND_WAREHOUSES,330000.0,332500.0,653.1123023517057
528957145,6410682000,mothercare,2019,Canterbury,RETAIL_OTHER_SUPERSTORES_AND_WAREHOUSES,330000.0,322500.0,1839.5171164316223
528957145,13487073000,mothercare,2019,Canterbury,RETAIL_OTHER_SUPERSTORES_AND_WAREHOUSES,330000.0,340000.0,2318.9497016840537
529347000,7631245000,homebase,2024,Guildford,RETAIL_OTHER_SUPERSTORES_AND_WAREHOUSES,81000.0,82000.0,1174.1469102012625
529347000,341617152,homebase,2024,Guildford,RETAIL_OTHER_SUPERSTORES_AND_WAREHOUSES,81000.0,78500.0,786.7898141569154
529347000,12557579000,homebase,2024,Guildford,RETAIL_OTHER_SUPERSTORES_AND_WAREHOUSES,81000.0,78000.0,6655.887627595357
534629176,8788822000,homebase,2024,Wiltshire,RETAIL_OTHER_SUPERSTORES_AND_WAREHOUSES,545000.0,555000.0,7954.0350529113
534629176,8554000000,homebase,2024,Wiltshire,RETAIL_OTHER_SUPERSTORES_AND_WAREHOUSES,545000.0,442500.0,1449.736721541259
534629176,14078434000,homebase,2024,Wiltshire,RETAIL_OTHER_SUPERSTORES_AND_WAREHOUSES,545000.0,675000.0,6420.643288321344
543765032,11354330000,arcadia,2020,Lincoln,RETAIL_HIGH_STREET,226000.0,340000.0,2059.8283590459882
543765032,538777032,arcadia,2020,Lincoln,RETAIL_HIGH_STREET,226000.0,33750.0,1774.9488455549833
543765032,5301186000,arcadia,2020,Lincoln,RETAIL_HIGH_STREET,226000.0,33000.0,2545.151366988783
544139162,94213162,thomas cook,2019,Buckinghamshire,RETAIL_HIGH_STREET,15750.0,15750.0,7757.244049409343
544139162,217995162,thomas cook,2019,Buckinghamshire,RETAIL_HIGH_STREET,15750.0,15750.0,23476.31401535041
544139162,439191162,thomas cook,2019,Buckinghamshire,RETAIL_HIGH_STREET,15750.0,15750.0,3644.8332471038116
547297104,3004496000,arcadia,2020,Darlington,RETAIL_HIGH_STREET,92000.0,28500.0,664.8275299249768
547297104,546195104,arcadia,2020,Darlington,RETAIL_HIGH_STREET,92000.0,28250.0,1723.0887202856015
547297104,492819104,arcadia,2020,Darlington,RETAIL_HIGH_STREET,92000.0,23750.0,429.61314199437135
550522176,200481176,prezzo,2018,Southampton,RETAIL_RESTAURANTS_AND_CAFES,19500.0,19500.0,511.4224124578646
550522176,2110944000,prezzo,2018,Southampton,RETAIL_RESTAURANTS_AND_CAFES,19500.0,19250.0,603.9050385842481
550522176,8938006000,prezzo,2018,Southampton,RETAIL_RESTAURANTS_AND_CAFES,19500.0,19250.0,427.9772985432958
555539176,15054934000,bhs,2016,Wiltshire,RETAIL_OTHER_SUPERSTORES_AND_WAREHOUSES,425000.0,395000.0,12064.824302644787
555539176,287968216,bhs,2016,Wiltshire,RETAIL_OTHER_SUPERSTORES_AND_WAREHOUSES,425000.0,385000.0,1449.736721541259
555539176,11984541000,bhs,2016,Wiltshire,RETAIL_OTHER_SUPERSTORES_AND_WAREHOUSES,425000.0,382500.0,1415.2756440382977
558017000,235567046,maplin,2018,Charnwood,RETAIL_OTHER_SUPERSTORES_AND_WAREHOUSES,60000.0,59000.0,673.4357550432219
558017000,11655291000,maplin,2018,Charnwood,RETAIL_OTHER_SUPERSTORES_AND_WAREHOUSES,60000.0,62500.0,673.4357550432219
558017000,242787046,maplin,2018,Charnwood,RETAIL_OTHER_SUPERSTORES_AND_WAREHOUSES,60000.0,67500.0,6136.208279245701
561182033,7326121000,frankie&bennys,2020,Chesterfield,RETAIL_HIGH_STREET,16500.0,16250.0,1800.0246299799219
561182033,311679033,frankie&bennys,2020,Chesterfield,RETAIL_HIGH_STREET,16500.0,16250.0,729.0609241753391
561182033,1788665000,frankie&bennys,2020,Chesterfield,RETAIL_HIGH_STREET,16500.0,16250.0,2294.600918194111
561966216,12281149000,arcadia,2020,Wiltshire,OFFICE_GENERAL,6700.0,6700.0,4636.965244499883
561966216,11256952000,arcadia,2020,Wiltshire,OFFICE_GENERAL,6700.0,6700.0,745.1734512266235
561966216,6770298000,arcadia,2020,Wiltshire,OFFICE_GENERAL,6700.0,6700.0,402.97737082215383
562134032,7765150000,toys r us,2018,Lincoln,RETAIL_OTHER_SUPERSTORES_AND_WAREHOUSES,412500.0,395000.0,737.4524557558572
562134032,5881629000,toys r us,2018,Lincoln,RETAIL_OTHER_SUPERSTORES_AND_WAREHOUSES,412500.0,372500.0,737.4524557558572
562134032,5021696000,toys r us,2018,Lincoln,RETAIL_OTHER_SUPERSTORES_AND_WAREHOUSES,412500.0,367500.0,737.4524557558572
562346032,10924954000,homebase,2024,Lincoln,RETAIL_OTHER_SUPERSTORES_AND_WAREHOUSES,352500.0,337500.0,2704.3032685499543
562346032,10924958000,homebase,2024,Lincoln,RETAIL_OTHER_SUPERSTORES_AND_WAREHOUSES,352500.0,335000.0,2704.3032685499543
562346032,14152204000,homebase,2024,Lincoln,RETAIL_OTHER_SUPERSTORES_AND_WAREHOUSES,352500.0,315000.0,3360.147373216857
562627216,12438580000,body shop,2024,Wiltshire,INDUSTRIAL_LIGHT,5000.0,5000.0,19823.888229174354
562627216,134238216,body shop,2024,Wiltshire,INDUSTRIAL_LIGHT,5000.0,4950.0,8581.816411588903
562627216,13368300000,body shop,2024,Wiltshire,INDUSTRIAL_LIGHT,5000.0,4950.0,7246.721920489896
563790032,15267032,arcadia,2020,Lincoln,RETAIL_HIGH_STREET,5800.0,5800.0,1095.574971282502
563790032,1947618000,arcadia,2020,Lincoln,RETAIL_HIGH_STREET,5800.0,5800.0,475.9546364345548
563790032,143567032,arcadia,2020,Lincoln,RETAIL_HIGH_STREET,5800.0,5800.0,1984.6435509897856
563793032,13756412000,arcadia,2020,Lincoln,RETAIL_HIGH_STREET,121000.0,28000.0,3723.0477317010636
563793032,11486953000,arcadia,2020,Lincoln,RETAIL_HIGH_STREET,121000.0,27250.0,1371.8724278086704
563793032,6034001000,arcadia,2020,Lincoln,RETAIL_HIGH_STREET,121000.0,27000.0,582.6885736844393
563809176,5815337000,wilko,2023,Southampton,RETAIL_OTHER_SUPERSTORES_AND_WAREHOUSES,325000.0,362500.0,3214.0519766460307
563809176,10799706000,wilko,2023,Southampton,RETAIL_OTHER_SUPERSTORES_AND_WAREHOUSES,325000.0,377500.0,1209.7240306473489
563809176,157213000,wilko,2023,Southampton,RETAIL_OTHER_SUPERSTORES_AND_WAREHOUSES,325000.0,267500.0,1442.0548526272166
563812176,198059176,mothercare,2019,Southampton,RETAIL_OTHER_SUPERSTORES_AND_WAREHOUSES,472500.0,442500.0,2943.170595406184
563812176,562972176,mothercare,2019,Southampton,RETAIL_OTHER_SUPERSTORES_AND_WAREHOUSES,472500.0,432500.0,4506.445274818013
563812176,14271454000,mothercare,2019,Southampton,RETAIL_OTHER_SUPERSTORES_AND_WAREHOUSES,472500.0,417500.0,2248.7323333963077
564760162,12506897000,homebase,2024,Buckinghamshire,RETAIL_OTHER_SUPERSTORES_AND_WAREHOUSES,620000.0,620000.0,1688.4879296189683
564760162,217228162,homebase,2024,Buckinghamshire,RETAIL_OTHER_SUPERSTORES_AND_WAREHOUSES,620000.0,540000.0,10763.063166793378
564760162,13319463000,homebase,2024,Buckinghamshire,RETAIL_OTHER_SUPERSTORES_AND_WAREHOUSES,620000.0,520000.0,1688.4879296189683
566961216,14488195000,ted baker,2024,Swindon,RETAIL_HIGH_STREET,79500.0,75000.0,1739.0429791932922
566961216,9993333000,ted baker,2024,Swindon,RETAIL_HIGH_STREET,79500.0,71000.0,3047.789253781751
566961216,14789216,ted baker,2024,Swindon,RETAIL_HIGH_STREET,79500.0,69500.0,2207.455519058133
567361104,7134273000,arcadia,2020,County Durham,RETAIL_HIGH_STREET,3650.0,3650.0,5120.563304575501
567361104,7572486000,arcadia,2020,County Durham,RETAIL_HIGH_STREET,3650.0,3650.0,3049.9869773293835
567361104,163280104,arcadia,2020,County Durham,RETAIL_HIGH_STREET,3650.0,3650.0,1009.9791267243377
570130162,7149904000,frankie&bennys,2020,Buckinghamshire,RETAIL_HIGH_STREET,4550.0,4550.0,6891.039272953268
570130162,148099162,frankie&bennys,2020,Buckinghamshire,RETAIL_HIGH_STREET,4550.0,4550.0,10313.256777037923
570130162,7848009000,frankie&bennys,2020,Buckinghamshire,RETAIL_HIGH_STREET,4550.0,4550.0,8134.387442194957
572113065,399982065,thomas cook,2019,Brent,RETAIL_HIGH_STREET,31250.0,31250.0,3154.73274159275
572113065,14930038000,thomas cook,2019,Brent,RETAIL_HIGH_STREET,31250.0,31000.0,5098.954148318608
572113065,3900082000,thomas cook,2019,Brent,RETAIL_HIGH_STREET,31250.0,31000.0,4954.858381598334
572566162,8814602000,thomas cook,2019,Milton Keynes,RETAIL_HIGH_STREET,159000.0,51500.0,5066.210719975378
572566162,6518078000,thomas cook,2019,Milton Keynes,RETAIL_HIGH_STREET,159000.0,51000.0,12595.92011963712
572566162,12553549000,thomas cook,2019,Milton Keynes,RETAIL_HIGH_STREET,159000.0,46750.0,1306.5090055303463
575919221,7851265000,body shop,2024,Birmingham,RETAIL_HIGH_STREET,133000.0,131000.0,1879.5833485689707
575919221,12322943000,body shop,2024,Birmingham,RETAIL_HIGH_STREET,133000.0,130000.0,2718.609260597958
575919221,8956611000,body shop,2024,Birmingham,RETAIL_HIGH_STREET,133000.0,123000.0,1804.9355439664603
576818162,14205335000,ted baker,2024,Milton Keynes,RETAIL_HIGH_STREET,162000.0,45750.0,402.4896711664599
576818162,14187152000,ted baker,2024,Milton Keynes,RETAIL_HIGH_STREET,162000.0,45250.0,2167.8435272842667
576818162,8814589000,ted baker,2024,Milton Keynes,RETAIL_HIGH_STREET,162000.0,42750.0,4812.054970737238
577777037,2264962000,poundworld,2018,Nottingham,RETAIL_HIGH_STREET,83500.0,30500.0,1648.4403770468136
577777037,7552580000,poundworld,2018,Nottingham,RETAIL_HIGH_STREET,83500.0,30000.0,2125.0697016006034
577777037,14842574000,poundworld,2018,Nottingham,RETAIL_HIGH_STREET,83500.0,29500.0,5499.099799221446
579784162,380580162,mothercare,2019,Buckinghamshire,RETAIL_OTHER_SUPERSTORES_AND_WAREHOUSES,181000.0,182000.0,5107.35936992476
579784162,551869162,mothercare,2019,Buckinghamshire,RETAIL_OTHER_SUPERSTORES_AND_WAREHOUSES,181000.0,183000.0,958.3301547037427
579784162,14742039000,mothercare,2019,Buckinghamshire,RETAIL_OTHER_SUPERSTORES_AND_WAREHOUSES,181000.0,178000.0,2398.0165685096654
580923042,13383402000,homebase,2024,Derby,RETAIL_OTHER_SUPERSTORES_AND_WAREHOUSES,505000.0,302500.0,2888.2721127700074
580923042,14427042000,homebase,2024,Derby,RETAIL_OTHER_SUPERSTORES_AND_WAREHOUSES,505000.0,300000.0,2298.231993498205
580923042,3372436000,homebase,2024,Derby,RETAIL_OTHER_SUPERSTORES_AND_WAREHOUSES,505000.0,280000.0,924.689317530748
582083000,10617189000,bella italia,2020,Chelmsford,RETAIL_OTHER_SUPERSTORES_AND_WAREHOUSES,0.0,1125.0,2835.2059886132397
582083000,11698566000,bella italia,2020,Chelmsford,RETAIL_OTHER_SUPERSTORES_AND_WAREHOUSES,0.0,1375.0,13527.750683167784
582083000,11683490000,bella italia,2020,Chelmsford,RETAIL_OTHER_SUPERSTORES_AND_WAREHOUSES,0.0,1750.0,2835.2059886132397
583586032,4524286000,mothercare,2019,Lincoln,RETAIL_HIGH_STREET,163000.0,26750.0,2541.683917214595
583586032,46869000,mothercare,2019,Lincoln,RETAIL_HIGH_STREET,163000.0,26500.0,4015.759919668775
583586032,539779032,mothercare,2019,Lincoln,RETAIL_HIGH_STREET,163000.0,25500.0,2308.0143129568623
584895221,8084224000,wilko,2023,Birmingham,RETAIL_OTHER_SUPERSTORES_AND_WAREHOUSES,620000.0,610000.0,916.3944250598125
584895221,12656168000,wilko,2023,Birmingham,RETAIL_OTHER_SUPERSTORES_AND_WAREHOUSES,620000.0,600000.0,1900.0882509593546
584895221,8811941000,wilko,2023,Birmingham,RETAIL_OTHER_SUPERSTORES_AND_WAREHOUSES,620000.0,600000.0,1900.0882509593546
584898221,10563680000,debenhams,2020,Birmingham,RETAIL_HIGH_STREET,470000.0,327500.0,2584.0951051231996
584898221,10289650000,debenhams,2020,Birmingham,RETAIL_HIGH_STREET,470000.0,272500.0,2584.0951051231996
584898221,8399277000,debenhams,2020,Birmingham,RETAIL_HIGH_STREET,470000.0,267500.0,1879.5833485689707
589713000,7413444000,wilko,2023,Bedford,RETAIL_OTHER_SUPERSTORES_AND_WAREHOUSES,310000.0,297500.0,1274.7141980116417
589713000,11773584000,wilko,2023,Bedford,RETAIL_OTHER_SUPERSTORES_AND_WAREHOUSES,310000.0,277500.0,556.9366671912212
589713000,11362916000,wilko,2023,Bedford,RETAIL_OTHER_SUPERSTORES_AND_WAREHOUSES,310000.0,342500.0,1526.7301465084445
589719000,11240715000,arcadia,2020,Bedford,RETAIL_OTHER_SUPERSTORES_AND_WAREHOUSES,450000.0,470000.0,2271.2294334852713
589719000,11905112000,arcadia,2020,Bedford,RETAIL_OTHER_SUPERSTORES_AND_WAREHOUSES,450000.0,480000.0,411.91827227304094
589719000,9076033000,arcadia,2020,Bedford,RETAIL_OTHER_SUPERSTORES_AND_WAREHOUSES,450000.0,480000.0,411.91827227304094
598028000,213814232,arcadia,2020,East Staffordshire,LEISURE_AMUSEMENT_AND_ENTERTAINMENT_CENTRES,18750.0,20000.0,17268.716066637367
598028000,4264768000,arcadia,2020,East Staffordshire,LEISURE_AMUSEMENT_AND_ENTERTAINMENT_CENTRES,18750.0,17250.0,11666.386361186806
598028000,213701232,arcadia,2020,East Staffordshire,LEISURE_AMUSEMENT_AND_ENTERTAINMENT_CENTRES,18750.0,13000.0,14009.279844564086
612047000,13309871000,thomas cook,2019,North Northamptonshire,RETAIL_HIGH_STREET,15000.0,15000.0,4747.009639727927
612047000,13668549000,thomas cook,2019,North Northamptonshire,RETAIL_HIGH_STREET,15000.0,15000.0,4747.009639727927
612047000,9373385000,thomas cook,2019,North Northamptonshire,RETAIL_HIGH_STREET,15000.0,15000.0,1639.473055879275
617569000,263864144,mothercare,2019,Eastbourne,RETAIL_OTHER_SUPERSTORES_AND_WAREHOUSES,143000.0,140000.0,440.8775041275918
617569000,4265682000,mothercare,2019,Eastbourne,RETAIL_OTHER_SUPERSTORES_AND_WAREHOUSES,143000.0,134000.0,1439.3450728205232
617569000,5039747000,mothercare,2019,Eastbourne,RETAIL_OTHER_SUPERSTORES_AND_WAREHOUSES,143000.0,153000.0,1600.548517007052
630709000,12054030000,homebase,2024,Central Bedfordshire,RETAIL_OTHER_SUPERSTORES_AND_WAREHOUSES,322500.0,320000.0,10144.21263512279
630709000,12183080000,homebase,2024,Central Bedfordshire,RETAIL_OTHER_SUPERSTORES_AND_WAREHOUSES,322500.0,317500.0,8209.561884017297
630709000,14478413000,homebase,2024,Central Bedfordshire,RETAIL_OTHER_SUPERSTORES_AND_WAREHOUSES,322500.0,335000.0,14366.69202377694
636567000,170248045,toys r us,2018,West Northamptonshire,RETAIL_RESTAURANTS_AND_CAFES,21500.0,21500.0,15132.22816283222
636567000,205386045,toys r us,2018,West Northamptonshire,RETAIL_RESTAURANTS_AND_CAFES,21500.0,21500.0,2244.06092125178
636567000,134038045,toys r us,2018,West Northamptonshire,RETAIL_RESTAURANTS_AND_CAFES,21500.0,21500.0,21879.76759508187
637038000,8790658000,toys r us,2018,Bedford,RETAIL_OTHER_SUPERSTORES_AND_WAREHOUSES,740000.0,1010000.0,1192.474003842708
637038000,13885501000,toys r us,2018,Bedford,RETAIL_OTHER_SUPERSTORES_AND_WAREHOUSES,740000.0,1050000.0,1192.474003842708
637038000,11974878000,toys r us,2018,Bedford,RETAIL_OTHER_SUPERSTORES_AND_WAREHOUSES,740000.0,392500.0,411.91827227304094
641819000,6629291000,cafe rouge,2020,Cheshire West and Chester,RETAIL_HIGH_STREET,79500.0,30250.0,1141.3875007558247
641819000,14474224000,cafe rouge,2020,Cheshire West and Chester,RETAIL_HIGH_STREET,79500.0,30000.0,10761.772106382003
641819000,4900402000,cafe rouge,2020,Cheshire West and Chester,RETAIL_HIGH_STREET,79500.0,30000.0,2008.3239311548887
643290000,274007186,strada,2018,Somerset,RETAIL_HIGH_STREET,5500.0,5500.0,16572.902680754247
643290000,111785183,strada,2018,Somerset,RETAIL_HIGH_STREET,5500.0,5500.0,22112.04233630753
643290000,107656186,strada,2018,Somerset,RETAIL_HIGH_STREET,5500.0,5500.0,437.95863863194575
645382082,338954082,byron,2020,Hammersmith and Fulham,RETAIL_HIGH_STREET,44750.0,44750.0,736.3621441266935
645382082,648226082,byron,2020,Hammersmith and Fulham,RETAIL_HIGH_STREET,44750.0,44750.0,933.401087897024
645382082,221588082,byron,2020,Hammersmith and Fulham,RETAIL_HIGH_STREET,44750.0,44500.0,533.4193769612011
649713000,649685000,ted baker,2024,Dartford,RETAIL_HIGH_STREET,500000.0,322500.0,975.4598361064806
649713000,12109455000,ted baker,2024,Dartford,RETAIL_HIGH_STREET,500000.0,129000.0,3337.219292602317
649713000,14684535000,ted baker,2024,Dartford,RETAIL_HIGH_STREET,500000.0,77000.0,916.4939475210473
649832000,14684533000,cath kidston,2020,Dartford,RETAIL_HIGH_STREET,330000.0,64000.0,916.4939475210473
649832000,10037442000,cath kidston,2020,Dartford,RETAIL_HIGH_STREET,330000.0,61000.0,552.9851235476964
649832000,12209929000,cath kidston,2020,Dartford,RETAIL_HIGH_STREET,330000.0,46000.0,3129.2931557641277
649849000,12259859000,body shop,2024,Dartford,RETAIL_HIGH_STREET,332500.0,45250.0,3043.8972711040547
649849000,13432545000,body shop,2024,Dartford,RETAIL_HIGH_STREET,332500.0,44250.0,3337.219292602317
649849000,11652703000,body shop,2024,Dartford,RETAIL_HIGH_STREET,332500.0,43250.0,552.9851235476964
649984000,15021521000,arcadia,2020,Dartford,RETAIL_HIGH_STREET,322500.0,42250.0,2143.982925406643
649984000,14684532000,arcadia,2020,Dartford,RETAIL_HIGH_STREET,322500.0,42250.0,916.4939475210473
649984000,14611535000,arcadia,2020,Dartford,RETAIL_HIGH_STREET,322500.0,41500.0,3579.926976729801
649992000,11093368000,bella italia,2020,Dartford,RETAIL_RESTAURANTS_AND_CAFES,161000.0,154000.0,3129.2931557641277
649992000,4340147,bella italia,2020,Dartford,RETAIL_RESTAURANTS_AND_CAFES,161000.0,170000.0,1054.0541036020709
649992000,14365590000,bella italia,2020,Dartford,RETAIL_RESTAURANTS_AND_CAFES,161000.0,117000.0,1759.3020965591002
650465000,7915442000,paperchase,2023,Dartford,RETAIL_HIGH_STREET,255000.0,38750.0,2238.5825939907354
650465000,13453529000,paperchase,2023,Dartford,RETAIL_HIGH_STREET,255000.0,36500.0,2143.982925406643
650465000,12316520000,paperchase,2023,Dartford,RETAIL_HIGH_STREET,255000.0,36250.0,2269.4003611528965
650900000,9359638000,cafe rouge,2020,Dartford,RETAIL_RESTAURANTS_AND_CAFES,152000.0,104000.0,1585.9069054074203
650900000,483243000,cafe rouge,2020,Dartford,RETAIL_RESTAURANTS_AND_CAFES,152000.0,103000.0,1654.85051512794
650900000,2352401000,cafe rouge,2020,Dartford,RETAIL_RESTAURANTS_AND_CAFES,152000.0,220000.0,1759.3020965591002
650951000,12594390000,mothercare,2019,Dartford,RETAIL_HIGH_STREET,710000.0,35500.0,4128.210607896334
650951000,12474547000,mothercare,2019,Dartford,RETAIL_HIGH_STREET,710000.0,35000.0,3337.219292602317
650951000,8791578000,mothercare,2019,Dartford,RETAIL_HIGH_STREET,710000.0,34750.0,1321.9125637752736
651050000,9163997000,byron,2020,Dartford,RETAIL_RESTAURANTS_AND_CAFES,124000.0,75500.0,1370.0723622929447
651050000,169240147,byron,2020,Dartford,RETAIL_RESTAURANTS_AND_CAFES,124000.0,70000.0,7148.769822226061
651050000,624359000,byron,2020,Dartford,RETAIL_RESTAURANTS_AND_CAFES,124000.0,67750.0,1140.2176639001905
655016000,336619141,bella italia,2020,Crawley,RETAIL_RESTAURANTS_AND_CAFES,88000.0,90000.0,1402.2254584286848
655016000,182369141,bella italia,2020,Crawley,RETAIL_RESTAURANTS_AND_CAFES,88000.0,84000.0,2306.340525495429
655016000,349662141,bella italia,2020,Crawley,RETAIL_RESTAURANTS_AND_CAFES,88000.0,83600.0,2360.236167352012
655205000,7138664000,arcadia,2020,Peterborough,RETAIL_HIGH_STREET,385000.0,171000.0,3374.322439121687
655205000,7146334000,arcadia,2020,Peterborough,RETAIL_HIGH_STREET,385000.0,47750.0,3374.322439121687
655205000,13256697000,arcadia,2020,Peterborough,RETAIL_HIGH_STREET,385000.0,47750.0,3374.322439121687
660631000,922538000,toys r us,2018,East Staffordshire,RETAIL_HIGH_STREET,0.0,0.0,6896.404447759354
660631000,5427291000,toys r us,2018,East Staffordshire,RETAIL_HIGH_STREET,0.0,0.0,6896.404447759354
660631000,3489684000,toys r us,2018,East Staffordshire,RETAIL_HIGH_STREET,0.0,0.0,6896.404447759354
666296000,11087605000,arcadia,2020,York,RETAIL_OTHER_SUPERSTORES_AND_WAREHOUSES,565000.0,287500.0,682.4517497918349
666296000,8619852000,arcadia,2020,York,RETAIL_OTHER_SUPERSTORES_AND_WAREHOUSES,565000.0,282500.0,597.758778299651
666296000,9194889000,arcadia,2020,York,RETAIL_OTHER_SUPERSTORES_AND_WAREHOUSES,565000.0,850000.0,654.9399129496356
671172000,10230559000,frankie&bennys,2020,Swindon,RETAIL_RESTAURANTS_AND_CAFES,105000.0,105000.0,4093.610383792175
671172000,23442216,frankie&bennys,2020,Swindon,RETAIL_RESTAURANTS_AND_CAFES,105000.0,102500.0,794.5860198864378
671172000,9575598000,frankie&bennys,2020,Swindon,RETAIL_RESTAURANTS_AND_CAFES,105000.0,99000.0,1291.826229872766
671179000,11564272000,chiquito,2020,Swindon,RETAIL_RESTAURANTS_AND_CAFES,129000.0,117000.0,3897.810207166741
671179000,6348771000,chiquito,2020,Swindon,RETAIL_RESTAURANTS_AND_CAFES,129000.0,141000.0,3871.196142666126
671179000,2343612000,chiquito,2020,Swindon,RETAIL_RESTAURANTS_AND_CAFES,129000.0,142500.0,4010.6235357581427
683014000,244483046,arcadia,2020,Charnwood,OFFICE_GENERAL,3800.0,3800.0,2685.4269624779113
683014000,167920046,arcadia,2020,Charnwood,OFFICE_GENERAL,3800.0,3800.0,6722.697619722143
683014000,7763840000,arcadia,2020,Charnwood,OFFICE_GENERAL,3800.0,3800.0,841.7206206988793
689398072,689784072,debenhams,2020,Bromley,RETAIL_OTHER_SUPERSTORES_AND_WAREHOUSES,850000.0,810000.0,1385.756480437614
689398072,8785722000,debenhams,2020,Bromley,RETAIL_OTHER_SUPERSTORES_AND_WAREHOUSES,850000.0,785000.0,4576.938972842011
689398072,8785896000,debenhams,2020,Bromley,RETAIL_OTHER_SUPERSTORES_AND_WAREHOUSES,850000.0,750000.0,3567.1497532746394
690033022,9968581000,poundworld,2018,Thurrock,RETAIL_HIGH_STREET,115000.0,93000.0,1294.2499189222683
690033022,14040220000,poundworld,2018,Thurrock,RETAIL_HIGH_STREET,115000.0,61500.0,1199.2179989065808
690033022,696042022,poundworld,2018,Thurrock,RETAIL_HIGH_STREET,115000.0,56000.0,1646.6257968963814
709069000,278745222,body shop,2024,Coventry,INDUSTRIAL_GENERAL,16000.0,16000.0,1158.2992143056315
709069000,6642054000,body shop,2024,Coventry,INDUSTRIAL_GENERAL,16000.0,16000.0,3556.527573651112
709069000,15015026000,body shop,2024,Coventry,INDUSTRIAL_GENERAL,16000.0,16000.0,2326.8222321781977
714009104,12533596000,body shop,2024,Darlington,RETAIL_HIGH_STREET,67500.0,21250.0,7838.383064773295
714009104,4201503000,body shop,2024,Darlington,RETAIL_HIGH_STREET,67500.0,21250.0,7838.383064773295
714009104,547137104,body shop,2024,Darlington,RETAIL_HIGH_STREET,67500.0,20250.0,1480.5125537328445
715280104,6488525000,arcadia,2020,Darlington,RETAIL_HIGH_STREET,96500.0,20250.0,3050.1862301803167
715280104,11190476000,arcadia,2020,Darlington,RETAIL_HIGH_STREET,96500.0,19250.0,2552.4229599638124
715280104,5271117000,arcadia,2020,Darlington,RETAIL_HIGH_STREET,96500.0,18500.0,3050.1862301803167
715557104,5573950000,arcadia,2020,Darlington,RETAIL_HIGH_STREET,105000.0,17750.0,1705.008886182359
715557104,730340104,arcadia,2020,Darlington,RETAIL_HIGH_STREET,105000.0,16500.0,3364.4080867446546
715557104,502360104,arcadia,2020,Darlington,RETAIL_HIGH_STREET,105000.0,16500.0,1878.7719106870022
716618000,523363000,arcadia,2020,Spelthorne,RETAIL_HIGH_STREET,156000.0,45000.0,6303.847883154084
716618000,10124901000,arcadia,2020,Spelthorne,RETAIL_HIGH_STREET,156000.0,41000.0,3071.216914898763
716618000,260222154,arcadia,2020,Spelthorne,RETAIL_HIGH_STREET,156000.0,40250.0,3128.581926666995
720773000,244162126,mothercare,2019,Preston,RETAIL_OTHER_SUPERSTORES_AND_WAREHOUSES,322500.0,317500.0,1166.730327646858
720773000,179202126,mothercare,2019,Preston,RETAIL_OTHER_SUPERSTORES_AND_WAREHOUSES,322500.0,330000.0,512.5098309110597
720773000,12319777000,mothercare,2019,Preston,RETAIL_OTHER_SUPERSTORES_AND_WAREHOUSES,322500.0,295000.0,2851.5074902392453
725758000,10323174000,homebase,2024,Preston,RETAIL_OTHER_SUPERSTORES_AND_WAREHOUSES,670000.0,362500.0,2410.1090449894687
725758000,14704759000,homebase,2024,Preston,RETAIL_OTHER_SUPERSTORES_AND_WAREHOUSES,670000.0,350000.0,624.5736479167623
725758000,12673055000,homebase,2024,Preston,RETAIL_OTHER_SUPERSTORES_AND_WAREHOUSES,670000.0,995000.0,760.2436458491962
731197104,9996850000,arcadia,2020,County Durham,RETAIL_HIGH_STREET,42000.0,41000.0,4009.486954448605
731197104,8789248000,arcadia,2020,County Durham,RETAIL_HIGH_STREET,42000.0,43000.0,1461.969839389784
731197104,8358585000,arcadia,2020,County Durham,RETAIL_HIGH_STREET,42000.0,40500.0,418.9545780437357
736830104,718902104,wilko,2023,Darlington,RETAIL_OTHER_SUPERSTORES_AND_WAREHOUSES,435000.0,435000.0,2417.0189979489132
736830104,5291489000,wilko,2023,Darlington,RETAIL_OTHER_SUPERSTORES_AND_WAREHOUSES,435000.0,520000.0,623.808917388722
736830104,15028288000,wilko,2023,Darlington,RETAIL_OTHER_SUPERSTORES_AND_WAREHOUSES,435000.0,337500.0,1972.3948376382593
753262072,165207072,wilko,2023,Bromley,RETAIL_HIGH_STREET,213000.0,60500.0,2998.4824400131333
753262072,291825000,wilko,2023,Bromley,RETAIL_HIGH_STREET,213000.0,60000.0,479.84542660657377
753262072,14951815000,wilko,2023,Bromley,RETAIL_HIGH_STREET,213000.0,59000.0,659.3481232142061
779739000,3225819000,poundworld,2018,West Northamptonshire,RETAIL_OTHER_SUPERSTORES_AND_WAREHOUSES,153000.0,156000.0,11855.534600172145
779739000,3510143000,poundworld,2018,West Northamptonshire,RETAIL_OTHER_SUPERSTORES_AND_WAREHOUSES,153000.0,160000.0,11855.534600172145
779739000,8896207000,poundworld,2018,West Northamptonshire,RETAIL_OTHER_SUPERSTORES_AND_WAREHOUSES,153000.0,161000.0,1247.0414988359955
786565000,11118931000,arcadia,2020,Leeds,RETAIL_OTHER_SUPERSTORES_AND_WAREHOUSES,33000.0,33000.0,403.55519602289513
786565000,317424244,arcadia,2020,Leeds,RETAIL_OTHER_SUPERSTORES_AND_WAREHOUSES,33000.0,32750.0,8384.338902291109
786565000,5332704000,arcadia,2020,Leeds,RETAIL_OTHER_SUPERSTORES_AND_WAREHOUSES,33000.0,32750.0,1197.7123038280665
800761000,10501644000,frankie&bennys,2020,Rushmoor,RETAIL_HIGH_STREET,7100.0,7100.0,1336.032956328515
800761000,20321171,frankie&bennys,2020,Rushmoor,RETAIL_HIGH_STREET,7100.0,7000.0,1460.8398800446655
800761000,129040171,frankie&bennys,2020,Rushmoor,RETAIL_HIGH_STREET,7100.0,6900.0,894.6972383284418
808172022,808651022,thomas cook,2019,Thurrock,RETAIL_HIGH_STREET,12250.0,12250.0,1753.1994367930558
808172022,7186721000,thomas cook,2019,Thurrock,RETAIL_HIGH_STREET,12250.0,12250.0,10013.742311892664
808172022,759291022,thomas cook,2019,Thurrock,RETAIL_HIGH_STREET,12250.0,12000.0,1819.2101832323435
817396022,12697477000,arcadia,2020,Thurrock,RETAIL_HIGH_STREET,372500.0,280000.0,2304.2331686838775
817396022,12697484000,arcadia,2020,Thurrock,RETAIL_HIGH_STREET,372500.0,185000.0,2304.2331686838775
817396022,807194022,arcadia,2020,Thurrock,RETAIL_HIGH_STREET,372500.0,46500.0,10048.191230516093
817405022,8308874000,body shop,2024,Thurrock,RETAIL_HIGH_STREET,233000.0,45250.0,7964.823065248471
817405022,773836022,body shop,2024,Thurrock,RETAIL_HIGH_STREET,233000.0,41250.0,10080.29283815817
817405022,909911022,body shop,2024,Thurrock,RETAIL_HIGH_STREET,233000.0,40500.0,3233.6522785407046
817407022,8915168000,cath kidston,2020,Thurrock,RETAIL_HIGH_STREET,215000.0,39500.0,1665.928136431571
817407022,10286476000,cath kidston,2020,Thurrock,RETAIL_HIGH_STREET,215000.0,38250.0,2362.4021453974397
817407022,10031116000,cath kidston,2020,Thurrock,RETAIL_HIGH_STREET,215000.0,38250.0,6477.022716191732
817420022,12856855000,paperchase,2023,Thurrock,RETAIL_HIGH_STREET,260000.0,37750.0,10048.191230516093
817420022,8791869000,paperchase,2023,Thurrock,RETAIL_HIGH_STREET,260000.0,36750.0,1792.1778418460565
817420022,6317237000,paperchase,2023,Thurrock,RETAIL_HIGH_STREET,260000.0,35000.0,1048.9326212909866
817423022,8956493000,paperchase,2023,Thurrock,RETAIL_HIGH_STREET,228000.0,33500.0,10048.191230516093
817423022,1786806000,paperchase,2023,Thurrock,RETAIL_HIGH_STREET,228000.0,32000.0,1792.1778418460565
817423022,828517022,paperchase,2023,Thurrock,RETAIL_HIGH_STREET,228000.0,30500.0,10080.29283815817
817611022,2737577000,debenhams,2020,Thurrock,RETAIL_OTHER_SUPERSTORES_AND_WAREHOUSES,1820000.0,1490000.0,642.2078820434841
817611022,11301904000,debenhams,2020,Thurrock,RETAIL_OTHER_SUPERSTORES_AND_WAREHOUSES,1820000.0,1380000.0,1687.2692078939551
817611022,14405714000,debenhams,2020,Thurrock,RETAIL_OTHER_SUPERSTORES_AND_WAREHOUSES,1820000.0,1160000.0,1664.2061358382873
818004022,189445022,body shop,2024,Harlow,RETAIL_HIGH_STREET,32500.0,33750.0,411.61287408542853
818004022,9669089000,body shop,2024,Harlow,RETAIL_HIGH_STREET,32500.0,31000.0,402.49792516260976
818004022,13640455000,body shop,2024,Harlow,RETAIL_HIGH_STREET,32500.0,34250.0,431.5692634248823
818341022,899350022,chiquito,2020,Harlow,RETAIL_RESTAURANTS_AND_CAFES,115000.0,122250.0,2219.555595009223
818341022,1068758000,chiquito,2020,Harlow,RETAIL_RESTAURANTS_AND_CAFES,115000.0,99000.0,1671.2890961477362
818341022,10938884000,chiquito,2020,Harlow,RETAIL_RESTAURANTS_AND_CAFES,115000.0,64000.0,418.05559057232904
820001022,1443732000,body shop,2024,Chelmsford,RETAIL_HIGH_STREET,89500.0,60000.0,1528.5966079041389
820001022,3505226000,body shop,2024,Chelmsford,RETAIL_HIGH_STREET,89500.0,58500.0,1820.777711087203
820001022,12765292000,body shop,2024,Chelmsford,RETAIL_HIGH_STREET,89500.0,58000.0,13323.819831235574
869544022,14258423000,bhs,2016,Chelmsford,RETAIL_OTHER_SUPERSTORES_AND_WAREHOUSES,487500.0,485000.0,4247.218942699886
869544022,11020247000,bhs,2016,Chelmsford,RETAIL_OTHER_SUPERSTORES_AND_WAREHOUSES,487500.0,480000.0,2932.21789197394
869544022,4279628000,bhs,2016,Chelmsford,RETAIL_OTHER_SUPERSTORES_AND_WAREHOUSES,487500.0,480000.0,2957.4317490474846
877343022,13172886000,toys r us,2018,Harlow,RETAIL_OTHER_SUPERSTORES_AND_WAREHOUSES,633000.0,325000.0,2959.2327432120237
877343022,9950110000,toys r us,2018,Harlow,RETAIL_OTHER_SUPERSTORES_AND_WAREHOUSES,633000.0,1080000.0,2386.57849704005
877343022,2477100000,toys r us,2018,Harlow,RETAIL_OTHER_SUPERSTORES_AND_WAREHOUSES,633000.0,179000.0,590.4905403520045
879038022,12329778000,mothercare,2019,Harlow,RETAIL_OTHER_SUPERSTORES_AND_WAREHOUSES,322500.0,173000.0,706.1945990321743
879038022,894814022,mothercare,2019,Harlow,RETAIL_OTHER_SUPERSTORES_AND_WAREHOUSES,322500.0,173000.0,706.1945990321743
879038022,12905294000,mothercare,2019,Harlow,RETAIL_OTHER_SUPERSTORES_AND_WAREHOUSES,322500.0,172000.0,1020.1231540036694
885966023,10255127000,arcadia,2020,Southend-on-Sea,RETAIL_HIGH_STREET,67500.0,65000.0,3772.8993409591217
885966023,1124233023,arcadia,2020,Southend-on-Sea,RETAIL_HIGH_STREET,67500.0,63000.0,952.2797504879032
885966023,10255294000,arcadia,2020,Southend-on-Sea,RETAIL_HIGH_STREET,67500.0,62500.0,1084.9174962536447
886000023,9097619000,bhs,2016,Southend-on-Sea,RETAIL_OTHER_SUPERSTORES_AND_WAREHOUSES,510000.0,427500.0,507.0785750404566
886000023,13165734000,bhs,2016,Southend-on-Sea,RETAIL_OTHER_SUPERSTORES_AND_WAREHOUSES,510000.0,392500.0,4908.8961244988695
886000023,13024119000,bhs,2016,Southend-on-Sea,RETAIL_OTHER_SUPERSTORES_AND_WAREHOUSES,510000.0,342500.0,1626.1342319964958
886032023,5227896000,arcadia,2020,Southend-on-Sea,RETAIL_HIGH_STREET,145000.0,79000.0,4649.103130169813
886032023,9280266000,arcadia,2020,Southend-on-Sea,RETAIL_HIGH_STREET,145000.0,51500.0,1724.4800372702466
886032023,10754831000,arcadia,2020,Southend-on-Sea,RETAIL_HIGH_STREET,145000.0,51500.0,688.8156181388365
886059023,8830225000,body shop,2024,Southend-on-Sea,RETAIL_HIGH_STREET,80000.0,47000.0,3149.305920654377
886059023,8918259000,body shop,2024,Southend-on-Sea,RETAIL_HIGH_STREET,80000.0,45750.0,3100.0305477728525
886059023,7466281000,body shop,2024,Southend-on-Sea,RETAIL_HIGH_STREET,80000.0,45000.0,468.51748002837587
893798022,15088612000,body shop,2024,Thurrock,INDUSTRIAL_GENERAL,21250.0,21250.0,3490.708463057528
893798022,8866213000,body shop,2024,Thurrock,INDUSTRIAL_GENERAL,21250.0,21250.0,2157.548451509326
893798022,2883980000,body shop,2024,Thurrock,INDUSTRIAL_GENERAL,21250.0,21250.0,1088.271573734861
895108022,9583814000,mothercare,2019,Chelmsford,RETAIL_OTHER_SUPERSTORES_AND_WAREHOUSES,194000.0,194000.0,2882.8518241754673
895108022,1224320000,mothercare,2019,Chelmsford,RETAIL_OTHER_SUPERSTORES_AND_WAREHOUSES,194000.0,190000.0,919.7828814096944
895108022,191114022,mothercare,2019,Chelmsford,RETAIL_OTHER_SUPERSTORES_AND_WAREHOUSES,194000.0,199000.0,1787.5913750608368
895111022,14111734000,maplin,2018,Chelmsford,RETAIL_HIGH_STREET,97500.0,58000.0,13323.819831235574
895111022,8439363000,maplin,2018,Chelmsford,RETAIL_HIGH_STREET,97500.0,56500.0,1022.3385692858542
895111022,6894058000,maplin,2018,Chelmsford,RETAIL_HIGH_STREET,97500.0,55000.0,9284.204268852764
895320000,14193307000,toys r us,2018,Preston,RETAIL_OTHER_SUPERSTORES_AND_WAREHOUSES,990000.0,1060000.0,760.2436458491962
895320000,14596175000,toys r us,2018,Preston,RETAIL_OTHER_SUPERSTORES_AND_WAREHOUSES,990000.0,1250000.0,471.4886625559572
895320000,8665771000,toys r us,2018,Preston,RETAIL_OTHER_SUPERSTORES_AND_WAREHOUSES,990000.0,1370000.0,471.4886625559572
901297022,4567496000,cafe rouge,2020,Chelmsford,RETAIL_RESTAURANTS_AND_CAFES,42500.0,42000.0,2635.293155509131
901297022,40328022,cafe rouge,2020,Chelmsford,RETAIL_RESTAURANTS_AND_CAFES,42500.0,42000.0,2194.2492753870506
901297022,6199336000,cafe rouge,2020,Chelmsford,RETAIL_RESTAURANTS_AND_CAFES,42500.0,41250.0,2077.3529462382558
901881000,13630208000,byron,2020,Camden,RETAIL_RESTAURANTS_AND_CAFES,71500.0,71500.0,1206.1405728258496
901881000,2907810000,byron,2020,Camden,RETAIL_RESTAURANTS_AND_CAFES,71500.0,71000.0,1295.588588863959
901881000,107119063,byron,2020,Camden,RETAIL_RESTAURANTS_AND_CAFES,71500.0,72000.0,3007.450404467959
908903023,899419023,maplin,2018,Southend-on-Sea,RETAIL_HIGH_STREET,4800.0,4800.0,967.1710580532904
908903023,908913023,maplin,2018,Southend-on-Sea,RETAIL_HIGH_STREET,4800.0,4800.0,4674.348361701557
908903023,1123633023,maplin,2018,Southend-on-Sea,RETAIL_HIGH_STREET,4800.0,4800.0,3340.754127006214
910821022,1441040000,maplin,2018,Thurrock,RETAIL_OTHER_SUPERSTORES_AND_WAREHOUSES,203000.0,196000.0,2437.7434326031507
910821022,10952951000,maplin,2018,Thurrock,RETAIL_OTHER_SUPERSTORES_AND_WAREHOUSES,203000.0,225000.0,10048.191230516093
910821022,5421370000,maplin,2018,Thurrock,RETAIL_OTHER_SUPERSTORES_AND_WAREHOUSES,203000.0,172000.0,2325.453753954093
913012022,198441022,arcadia,2020,Chelmsford,RETAIL_HIGH_STREET,165000.0,262500.0,8031.678461183151
913012022,15519022,arcadia,2020,Chelmsford,RETAIL_HIGH_STREET,165000.0,52500.0,1493.1936763482624
913012022,194319022,arcadia,2020,Chelmsford,RETAIL_HIGH_STREET,165000.0,52000.0,9211.987326255166
913181022,887161022,wilko,2023,Thurrock,RETAIL_OTHER_SUPERSTORES_AND_WAREHOUSES,177000.0,165000.0,462.6189073061506
913181022,887196022,wilko,2023,Thurrock,RETAIL_OTHER_SUPERSTORES_AND_WAREHOUSES,177000.0,109000.0,462.6189073061506
913181022,809238022,wilko,2023,Thurrock,RETAIL_OTHER_SUPERSTORES_AND_WAREHOUSES,177000.0,100000.0,5257.726878541328
913336000,209861232,poundworld,2018,East Staffordshire,RETAIL_HIGH_STREET,132000.0,40000.0,18330.27425795551
913336000,264120000,poundworld,2018,East Staffordshire,RETAIL_HIGH_STREET,132000.0,36750.0,18777.67363193328
913336000,8812963000,poundworld,2018,East Staffordshire,RETAIL_HIGH_STREET,132000.0,36750.0,2889.9733933162356
915213000,332550176,cafe rouge,2020,Wiltshire,RETAIL_RESTAURANTS_AND_CAFES,98500.0,100000.0,2227.1412239405417
915213000,4410319000,cafe rouge,2020,Wiltshire,RETAIL_RESTAURANTS_AND_CAFES,98500.0,96000.0,11776.153577119157
915213000,10252524000,cafe rouge,2020,Wiltshire,RETAIL_RESTAURANTS_AND_CAFES,98500.0,95000.0,8582.718462120643
930791000,2279065000,carluccios,2020,Dartford,RETAIL_RESTAURANTS_AND_CAFES,96000.0,54000.0,4585.122896302304
930791000,14765755000,carluccios,2020,Dartford,RETAIL_RESTAURANTS_AND_CAFES,96000.0,49000.0,4897.1195896493855
930791000,127059147,carluccios,2020,Dartford,RETAIL_RESTAURANTS_AND_CAFES,96000.0,44500.0,817.6928076290274
948332000,8906778000,body shop,2024,Braintree,RETAIL_HIGH_STREET,28750.0,28750.0,5635.300213784925
948332000,5791250000,body shop,2024,Braintree,RETAIL_HIGH_STREET,28750.0,28500.0,632.8409456984573
948332000,8189512000,body shop,2024,Braintree,RETAIL_HIGH_STREET,28750.0,29750.0,872.9605911598622
950600000,109821063,homebase,2024,Camden,RETAIL_OTHER_SUPERSTORES_AND_WAREHOUSES,1050000.0,285000.0,846.2935849342438
950600000,216249063,homebase,2024,Camden,RETAIL_OTHER_SUPERSTORES_AND_WAREHOUSES,1050000.0,277500.0,405.7642226937427
950600000,9212340000,homebase,2024,Camden,RETAIL_OTHER_SUPERSTORES_AND_WAREHOUSES,1050000.0,121000.0,557.001875782104
964792000,2104874000,arcadia,2020,Southampton,OFFICE_GENERAL,0.0,0.0,518.6249143771454
964792000,7962382000,arcadia,2020,Southampton,OFFICE_GENERAL,0.0,0.0,696.7220383777958
964792000,7962383000,arcadia,2020,Southampton,OFFICE_GENERAL,0.0,0.0,696.7220383777958
975174000,267338011,homebase,2024,Bedford,RETAIL_OTHER_SUPERSTORES_AND_WAREHOUSES,450000.0,355000.0,1172.0426569250915
975174000,10800093000,homebase,2024,Bedford,RETAIL_OTHER_SUPERSTORES_AND_WAREHOUSES,450000.0,262500.0,958.3634223962689
975174000,3064772000,homebase,2024,Bedford,RETAIL_OTHER_SUPERSTORES_AND_WAREHOUSES,450000.0,255000.0,464.36541233503795
980228000,197436165,bella italia,2020,Reading,RETAIL_HIGH_STREET,153000.0,44750.0,851.9036302062968
980228000,9433324000,bella italia,2020,Reading,RETAIL_HIGH_STREET,153000.0,42750.0,1333.8393788393223
980228000,502870165,bella italia,2020,Reading,RETAIL_HIGH_STREET,153000.0,41250.0,1215.4647277529461
980379000,11780026000,cafe rouge,2020,Reading,RETAIL_RESTAURANTS_AND_CAFES,145000.0,150000.0,1310.3503167723295
980379000,195538165,cafe rouge,2020,Reading,RETAIL_RESTAURANTS_AND_CAFES,145000.0,136300.0,1264.462543988638
980379000,2113013000,cafe rouge,2020,Reading,RETAIL_RESTAURANTS_AND_CAFES,145000.0,133000.0,1102.4741632757953
980437000,12667558000,strada,2018,Reading,RETAIL_RESTAURANTS_AND_CAFES,129000.0,131000.0,992.3553406306886
980437000,198617165,strada,2018,Reading,RETAIL_RESTAURANTS_AND_CAFES,129000.0,126000.0,542.0581095610181
980437000,11844333000,strada,2018,Reading,RETAIL_RESTAURANTS_AND_CAFES,129000.0,108000.0,992.3553406306886
980985000,9139668000,paperchase,2023,Reading,RETAIL_HIGH_STREET,182000.0,40250.0,1750.8658052576561
980985000,13220883000,paperchase,2023,Reading,RETAIL_HIGH_STREET,182000.0,40000.0,901.419347023138
980985000,198002165,paperchase,2023,Reading,RETAIL_HIGH_STREET,182000.0,38750.0,1363.481689267918
981039000,14708175000,paperchase,2023,Reading,RETAIL_HIGH_STREET,170000.0,37500.0,437.76565138962184
981039000,14587213000,paperchase,2023,Reading,RETAIL_HIGH_STREET,170000.0,37250.0,1215.4647277529461
981039000,10752991000,paperchase,2023,Reading,RETAIL_HIGH_STREET,170000.0,37000.0,1363.481689267918
981118000,488630165,debenhams,2020,Reading,RETAIL_OTHER_SUPERSTORES_AND_WAREHOUSES,1310000.0,1110000.0,4511.70922815804
981118000,14794060000,debenhams,2020,Reading,RETAIL_OTHER_SUPERSTORES_AND_WAREHOUSES,1310000.0,1660000.0,1077.6129442952483
981118000,14973042000,debenhams,2020,Reading,RETAIL_OTHER_SUPERSTORES_AND_WAREHOUSES,1310000.0,895000.0,977.2156442778369
987332000,10040769000,ted baker,2024,Braintree,RETAIL_HIGH_STREET,68500.0,39250.0,7823.891779776987
987332000,78598023,ted baker,2024,Braintree,RETAIL_HIGH_STREET,68500.0,35750.0,815.1112895525118
987332000,9513809000,ted baker,2024,Braintree,RETAIL_HIGH_STREET,68500.0,35250.0,24329.125999916545
987494000,10401219000,cath kidston,2020,Warwick,RETAIL_HIGH_STREET,36750.0,36500.0,3360.97220941301
987494000,172932237,cath kidston,2020,Warwick,RETAIL_HIGH_STREET,36750.0,36000.0,547.4154765915208
987494000,8812551000,cath kidston,2020,Warwick,RETAIL_HIGH_STREET,36750.0,36000.0,1254.0206842541036
995594000,240131222,prezzo,2018,Rugby,RETAIL_RESTAURANTS_AND_CAFES,39500.0,39000.0,12476.268957022881
995594000,4087045000,prezzo,2018,Rugby,RETAIL_RESTAURANTS_AND_CAFES,39500.0,40000.0,10946.067374304352
995594000,5608007000,prezzo,2018,Rugby,RETAIL_RESTAURANTS_AND_CAFES,39500.0,40000.0,10018.532696899862
1069082000,14156371000,wilko,2023,Swindon,RETAIL_OTHER_SUPERSTORES_AND_WAREHOUSES,350000.0,360000.0,8245.487013805441
1069082000,12725636000,wilko,2023,Swindon,RETAIL_OTHER_SUPERSTORES_AND_WAREHOUSES,350000.0,337500.0,3897.8683779215867
1069082000,3333688000,wilko,2023,Swindon,RETAIL_OTHER_SUPERSTORES_AND_WAREHOUSES,350000.0,317500.0,1839.313022890009
1083901000,14553058000,paperchase,2023,Spelthorne,RETAIL_HIGH_STREET,75500.0,40250.0,3074.683437851318
1083901000,3526930000,paperchase,2023,Spelthorne,RETAIL_HIGH_STREET,75500.0,39000.0,6338.565426097521
1083901000,295559154,paperchase,2023,Spelthorne,RETAIL_HIGH_STREET,75500.0,37250.0,6265.883611657617
1085160000,10654208000,maplin,2018,Colchester,RETAIL_OTHER_SUPERSTORES_AND_WAREHOUSES,91500.0,91500.0,541.8615838576976
1085160000,15052165000,maplin,2018,Colchester,RETAIL_OTHER_SUPERSTORES_AND_WAREHOUSES,91500.0,91500.0,1002.468553842397
1085160000,190951023,maplin,2018,Colchester,RETAIL_OTHER_SUPERSTORES_AND_WAREHOUSES,91500.0,96000.0,954.3808422528166
1111797000,11946816000,maplin,2018,Brent,RETAIL_OTHER_SUPERSTORES_AND_WAREHOUSES,92500.0,94500.0,4128.626486695831
1111797000,402069065,maplin,2018,Brent,RETAIL_OTHER_SUPERSTORES_AND_WAREHOUSES,92500.0,90000.0,1946.2784709181808
1111797000,11441104000,maplin,2018,Brent,RETAIL_OTHER_SUPERSTORES_AND_WAREHOUSES,92500.0,88000.0,1405.807945423544
1120284023,14970206000,thomas cook,2019,Southend-on-Sea,RETAIL_HIGH_STREET,65000.0,42250.0,4832.601628833749
1120284023,1125635023,thomas cook,2019,Southend-on-Sea,RETAIL_HIGH_STREET,65000.0,42250.0,3298.3264369433236
1120284023,1119436023,thomas cook,2019,Southend-on-Sea,RETAIL_HIGH_STREET,65000.0,41250.0,3202.166124159498
1120399023,1129425023,arcadia,2020,Southend-on-Sea,RETAIL_HIGH_STREET,265000.0,41000.0,507.58463134751
1120399023,1869257000,arcadia,2020,Southend-on-Sea,RETAIL_HIGH_STREET,265000.0,40500.0,4648.206908240295
1120399023,1100708023,arcadia,2020,Southend-on-Sea,RETAIL_HIGH_STREET,265000.0,37500.0,1084.9174962536447
1124857023,554729000,maplin,2018,Southend-on-Sea,INDUSTRIAL_GENERAL,13500.0,13500.0,1824.9758061096632
1124857023,1107855023,maplin,2018,Southend-on-Sea,INDUSTRIAL_GENERAL,13500.0,13500.0,1388.7089661339894
1124857023,13016448000,maplin,2018,Southend-on-Sea,INDUSTRIAL_GENERAL,13500.0,13500.0,507.0785750404566
1125135023,1121381023,body shop,2024,Southend-on-Sea,INDUSTRIAL_GENERAL,3650.0,3650.0,2860.884601128768
1125135023,11932175000,body shop,2024,Southend-on-Sea,INDUSTRIAL_GENERAL,3650.0,3650.0,5007.266764666827
1125135023,884386023,body shop,2024,Southend-on-Sea,INDUSTRIAL_GENERAL,3650.0,3650.0,2453.811854469967
1127936023,126296000,debenhams,2020,Southend-on-Sea,RETAIL_OTHER_SUPERSTORES_AND_WAREHOUSES,780000.0,327500.0,5006.013681590129
1127936023,7297624000,debenhams,2020,Southend-on-Sea,RETAIL_OTHER_SUPERSTORES_AND_WAREHOUSES,780000.0,317500.0,507.58463134751
1127936023,10114493000,debenhams,2020,Southend-on-Sea,RETAIL_OTHER_SUPERSTORES_AND_WAREHOUSES,780000.0,310000.0,4993.021432804335
1130912000,8156736000,body shop,2024,Cheshire West and Chester,RETAIL_HIGH_STREET,94500.0,30000.0,10587.059074776269
1130912000,192085133,body shop,2024,Cheshire West and Chester,RETAIL_HIGH_STREET,94500.0,29000.0,10768.811731053442
1130912000,7231516000,body shop,2024,Cheshire West and Chester,RETAIL_HIGH_STREET,94500.0,28750.0,7871.77649741802
1136796000,3836473000,wilko,2023,East Staffordshire,RETAIL_OTHER_SUPERSTORES_AND_WAREHOUSES,180000.0,178000.0,1777.6601406195466
1136796000,5460587000,wilko,2023,East Staffordshire,RETAIL_OTHER_SUPERSTORES_AND_WAREHOUSES,180000.0,175000.0,3172.316824740152
1136796000,12316388000,wilko,2023,East Staffordshire,RETAIL_OTHER_SUPERSTORES_AND_WAREHOUSES,180000.0,189000.0,2687.831473657863
1138870000,91816173,debenhams,2020,Dorset,RETAIL_OTHER_SUPERSTORES_AND_WAREHOUSES,432500.0,445000.0,607.9224766609282
1138870000,10490630000,debenhams,2020,Dorset,RETAIL_OTHER_SUPERSTORES_AND_WAREHOUSES,432500.0,412500.0,3981.1363791444774
1138870000,14757229000,debenhams,2020,Dorset,RETAIL_OTHER_SUPERSTORES_AND_WAREHOUSES,432500.0,407500.0,40063.63486874929
1163464000,85078175,body shop,2024,Fareham,INDUSTRIAL_GENERAL,18500.0,18500.0,918.0083339170985
1163464000,12361842000,body shop,2024,Fareham,INDUSTRIAL_GENERAL,18500.0,18500.0,880.6101496587067
1163464000,206370175,body shop,2024,Fareham,INDUSTRIAL_GENERAL,18500.0,18500.0,5486.535221184336
1171207000,10006602000,cath kidston,2020,Kensington and Chelsea,RETAIL_HIGH_STREET,185000.0,185000.0,1083.715481070938
1171207000,3085880000,cath kidston,2020,Kensington and Chelsea,RETAIL_HIGH_STREET,185000.0,185000.0,698.0384185905551
1171207000,68980082,cath kidston,2020,Kensington and Chelsea,RETAIL_HIGH_STREET,185000.0,186000.0,891.1614856793013
1192502000,13374713000,thomas cook,2019,Swindon,RETAIL_HIGH_STREET,229000.0,153000.0,2207.455519058133
1192502000,783361000,thomas cook,2019,Swindon,RETAIL_HIGH_STREET,229000.0,66500.0,4010.6235357581427
1192502000,570778216,thomas cook,2019,Swindon,RETAIL_HIGH_STREET,229000.0,66000.0,711.5100659973697
1194498000,14190375000,homebase,2024,North Northamptonshire,WAREHOUSING_LARGE_SCALE_AND_HIGH_BAY,1270000.0,1260000.0,2927.2537294061335
1194498000,3926148000,homebase,2024,North Northamptonshire,WAREHOUSING_LARGE_SCALE_AND_HIGH_BAY,1270000.0,1250000.0,3063.343360596736
1194498000,11231616000,homebase,2024,North Northamptonshire,WAREHOUSING_LARGE_SCALE_AND_HIGH_BAY,1270000.0,1200000.0,2517.2740497271056
1197189000,264991239,paperchase,2023,Dudley,RETAIL_HIGH_STREET,165000.0,32750.0,2595.1878343954263
1197189000,9279523000,paperchase,2023,Dudley,RETAIL_HIGH_STREET,165000.0,32500.0,1281.357858126754
1197189000,10184067000,paperchase,2023,Dudley,RETAIL_HIGH_STREET,165000.0,32250.0,1365.8033656434745
1209419023,10882756000,arcadia,2020,Colchester,OFFICE_GENERAL,23250.0,23250.0,2770.5625178248
1209419023,13187330000,arcadia,2020,Colchester,OFFICE_GENERAL,23250.0,23250.0,3118.943098105297
1209419023,1209419023,arcadia,2020,Colchester,OFFICE_GENERAL,23250.0,23250.0,2990.7493627960816
1210739023,8176885000,paperchase,2023,Colchester,RETAIL_HIGH_STREET,89500.0,40000.0,751.729601385516
1210739023,21428023,paperchase,2023,Colchester,RETAIL_HIGH_STREET,89500.0,39250.0,1625.5888785195907
1210739023,2173651000,paperchase,2023,Colchester,RETAIL_HIGH_STREET,89500.0,37750.0,532.6070153972042
1222047000,12614477000,arcadia,2020,Stoke-on-Trent,RETAIL_HIGH_STREET,81500.0,79500.0,969.6619370335452
1222047000,10913904000,arcadia,2020,Stoke-on-Trent,RETAIL_HIGH_STREET,81500.0,64500.0,3347.067562680712
1222047000,14655579000,arcadia,2020,Stoke-on-Trent,RETAIL_HIGH_STREET,81500.0,62500.0,531.8773207314593
1222072000,14737212000,body shop,2024,Stoke-on-Trent,RETAIL_HIGH_STREET,53000.0,51000.0,1967.10865040554
1222072000,132976236,body shop,2024,Stoke-on-Trent,RETAIL_HIGH_STREET,53000.0,46250.0,2235.119020885113
1222072000,11514596000,body shop,2024,Stoke-on-Trent,RETAIL_HIGH_STREET,53000.0,45500.0,1276.7319058505027
1243266023,14124377000,wilko,2023,Southend-on-Sea,RETAIL_OTHER_SUPERSTORES_AND_WAREHOUSES,187000.0,213000.0,3458.9976097764593
1243266023,9819284000,wilko,2023,Southend-on-Sea,RETAIL_OTHER_SUPERSTORES_AND_WAREHOUSES,187000.0,150000.0,3941.4359676534555
1243266023,7222338000,wilko,2023,Southend-on-Sea,RETAIL_OTHER_SUPERSTORES_AND_WAREHOUSES,187000.0,230000.0,1454.9529037504028
1245190023,3261714000,wilko,2023,Colchester,RETAIL_OTHER_SUPERSTORES_AND_WAREHOUSES,265000.0,272500.0,1283.239401724241
1245190023,2928973000,wilko,2023,Colchester,RETAIL_OTHER_SUPERSTORES_AND_WAREHOUSES,265000.0,255000.0,1283.239401724241
1245190023,3036241000,wilko,2023,Colchester,RETAIL_OTHER_SUPERSTORES_AND_WAREHOUSES,265000.0,275000.0,1002.468553842397
1247777000,4259735000,arcadia,2020,Southampton,OFFICE_GENERAL,0.0,0.0,830.4660215225155
1247777000,2017030000,arcadia,2020,Southampton,OFFICE_GENERAL,0.0,0.0,518.6249143771454
1247777000,2099156000,arcadia,2020,Southampton,OFFICE_GENERAL,0.0,0.0,518.6249143771454
1252141000,4879642000,cath kidston,2020,Ashford,RETAIL_HIGH_STREET,57500.0,57500.0,946.4637379692605
1252141000,8366479000,cath kidston,2020,Ashford,RETAIL_HIGH_STREET,57500.0,56000.0,1374.2834686683332
1252141000,320949148,cath kidston,2020,Ashford,RETAIL_HIGH_STREET,57500.0,59000.0,13483.952809047934
1252186000,320987148,body shop,2024,Ashford,RETAIL_HIGH_STREET,57500.0,54500.0,13413.72017113228
1252186000,330010148,body shop,2024,Ashford,RETAIL_HIGH_STREET,57500.0,60500.0,13483.952809047934
1252186000,320994148,body shop,2024,Ashford,RETAIL_HIGH_STREET,57500.0,50500.0,13413.72017113228
1269630000,10007637000,maplin,2018,North Yorkshire,RETAIL_OTHER_SUPERSTORES_AND_WAREHOUSES,83500.0,83500.0,44154.78501521469
1269630000,428702105,maplin,2018,North Yorkshire,RETAIL_OTHER_SUPERSTORES_AND_WAREHOUSES,83500.0,84000.0,39802.88140688257
1269630000,14936122000,maplin,2018,North Yorkshire,RETAIL_OTHER_SUPERSTORES_AND_WAREHOUSES,83500.0,84000.0,2953.604778227602
1278721000,12573011000,thomas cook,2019,Leicester,RETAIL_HIGH_STREET,24000.0,24000.0,408.30170057101645
1278721000,12572987000,thomas cook,2019,Leicester,RETAIL_HIGH_STREET,24000.0,24000.0,408.30170057101645
1278721000,258778044,thomas cook,2019,Leicester,RETAIL_HIGH_STREET,24000.0,24000.0,1474.025039544922
1281164000,13718473000,arcadia,2020,Tower Hamlets,RETAIL_HIGH_STREET,290000.0,297500.0,520.1633247311772
1281164000,14379939000,arcadia,2020,Tower Hamlets,RETAIL_HIGH_STREET,290000.0,226000.0,1670.2182577410877
1281164000,8449899000,arcadia,2020,Tower Hamlets,RETAIL_HIGH_STREET,290000.0,225000.0,918.3510237031506
1290866000,7661981000,arcadia,2020,Wiltshire,OFFICE_GENERAL,3050.0,3050.0,4789.216907802605
1290866000,6521725000,arcadia,2020,Wiltshire,OFFICE_GENERAL,3050.0,3050.0,5919.212085020522
1290866000,4832216000,arcadia,2020,Wiltshire,OFFICE_GENERAL,3050.0,3050.0,3596.9365436599387
1296349000,141401186,strada,2018,Somerset,RETAIL_HIGH_STREET,3950.0,3950.0,9169.008819161296
1296349000,6401408000,strada,2018,Somerset,RETAIL_HIGH_STREET,3950.0,3950.0,16572.902680754247
1296349000,157547186,strada,2018,Somerset,RETAIL_HIGH_STREET,3950.0,3950.0,931.9980591203384
1309661000,168927147,body shop,2024,Dartford,INDUSTRIAL_LIGHT,8500.0,8600.0,2534.1116759067254
1309661000,7263852000,body shop,2024,Dartford,INDUSTRIAL_LIGHT,8500.0,8900.0,4115.817070745805
1309661000,337036147,body shop,2024,Dartford,INDUSTRIAL_LIGHT,8500.0,9000.0,3181.6746531020194
1310704000,4926952000,ted baker,2024,Camden,OFFICE_GENERAL,890000.0,860000.0,412.48459499914924
1310704000,1422673000,ted baker,2024,Camden,OFFICE_GENERAL,890000.0,820000.0,412.48459499914924
1310704000,647197000,ted baker,2024,Camden,OFFICE_GENERAL,890000.0,800000.0,412.48459499914924
1312555000,10206483000,wilko,2023,Buckinghamshire,RETAIL_OTHER_SUPERSTORES_AND_WAREHOUSES,245000.0,244000.0,1608.557666129074
1312555000,10205805000,wilko,2023,Buckinghamshire,RETAIL_OTHER_SUPERSTORES_AND_WAREHOUSES,245000.0,241000.0,1608.557666129074
1312555000,10755335000,wilko,2023,Buckinghamshire,RETAIL_OTHER_SUPERSTORES_AND_WAREHOUSES,245000.0,241000.0,6118.151618276042
1314162000,229748102,poundworld,2018,Stockton-on-Tees,RETAIL_HIGH_STREET,52500.0,52000.0,6410.408805147112
1314162000,8994233000,poundworld,2018,Stockton-on-Tees,RETAIL_HIGH_STREET,52500.0,50000.0,4676.562408260181
1314162000,13816267000,poundworld,2018,Stockton-on-Tees,RETAIL_HIGH_STREET,52500.0,55000.0,2104.5523988232744
1324812000,538575145,homebase,2024,Canterbury,RETAIL_OTHER_SUPERSTORES_AND_WAREHOUSES,335000.0,355000.0,2357.5143079793006
1324812000,10805929000,homebase,2024,Canterbury,RETAIL_OTHER_SUPERSTORES_AND_WAREHOUSES,335000.0,307500.0,8114.204944943487
1324812000,12664434000,homebase,2024,Canterbury,RETAIL_OTHER_SUPERSTORES_AND_WAREHOUSES,335000.0,305000.0,1820.4601088004194
1335935000,136796239,body shop,2024,Dudley,RETAIL_HIGH_STREET,4000.0,4000.0,2828.8085837628823
1335935000,102576239,body shop,2024,Dudley,RETAIL_HIGH_STREET,4000.0,4000.0,5347.195218690892
1335935000,212107239,body shop,2024,Dudley,RETAIL_HIGH_STREET,4000.0,4000.0,1306.112209268816
1336847000,308718133,maplin,2018,Cheshire West and Chester,RETAIL_HIGH_STREET,97000.0,28500.0,7871.77649741802
1336847000,15029521000,maplin,2018,Cheshire West and Chester,RETAIL_HIGH_STREET,97000.0,26750.0,10718.648159711416
1336847000,12550412000,maplin,2018,Cheshire West and Chester,RETAIL_HIGH_STREET,97000.0,26750.0,2061.871679882204
1348424000,9544126000,debenhams,2020,Bedford,RETAIL_OTHER_SUPERSTORES_AND_WAREHOUSES,452500.0,219000.0,1190.8000375808815
1348424000,204555011,debenhams,2020,Bedford,RETAIL_OTHER_SUPERSTORES_AND_WAREHOUSES,452500.0,216000.0,1377.7315684738883
1348424000,287658011,debenhams,2020,Bedford,RETAIL_OTHER_SUPERSTORES_AND_WAREHOUSES,452500.0,211000.0,1063.47019272991
1349938000,8145336000,poundworld,2018,Chesterfield,RETAIL_HIGH_STREET,133000.0,20500.0,1305.9825956163727
1349938000,572147042,poundworld,2018,Chesterfield,RETAIL_HIGH_STREET,133000.0,18750.0,3774.7418189278746
1349938000,12864857000,poundworld,2018,Chesterfield,RETAIL_HIGH_STREET,133000.0,18750.0,634.8186019128635
1349995000,12313973000,bhs,2016,Chesterfield,RETAIL_OTHER_SUPERSTORES_AND_WAREHOUSES,415000.0,455000.0,2055.747881754227
1349995000,15078345000,bhs,2016,Chesterfield,RETAIL_OTHER_SUPERSTORES_AND_WAREHOUSES,415000.0,362500.0,3411.320983532998
1349995000,569361042,bhs,2016,Chesterfield,RETAIL_OTHER_SUPERSTORES_AND_WAREHOUSES,415000.0,255000.0,663.4023434716914
1366523000,8992921000,arcadia,2020,Manchester,RETAIL_OTHER_SUPERSTORES_AND_WAREHOUSES,750000.0,765000.0,2930.509247051748
1366523000,9331351000,arcadia,2020,Manchester,RETAIL_OTHER_SUPERSTORES_AND_WAREHOUSES,750000.0,725000.0,2230.705040958627
1366523000,8986391000,arcadia,2020,Manchester,RETAIL_OTHER_SUPERSTORES_AND_WAREHOUSES,750000.0,780000.0,2930.509247051748
1392939000,584092000,toys r us,2018,Thurrock,RETAIL_OTHER_SUPERSTORES_AND_WAREHOUSES,700000.0,412500.0,642.2078820434841
1392939000,14088273000,toys r us,2018,Thurrock,RETAIL_OTHER_SUPERSTORES_AND_WAREHOUSES,700000.0,340000.0,462.6189073061506
1392939000,12990395000,toys r us,2018,Thurrock,RETAIL_OTHER_SUPERSTORES_AND_WAREHOUSES,700000.0,63000.0,8951.232978684671
1406271000,13253862000,wilko,2023,Dorset,RETAIL_OTHER_SUPERSTORES_AND_WAREHOUSES,129000.0,128000.0,6683.167409421805
1406271000,6701459000,wilko,2023,Dorset,RETAIL_OTHER_SUPERSTORES_AND_WAREHOUSES,129000.0,130000.0,27789.04477563859
1406271000,14358285000,wilko,2023,Dorset,RETAIL_OTHER_SUPERSTORES_AND_WAREHOUSES,129000.0,131000.0,38233.54852845619
1432352000,198595063,prezzo,2018,Camden,RETAIL_FINANCIAL_AND_PROFESSIONAL_SERVICES,69500.0,66500.0,731.013926577966
1432352000,104518063,prezzo,2018,Camden,RETAIL_FINANCIAL_AND_PROFESSIONAL_SERVICES,69500.0,80000.0,1135.5660610759523
1432352000,107436063,prezzo,2018,Camden,RETAIL_FINANCIAL_AND_PROFESSIONAL_SERVICES,69500.0,56500.0,697.1573152161076
1434315000,4096028000,bhs,2016,"Bournemouth, Christchurch and Poole",RETAIL_OTHER_SUPERSTORES_AND_WAREHOUSES,347500.0,350000.0,2562.1333547587305
1434315000,303309172,bhs,2016,"Bournemouth, Christchurch and Poole",RETAIL_OTHER_SUPERSTORES_AND_WAREHOUSES,347500.0,342500.0,2384.232762596479
1434315000,10511416000,bhs,2016,"Bournemouth, Christchurch and Poole",RETAIL_OTHER_SUPERSTORES_AND_WAREHOUSES,347500.0,337500.0,2219.3287238248686
1434634000,7523740000,wilko,2023,Chesterfield,RETAIL_OTHER_SUPERSTORES_AND_WAREHOUSES,235000.0,250000.0,646.0182087537748
1434634000,11947886000,wilko,2023,Chesterfield,RETAIL_OTHER_SUPERSTORES_AND_WAREHOUSES,235000.0,214000.0,3035.3735336944255
1434634000,7787683000,wilko,2023,Chesterfield,RETAIL_OTHER_SUPERSTORES_AND_WAREHOUSES,235000.0,191000.0,2226.442444075733
1450423000,8935321000,homebase,2024,Leeds,RETAIL_OTHER_SUPERSTORES_AND_WAREHOUSES,655000.0,660000.0,4182.405837565638
1450423000,10700166000,homebase,2024,Leeds,RETAIL_OTHER_SUPERSTORES_AND_WAREHOUSES,655000.0,640000.0,2716.787436975125
1450423000,8788379000,homebase,2024,Leeds,RETAIL_OTHER_SUPERSTORES_AND_WAREHOUSES,655000.0,620000.0,11789.470725856921
1457640000,13840442000,poundworld,2018,Bradford,RETAIL_HIGH_STREET,96500.0,115000.0,832.0646992162197
1457640000,3775910000,poundworld,2018,Bradford,RETAIL_HIGH_STREET,96500.0,72500.0,1691.400499030071
1457640000,945713000,poundworld,2018,Bradford,RETAIL_HIGH_STREET,96500.0,65500.0,606.8692988756796
1468942000,12587665000,thomas cook,2019,Bradford,RETAIL_HIGH_STREET,21000.0,21000.0,597.3618031547758
1468942000,6651496000,thomas cook,2019,Bradford,RETAIL_HIGH_STREET,21000.0,20750.0,1373.0260989536077
1468942000,15023576000,thomas cook,2019,Bradford,RETAIL_HIGH_STREET,21000.0,20750.0,682.8366344811513
1490599000,96087173,body shop,2024,Dorset,RETAIL_HIGH_STREET,19500.0,19500.0,1995.11479904046
1490599000,318653172,body shop,2024,Dorset,RETAIL_HIGH_STREET,19500.0,19500.0,33126.66833599508
1490599000,5436899000,body shop,2024,Dorset,RETAIL_HIGH_STREET,19500.0,19500.0,2084.2708115450478
1509459000,13019274000,debenhams,2020,Milton Keynes,RETAIL_OTHER_SUPERSTORES_AND_WAREHOUSES,1570000.0,1640000.0,679.3812168614307
1509459000,13269699000,debenhams,2020,Milton Keynes,RETAIL_OTHER_SUPERSTORES_AND_WAREHOUSES,1570000.0,1640000.0,1742.9269675552762
1509459000,4604634000,debenhams,2020,Milton Keynes,RETAIL_OTHER_SUPERSTORES_AND_WAREHOUSES,1570000.0,1690000.0,822.5604374224752
1514112000,13682033000,homebase,2024,Somerset,RETAIL_OTHER_SUPERSTORES_AND_WAREHOUSES,367500.0,357500.0,776.4747578424355
1514112000,14606957000,homebase,2024,Somerset,RETAIL_OTHER_SUPERSTORES_AND_WAREHOUSES,367500.0,350000.0,934.9013976771856
1514112000,3561833000,homebase,2024,Somerset,RETAIL_OTHER_SUPERSTORES_AND_WAREHOUSES,367500.0,347500.0,527.7911564540302
1516043000,8837420000,body shop,2024,Bedford,INDUSTRIAL_LIGHT,8500.0,8300.0,3305.224743969447
1516043000,3865491000,body shop,2024,Bedford,INDUSTRIAL_LIGHT,8500.0,8700.0,407.65937554712406
1516043000,266685011,body shop,2024,Bedford,INDUSTRIAL_LIGHT,8500.0,8200.0,1837.4856553967854
1526597000,538382176,prezzo,2018,Wiltshire,RETAIL_RESTAURANTS_AND_CAFES,48250.0,48250.0,11193.053935517933
1526597000,7873540000,prezzo,2018,Wiltshire,RETAIL_RESTAURANTS_AND_CAFES,48250.0,48250.0,16434.96672421512
1526597000,283881216,prezzo,2018,Wiltshire,RETAIL_RESTAURANTS_AND_CAFES,48250.0,47500.0,5433.343673288122
1526791000,8848954000,thomas cook,2019,Bradford,RETAIL_HIGH_STREET,44000.0,44000.0,1486.0076608439754
1526791000,945715000,thomas cook,2019,Bradford,RETAIL_HIGH_STREET,44000.0,43750.0,606.8692988756796
1526791000,9248008000,thomas cook,2019,Bradford,RETAIL_HIGH_STREET,44000.0,43250.0,4751.3577644131965
1527349000,567931216,arcadia,2020,Swindon,RETAIL_HIGH_STREET,175000.0,64000.0,2207.455519058133
1527349000,145767216,arcadia,2020,Swindon,RETAIL_HIGH_STREET,175000.0,63500.0,2207.455519058133
1527349000,9670375000,arcadia,2020,Swindon,RETAIL_HIGH_STREET,175000.0,62000.0,3897.8683779215867
1533257000,159269124,wilko,2023,Cumberland,RETAIL_OTHER_SUPERSTORES_AND_WAREHOUSES,262500.0,260000.0,1123.1812982572005
1533257000,14202645000,wilko,2023,Cumberland,RETAIL_OTHER_SUPERSTORES_AND_WAREHOUSES,262500.0,265000.0,3883.8727418634103
1533257000,1350415000,wilko,2023,Cumberland,RETAIL_OTHER_SUPERSTORES_AND_WAREHOUSES,262500.0,257500.0,3693.059020852292
1539680000,8033660000,frankie&bennys,2020,East Staffordshire,RETAIL_RESTAURANTS_AND_CAFES,81000.0,83500.0,2687.831473657863
1539680000,8033670000,frankie&bennys,2020,East Staffordshire,RETAIL_RESTAURANTS_AND_CAFES,81000.0,83500.0,2687.831473657863
1539680000,213989232,frankie&bennys,2020,East Staffordshire,RETAIL_RESTAURANTS_AND_CAFES,81000.0,75000.0,4898.689218141751
1541640000,11907557000,thomas cook,2019,Southampton,RETAIL_HIGH_STREET,227000.0,65000.0,485.99886454743074
1541640000,14422125000,thomas cook,2019,Southampton,RETAIL_HIGH_STREET,227000.0,64500.0,555.6976617058386
1541640000,8788425000,thomas cook,2019,Southampton,RETAIL_HIGH_STREET,227000.0,60000.0,593.6816590709527
1541641000,9343466000,paperchase,2023,Southampton,RETAIL_HIGH_STREET,267500.0,59500.0,573.6583428407971
1541641000,3901686000,paperchase,2023,Southampton,RETAIL_HIGH_STREET,267500.0,56000.0,952.849564040855
1541641000,5085095000,paperchase,2023,Southampton,RETAIL_HIGH_STREET,267500.0,55000.0,3002.830351732167
1541643000,8821615000,cath kidston,2020,Southampton,RETAIL_HIGH_STREET,255000.0,54500.0,1287.498059067581
1541643000,42136176,cath kidston,2020,Southampton,RETAIL_HIGH_STREET,255000.0,54000.0,548.3805701931441
1541643000,5957386000,cath kidston,2020,Southampton,RETAIL_HIGH_STREET,255000.0,53000.0,582.6454135280079
1541714000,12529570000,body shop,2024,Southampton,RETAIL_HIGH_STREET,154000.0,50000.0,1209.7240306473489
1541714000,10471015000,body shop,2024,Southampton,RETAIL_HIGH_STREET,154000.0,48500.0,582.6454135280079
1541714000,3685478000,body shop,2024,Southampton,RETAIL_HIGH_STREET,154000.0,48500.0,2167.0285786393524
1551009000,208350017,mothercare,2019,Watford,INDUSTRIAL_GENERAL,720000.0,755000.0,556.8591046391598
1551009000,9025586000,mothercare,2019,Watford,INDUSTRIAL_GENERAL,720000.0,600000.0,1103.2718982814376
1551009000,11713430000,mothercare,2019,Watford,INDUSTRIAL_GENERAL,720000.0,580000.0,831.073494757386
1551882000,115873012,wilko,2023,East Cambridgeshire,RETAIL_OTHER_SUPERSTORES_AND_WAREHOUSES,97500.0,99500.0,832.2850892389988
1551882000,6410216000,wilko,2023,East Cambridgeshire,RETAIL_OTHER_SUPERSTORES_AND_WAREHOUSES,97500.0,87500.0,8285.940134919374
1551882000,88626012,wilko,2023,East Cambridgeshire,RETAIL_OTHER_SUPERSTORES_AND_WAREHOUSES,97500.0,83000.0,12852.31630333521
1571947000,12317750000,thomas cook,2019,"Bournemouth, Christchurch and Poole",RETAIL_HIGH_STREET,49250.0,49250.0,1750.721673028186
1571947000,8561183000,thomas cook,2019,"Bournemouth, Christchurch and Poole",RETAIL_HIGH_STREET,49250.0,49000.0,1756.6872253164536
1571947000,9520549000,thomas cook,2019,"Bournemouth, Christchurch and Poole",RETAIL_HIGH_STREET,49250.0,49000.0,1564.4791184565402
1580324000,13192954000,toys r us,2018,Norwich,RETAIL_OTHER_SUPERSTORES_AND_WAREHOUSES,640000.0,362500.0,1142.3163550155086
1580324000,9402148000,toys r us,2018,Norwich,RETAIL_OTHER_SUPERSTORES_AND_WAREHOUSES,640000.0,347500.0,505.10436202969163
1580324000,14349167000,toys r us,2018,Norwich,RETAIL_OTHER_SUPERSTORES_AND_WAREHOUSES,640000.0,327500.0,1142.3163550155086
1581506000,176118172,wilko,2023,Dorset,WAREHOUSING_LARGE_SCALE_AND_HIGH_BAY,4500.0,4450.0,48662.719889630054
1581506000,11901964000,wilko,2023,Dorset,WAREHOUSING_LARGE_SCALE_AND_HIGH_BAY,4500.0,4450.0,7403.557892457256
1581506000,107605173,wilko,2023,Dorset,WAREHOUSING_LARGE_SCALE_AND_HIGH_BAY,4500.0,4550.0,32766.61732680294
1596684000,695133000,wilko,2023,"Bournemouth, Christchurch and Poole",RETAIL_OTHER_SUPERSTORES_AND_WAREHOUSES,214000.0,208000.0,2384.232762596479
1596684000,6790711000,wilko,2023,"Bournemouth, Christchurch and Poole",RETAIL_OTHER_SUPERSTORES_AND_WAREHOUSES,214000.0,220000.0,1981.0950671000637
1596684000,9530493000,wilko,2023,"Bournemouth, Christchurch and Poole",RETAIL_OTHER_SUPERSTORES_AND_WAREHOUSES,214000.0,204000.0,1924.5559348539527
1602166000,14940054000,debenhams,2020,Sunderland,RETAIL_OTHER_SUPERSTORES_AND_WAREHOUSES,785000.0,780000.0,6725.445437678378
1602166000,11300696000,debenhams,2020,Sunderland,RETAIL_OTHER_SUPERSTORES_AND_WAREHOUSES,785000.0,670000.0,680.3717810895212
1602166000,11300694000,debenhams,2020,Sunderland,RETAIL_OTHER_SUPERSTORES_AND_WAREHOUSES,785000.0,585000.0,680.3717810895212
1605175000,8918659000,debenhams,2020,Cumberland,RETAIL_OTHER_SUPERSTORES_AND_WAREHOUSES,720000.0,740000.0,1123.1812982572005
1605175000,9334120000,debenhams,2020,Cumberland,RETAIL_OTHER_SUPERSTORES_AND_WAREHOUSES,720000.0,695000.0,688.1530604944303
1605175000,3120587000,debenhams,2020,Cumberland,RETAIL_OTHER_SUPERSTORES_AND_WAREHOUSES,720000.0,690000.0,26380.385679873907
1622086000,253938234,wilko,2023,Telford and Wrekin,RETAIL_OTHER_SUPERSTORES_AND_WAREHOUSES,153000.0,153000.0,4723.066123173982
1622086000,1696862000,wilko,2023,Telford and Wrekin,RETAIL_OTHER_SUPERSTORES_AND_WAREHOUSES,153000.0,150000.0,441.6197474299782
1622086000,2773566000,wilko,2023,Telford and Wrekin,RETAIL_OTHER_SUPERSTORES_AND_WAREHOUSES,153000.0,150000.0,11026.241304605232
1633813000,8789968000,paperchase,2023,Camden,RETAIL_OTHER_SUPERSTORES_AND_WAREHOUSES,650000.0,112000.0,979.4419695485919
1633813000,50554063,paperchase,2023,Camden,RETAIL_OTHER_SUPERSTORES_AND_WAREHOUSES,650000.0,107000.0,609.3629700430276
1633813000,440880053,paperchase,2023,Camden,RETAIL_OTHER_SUPERSTORES_AND_WAREHOUSES,650000.0,106000.0,1665.4881567921973
1648355000,10686623000,maplin,2018,West Northamptonshire,RETAIL_OTHER_SUPERSTORES_AND_WAREHOUSES,92000.0,90500.0,5215.154534947621
1648355000,14705918000,maplin,2018,West Northamptonshire,RETAIL_OTHER_SUPERSTORES_AND_WAREHOUSES,92000.0,88000.0,12173.19260007337
1648355000,455853045,maplin,2018,West Northamptonshire,RETAIL_OTHER_SUPERSTORES_AND_WAREHOUSES,92000.0,87500.0,756.5668648535753
1661865000,449889162,frankie&bennys,2020,Buckinghamshire,RETAIL_RESTAURANTS_AND_CAFES,4600.0,4750.0,3567.479478929645
1661865000,471108162,frankie&bennys,2020,Buckinghamshire,RETAIL_RESTAURANTS_AND_CAFES,4600.0,4800.0,2338.8323751972025
1661865000,128728162,frankie&bennys,2020,Buckinghamshire,RETAIL_RESTAURANTS_AND_CAFES,4600.0,4800.0,16069.95102496564
1691183000,397031148,wilko,2023,Tunbridge Wells,RETAIL_HIGH_STREET,270000.0,30750.0,2271.4068771275593
1691183000,13260148,wilko,2023,Tunbridge Wells,RETAIL_HIGH_STREET,270000.0,30250.0,19288.91015211758
1691183000,185413148,wilko,2023,Tunbridge Wells,RETAIL_HIGH_STREET,270000.0,30250.0,9995.733912172813
1702005000,10604983000,wilko,2023,Crawley,RETAIL_OTHER_SUPERSTORES_AND_WAREHOUSES,292500.0,292500.0,1641.874411683194
1702005000,347304141,wilko,2023,Crawley,RETAIL_OTHER_SUPERSTORES_AND_WAREHOUSES,292500.0,310000.0,1589.8257111526732
1702005000,14225752000,wilko,2023,Crawley,RETAIL_OTHER_SUPERSTORES_AND_WAREHOUSES,292500.0,267500.0,1366.5619362720226
1738768000,206797113,poundworld,2018,Manchester,RETAIL_HIGH_STREET,46250.0,46250.0,3709.2675579328725
1738768000,7892368000,poundworld,2018,Manchester,RETAIL_HIGH_STREET,46250.0,46250.0,3820.163767462425
1738768000,9028206000,poundworld,2018,Manchester,RETAIL_HIGH_STREET,46250.0,46250.0,5271.001610802292
1772009000,13337700000,debenhams,2020,West Northamptonshire,WAREHOUSING_LARGE_SCALE_AND_HIGH_BAY,835000.0,830000.0,2263.502977766452
1772009000,13002382000,debenhams,2020,West Northamptonshire,WAREHOUSING_LARGE_SCALE_AND_HIGH_BAY,835000.0,830000.0,2263.502977766452
1772009000,10479296000,debenhams,2020,West Northamptonshire,WAREHOUSING_LARGE_SCALE_AND_HIGH_BAY,835000.0,845000.0,18169.008644471163
1794489000,10013376000,poundworld,2018,Leeds,RETAIL_HIGH_STREET,71500.0,55500.0,798.225073101828
1794489000,390622244,poundworld,2018,Leeds,RETAIL_HIGH_STREET,71500.0,55500.0,1212.3443275549193
1794489000,9971810000,poundworld,2018,Leeds,RETAIL_HIGH_STREET,71500.0,54500.0,523.2395412690752
1795507000,8830279000,thomas cook,2019,Milton Keynes,RETAIL_HIGH_STREET,23500.0,23500.0,983.0840306508742
1795507000,11020087000,thomas cook,2019,Milton Keynes,RETAIL_HIGH_STREET,23500.0,23500.0,5165.385219898531
1795507000,569500162,thomas cook,2019,Milton Keynes,RETAIL_HIGH_STREET,23500.0,23250.0,9284.405459345708
1796277000,125418244,wilko,2023,Leeds,RETAIL_HIGH_STREET,1500.0,1500.0,2412.6514290656155
1796277000,84577244,wilko,2023,Leeds,RETAIL_HIGH_STREET,1500.0,1500.0,2972.9100198287697
1796277000,12743529000,wilko,2023,Leeds,RETAIL_HIGH_STREET,1500.0,1500.0,3522.626832767245
1808939000,3395328000,cafe rouge,2020,Camden,RETAIL_RESTAURANTS_AND_CAFES,80000.0,77500.0,1340.5243548735627
1808939000,100776063,cafe rouge,2020,Camden,RETAIL_RESTAURANTS_AND_CAFES,80000.0,77000.0,1428.3708554088641
1808939000,202232063,cafe rouge,2020,Camden,RETAIL_RESTAURANTS_AND_CAFES,80000.0,76500.0,1135.5660610759523
1809558000,11309800000,paperchase,2023,Reading,RETAIL_HIGH_STREET,3600.0,3600.0,1356.8085539972656
1809558000,195964165,paperchase,2023,Reading,RETAIL_HIGH_STREET,3600.0,3550.0,2049.1145345868854
1809558000,8367165,paperchase,2023,Reading,RETAIL_HIGH_STREET,3600.0,3550.0,1391.0528239308846
1828759000,98534063,paperchase,2023,Camden,OFFICE_GENERAL,207000.0,204000.0,645.087119065043
1828759000,80416063,paperchase,2023,Camden,OFFICE_GENERAL,207000.0,200000.0,479.96358884796587
1828759000,14366202000,paperchase,2023,Camden,OFFICE_GENERAL,207000.0,214000.0,805.8307389193969
1836856000,3496274000,poundworld,2018,Coventry,RETAIL_OTHER_SUPERSTORES_AND_WAREHOUSES,161000.0,161000.0,4493.684213954012
1836856000,1839521000,poundworld,2018,Coventry,RETAIL_OTHER_SUPERSTORES_AND_WAREHOUSES,161000.0,162000.0,528.6511295337419
1836856000,298110222,poundworld,2018,Coventry,RETAIL_OTHER_SUPERSTORES_AND_WAREHOUSES,161000.0,158000.0,450.41665996670645
1837760000,462572165,body shop,2024,Reading,RETAIL_HIGH_STREET,128000.0,36500.0,1215.4647277529461
1837760000,11307897000,body shop,2024,Reading,RETAIL_HIGH_STREET,128000.0,33750.0,1039.3181454486494
1837760000,589703000,body shop,2024,Reading,RETAIL_HIGH_STREET,128000.0,32000.0,2062.7686387497165
1842076000,425294221,arcadia,2020,Birmingham,RETAIL_RESTAURANTS_AND_CAFES,48000.0,47500.0,892.5814962064842
1842076000,8361020000,arcadia,2020,Birmingham,RETAIL_RESTAURANTS_AND_CAFES,48000.0,48500.0,515.1058575919219
1842076000,9295738000,arcadia,2020,Birmingham,RETAIL_RESTAURANTS_AND_CAFES,48000.0,48500.0,1797.6875025953334
1922701000,1981158000,arcadia,2020,Thanet,RETAIL_RESTAURANTS_AND_CAFES,37000.0,36500.0,1286.5496934605642
1922701000,12156583000,arcadia,2020,Thanet,RETAIL_RESTAURANTS_AND_CAFES,37000.0,36500.0,3266.714989949451
1922701000,305521145,arcadia,2020,Thanet,RETAIL_RESTAURANTS_AND_CAFES,37000.0,36250.0,3228.8134796436375
1923605000,942397000,carluccios,2020,Tunbridge Wells,RETAIL_RESTAURANTS_AND_CAFES,105000.0,110000.0,2975.6288913253734
1923605000,653082000,carluccios,2020,Tunbridge Wells,RETAIL_RESTAURANTS_AND_CAFES,105000.0,95000.0,2975.6288913253734
1923605000,387823148,carluccios,2020,Tunbridge Wells,RETAIL_RESTAURANTS_AND_CAFES,105000.0,89750.0,3832.3902293352135
1927721000,13266158000,homebase,2024,Norwich,RETAIL_OTHER_SUPERSTORES_AND_WAREHOUSES,940000.0,310000.0,1142.3163550155086
1927721000,228655036,homebase,2024,Norwich,RETAIL_OTHER_SUPERSTORES_AND_WAREHOUSES,940000.0,300000.0,4820.33786404555
1927721000,1258339000,homebase,2024,Norwich,RETAIL_OTHER_SUPERSTORES_AND_WAREHOUSES,940000.0,277500.0,2811.983761144996
1942264000,14299900000,arcadia,2020,Wiltshire,RETAIL_HIGH_STREET,42500.0,42750.0,2493.9713220808385
1942264000,13802238000,arcadia,2020,Wiltshire,RETAIL_HIGH_STREET,42500.0,43000.0,7673.0895932113535
1942264000,8902838000,arcadia,2020,Wiltshire,RETAIL_HIGH_STREET,42500.0,41250.0,7889.886159755398
1984064000,173679108,arcadia,2020,North Yorkshire,RETAIL_HIGH_STREET,33250.0,33250.0,11999.50329508791
1984064000,5780544000,arcadia,2020,North Yorkshire,RETAIL_HIGH_STREET,33250.0,33000.0,15912.372454777153
1984064000,14423746000,arcadia,2020,North Yorkshire,RETAIL_HIGH_STREET,33250.0,33000.0,16311.594697572693
1986414000,3450561000,maplin,2018,Spelthorne,RETAIL_HIGH_STREET,121000.0,35500.0,7273.35400932956
1986414000,376256154,maplin,2018,Spelthorne,RETAIL_HIGH_STREET,121000.0,35250.0,5976.363770145605
1986414000,260345154,maplin,2018,Spelthorne,RETAIL_HIGH_STREET,121000.0,35000.0,3252.065185101323
1987490000,14233804000,arcadia,2020,Leeds,OFFICE_GENERAL,297500.0,297500.0,418.50334434311935
1987490000,377768244,arcadia,2020,Leeds,OFFICE_GENERAL,297500.0,297500.0,926.8228031198868
1987490000,6177441000,arcadia,2020,Leeds,OFFICE_GENERAL,297500.0,297500.0,701.4789196774993
1988718000,12255541000,debenhams,2020,Milton Keynes,INDUSTRIAL_GENERAL,94500.0,94500.0,1744.731722039488
1988718000,3273308000,debenhams,2020,Milton Keynes,INDUSTRIAL_GENERAL,94500.0,94000.0,938.8008114240313
1988718000,209698162,debenhams,2020,Milton Keynes,INDUSTRIAL_GENERAL,94500.0,93500.0,2004.6164165563885
2002561000,2627495000,body shop,2024,Wiltshire,RETAIL_HIGH_STREET,43750.0,44000.0,17045.793128805923
2002561000,10589690000,body shop,2024,Wiltshire,RETAIL_HIGH_STREET,43750.0,46500.0,4359.701740021832
2002561000,9344039000,body shop,2024,Wiltshire,RETAIL_HIGH_STREET,43750.0,40750.0,5526.267383763329
2011383000,278197113,bella italia,2020,Manchester,RETAIL_RESTAURANTS_AND_CAFES,106000.0,106000.0,4765.560518786086
2011383000,2175558000,bella italia,2020,Manchester,RETAIL_RESTAURANTS_AND_CAFES,106000.0,105000.0,3996.4225058263355
2011383000,13315407000,bella italia,2020,Manchester,RETAIL_RESTAURANTS_AND_CAFES,106000.0,107000.0,447.5367648003955
2039402000,3403868000,poundworld,2018,Nottingham,RETAIL_OTHER_SUPERSTORES_AND_WAREHOUSES,117000.0,117000.0,1967.3891408386442
2039402000,4738055000,poundworld,2018,Nottingham,RETAIL_OTHER_SUPERSTORES_AND_WAREHOUSES,117000.0,125000.0,1053.6725769393279
2039402000,8789011000,poundworld,2018,Nottingham,RETAIL_OTHER_SUPERSTORES_AND_WAREHOUSES,117000.0,125000.0,2425.2904907746893
2069352000,7389642000,toys r us,2018,Plymouth,RETAIL_OTHER_SUPERSTORES_AND_WAREHOUSES,267500.0,270000.0,4101.35159284755
2069352000,12556899000,toys r us,2018,Plymouth,RETAIL_OTHER_SUPERSTORES_AND_WAREHOUSES,267500.0,247000.0,2592.1909193491206
2069352000,8860157000,toys r us,2018,Plymouth,RETAIL_OTHER_SUPERSTORES_AND_WAREHOUSES,267500.0,246000.0,630.4861404591331
2101276000,10443223000,bella italia,2020,Nottingham,RETAIL_RESTAURANTS_AND_CAFES,59000.0,59000.0,1865.9778183535368
2101276000,100388037,bella italia,2020,Nottingham,RETAIL_RESTAURANTS_AND_CAFES,59000.0,58000.0,5806.777925243035
2101276000,290579037,bella italia,2020,Nottingham,RETAIL_RESTAURANTS_AND_CAFES,59000.0,60000.0,696.8221884909627
2117694000,8495055000,homebase,2024,Crawley,RETAIL_OTHER_SUPERSTORES_AND_WAREHOUSES,90500.0,87500.0,1589.8257111526732
2117694000,354754141,homebase,2024,Crawley,RETAIL_OTHER_SUPERSTORES_AND_WAREHOUSES,90500.0,87500.0,1980.991706887268
2117694000,247785141,homebase,2024,Crawley,RETAIL_OTHER_SUPERSTORES_AND_WAREHOUSES,90500.0,97500.0,812.9069379747602
2123579000,5309106000,mothercare,2019,Derby,RETAIL_OTHER_SUPERSTORES_AND_WAREHOUSES,247000.0,247000.0,1726.9172138729139
2123579000,14931860000,mothercare,2019,Derby,RETAIL_OTHER_SUPERSTORES_AND_WAREHOUSES,247000.0,249000.0,2290.4361311627495
2123579000,1269817000,mothercare,2019,Derby,RETAIL_OTHER_SUPERSTORES_AND_WAREHOUSES,247000.0,250000.0,841.544255808668
2135054000,2117048000,maplin,2018,Hammersmith and Fulham,RETAIL_HIGH_STREET,69000.0,68500.0,938.5206629508328
2135054000,13560023000,maplin,2018,Hammersmith and Fulham,RETAIL_HIGH_STREET,69000.0,68500.0,1075.3433024498547
2135054000,442024000,maplin,2018,Hammersmith and Fulham,RETAIL_HIGH_STREET,69000.0,68500.0,933.401087897024
2175649000,4066662000,wilko,2023,Manchester,RETAIL_OTHER_SUPERSTORES_AND_WAREHOUSES,385000.0,377500.0,5006.2492391840115
2175649000,11698266000,wilko,2023,Manchester,RETAIL_OTHER_SUPERSTORES_AND_WAREHOUSES,385000.0,392500.0,3687.0894454947666
2175649000,834942000,wilko,2023,Manchester,RETAIL_OTHER_SUPERSTORES_AND_WAREHOUSES,385000.0,375000.0,2535.2759958574643
2199366000,90447012,arcadia,2020,East Cambridgeshire,RETAIL_HIGH_STREET,35500.0,37250.0,12338.918188906606
2199366000,2000985000,arcadia,2020,East Cambridgeshire,RETAIL_HIGH_STREET,35500.0,33500.0,24596.952628010018
2199366000,8897949000,arcadia,2020,East Cambridgeshire,RETAIL_HIGH_STREET,35500.0,31500.0,8937.399349705705
2209177000,107495124,poundworld,2018,Cumberland,RETAIL_OTHER_SUPERSTORES_AND_WAREHOUSES,59500.0,59000.0,4330.958400627036
2209177000,10632328000,poundworld,2018,Cumberland,RETAIL_OTHER_SUPERSTORES_AND_WAREHOUSES,59500.0,61000.0,4083.351856870207
2209177000,7573490000,poundworld,2018,Cumberland,RETAIL_OTHER_SUPERSTORES_AND_WAREHOUSES,59500.0,53000.0,1103.255268187844
2210644000,9545308000,bhs,2016,Blackpool,RETAIL_OTHER_SUPERSTORES_AND_WAREHOUSES,392500.0,390000.0,4572.7659252511185
2210644000,5022218000,bhs,2016,Blackpool,RETAIL_OTHER_SUPERSTORES_AND_WAREHOUSES,392500.0,402500.0,4277.879631301766
2210644000,1650054000,bhs,2016,Blackpool,RETAIL_OTHER_SUPERSTORES_AND_WAREHOUSES,392500.0,412500.0,3501.4843840299313
2220092000,385135000,wilko,2023,"Bristol, City of",RETAIL_OTHER_SUPERSTORES_AND_WAREHOUSES,325000.0,325000.0,2775.4957290989987
2220092000,12956927000,wilko,2023,"Bristol, City of",RETAIL_OTHER_SUPERSTORES_AND_WAREHOUSES,325000.0,315000.0,2834.052128309371
2220092000,4949173000,wilko,2023,"Bristol, City of",RETAIL_OTHER_SUPERSTORES_AND_WAREHOUSES,325000.0,310000.0,802.4601637217684
2238252000,10475872000,poundworld,2018,Bradford,RETAIL_HIGH_STREET,124000.0,156000.0,2269.4386201071943
2238252000,9313798000,poundworld,2018,Bradford,RETAIL_HIGH_STREET,124000.0,65500.0,3651.47788709913
2238252000,10089802000,poundworld,2018,Bradford,RETAIL_HIGH_STREET,124000.0,63500.0,1044.9944775874135
2239035000,234066222,thomas cook,2019,Coventry,RETAIL_HIGH_STREET,11250.0,11250.0,1087.6391185468729
2239035000,6663148000,thomas cook,2019,Coventry,RETAIL_HIGH_STREET,11250.0,11250.0,1846.8103909516803
2239035000,62475222,thomas cook,2019,Coventry,RETAIL_HIGH_STREET,11250.0,11250.0,1819.92612216933
2244737000,8325444000,ted baker,2024,Brighton and Hove,RETAIL_HIGH_STREET,60500.0,61500.0,1543.399766220585
2244737000,9411226000,ted baker,2024,Brighton and Hove,RETAIL_HIGH_STREET,60500.0,58500.0,3367.4148459954354
2244737000,8977148000,ted baker,2024,Brighton and Hove,RETAIL_HIGH_STREET,60500.0,63000.0,771.8086906111887
2252812000,12123923000,carluccios,2020,Tower Hamlets,RETAIL_RESTAURANTS_AND_CAFES,131000.0,131000.0,1050.6398330040447
2252812000,15008480000,carluccios,2020,Tower Hamlets,RETAIL_RESTAURANTS_AND_CAFES,131000.0,130000.0,540.6079952815267
2252812000,9493869000,carluccios,2020,Tower Hamlets,RETAIL_RESTAURANTS_AND_CAFES,131000.0,132000.0,742.1779944120182
2268531000,6832256000,prezzo,2018,Southampton,RETAIL_RESTAURANTS_AND_CAFES,63500.0,62500.0,431.5008114387685
2268531000,7857527000,prezzo,2018,Southampton,RETAIL_RESTAURANTS_AND_CAFES,63500.0,62500.0,444.9608341334264
2268531000,1060600000,prezzo,2018,Southampton,RETAIL_RESTAURANTS_AND_CAFES,63500.0,62500.0,3712.73330205481
2273220000,13906810000,arcadia,2020,Bromley,RETAIL_OTHER_SUPERSTORES_AND_WAREHOUSES,595000.0,565000.0,1249.31382496891
2273220000,225250072,arcadia,2020,Bromley,RETAIL_OTHER_SUPERSTORES_AND_WAREHOUSES,595000.0,560000.0,3405.050218721538
2273220000,8785723000,arcadia,2020,Bromley,RETAIL_OTHER_SUPERSTORES_AND_WAREHOUSES,595000.0,685000.0,3106.0459646342097
2273784000,4404694000,arcadia,2020,Hammersmith and Fulham,RETAIL_RESTAURANTS_AND_CAFES,59000.0,59000.0,1169.124009333955
2273784000,122457082,arcadia,2020,Hammersmith and Fulham,RETAIL_RESTAURANTS_AND_CAFES,59000.0,59000.0,796.4304621087089
2273784000,222432082,arcadia,2020,Hammersmith and Fulham,RETAIL_RESTAURANTS_AND_CAFES,59000.0,58000.0,468.3387180574833
2291569000,11354006000,ted baker,2024,Leeds,RETAIL_HIGH_STREET,205000.0,53500.0,2219.344169802667
2291569000,10591319000,ted baker,2024,Leeds,RETAIL_HIGH_STREET,205000.0,52500.0,828.4317523098621
2291569000,316085244,ted baker,2024,Leeds,RETAIL_HIGH_STREET,205000.0,52500.0,11921.883557724328
2298191000,3969403000,poundworld,2018,Watford,RETAIL_HIGH_STREET,123000.0,31500.0,2438.1718652060895
2298191000,8612497000,poundworld,2018,Watford,RETAIL_HIGH_STREET,123000.0,30250.0,755.305365722279
2298191000,208726017,poundworld,2018,Watford,RETAIL_HIGH_STREET,123000.0,29250.0,487.17112122545956
2303335000,6459656000,mothercare,2019,Norwich,RETAIL_OTHER_SUPERSTORES_AND_WAREHOUSES,236000.0,223000.0,2569.217785032677
2303335000,8324450000,mothercare,2019,Norwich,RETAIL_OTHER_SUPERSTORES_AND_WAREHOUSES,236000.0,252500.0,781.3371067831383
2303335000,8356656000,mothercare,2019,Norwich,RETAIL_OTHER_SUPERSTORES_AND_WAREHOUSES,236000.0,252500.0,505.10436202969163
2303883000,14257592000,body shop,2024,Sevenoaks,RETAIL_HIGH_STREET,37000.0,34250.0,8513.31616022514
2303883000,8792103000,body shop,2024,Sevenoaks,RETAIL_HIGH_STREET,37000.0,33500.0,12047.289108140272
2303883000,1262942000,body shop,2024,Sevenoaks,RETAIL_HIGH_STREET,37000.0,33250.0,2116.7112292893994
2326286000,14642140000,thomas cook,2019,Cardiff,RETAIL_HIGH_STREET,16500.0,16500.0,688.5162709119719
2326286000,157332192,thomas cook,2019,Cardiff,RETAIL_HIGH_STREET,16500.0,16500.0,1025.899283230428
2326286000,10455266000,thomas cook,2019,Cardiff,RETAIL_HIGH_STREET,16500.0,16500.0,3437.7886610944624
2326289000,8646404000,thomas cook,2019,Cardiff,OFFICE_GENERAL,8600.0,8600.0,443.7110844756896
2326289000,14774943000,thomas cook,2019,Cardiff,OFFICE_GENERAL,8600.0,8600.0,680.303309586075
2326289000,11606303000,thomas cook,2019,Cardiff,OFFICE_GENERAL,8600.0,8600.0,1615.4497253464458
2326568000,163765234,wilko,2023,Telford and Wrekin,WAREHOUSING_LARGE_SCALE_AND_HIGH_BAY,14250.0,14500.0,5806.834745931574
2326568000,12307394000,wilko,2023,Telford and Wrekin,WAREHOUSING_LARGE_SCALE_AND_HIGH_BAY,14250.0,13750.0,3703.3505844340334
2326568000,11803146000,wilko,2023,Telford and Wrekin,WAREHOUSING_LARGE_SCALE_AND_HIGH_BAY,14250.0,13500.0,3650.035752669918
2340783000,7260018000,prezzo,2018,Spelthorne,RETAIL_HIGH_STREET,69000.0,34750.0,2942.429989410249
2340783000,1844189000,prezzo,2018,Spelthorne,RETAIL_HIGH_STREET,69000.0,33750.0,5951.403715380167
2340783000,990227000,prezzo,2018,Spelthorne,RETAIL_HIGH_STREET,69000.0,33500.0,6303.847883154084
2354852000,571013037,wilko,2023,Nottingham,RETAIL_OTHER_SUPERSTORES_AND_WAREHOUSES,95000.0,95500.0,2538.884903931136
2354852000,2924526000,wilko,2023,Nottingham,RETAIL_OTHER_SUPERSTORES_AND_WAREHOUSES,95000.0,93500.0,2608.0468816518296
2354852000,8308262000,wilko,2023,Nottingham,RETAIL_OTHER_SUPERSTORES_AND_WAREHOUSES,95000.0,99500.0,1053.6725769393279
2371882000,7274904000,carluccios,2020,City of London,RETAIL_RESTAURANTS_AND_CAFES,90000.0,88500.0,498.36277075781175
2371882000,2438142000,carluccios,2020,City of London,RETAIL_RESTAURANTS_AND_CAFES,90000.0,92000.0,509.0033924987902
2371882000,27953052,carluccios,2020,City of London,RETAIL_RESTAURANTS_AND_CAFES,90000.0,87500.0,412.2739360440257
2373121000,6840412000,thomas cook,2019,Peterborough,OFFICE_GENERAL,206000.0,201000.0,1409.203650622358
2373121000,9950646000,thomas cook,2019,Peterborough,OFFICE_GENERAL,206000.0,199000.0,3803.0548632376945
2373121000,10269485000,thomas cook,2019,Peterborough,OFFICE_GENERAL,206000.0,197000.0,3727.8682359198083
2379552000,15026417000,arcadia,2020,York,RETAIL_OTHER_SUPERSTORES_AND_WAREHOUSES,605000.0,905000.0,654.9399129496356
2379552000,7566298000,arcadia,2020,York,RETAIL_OTHER_SUPERSTORES_AND_WAREHOUSES,605000.0,277500.0,586.7257855398017
2379552000,10869766000,arcadia,2020,York,RETAIL_OTHER_SUPERSTORES_AND_WAREHOUSES,605000.0,244000.0,462.2843359503639
2382968000,219474042,wilko,2023,Derby,RETAIL_OTHER_SUPERSTORES_AND_WAREHOUSES,52000.0,52000.0,3956.761720636272
2382968000,3895546000,wilko,2023,Derby,RETAIL_OTHER_SUPERSTORES_AND_WAREHOUSES,52000.0,51500.0,1983.1069147274172
2382968000,8672165000,wilko,2023,Derby,RETAIL_OTHER_SUPERSTORES_AND_WAREHOUSES,52000.0,51500.0,2462.6581399306574
2441487000,11261713000,cath kidston,2020,Kensington and Chelsea,OFFICE_GENERAL,115000.0,115000.0,864.3031745037524
2441487000,31370082,cath kidston,2020,Kensington and Chelsea,OFFICE_GENERAL,115000.0,115000.0,571.9954565261703
2441487000,10612617000,cath kidston,2020,Kensington and Chelsea,OFFICE_GENERAL,115000.0,115000.0,817.4107438492454
2441523000,299029184,homebase,2024,Plymouth,RETAIL_OTHER_SUPERSTORES_AND_WAREHOUSES,72000.0,74500.0,1436.217952176676
2441523000,12557759000,homebase,2024,Plymouth,RETAIL_OTHER_SUPERSTORES_AND_WAREHOUSES,72000.0,75000.0,450.69052590720287
2441523000,4571992000,homebase,2024,Plymouth,RETAIL_OTHER_SUPERSTORES_AND_WAREHOUSES,72000.0,75000.0,436.37567885616954
2445076000,13861421000,body shop,2024,Central Bedfordshire,INDUSTRIAL_GENERAL,11000.0,11000.0,812.2495544225669
2445076000,210275011,body shop,2024,Central Bedfordshire,INDUSTRIAL_GENERAL,11000.0,11000.0,9485.202279760791
2445076000,13025601000,body shop,2024,Central Bedfordshire,INDUSTRIAL_GENERAL,11000.0,11000.0,516.7266323645763
2461064000,13872227000,frankie&bennys,2020,Somerset,RETAIL_RESTAURANTS_AND_CAFES,76500.0,77000.0,1639.3616208402218
2461064000,1957660000,frankie&bennys,2020,Somerset,RETAIL_RESTAURANTS_AND_CAFES,76500.0,75500.0,32710.441049473626
2461064000,1063489000,frankie&bennys,2020,Somerset,RETAIL_RESTAURANTS_AND_CAFES,76500.0,77500.0,18329.40962667765
2462424023,5111421000,homebase,2024,Southend-on-Sea,RETAIL_OTHER_SUPERSTORES_AND_WAREHOUSES,620000.0,300000.0,4042.559737630358
2462424023,2665296000,homebase,2024,Southend-on-Sea,RETAIL_OTHER_SUPERSTORES_AND_WAREHOUSES,620000.0,300000.0,3505.2772991660604
2462424023,10748189000,homebase,2024,Southend-on-Sea,RETAIL_OTHER_SUPERSTORES_AND_WAREHOUSES,620000.0,282500.0,1877.0838677951008
2463335023,1123637023,maplin,2018,Southend-on-Sea,RETAIL_HIGH_STREET,24750.0,24750.0,3298.3264369433236
2463335023,6947559000,maplin,2018,Southend-on-Sea,RETAIL_HIGH_STREET,24750.0,24500.0,4832.601628833749
2463335023,1100541023,maplin,2018,Southend-on-Sea,RETAIL_HIGH_STREET,24750.0,25000.0,994.0932374479756
2520835000,2520835000,arcadia,2020,Hartlepool,RETAIL_RESTAURANTS_AND_CAFES,13500.0,13500.0,1241.7363568861408
2520835000,234159102,arcadia,2020,Hartlepool,RETAIL_RESTAURANTS_AND_CAFES,13500.0,13250.0,426.77459309603324
2520835000,9949384000,arcadia,2020,Hartlepool,RETAIL_RESTAURANTS_AND_CAFES,13500.0,13750.0,1176.9078525344191
2526034000,11283642000,body shop,2024,Norwich,RETAIL_HIGH_STREET,15750.0,15750.0,412.24889185202244
2526034000,52607036,body shop,2024,Norwich,RETAIL_HIGH_STREET,15750.0,15750.0,882.6635781365128
2526034000,64410036,body shop,2024,Norwich,RETAIL_HIGH_STREET,15750.0,15750.0,620.7634569139499
2530034000,9359183000,wilko,2023,Ashford,RETAIL_OTHER_SUPERSTORES_AND_WAREHOUSES,200000.0,193000.0,2043.0778246401317
2530034000,5680286000,wilko,2023,Ashford,RETAIL_OTHER_SUPERSTORES_AND_WAREHOUSES,200000.0,184000.0,588.5318999192441
2530034000,5680285000,wilko,2023,Ashford,RETAIL_OTHER_SUPERSTORES_AND_WAREHOUSES,200000.0,181000.0,588.5318999192441
2533776000,182037186,maplin,2018,Somerset,RETAIL_OTHER_SUPERSTORES_AND_WAREHOUSES,68500.0,68500.0,634.7168161872926
2533776000,192261186,maplin,2018,Somerset,RETAIL_OTHER_SUPERSTORES_AND_WAREHOUSES,68500.0,68500.0,18780.433341899756
2533776000,194002186,maplin,2018,Somerset,RETAIL_OTHER_SUPERSTORES_AND_WAREHOUSES,68500.0,68500.0,3933.7413444800704
2537740000,6833923000,arcadia,2020,Bradford,INDUSTRIAL_GENERAL,103000.0,103000.0,4377.495356073237
2537740000,11126742000,arcadia,2020,Bradford,INDUSTRIAL_GENERAL,103000.0,103000.0,1301.1118089044542
2537740000,12653955000,arcadia,2020,Bradford,INDUSTRIAL_GENERAL,103000.0,103000.0,1690.54573532638
2544906000,9762541000,body shop,2024,Bedford,INDUSTRIAL_GENERAL,79000.0,78500.0,999.4854363723667
2544906000,3777884000,body shop,2024,Bedford,INDUSTRIAL_GENERAL,79000.0,78500.0,420.81464813084426
2544906000,12748272000,body shop,2024,Bedford,INDUSTRIAL_GENERAL,79000.0,79500.0,1120.8524953919962
2592493000,5293198000,body shop,2024,Bradford,INDUSTRIAL_GENERAL,6200.0,6200.0,944.9899902250007
2592493000,196096241,body shop,2024,Bradford,INDUSTRIAL_GENERAL,6200.0,6200.0,711.0937705324292
2592493000,6606029000,body shop,2024,Bradford,INDUSTRIAL_GENERAL,6200.0,6200.0,2583.0463385926846
2604341000,10143478000,arcadia,2020,"Bristol, City of",RETAIL_OTHER_SUPERSTORES_AND_WAREHOUSES,352500.0,350000.0,928.9981188708332
2604341000,11347729000,arcadia,2020,"Bristol, City of",RETAIL_OTHER_SUPERSTORES_AND_WAREHOUSES,352500.0,367500.0,6257.405540122289
2604341000,3042275000,arcadia,2020,"Bristol, City of",RETAIL_OTHER_SUPERSTORES_AND_WAREHOUSES,352500.0,372500.0,3608.6385344338746
2634691000,5835075000,homebase,2024,Peterborough,RETAIL_OTHER_SUPERSTORES_AND_WAREHOUSES,500000.0,452500.0,909.3956933374955
2634691000,417531016,homebase,2024,Peterborough,RETAIL_OTHER_SUPERSTORES_AND_WAREHOUSES,500000.0,445000.0,3144.7668893669875
2634691000,12577680000,homebase,2024,Peterborough,RETAIL_OTHER_SUPERSTORES_AND_WAREHOUSES,500000.0,435000.0,1599.0140499378792
2641176000,12169849000,poundworld,2018,Birmingham,RETAIL_HIGH_STREET,252500.0,252500.0,2584.0951051231996
2641176000,10289642000,poundworld,2018,Birmingham,RETAIL_HIGH_STREET,252500.0,247000.0,2584.0951051231996
2641176000,12633013000,poundworld,2018,Birmingham,RETAIL_HIGH_STREET,252500.0,122000.0,2546.831157101916
2660919000,15012874000,homebase,2024,Colchester,RETAIL_OTHER_SUPERSTORES_AND_WAREHOUSES,740000.0,570000.0,1508.6649613363281
2660919000,11666357000,homebase,2024,Colchester,RETAIL_OTHER_SUPERSTORES_AND_WAREHOUSES,740000.0,540000.0,1271.6163391850773
2660919000,12383926000,homebase,2024,Colchester,RETAIL_OTHER_SUPERSTORES_AND_WAREHOUSES,740000.0,525000.0,1271.6163391850773
2661852000,10563774000,poundworld,2018,Coventry,RETAIL_HIGH_STREET,144000.0,98500.0,3481.242733465792
2661852000,3901810000,poundworld,2018,Coventry,RETAIL_HIGH_STREET,144000.0,95500.0,1620.2294251382848
2661852000,11388772000,poundworld,2018,Coventry,RETAIL_HIGH_STREET,144000.0,56500.0,2618.4624906761755
2671661000,3133246000,mothercare,2019,Bradford,RETAIL_OTHER_SUPERSTORES_AND_WAREHOUSES,355000.0,317500.0,1985.8742354109459
2671661000,3486564000,mothercare,2019,Bradford,RETAIL_OTHER_SUPERSTORES_AND_WAREHOUSES,355000.0,407500.0,2541.8021751524507
2671661000,3219389000,mothercare,2019,Bradford,RETAIL_OTHER_SUPERSTORES_AND_WAREHOUSES,355000.0,292500.0,728.4369146173681
2689514000,12923084000,poundworld,2018,Bedford,RETAIL_HIGH_STREET,117000.0,69500.0,4189.058039523263
2689514000,9883031000,poundworld,2018,Bedford,RETAIL_HIGH_STREET,117000.0,46500.0,421.64408455652335
2689514000,8637444000,poundworld,2018,Bedford,RETAIL_HIGH_STREET,117000.0,46250.0,1945.1933665793185
2700398000,13657541000,bhs,2016,Basingstoke and Deane,RETAIL_OTHER_SUPERSTORES_AND_WAREHOUSES,595000.0,482500.0,1865.511409715017
2700398000,10052254000,bhs,2016,Basingstoke and Deane,RETAIL_OTHER_SUPERSTORES_AND_WAREHOUSES,595000.0,480000.0,2168.6625337600344
2700398000,300657171,bhs,2016,Basingstoke and Deane,RETAIL_OTHER_SUPERSTORES_AND_WAREHOUSES,595000.0,420000.0,773.0585290491107
2701404000,648239082,paperchase,2023,Hammersmith and Fulham,RETAIL_HIGH_STREET,99000.0,99000.0,933.401087897024
2701404000,8831764000,paperchase,2023,Hammersmith and Fulham,RETAIL_HIGH_STREET,99000.0,99000.0,441.84344878981506
2701404000,13855075000,paperchase,2023,Hammersmith and Fulham,RETAIL_HIGH_STREET,99000.0,98500.0,933.401087897024
2711281000,8750099000,paperchase,2023,Basingstoke and Deane,RETAIL_HIGH_STREET,63000.0,64000.0,2699.8681259607724
2711281000,14486948000,paperchase,2023,Basingstoke and Deane,RETAIL_HIGH_STREET,63000.0,61500.0,24019.27490900768
2711281000,10770462000,paperchase,2023,Basingstoke and Deane,RETAIL_HIGH_STREET,63000.0,60000.0,2124.9178262543282
2714463000,11725646000,poundworld,2018,County Durham,RETAIL_HIGH_STREET,65500.0,64500.0,1610.8398555740077
2714463000,142455104,poundworld,2018,County Durham,RETAIL_HIGH_STREET,65500.0,63500.0,5619.982453960152
2714463000,8790847000,poundworld,2018,County Durham,RETAIL_HIGH_STREET,65500.0,62000.0,1347.928018880749
2714904000,7420192,thomas cook,2019,Cardiff,RETAIL_HIGH_STREET,10250.0,10250.0,1237.235676142923
2714904000,7273799000,thomas cook,2019,Cardiff,RETAIL_HIGH_STREET,10250.0,10250.0,855.4133407813772
2714904000,5502109000,thomas cook,2019,Cardiff,RETAIL_HIGH_STREET,10250.0,10250.0,2047.8762519013899
2714906000,9868433000,thomas cook,2019,Cardiff,OFFICE_GENERAL,7900.0,7900.0,1336.7196621828296
2714906000,9868443000,thomas cook,2019,Cardiff,OFFICE_GENERAL,7900.0,7900.0,1336.7196621828296
2714906000,4129882000,thomas cook,2019,Cardiff,OFFICE_GENERAL,7900.0,7900.0,894.939688142726
2715888000,10086942000,maplin,2018,Telford and Wrekin,RETAIL_OTHER_SUPERSTORES_AND_WAREHOUSES,106000.0,106000.0,862.8932477352917
2715888000,12054535000,maplin,2018,Telford and Wrekin,RETAIL_OTHER_SUPERSTORES_AND_WAREHOUSES,106000.0,105000.0,11073.368866295705
2715888000,14883877000,maplin,2018,Telford and Wrekin,RETAIL_OTHER_SUPERSTORES_AND_WAREHOUSES,106000.0,101000.0,2129.859238098612
2716506000,10363104000,wilko,2023,Cumberland,RETAIL_OTHER_SUPERSTORES_AND_WAREHOUSES,194000.0,190000.0,1244.8299872033251
2716506000,9607027000,wilko,2023,Cumberland,RETAIL_OTHER_SUPERSTORES_AND_WAREHOUSES,194000.0,199000.0,886.8430328081306
2716506000,150763124,wilko,2023,Cumberland,RETAIL_OTHER_SUPERSTORES_AND_WAREHOUSES,194000.0,200000.0,2128.019818647294
2731776000,11016980000,wilko,2023,County Durham,RETAIL_OTHER_SUPERSTORES_AND_WAREHOUSES,200000.0,206000.0,2101.059186977004
2731776000,4846511000,wilko,2023,County Durham,RETAIL_OTHER_SUPERSTORES_AND_WAREHOUSES,200000.0,206000.0,2101.059186977004
2731776000,14599107000,wilko,2023,County Durham,RETAIL_OTHER_SUPERSTORES_AND_WAREHOUSES,200000.0,209000.0,2101.059186977004
2734460000,328056244,debenhams,2020,Leeds,RETAIL_OTHER_SUPERSTORES_AND_WAREHOUSES,1370000.0,1390000.0,10423.950131195128
2734460000,257820244,debenhams,2020,Leeds,RETAIL_OTHER_SUPERSTORES_AND_WAREHOUSES,1370000.0,1330000.0,8505.47323706002
2734460000,3646997000,debenhams,2020,Leeds,RETAIL_OTHER_SUPERSTORES_AND_WAREHOUSES,1370000.0,1410000.0,13030.380241244779
2734657000,449911221,wilko,2023,Birmingham,RETAIL_OTHER_SUPERSTORES_AND_WAREHOUSES,175000.0,175000.0,894.8358437173954
2734657000,8827197000,wilko,2023,Birmingham,RETAIL_OTHER_SUPERSTORES_AND_WAREHOUSES,175000.0,175000.0,1940.5233250723122
2734657000,3364976000,wilko,2023,Birmingham,RETAIL_OTHER_SUPERSTORES_AND_WAREHOUSES,175000.0,174000.0,1038.8802381642533
2741278000,2741278000,arcadia,2020,Hartlepool,RETAIL_HIGH_STREET,6100.0,6100.0,1241.7363568861408
2741278000,232954102,arcadia,2020,Hartlepool,RETAIL_HIGH_STREET,6100.0,6000.0,2330.5380254405977
2741278000,60004102,arcadia,2020,Hartlepool,RETAIL_HIGH_STREET,6100.0,6000.0,549.2867822250661
2747920000,3827718000,body shop,2024,Basingstoke and Deane,RETAIL_HIGH_STREET,82000.0,58000.0,2728.674628279721
2747920000,12862756000,body shop,2024,Basingstoke and Deane,RETAIL_HIGH_STREET,82000.0,57000.0,10587.6806494643
2747920000,14348168000,body shop,2024,Basingstoke and Deane,RETAIL_HIGH_STREET,82000.0,51500.0,5276.988732242472
2762494000,156044,homebase,2024,Leicester,RETAIL_OTHER_SUPERSTORES_AND_WAREHOUSES,372500.0,239000.0,1869.9557747201568
2762494000,11434254000,homebase,2024,Leicester,RETAIL_OTHER_SUPERSTORES_AND_WAREHOUSES,372500.0,235000.0,3544.456294121937
2762494000,639543000,homebase,2024,Leicester,RETAIL_OTHER_SUPERSTORES_AND_WAREHOUSES,372500.0,233000.0,594.3916714439916
2770559000,2948742000,prezzo,2018,Braintree,RETAIL_RESTAURANTS_AND_CAFES,76500.0,80000.0,657.3663781601811
2770559000,134061023,prezzo,2018,Braintree,RETAIL_RESTAURANTS_AND_CAFES,76500.0,72000.0,9236.410562778245
2770559000,5320905000,prezzo,2018,Braintree,RETAIL_RESTAURANTS_AND_CAFES,76500.0,83000.0,22638.986879134132
2770800000,143031212,mothercare,2019,"Bristol, City of",RETAIL_OTHER_SUPERSTORES_AND_WAREHOUSES,360000.0,375000.0,1594.9531618269143
2770800000,4754392000,mothercare,2019,"Bristol, City of",RETAIL_OTHER_SUPERSTORES_AND_WAREHOUSES,360000.0,377500.0,1062.9610826661644
2770800000,12317911000,mothercare,2019,"Bristol, City of",RETAIL_OTHER_SUPERSTORES_AND_WAREHOUSES,360000.0,380000.0,1755.318114829307
2771295000,10328319000,cath kidston,2020,Kensington and Chelsea,OFFICE_GENERAL,45500.0,45500.0,455.96376846680624
2771295000,9661727000,cath kidston,2020,Kensington and Chelsea,OFFICE_GENERAL,45500.0,45250.0,876.6970738840304
2771295000,13877724000,cath kidston,2020,Kensington and Chelsea,OFFICE_GENERAL,45500.0,45250.0,842.4989993193637
2773728000,13976473000,homebase,2024,Swindon,RETAIL_OTHER_SUPERSTORES_AND_WAREHOUSES,805000.0,550000.0,1443.348458743442
2773728000,9118539000,homebase,2024,Swindon,RETAIL_OTHER_SUPERSTORES_AND_WAREHOUSES,805000.0,1070000.0,2243.746733643019
2773728000,6723750000,homebase,2024,Swindon,RETAIL_OTHER_SUPERSTORES_AND_WAREHOUSES,805000.0,1140000.0,3897.8683779215867
2787566000,4034261000,homebase,2024,Tunbridge Wells,RETAIL_HIGH_STREET,56500.0,30250.0,1315.0948579185826
2787566000,184236148,homebase,2024,Tunbridge Wells,RETAIL_HIGH_STREET,56500.0,29750.0,441.02364396695754
2787566000,178658148,homebase,2024,Tunbridge Wells,RETAIL_HIGH_STREET,56500.0,29250.0,3295.4324388965165
2787877000,8329214000,poundworld,2018,Chelmsford,RETAIL_OTHER_SUPERSTORES_AND_WAREHOUSES,192000.0,185000.0,505.97733296587177
2787877000,11280247000,poundworld,2018,Chelmsford,RETAIL_OTHER_SUPERSTORES_AND_WAREHOUSES,192000.0,177000.0,1676.5181859679856
2787877000,12213826000,poundworld,2018,Chelmsford,RETAIL_OTHER_SUPERSTORES_AND_WAREHOUSES,192000.0,177000.0,1676.5181859679856
2809887000,11491636000,wilko,2023,Plymouth,RETAIL_OTHER_SUPERSTORES_AND_WAREHOUSES,217000.0,214000.0,4101.35159284755
2809887000,11344055000,wilko,2023,Plymouth,RETAIL_OTHER_SUPERSTORES_AND_WAREHOUSES,217000.0,207000.0,4101.35159284755
2809887000,6363967000,wilko,2023,Plymouth,RETAIL_OTHER_SUPERSTORES_AND_WAREHOUSES,217000.0,229000.0,1939.6174515089283
2820431000,25331000,poundworld,2018,Sunderland,RETAIL_OTHER_SUPERSTORES_AND_WAREHOUSES,163000.0,165000.0,981.4822672070247
2820431000,1991467000,poundworld,2018,Sunderland,RETAIL_OTHER_SUPERSTORES_AND_WAREHOUSES,163000.0,166000.0,589.4470938061279
2820431000,354853094,poundworld,2018,Sunderland,RETAIL_OTHER_SUPERSTORES_AND_WAREHOUSES,163000.0,157000.0,3211.086294803653
2846891000,11041988000,body shop,2024,Leeds,OTHER_COMMERCIAL,1475.0,1475.0,1487.1851985244607
2846891000,11041978000,body shop,2024,Leeds,OTHER_COMMERCIAL,1475.0,1475.0,1487.1851985244607
2846891000,308610244,body shop,2024,Leeds,OTHER_COMMERCIAL,1475.0,1450.0,877.7999489289388
2853636000,163194063,maplin,2018,Camden,RETAIL_HIGH_STREET,241000.0,243000.0,960.6056352023878
2853636000,13354614000,maplin,2018,Camden,RETAIL_HIGH_STREET,241000.0,225000.0,965.7427509985718
2853636000,102357063,maplin,2018,Camden,RETAIL_HIGH_STREET,241000.0,225000.0,965.7427509985718
2859831000,4745273000,arcadia,2020,Watford,RETAIL_HIGH_STREET,347500.0,29000.0,1033.3688012898149
2859831000,8725323000,arcadia,2020,Watford,RETAIL_HIGH_STREET,347500.0,28750.0,652.9587396761112
2859831000,17514017,arcadia,2020,Watford,RETAIL_HIGH_STREET,347500.0,28000.0,530.3888766616142
2861745000,8830143000,thomas cook,2019,Cannock Chase,RETAIL_HIGH_STREET,25000.0,25000.0,3458.5536972870113
2861745000,156247226,thomas cook,2019,Cannock Chase,RETAIL_HIGH_STREET,25000.0,25250.0,9930.96409932524
2861745000,13381423000,thomas cook,2019,Cannock Chase,RETAIL_HIGH_STREET,25000.0,25250.0,952.2562812887613
2871554000,680880000,wilko,2023,West Northamptonshire,RETAIL_OTHER_SUPERSTORES_AND_WAREHOUSES,210000.0,210000.0,3648.49842559653
2871554000,8147219000,wilko,2023,West Northamptonshire,RETAIL_OTHER_SUPERSTORES_AND_WAREHOUSES,210000.0,206000.0,12251.94041919823
2871554000,215334045,wilko,2023,West Northamptonshire,RETAIL_OTHER_SUPERSTORES_AND_WAREHOUSES,210000.0,205000.0,607.9519207229275
2893626000,11373454000,thomas cook,2019,Isle of Wight,RETAIL_HIGH_STREET,37250.0,36750.0,10247.520950683025
2893626000,28483178,thomas cook,2019,Isle of Wight,RETAIL_HIGH_STREET,37250.0,36000.0,9524.482049414977
2893626000,8788538000,thomas cook,2019,Isle of Wight,RETAIL_HIGH_STREET,37250.0,38500.0,6851.9554048651635
2929383000,10071263000,maplin,2018,Cambridge,RETAIL_HIGH_STREET,46750.0,47250.0,627.1555282080863
2929383000,11533532000,maplin,2018,Cambridge,RETAIL_HIGH_STREET,46750.0,46000.0,1001.0073246697476
2929383000,8252583000,maplin,2018,Cambridge,RETAIL_HIGH_STREET,46750.0,48500.0,1515.3421536674039
2931626000,11522543000,wilko,2023,Basingstoke and Deane,RETAIL_OTHER_SUPERSTORES_AND_WAREHOUSES,295000.0,295000.0,1154.877395325867
2931626000,5218774000,wilko,2023,Basingstoke and Deane,RETAIL_OTHER_SUPERSTORES_AND_WAREHOUSES,295000.0,292500.0,1794.8026443996457
2931626000,10870161000,wilko,2023,Basingstoke and Deane,RETAIL_OTHER_SUPERSTORES_AND_WAREHOUSES,295000.0,312500.0,1285.5347116828339
2943585000,3870632000,body shop,2024,West Northamptonshire,OFFICE_GENERAL,14000.0,14000.0,8334.556730563505
2943585000,8982893000,body shop,2024,West Northamptonshire,OFFICE_GENERAL,14000.0,14000.0,17480.554534722152
2943585000,11258510000,body shop,2024,West Northamptonshire,OFFICE_GENERAL,14000.0,14000.0,1105.100114423859
2992479000,9428668000,wilko,2023,Rugby,RETAIL_OTHER_SUPERSTORES_AND_WAREHOUSES,153000.0,150000.0,1910.207351912795
2992479000,661172000,wilko,2023,Rugby,RETAIL_OTHER_SUPERSTORES_AND_WAREHOUSES,153000.0,136000.0,1426.7010552476281
2992479000,1738152000,wilko,2023,Rugby,RETAIL_OTHER_SUPERSTORES_AND_WAREHOUSES,153000.0,181000.0,1498.879604992473
2993471000,15029324000,thomas cook,2019,Rugby,RETAIL_HIGH_STREET,44250.0,45250.0,663.2894837412199
2993471000,11243021000,thomas cook,2019,Rugby,RETAIL_HIGH_STREET,44250.0,47500.0,6941.493497224047
2993471000,8814683000,thomas cook,2019,Rugby,RETAIL_HIGH_STREET,44250.0,48500.0,1521.593013951265
3007347000,14884849000,body shop,2024,County Durham,RETAIL_HIGH_STREET,23750.0,24000.0,1122.9070094062372
3007347000,142419104,body shop,2024,County Durham,RETAIL_HIGH_STREET,23750.0,24000.0,5619.982453960152
3007347000,55415104,body shop,2024,County Durham,RETAIL_HIGH_STREET,23750.0,24000.0,5609.872175672572
3032508000,9330463000,body shop,2024,Manchester,RETAIL_HIGH_STREET,129000.0,96500.0,2032.8340564473644
3032508000,8668760000,body shop,2024,Manchester,RETAIL_HIGH_STREET,129000.0,77000.0,2032.8340564473644
3032508000,14973249000,body shop,2024,Manchester,RETAIL_HIGH_STREET,129000.0,76000.0,585.7126730461692
3041906000,15037958000,debenhams,2020,Preston,RETAIL_OTHER_SUPERSTORES_AND_WAREHOUSES,925000.0,1460000.0,725.678474656431
3041906000,11988632000,debenhams,2020,Preston,RETAIL_OTHER_SUPERSTORES_AND_WAREHOUSES,925000.0,295000.0,7717.012126891242
3041906000,13618602000,debenhams,2020,Preston,RETAIL_OTHER_SUPERSTORES_AND_WAREHOUSES,925000.0,295000.0,4151.51651517325
3046501000,8804682000,poundworld,2018,Manchester,RETAIL_HIGH_STREET,92500.0,75500.0,1505.0632185748416
3046501000,9330386000,poundworld,2018,Manchester,RETAIL_HIGH_STREET,92500.0,75000.0,4678.870387654195
3046501000,221874113,poundworld,2018,Manchester,RETAIL_HIGH_STREET,92500.0,73000.0,4623.593364089315
3053915000,2695331000,homebase,2024,Birmingham,RETAIL_OTHER_SUPERSTORES_AND_WAREHOUSES,760000.0,755000.0,2288.2270706260647
3053915000,12479198000,homebase,2024,Birmingham,RETAIL_OTHER_SUPERSTORES_AND_WAREHOUSES,760000.0,805000.0,1161.3460883026412
3053915000,14806423000,homebase,2024,Birmingham,RETAIL_OTHER_SUPERSTORES_AND_WAREHOUSES,760000.0,830000.0,4156.825718622454
3069761000,410554148,strada,2018,Tunbridge Wells,RETAIL_RESTAURANTS_AND_CAFES,51500.0,52000.0,421.2614950480767
3069761000,178660148,strada,2018,Tunbridge Wells,RETAIL_RESTAURANTS_AND_CAFES,51500.0,50000.0,3466.7489881632005
3069761000,7625154000,strada,2018,Tunbridge Wells,RETAIL_RESTAURANTS_AND_CAFES,51500.0,49750.0,2747.7612695694097
3076705000,8993216000,debenhams,2020,Birmingham,RETAIL_OTHER_SUPERSTORES_AND_WAREHOUSES,2470000.0,2420000.0,3664.040578076328
3076705000,13641148000,debenhams,2020,Birmingham,RETAIL_OTHER_SUPERSTORES_AND_WAREHOUSES,2470000.0,2390000.0,3664.040578076328
3076705000,8879847000,debenhams,2020,Birmingham,RETAIL_OTHER_SUPERSTORES_AND_WAREHOUSES,2470000.0,2600000.0,3496.815340871364
3077205000,11370429000,cafe rouge,2020,Birmingham,RETAIL_RESTAURANTS_AND_CAFES,83000.0,82500.0,515.1058575919219
3077205000,7651103000,cafe rouge,2020,Birmingham,RETAIL_RESTAURANTS_AND_CAFES,83000.0,83500.0,561.9911012419219
3077205000,4303179000,cafe rouge,2020,Birmingham,RETAIL_RESTAURANTS_AND_CAFES,83000.0,83500.0,520.0206851091064
3077283000,11201503000,body shop,2024,Birmingham,RETAIL_HIGH_STREET,162000.0,113000.0,1084.3473651777674
3077283000,8399276000,body shop,2024,Birmingham,RETAIL_HIGH_STREET,162000.0,107000.0,1879.5833485689707
3077283000,441661221,body shop,2024,Birmingham,RETAIL_HIGH_STREET,162000.0,104000.0,1793.0859072227215
3078128000,8425364000,arcadia,2020,Birmingham,RETAIL_OTHER_SUPERSTORES_AND_WAREHOUSES,785000.0,865000.0,1161.3460883026412
3078128000,13656890000,arcadia,2020,Birmingham,RETAIL_OTHER_SUPERSTORES_AND_WAREHOUSES,785000.0,870000.0,3918.3535475735803
3078128000,8838865000,arcadia,2020,Birmingham,RETAIL_OTHER_SUPERSTORES_AND_WAREHOUSES,785000.0,875000.0,3918.3535475735803
3105168000,3621719000,arcadia,2020,Wiltshire,RETAIL_HIGH_STREET,56500.0,56000.0,5649.199345805254
3105168000,12570983000,arcadia,2020,Wiltshire,RETAIL_HIGH_STREET,56500.0,57000.0,6190.597979811679
3105168000,8831223000,arcadia,2020,Wiltshire,RETAIL_HIGH_STREET,56500.0,55500.0,7041.964555554927
3124530000,8795163000,arcadia,2020,Birmingham,RETAIL_HIGH_STREET,470000.0,104000.0,3643.957471255964
3124530000,8795398000,arcadia,2020,Birmingham,RETAIL_HIGH_STREET,470000.0,100000.0,1201.2550077155163
3124530000,8788824000,arcadia,2020,Birmingham,RETAIL_HIGH_STREET,470000.0,100000.0,1793.0859072227215
3152932000,13726571000,arcadia,2020,Cardiff,OFFICE_GENERAL,770.0,770.0,471.652431752392
3152932000,3152940000,arcadia,2020,Cardiff,OFFICE_GENERAL,770.0,770.0,1648.625480267135
3152932000,3152932000,arcadia,2020,Cardiff,OFFICE_GENERAL,770.0,770.0,1648.625480267135
3153879000,13380984000,wilko,2023,Cannock Chase,RETAIL_HIGH_STREET,73000.0,72500.0,952.2562812887613
3153879000,13381325000,wilko,2023,Cannock Chase,RETAIL_HIGH_STREET,73000.0,73500.0,952.2562812887613
3153879000,13249668000,wilko,2023,Cannock Chase,RETAIL_HIGH_STREET,73000.0,73500.0,952.2562812887613
3155282000,14764155000,homebase,2024,Nottingham,RETAIL_OTHER_SUPERSTORES_AND_WAREHOUSES,1100000.0,1170000.0,1079.619737233706
3155282000,12977414000,homebase,2024,Nottingham,RETAIL_OTHER_SUPERSTORES_AND_WAREHOUSES,1100000.0,1000000.0,1281.4220651441722
3155282000,329041037,homebase,2024,Nottingham,RETAIL_OTHER_SUPERSTORES_AND_WAREHOUSES,1100000.0,1360000.0,2210.59339689374
3156265000,5175496000,prezzo,2018,West Northamptonshire,INDUSTRIAL_GENERAL,22750.0,22750.0,6834.823100194544
3156265000,6242027000,prezzo,2018,West Northamptonshire,INDUSTRIAL_GENERAL,22750.0,22750.0,993.9174937817105
3156265000,13156452000,prezzo,2018,West Northamptonshire,INDUSTRIAL_GENERAL,22750.0,22750.0,26914.123890247625
3162032000,7719687000,arcadia,2020,Stockton-on-Tees,RETAIL_HIGH_STREET,83000.0,80500.0,2104.5523988232744
3162032000,8084983000,arcadia,2020,Stockton-on-Tees,RETAIL_HIGH_STREET,83000.0,79500.0,5128.238140499985
3162032000,10757644000,arcadia,2020,Stockton-on-Tees,RETAIL_HIGH_STREET,83000.0,76500.0,2134.8510407315575
3181987000,8593498000,paperchase,2023,Somerset,RETAIL_HIGH_STREET,58000.0,58000.0,3113.241013175616
3181987000,102249183,paperchase,2023,Somerset,RETAIL_HIGH_STREET,58000.0,58500.0,32826.34332050238
3181987000,5376515000,paperchase,2023,Somerset,RETAIL_HIGH_STREET,58000.0,58500.0,494.2044456321119
3182003000,36389186,body shop,2024,Somerset,RETAIL_HIGH_STREET,60000.0,60000.0,11852.6492155954
3182003000,145821186,body shop,2024,Somerset,RETAIL_HIGH_STREET,60000.0,59500.0,11121.191617437298
3182003000,9427135000,body shop,2024,Somerset,RETAIL_HIGH_STREET,60000.0,59000.0,889.9405100316636
3191801000,13281286000,arcadia,2020,Wiltshire,OFFICE_GENERAL,4150.0,4150.0,16615.019203768228
3191801000,10452011000,arcadia,2020,Wiltshire,OFFICE_GENERAL,4150.0,4150.0,16639.1761350522
3191801000,14760332000,arcadia,2020,Wiltshire,OFFICE_GENERAL,4150.0,4150.0,1305.7777902011924
3203625000,9686206000,body shop,2024,Wiltshire,RETAIL_HIGH_STREET,27250.0,27250.0,17613.185181284854
3203625000,343840216,body shop,2024,Wiltshire,RETAIL_HIGH_STREET,27250.0,27250.0,749.5266735045535
3203625000,282393000,body shop,2024,Wiltshire,RETAIL_HIGH_STREET,27250.0,27250.0,4359.701740021832
3217980000,8791683000,arcadia,2020,East Staffordshire,RETAIL_HIGH_STREET,87500.0,36500.0,1909.8508877976549
3217980000,11790276000,arcadia,2020,East Staffordshire,RETAIL_HIGH_STREET,87500.0,36500.0,18837.20563372224
3217980000,14409405000,arcadia,2020,East Staffordshire,RETAIL_HIGH_STREET,87500.0,36000.0,26962.973080709333
3218022000,207799232,arcadia,2020,East Staffordshire,RETAIL_HIGH_STREET,80000.0,35750.0,18777.67363193328
3218022000,170253232,arcadia,2020,East Staffordshire,RETAIL_HIGH_STREET,80000.0,34500.0,18807.246002060718
3218022000,170258232,arcadia,2020,East Staffordshire,RETAIL_HIGH_STREET,80000.0,33750.0,18807.246002060718
3241062000,293247132,paperchase,2023,Cheshire West and Chester,RETAIL_HIGH_STREET,189000.0,26750.0,19088.04741109113
3241062000,12377683000,paperchase,2023,Cheshire West and Chester,RETAIL_HIGH_STREET,189000.0,26500.0,491.63929482429603
3241062000,11990853000,paperchase,2023,Cheshire West and Chester,RETAIL_HIGH_STREET,189000.0,26250.0,14864.803231742704
3248237000,10789727000,arcadia,2020,Maidstone,INDUSTRIAL_GENERAL,19500.0,19500.0,6520.98430284834
3248237000,3248237000,arcadia,2020,Maidstone,INDUSTRIAL_GENERAL,19500.0,19500.0,1881.2779340897118
3248237000,14791339000,arcadia,2020,Maidstone,INDUSTRIAL_GENERAL,19500.0,19500.0,6520.98430284834
3248819000,10908288000,paperchase,2023,Tower Hamlets,RETAIL_HIGH_STREET,96500.0,98500.0,465.2058085869424
3248819000,12371859000,paperchase,2023,Tower Hamlets,RETAIL_HIGH_STREET,96500.0,99500.0,2170.0732145249494
3248819000,13705814000,paperchase,2023,Tower Hamlets,RETAIL_HIGH_STREET,96500.0,93000.0,431.4222496126617
3248840000,12345238000,body shop,2024,Tower Hamlets,RETAIL_HIGH_STREET,91500.0,91500.0,1340.9765628263722
3248840000,14125298000,body shop,2024,Tower Hamlets,RETAIL_HIGH_STREET,91500.0,91000.0,481.9176918479522
3248840000,7522143000,body shop,2024,Tower Hamlets,RETAIL_HIGH_STREET,91500.0,90500.0,743.2649138912103
3250949000,14739440000,homebase,2024,Milton Keynes,OFFICE_GENERAL,277500.0,277500.0,1204.7412723720588
3250949000,7609943000,homebase,2024,Milton Keynes,OFFICE_GENERAL,277500.0,277500.0,1283.6274549287282
3250949000,10271757000,homebase,2024,Milton Keynes,OFFICE_GENERAL,277500.0,272500.0,2207.1342892002144
3253042000,14288068000,wilko,2023,Chelmsford,RETAIL_OTHER_SUPERSTORES_AND_WAREHOUSES,297500.0,292500.0,1787.5913750608368
3253042000,11224614000,wilko,2023,Chelmsford,RETAIL_OTHER_SUPERSTORES_AND_WAREHOUSES,297500.0,290000.0,1676.5181859679856
3253042000,6878225000,wilko,2023,Chelmsford,RETAIL_OTHER_SUPERSTORES_AND_WAREHOUSES,297500.0,285000.0,1982.7404954014087
3255365000,9784704000,body shop,2024,Hammersmith and Fulham,INDUSTRIAL_GENERAL,20750.0,20750.0,2399.171515765125
3255365000,2856521000,body shop,2024,Hammersmith and Fulham,INDUSTRIAL_GENERAL,20750.0,20750.0,543.3920386805577
3255365000,227111082,body shop,2024,Hammersmith and Fulham,INDUSTRIAL_GENERAL,20750.0,20500.0,1165.0974277779567
3259743000,10375571000,body shop,2024,Leeds,RETAIL_HIGH_STREET,144000.0,51500.0,1582.818620446322
3259743000,378221244,body shop,2024,Leeds,RETAIL_HIGH_STREET,144000.0,51500.0,12873.576113339244
3259743000,5621742000,body shop,2024,Leeds,RETAIL_HIGH_STREET,144000.0,51000.0,2646.7979066083426
3280017000,10107583000,debenhams,2020,Dudley,INDUSTRIAL_GENERAL,68500.0,68500.0,1732.6614792534165
3280017000,1510973000,debenhams,2020,Dudley,INDUSTRIAL_GENERAL,68500.0,68500.0,645.7657321228054
3280017000,7014460000,debenhams,2020,Dudley,INDUSTRIAL_GENERAL,68500.0,68500.0,1590.7069592557887
3295638000,3295653000,arcadia,2020,"Bournemouth, Christchurch and Poole",RETAIL_HIGH_STREET,395000.0,385000.0,592.250095627617
3295638000,3295651000,arcadia,2020,"Bournemouth, Christchurch and Poole",RETAIL_HIGH_STREET,395000.0,367500.0,592.250095627617
3295638000,3295645000,arcadia,2020,"Bournemouth, Christchurch and Poole",RETAIL_HIGH_STREET,395000.0,367500.0,592.250095627617
3297207000,197673044,frankie&bennys,2020,Leicester,RETAIL_HIGH_STREET,6400.0,6400.0,1164.0619328913617
3297207000,12995506000,frankie&bennys,2020,Leicester,RETAIL_HIGH_STREET,6400.0,6400.0,2064.3321100722937
3297207000,11624165000,frankie&bennys,2020,Leicester,RETAIL_HIGH_STREET,6400.0,6400.0,2387.6876759862694
3298324000,13276296000,ted baker,2024,Manchester,RETAIL_HIGH_STREET,272500.0,239000.0,2993.3037778301
3298324000,14518213000,ted baker,2024,Manchester,RETAIL_HIGH_STREET,272500.0,192000.0,694.5220055146132
3298324000,12086476000,ted baker,2024,Manchester,RETAIL_HIGH_STREET,272500.0,192000.0,694.5220055146132
3301145000,11713046000,arcadia,2020,Leeds,OFFICE_GENERAL,6200.0,6200.0,4460.923021223346
3301145000,400583244,arcadia,2020,Leeds,OFFICE_GENERAL,6200.0,6200.0,1449.1573876702043
3301145000,7242863000,arcadia,2020,Leeds,OFFICE_GENERAL,6200.0,6200.0,1913.6102422058013
3304603000,175364108,paperchase,2023,York,RETAIL_HIGH_STREET,173000.0,40500.0,2577.348411872708
3304603000,163834108,paperchase,2023,York,RETAIL_HIGH_STREET,173000.0,37000.0,3594.3309973084006
3304603000,9338553000,paperchase,2023,York,RETAIL_HIGH_STREET,173000.0,36250.0,799.3321667084189
3304695000,3304689000,arcadia,2020,"Bournemouth, Christchurch and Poole",RETAIL_HIGH_STREET,377500.0,357500.0,592.250095627617
3304695000,3295657000,arcadia,2020,"Bournemouth, Christchurch and Poole",RETAIL_HIGH_STREET,377500.0,352500.0,740.0762774128937
3304695000,3304703000,arcadia,2020,"Bournemouth, Christchurch and Poole",RETAIL_HIGH_STREET,377500.0,347500.0,740.0762774128937
3330896000,10616239000,wilko,2023,County Durham,RETAIL_OTHER_SUPERSTORES_AND_WAREHOUSES,220000.0,220000.0,2822.024323043455
3330896000,14533318000,wilko,2023,County Durham,RETAIL_OTHER_SUPERSTORES_AND_WAREHOUSES,220000.0,217000.0,5654.388384878048
3330896000,728958104,wilko,2023,County Durham,RETAIL_OTHER_SUPERSTORES_AND_WAREHOUSES,220000.0,224000.0,5946.497027623632
3331912000,429242221,arcadia,2020,Birmingham,RETAIL_HIGH_STREET,1450.0,1450.0,1065.2241816660717
3331912000,539948221,arcadia,2020,Birmingham,RETAIL_HIGH_STREET,1450.0,1450.0,2725.4733221141178
3331912000,332067221,arcadia,2020,Birmingham,RETAIL_HIGH_STREET,1450.0,1450.0,2825.764272014194
3337960000,9691433000,strada,2018,West Northamptonshire,RETAIL_RESTAURANTS_AND_CAFES,16500.0,16500.0,9439.275731924878
3337960000,452527045,strada,2018,West Northamptonshire,RETAIL_RESTAURANTS_AND_CAFES,16500.0,16500.0,1935.9984084003256
3337960000,11601788000,strada,2018,West Northamptonshire,RETAIL_RESTAURANTS_AND_CAFES,16500.0,16500.0,9439.275731924878
3361063000,14933400000,arcadia,2020,Telford and Wrekin,RETAIL_HIGH_STREET,108000.0,38250.0,2046.1089209009801
3361063000,161057234,arcadia,2020,Telford and Wrekin,RETAIL_HIGH_STREET,108000.0,38000.0,11074.62830032107
3361063000,151023234,arcadia,2020,Telford and Wrekin,RETAIL_HIGH_STREET,108000.0,32750.0,1936.4349616624688
3378144000,3744354000,homebase,2024,Buckinghamshire,RETAIL_OTHER_SUPERSTORES_AND_WAREHOUSES,695000.0,725000.0,2398.0165685096654
3378144000,10124071000,homebase,2024,Buckinghamshire,RETAIL_OTHER_SUPERSTORES_AND_WAREHOUSES,695000.0,750000.0,1904.4676403393566
3378144000,471086162,homebase,2024,Buckinghamshire,RETAIL_OTHER_SUPERSTORES_AND_WAREHOUSES,695000.0,780000.0,2734.4371161500353
3396343000,15072576000,homebase,2024,North Yorkshire,RETAIL_OTHER_SUPERSTORES_AND_WAREHOUSES,317500.0,320000.0,40373.41872849411
3396343000,421269000,homebase,2024,North Yorkshire,RETAIL_OTHER_SUPERSTORES_AND_WAREHOUSES,317500.0,337500.0,47523.96576888013
3396343000,13134691000,homebase,2024,North Yorkshire,RETAIL_OTHER_SUPERSTORES_AND_WAREHOUSES,317500.0,350000.0,6642.773338793834
3415685000,2100888000,arcadia,2020,Southampton,OFFICE_GENERAL,0.0,0.0,518.6249143771454
3415685000,2100889000,arcadia,2020,Southampton,OFFICE_GENERAL,0.0,0.0,518.6249143771454
3415685000,2016980000,arcadia,2020,Southampton,OFFICE_GENERAL,0.0,0.0,518.6249143771454
3416488000,14665243000,homebase,2024,Gloucester,RETAIL_OTHER_SUPERSTORES_AND_WAREHOUSES,635000.0,730000.0,4351.083165753681
3416488000,13024261000,homebase,2024,Gloucester,RETAIL_OTHER_SUPERSTORES_AND_WAREHOUSES,635000.0,450000.0,4351.083165753681
3416488000,10202872000,homebase,2024,Gloucester,RETAIL_OTHER_SUPERSTORES_AND_WAREHOUSES,635000.0,445000.0,3074.079611574775
3437256000,2306745000,body shop,2024,Sevenoaks,INDUSTRIAL_GENERAL,59500.0,59500.0,3791.028662492773
3437256000,6683129000,body shop,2024,Sevenoaks,INDUSTRIAL_GENERAL,59500.0,59000.0,11423.827533734571
3437256000,7956232000,body shop,2024,Sevenoaks,INDUSTRIAL_GENERAL,59500.0,59000.0,11437.250377325237
3437551000,14362215000,mothercare,2019,Thurrock,RETAIL_OTHER_SUPERSTORES_AND_WAREHOUSES,247000.0,60500.0,462.6189073061506
3437551000,878965022,mothercare,2019,Thurrock,RETAIL_OTHER_SUPERSTORES_AND_WAREHOUSES,247000.0,55500.0,1492.945403449701
3437551000,756895022,mothercare,2019,Thurrock,RETAIL_OTHER_SUPERSTORES_AND_WAREHOUSES,247000.0,36500.0,2362.4021453974397
3443925000,80716178,maplin,2018,Isle of Wight,INDUSTRIAL_GENERAL,14000.0,14000.0,10612.656982125724
3443925000,14046921000,maplin,2018,Isle of Wight,INDUSTRIAL_GENERAL,14000.0,14000.0,4975.4277742165905
3443925000,8062263000,maplin,2018,Isle of Wight,INDUSTRIAL_GENERAL,14000.0,14000.0,1761.6871850492682
3456466000,4165649000,body shop,2024,Leeds,RETAIL_HIGH_STREET,39250.0,39000.0,530.4634752459407
3456466000,5621763000,body shop,2024,Leeds,RETAIL_HIGH_STREET,39250.0,38750.0,2646.7979066083426
3456466000,316908244,body shop,2024,Leeds,RETAIL_HIGH_STREET,39250.0,38750.0,2304.2422950905357
3491610000,8061694000,paperchase,2023,Buckinghamshire,INDUSTRIAL_GENERAL,9200.0,9200.0,22587.03609048002
3491610000,208930162,paperchase,2023,Buckinghamshire,INDUSTRIAL_GENERAL,9200.0,9200.0,17665.86909644527
3491610000,14730050000,paperchase,2023,Buckinghamshire,INDUSTRIAL_GENERAL,9200.0,9200.0,9080.839199120277
3494904000,4914178,maplin,2018,Isle of Wight,RETAIL_OTHER_SUPERSTORES_AND_WAREHOUSES,70500.0,73000.0,4569.24641522942
3494904000,108678000,maplin,2018,Isle of Wight,RETAIL_OTHER_SUPERSTORES_AND_WAREHOUSES,70500.0,65500.0,1583.3541858128456
3494904000,3150807000,maplin,2018,Isle of Wight,RETAIL_OTHER_SUPERSTORES_AND_WAREHOUSES,70500.0,78500.0,528.0613334247918
3499029000,6388062000,wilko,2023,Leicester,RETAIL_OTHER_SUPERSTORES_AND_WAREHOUSES,260000.0,224000.0,2844.871553994765
3499029000,9779148000,wilko,2023,Leicester,RETAIL_OTHER_SUPERSTORES_AND_WAREHOUSES,260000.0,212000.0,1251.1002194924138
3499029000,1585159000,wilko,2023,Leicester,RETAIL_OTHER_SUPERSTORES_AND_WAREHOUSES,260000.0,208000.0,1208.1325478560473
3500094000,1597517000,homebase,2024,Cambridge,RETAIL_OTHER_SUPERSTORES_AND_WAREHOUSES,1360000.0,1180000.0,3705.229681892177
3500094000,13666568000,homebase,2024,Cambridge,RETAIL_OTHER_SUPERSTORES_AND_WAREHOUSES,1360000.0,2060000.0,1463.120010944189
3500094000,13662775000,homebase,2024,Cambridge,RETAIL_OTHER_SUPERSTORES_AND_WAREHOUSES,1360000.0,2080000.0,1463.120010944189
3500243000,80759023,prezzo,2018,Braintree,RETAIL_RESTAURANTS_AND_CAFES,16250.0,16000.0,3961.5720223927055
3500243000,47679023,prezzo,2018,Braintree,RETAIL_RESTAURANTS_AND_CAFES,16250.0,16000.0,11058.12568428457
3500243000,193888023,prezzo,2018,Braintree,RETAIL_RESTAURANTS_AND_CAFES,16250.0,15750.0,10902.963744814784
3500547000,8728463000,prezzo,2018,Reading,RETAIL_RESTAURANTS_AND_CAFES,73500.0,75000.0,868.8160128269864
3500547000,11789876000,prezzo,2018,Reading,RETAIL_RESTAURANTS_AND_CAFES,73500.0,76500.0,992.3553406306886
3500547000,502732165,prezzo,2018,Reading,RETAIL_RESTAURANTS_AND_CAFES,73500.0,80000.0,985.6236006513311
3507164000,13127406000,arcadia,2020,Milton Keynes,WAREHOUSING_LARGE_SCALE_AND_HIGH_BAY,1270000.0,1280000.0,1531.671552412207
3507164000,575509162,arcadia,2020,Milton Keynes,WAREHOUSING_LARGE_SCALE_AND_HIGH_BAY,1270000.0,1280000.0,1522.7909818890087
3507164000,12985545000,arcadia,2020,Milton Keynes,WAREHOUSING_LARGE_SCALE_AND_HIGH_BAY,1270000.0,1200000.0,3055.839472951995
3518095000,58849176,arcadia,2020,Southampton,OFFICE_GENERAL,0.0,0.0,1885.0183199383403
3518095000,58851176,arcadia,2020,Southampton,OFFICE_GENERAL,0.0,0.0,1885.0183199383403
3518095000,2100897000,arcadia,2020,Southampton,OFFICE_GENERAL,0.0,0.0,518.6249143771454
3542441000,5446989000,arcadia,2020,Stoke-on-Trent,RETAIL_HIGH_STREET,16500.0,16500.0,2713.3322779920145
3542441000,3514475000,arcadia,2020,Stoke-on-Trent,RETAIL_HIGH_STREET,16500.0,16500.0,2018.5202324981267
3542441000,4333329000,arcadia,2020,Stoke-on-Trent,RETAIL_HIGH_STREET,16500.0,16500.0,484.83038777318205
3542743000,13926980000,arcadia,2020,Tower Hamlets,RETAIL_HIGH_STREET,26000.0,26000.0,930.6881481689851
3542743000,6234569000,arcadia,2020,Tower Hamlets,RETAIL_HIGH_STREET,26000.0,26000.0,572.924597927799
3542743000,247586058,arcadia,2020,Tower Hamlets,RETAIL_HIGH_STREET,26000.0,26000.0,1409.8756161643062
3543155000,4862379000,body shop,2024,Canterbury,RETAIL_HIGH_STREET,100000.0,137000.0,1082.414027930342
3543155000,8786758000,body shop,2024,Canterbury,RETAIL_HIGH_STREET,100000.0,53000.0,1062.2128146429407
3543155000,1468401000,body shop,2024,Canterbury,RETAIL_HIGH_STREET,100000.0,48750.0,1678.0696825003106
3548391000,378326133,wilko,2023,Cheshire West and Chester,RETAIL_OTHER_SUPERSTORES_AND_WAREHOUSES,153000.0,153000.0,1047.1864542322144
3548391000,229658132,wilko,2023,Cheshire West and Chester,RETAIL_OTHER_SUPERSTORES_AND_WAREHOUSES,153000.0,154000.0,1482.4474573290845
3548391000,44728132,wilko,2023,Cheshire West and Chester,RETAIL_OTHER_SUPERSTORES_AND_WAREHOUSES,153000.0,154000.0,3787.2441465265306
3559245000,112530012,maplin,2018,Cambridge,RETAIL_OTHER_SUPERSTORES_AND_WAREHOUSES,96000.0,101000.0,2440.4419209345547
3559245000,1192012,maplin,2018,Cambridge,RETAIL_OTHER_SUPERSTORES_AND_WAREHOUSES,96000.0,88500.0,1787.5018149956554
3559245000,8873763000,maplin,2018,Cambridge,RETAIL_OTHER_SUPERSTORES_AND_WAREHOUSES,96000.0,86000.0,1324.1376291404545
3580680000,11400627000,frankie&bennys,2020,Buckinghamshire,RETAIL_RESTAURANTS_AND_CAFES,90000.0,89500.0,7513.360253260304
3580680000,2355220000,frankie&bennys,2020,Buckinghamshire,RETAIL_RESTAURANTS_AND_CAFES,90000.0,90500.0,12772.02705942444
3580680000,210792162,frankie&bennys,2020,Buckinghamshire,RETAIL_RESTAURANTS_AND_CAFES,90000.0,89000.0,7929.595906446255
3593772000,4511758000,wilko,2023,North Hertfordshire,OTHER_COMMERCIAL,480.0,480.0,1145.008065359782
3593772000,4511720000,wilko,2023,North Hertfordshire,OTHER_COMMERCIAL,480.0,480.0,2025.8536859544877
3593772000,4705690000,wilko,2023,North Hertfordshire,OTHER_COMMERCIAL,480.0,480.0,1345.4493456837486
3628473000,13531694000,wilko,2023,Canterbury,RETAIL_OTHER_SUPERSTORES_AND_WAREHOUSES,352500.0,377500.0,1606.636183325858
3628473000,12958021000,wilko,2023,Canterbury,RETAIL_OTHER_SUPERSTORES_AND_WAREHOUSES,352500.0,382500.0,9487.950748310275
3628473000,3601010000,wilko,2023,Canterbury,RETAIL_OTHER_SUPERSTORES_AND_WAREHOUSES,352500.0,387500.0,1363.1864121252165
3643770000,10837897000,poundworld,2018,Birmingham,RETAIL_HIGH_STREET,124000.0,99500.0,1240.6645893233217
3643770000,7851126000,poundworld,2018,Birmingham,RETAIL_HIGH_STREET,124000.0,99000.0,1879.5833485689707
3643770000,335756221,poundworld,2018,Birmingham,RETAIL_HIGH_STREET,124000.0,98500.0,1831.1335773748876
3643773000,7967573000,arcadia,2020,Birmingham,RETAIL_HIGH_STREET,97000.0,95500.0,1793.0859072227215
3643773000,7851305000,arcadia,2020,Birmingham,RETAIL_HIGH_STREET,97000.0,95000.0,1879.5833485689707
3643773000,8956597000,arcadia,2020,Birmingham,RETAIL_HIGH_STREET,97000.0,94500.0,1804.9355439664603
3653662000,215009162,prezzo,2018,Buckinghamshire,RETAIL_RESTAURANTS_AND_CAFES,38750.0,38750.0,17160.53747573942
3653662000,14984665000,prezzo,2018,Buckinghamshire,RETAIL_RESTAURANTS_AND_CAFES,38750.0,38500.0,10578.882292621747
3653662000,15090108000,prezzo,2018,Buckinghamshire,RETAIL_RESTAURANTS_AND_CAFES,38750.0,38250.0,11487.629868676091
3661780000,11724021000,poundworld,2018,Blackpool,RETAIL_HIGH_STREET,162000.0,65000.0,3548.424502904837
3661780000,7492738000,poundworld,2018,Blackpool,RETAIL_HIGH_STREET,162000.0,63500.0,473.1439150109207
3661780000,8155977000,poundworld,2018,Blackpool,RETAIL_HIGH_STREET,162000.0,58000.0,3763.113562608254
3690080000,1336030000,arcadia,2020,Telford and Wrekin,RETAIL_OTHER_SUPERSTORES_AND_WAREHOUSES,310000.0,255000.0,441.6197474299782
3690080000,11351621000,arcadia,2020,Telford and Wrekin,RETAIL_OTHER_SUPERSTORES_AND_WAREHOUSES,310000.0,255000.0,11026.241304605232
3690080000,11155128000,arcadia,2020,Telford and Wrekin,RETAIL_OTHER_SUPERSTORES_AND_WAREHOUSES,310000.0,247000.0,2299.17283598371
3694547000,760432000,homebase,2024,Dorset,RETAIL_OTHER_SUPERSTORES_AND_WAREHOUSES,247500.0,245000.0,507.1213857520171
3694547000,159681173,homebase,2024,Dorset,RETAIL_OTHER_SUPERSTORES_AND_WAREHOUSES,247500.0,237000.0,1873.4503177463926
3694547000,12625505000,homebase,2024,Dorset,RETAIL_OTHER_SUPERSTORES_AND_WAREHOUSES,247500.0,272500.0,37205.27434010993
3695292000,8832136000,paperchase,2023,Brighton and Hove,RETAIL_HIGH_STREET,51000.0,53500.0,728.4016444463551
3695292000,9591276000,paperchase,2023,Brighton and Hove,RETAIL_HIGH_STREET,51000.0,55500.0,1472.797881218993
3695292000,9792931000,paperchase,2023,Brighton and Hove,RETAIL_HIGH_STREET,51000.0,56500.0,1516.6342288914561
3722848000,10587243000,poundworld,2018,Harlow,RETAIL_OTHER_SUPERSTORES_AND_WAREHOUSES,171000.0,170000.0,2959.2327432120237
3722848000,10542801000,poundworld,2018,Harlow,RETAIL_OTHER_SUPERSTORES_AND_WAREHOUSES,171000.0,134000.0,706.1945990321743
3722848000,13328084000,poundworld,2018,Harlow,RETAIL_OTHER_SUPERSTORES_AND_WAREHOUSES,171000.0,133000.0,1161.9438466134434
3724004000,8236461000,thomas cook,2019,Peterborough,WAREHOUSING_LARGE_SCALE_AND_HIGH_BAY,21500.0,21500.0,598.1599333988687
3724004000,13459809000,thomas cook,2019,Peterborough,WAREHOUSING_LARGE_SCALE_AND_HIGH_BAY,21500.0,21000.0,440.16702280792884
3724004000,9923027000,thomas cook,2019,Peterborough,WAREHOUSING_LARGE_SCALE_AND_HIGH_BAY,21500.0,22000.0,1854.5121570067363
3753078000,10159254000,thomas cook,2019,Sunderland,RETAIL_HIGH_STREET,101000.0,47250.0,1479.3643646957892
3753078000,9414975000,thomas cook,2019,Sunderland,RETAIL_HIGH_STREET,101000.0,47000.0,9977.683749860067
3753078000,14269905000,thomas cook,2019,Sunderland,RETAIL_HIGH_STREET,101000.0,41750.0,1310.9042896877054
3771026000,29943042,arcadia,2020,Derby,INDUSTRIAL_GENERAL,7700.0,7700.0,2706.437934346282
3771026000,3771026000,arcadia,2020,Derby,INDUSTRIAL_GENERAL,7700.0,7700.0,1717.1731245069684
3771026000,14876291000,arcadia,2020,Derby,INDUSTRIAL_GENERAL,7700.0,7700.0,550.0303791974936
3777368000,242000175,wilko,2023,Fareham,RETAIL_OTHER_SUPERSTORES_AND_WAREHOUSES,280000.0,270000.0,1915.6780148432663
3777368000,261777175,wilko,2023,Fareham,RETAIL_OTHER_SUPERSTORES_AND_WAREHOUSES,280000.0,300000.0,5334.5286157005385
3777368000,10254457000,wilko,2023,Fareham,RETAIL_OTHER_SUPERSTORES_AND_WAREHOUSES,280000.0,255000.0,555.3353400739185
3794917000,180697163,prezzo,2018,South Oxfordshire,RETAIL_RESTAURANTS_AND_CAFES,25750.0,25750.0,9324.9872194935
3794917000,180822163,prezzo,2018,South Oxfordshire,RETAIL_RESTAURANTS_AND_CAFES,25750.0,25500.0,13357.488416088461
3794917000,3772620000,prezzo,2018,South Oxfordshire,RETAIL_RESTAURANTS_AND_CAFES,25750.0,25500.0,7055.081034680235
3802265000,2245402000,bhs,2016,North Northamptonshire,INDUSTRIAL_GENERAL,13000.0,13000.0,1326.607744749307
3802265000,4400569000,bhs,2016,North Northamptonshire,INDUSTRIAL_GENERAL,13000.0,13000.0,2409.655906002939
3802265000,11854274000,bhs,2016,North Northamptonshire,INDUSTRIAL_GENERAL,13000.0,13000.0,1374.8974352347363
3802956000,1709850000,carluccios,2020,Kensington and Chelsea,RETAIL_RESTAURANTS_AND_CAFES,184000.0,184000.0,430.7267948998859
3802956000,20712082,carluccios,2020,Kensington and Chelsea,RETAIL_RESTAURANTS_AND_CAFES,184000.0,187000.0,456.45030970845175
3802956000,12334044000,carluccios,2020,Kensington and Chelsea,RETAIL_RESTAURANTS_AND_CAFES,184000.0,188000.0,848.0298260108294
3810849000,12603064000,toys r us,2018,Cambridge,RETAIL_OTHER_SUPERSTORES_AND_WAREHOUSES,430000.0,450000.0,507.00840882727886
3810849000,2632285000,toys r us,2018,Cambridge,RETAIL_OTHER_SUPERSTORES_AND_WAREHOUSES,430000.0,352500.0,507.00840882727886
3810849000,382204012,toys r us,2018,Cambridge,RETAIL_OTHER_SUPERSTORES_AND_WAREHOUSES,430000.0,350000.0,507.00840882727886
3819618000,3850472000,maplin,2018,Rushmoor,RETAIL_OTHER_SUPERSTORES_AND_WAREHOUSES,160000.0,162000.0,1661.2089006452352
3819618000,6478604000,maplin,2018,Rushmoor,RETAIL_OTHER_SUPERSTORES_AND_WAREHOUSES,160000.0,156000.0,1764.1211460967663
3819618000,295669171,maplin,2018,Rushmoor,RETAIL_OTHER_SUPERSTORES_AND_WAREHOUSES,160000.0,140000.0,1822.9694287281416
3845859000,11759968000,arcadia,2020,Buckinghamshire,OFFICE_GENERAL,35250.0,35250.0,1253.2393926449242
3845859000,10051387000,arcadia,2020,Buckinghamshire,OFFICE_GENERAL,35250.0,35250.0,4658.347385520391
3845859000,7494571000,arcadia,2020,Buckinghamshire,OFFICE_GENERAL,35250.0,35250.0,3073.4528946521673
3848654000,8058866000,wilko,2023,Thanet,RETAIL_OTHER_SUPERSTORES_AND_WAREHOUSES,128000.0,156000.0,1319.8123682797445
3848654000,536659145,wilko,2023,Thanet,RETAIL_OTHER_SUPERSTORES_AND_WAREHOUSES,128000.0,95500.0,484.2280744555103
3848654000,1191905000,wilko,2023,Thanet,RETAIL_OTHER_SUPERSTORES_AND_WAREHOUSES,128000.0,80000.0,461.16631543380396
3871377000,3304737000,arcadia,2020,"Bournemouth, Christchurch and Poole",RETAIL_HIGH_STREET,220000.0,217000.0,740.0762774128937
3871377000,3304730000,arcadia,2020,"Bournemouth, Christchurch and Poole",RETAIL_HIGH_STREET,220000.0,216000.0,740.0762774128937
3871377000,3304726000,arcadia,2020,"Bournemouth, Christchurch and Poole",RETAIL_HIGH_STREET,220000.0,224000.0,740.0762774128937
3878910000,4097053000,chiquito,2020,Cardiff,RETAIL_RESTAURANTS_AND_CAFES,80500.0,80900.0,1665.836826124637
3878910000,13699079000,chiquito,2020,Cardiff,RETAIL_RESTAURANTS_AND_CAFES,80500.0,80000.0,3320.8926841949637
3878910000,1568517000,chiquito,2020,Cardiff,RETAIL_RESTAURANTS_AND_CAFES,80500.0,80000.0,1727.6233564247384
3880611000,11904706000,homebase,2024,Central Bedfordshire,RETAIL_OTHER_SUPERSTORES_AND_WAREHOUSES,335000.0,357500.0,10144.21263512279
3880611000,4958203000,homebase,2024,Central Bedfordshire,RETAIL_OTHER_SUPERSTORES_AND_WAREHOUSES,335000.0,297500.0,8209.561884017297
3880611000,216549011,homebase,2024,Central Bedfordshire,RETAIL_OTHER_SUPERSTORES_AND_WAREHOUSES,335000.0,290000.0,1122.1770781291316
3886075000,13935769000,arcadia,2020,Milton Keynes,OFFICE_GENERAL,12000.0,12000.0,945.8691654889817
3886075000,12245029000,arcadia,2020,Milton Keynes,OFFICE_GENERAL,12000.0,12000.0,5031.245357739608
3886075000,14398440000,arcadia,2020,Milton Keynes,OFFICE_GENERAL,12000.0,12000.0,1118.5566961471663
3888126000,160005192,wilko,2023,Cardiff,RETAIL_HIGH_STREET,590000.0,152000.0,1173.283607862451
3888126000,160006192,wilko,2023,Cardiff,RETAIL_HIGH_STREET,590000.0,139000.0,1173.283607862451
3888126000,159951192,wilko,2023,Cardiff,RETAIL_HIGH_STREET,590000.0,127000.0,1079.5709065166025
3914237000,9183377000,debenhams,2020,Chelmsford,RETAIL_OTHER_SUPERSTORES_AND_WAREHOUSES,700000.0,630000.0,1311.0688447047603
3914237000,9243518000,debenhams,2020,Chelmsford,RETAIL_OTHER_SUPERSTORES_AND_WAREHOUSES,700000.0,620000.0,1810.9400416097162
3914237000,198600022,debenhams,2020,Chelmsford,RETAIL_OTHER_SUPERSTORES_AND_WAREHOUSES,700000.0,590000.0,1311.0688447047603
3917674000,241102254,poundworld,2018,East Riding of Yorkshire,RETAIL_HIGH_STREET,21000.0,21000.0,32586.104828456035
3917674000,7850823000,poundworld,2018,East Riding of Yorkshire,RETAIL_HIGH_STREET,21000.0,21000.0,32926.61436888829
3917674000,4315230000,poundworld,2018,East Riding of Yorkshire,RETAIL_HIGH_STREET,21000.0,21000.0,30080.57265962255
3922109000,3403606000,thomas cook,2019,Birmingham,RETAIL_HIGH_STREET,155000.0,89500.0,474.5663495397587
3922109000,6573780000,thomas cook,2019,Birmingham,RETAIL_HIGH_STREET,155000.0,86500.0,1667.8894751430073
3922109000,12870507000,thomas cook,2019,Birmingham,RETAIL_HIGH_STREET,155000.0,83500.0,2525.8050320227153
3922793000,2274217000,frankie&bennys,2020,Dudley,RETAIL_RESTAURANTS_AND_CAFES,73000.0,73500.0,2526.171217240578
3922793000,203728239,frankie&bennys,2020,Dudley,RETAIL_RESTAURANTS_AND_CAFES,73000.0,70000.0,3502.5248607893354
3922793000,202478239,frankie&bennys,2020,Dudley,RETAIL_RESTAURANTS_AND_CAFES,73000.0,70000.0,2849.470325736579
3930803000,8786736000,paperchase,2023,Brighton and Hove,RETAIL_HIGH_STREET,131000.0,78500.0,1543.399766220585
3930803000,8785727000,paperchase,2023,Brighton and Hove,RETAIL_HIGH_STREET,131000.0,77500.0,3258.831016975224
3930803000,2336332000,paperchase,2023,Brighton and Hove,RETAIL_HIGH_STREET,131000.0,77000.0,841.7191274651896
3930805000,351084141,arcadia,2020,Brighton and Hove,RETAIL_HIGH_STREET,467500.0,510000.0,1277.6792219484887
3930805000,8094486000,arcadia,2020,Brighton and Hove,RETAIL_HIGH_STREET,467500.0,76000.0,477.3256408092386
3930805000,13019846000,arcadia,2020,Brighton and Hove,RETAIL_HIGH_STREET,467500.0,57000.0,422.22479586831633
3933389000,8193658000,maplin,2018,Swindon,RETAIL_OTHER_SUPERSTORES_AND_WAREHOUSES,111000.0,111000.0,1443.348458743442
3933389000,9812383000,maplin,2018,Swindon,RETAIL_OTHER_SUPERSTORES_AND_WAREHOUSES,111000.0,109000.0,1443.348458743442
3933389000,8822024000,maplin,2018,Swindon,RETAIL_OTHER_SUPERSTORES_AND_WAREHOUSES,111000.0,113000.0,1993.730561376387
3939999000,13284918000,arcadia,2020,Harlow,RETAIL_OTHER_SUPERSTORES_AND_WAREHOUSES,138000.0,130000.0,706.1945990321743
3939999000,189595022,arcadia,2020,Harlow,RETAIL_OTHER_SUPERSTORES_AND_WAREHOUSES,138000.0,130000.0,706.1945990321743
3939999000,11241327000,arcadia,2020,Harlow,RETAIL_OTHER_SUPERSTORES_AND_WAREHOUSES,138000.0,117000.0,907.6850746663613
3941287000,10081417000,wilko,2023,Leicester,RETAIL_OTHER_SUPERSTORES_AND_WAREHOUSES,220000.0,206000.0,990.3745295693008
3941287000,247256044,wilko,2023,Leicester,RETAIL_OTHER_SUPERSTORES_AND_WAREHOUSES,220000.0,206000.0,1869.9557747201568
3941287000,2406643000,wilko,2023,Leicester,RETAIL_OTHER_SUPERSTORES_AND_WAREHOUSES,220000.0,203000.0,2373.992619620135
3942015000,9042120000,body shop,2024,Brighton and Hove,RETAIL_HIGH_STREET,93500.0,43000.0,740.041660471878
3942015000,11141536000,body shop,2024,Brighton and Hove,RETAIL_HIGH_STREET,93500.0,43000.0,2178.7437906142327
3942015000,13026569000,body shop,2024,Brighton and Hove,RETAIL_HIGH_STREET,93500.0,40250.0,621.208439468861
3947182000,291016113,mothercare,2019,Manchester,RETAIL_OTHER_SUPERSTORES_AND_WAREHOUSES,497500.0,487500.0,655.4773681974333
3947182000,14353849000,mothercare,2019,Manchester,RETAIL_OTHER_SUPERSTORES_AND_WAREHOUSES,497500.0,550000.0,4174.933306445249
3947182000,2858414000,mothercare,2019,Manchester,RETAIL_OTHER_SUPERSTORES_AND_WAREHOUSES,497500.0,432500.0,3717.161512744054
3947311000,275632113,maplin,2018,Manchester,RETAIL_OTHER_SUPERSTORES_AND_WAREHOUSES,122000.0,122000.0,2713.6950103921345
3947311000,12671000000,maplin,2018,Manchester,RETAIL_OTHER_SUPERSTORES_AND_WAREHOUSES,122000.0,127000.0,2947.5110267406967
3947311000,10024840000,maplin,2018,Manchester,RETAIL_OTHER_SUPERSTORES_AND_WAREHOUSES,122000.0,114000.0,3250.81142172605
3947384000,14259930000,poundworld,2018,Manchester,RETAIL_OTHER_SUPERSTORES_AND_WAREHOUSES,166000.0,164000.0,629.6339837521853
3947384000,3459442000,poundworld,2018,Manchester,RETAIL_OTHER_SUPERSTORES_AND_WAREHOUSES,166000.0,164000.0,3423.534308067435
3947384000,835000000,poundworld,2018,Manchester,RETAIL_OTHER_SUPERSTORES_AND_WAREHOUSES,166000.0,168000.0,2535.2759958574643
3948487000,111846012,cafe rouge,2020,Cambridge,RETAIL_RESTAURANTS_AND_CAFES,62000.0,61000.0,2131.2044539497406
3948487000,112476012,cafe rouge,2020,Cambridge,RETAIL_RESTAURANTS_AND_CAFES,62000.0,61000.0,648.5066274960184
3948487000,10650532000,cafe rouge,2020,Cambridge,RETAIL_RESTAURANTS_AND_CAFES,62000.0,63000.0,1022.2310481803696
3948654000,14979038000,thomas cook,2019,West Northamptonshire,RETAIL_HIGH_STREET,22250.0,22250.0,1043.600498156289
3948654000,204987045,thomas cook,2019,West Northamptonshire,RETAIL_HIGH_STREET,22250.0,22250.0,28077.514416384656
3948654000,126137045,thomas cook,2019,West Northamptonshire,RETAIL_HIGH_STREET,22250.0,22250.0,16084.505933764272
3972607000,1127401000,wilko,2023,Thurrock,RETAIL_OTHER_SUPERSTORES_AND_WAREHOUSES,0.0,0.0,10893.185115755457
3972607000,1398431000,wilko,2023,Thurrock,RETAIL_OTHER_SUPERSTORES_AND_WAREHOUSES,0.0,2475.0,10089.446550157561
3972607000,13199959000,wilko,2023,Thurrock,RETAIL_OTHER_SUPERSTORES_AND_WAREHOUSES,0.0,4950.0,11964.687831671892
3992459000,14477093000,debenhams,2020,Canterbury,RETAIL_OTHER_SUPERSTORES_AND_WAREHOUSES,415000.0,420000.0,2357.5143079793006
3992459000,538573145,debenhams,2020,Canterbury,RETAIL_OTHER_SUPERSTORES_AND_WAREHOUSES,415000.0,402500.0,2357.5143079793006
3992459000,295248145,debenhams,2020,Canterbury,RETAIL_OTHER_SUPERSTORES_AND_WAREHOUSES,415000.0,432500.0,8962.79207478596
4005081000,39111094,frankie&bennys,2020,Sunderland,RETAIL_RESTAURANTS_AND_CAFES,63500.0,63000.0,2386.545230176013
4005081000,92273094,frankie&bennys,2020,Sunderland,RETAIL_RESTAURANTS_AND_CAFES,63500.0,64500.0,5149.632322076688
4005081000,10318605000,frankie&bennys,2020,Sunderland,RETAIL_RESTAURANTS_AND_CAFES,63500.0,61000.0,3252.918442676581
4005634000,18398214,wilko,2023,Gloucester,OFFICE_GENERAL,2175.0,2150.0,708.4655427837263
4005634000,10878387000,wilko,2023,Gloucester,OFFICE_GENERAL,2175.0,2150.0,4999.650591049024
4005634000,6733441000,wilko,2023,Gloucester,OFFICE_GENERAL,2175.0,2150.0,3334.238834857421
4011710000,298168000,carluccios,2020,Manchester,RETAIL_RESTAURANTS_AND_CAFES,36500.0,36500.0,4412.56932829191
4011710000,10874073000,carluccios,2020,Manchester,RETAIL_RESTAURANTS_AND_CAFES,36500.0,36250.0,2154.0991030874766
4011710000,12408208000,carluccios,2020,Manchester,RETAIL_RESTAURANTS_AND_CAFES,36500.0,36250.0,476.09192556770836
4015800000,1721854000,frankie&bennys,2020,Thurrock,RETAIL_RESTAURANTS_AND_CAFES,117000.0,131500.0,1505.5763474553423
4015800000,887370022,frankie&bennys,2020,Thurrock,RETAIL_RESTAURANTS_AND_CAFES,117000.0,99300.0,1794.7334173087208
4015800000,774910022,frankie&bennys,2020,Thurrock,RETAIL_RESTAURANTS_AND_CAFES,117000.0,85500.0,7712.884937981808
4036029000,105125063,carluccios,2020,Camden,RETAIL_RESTAURANTS_AND_CAFES,84000.0,85000.0,1080.4398585838169
4036029000,2199356000,carluccios,2020,Camden,RETAIL_RESTAURANTS_AND_CAFES,84000.0,87000.0,979.4419695485919
4036029000,100695063,carluccios,2020,Camden,RETAIL_RESTAURANTS_AND_CAFES,84000.0,87000.0,911.2967453517117
4044009000,254925013,wilko,2023,North Hertfordshire,RETAIL_OTHER_SUPERSTORES_AND_WAREHOUSES,136000.0,111000.0,1530.100013768502
4044009000,6018515000,wilko,2023,North Hertfordshire,RETAIL_OTHER_SUPERSTORES_AND_WAREHOUSES,136000.0,104000.0,16111.624571291519
4044009000,254924013,wilko,2023,North Hertfordshire,RETAIL_OTHER_SUPERSTORES_AND_WAREHOUSES,136000.0,102000.0,1530.100013768502
4054913000,4647508000,poundworld,2018,West Northamptonshire,OFFICE_GENERAL,3950.0,3950.0,739.7473887071081
4054913000,11341637000,poundworld,2018,West Northamptonshire,OFFICE_GENERAL,3950.0,3950.0,1935.9984084003256
4054913000,6545043000,poundworld,2018,West Northamptonshire,OFFICE_GENERAL,3950.0,3950.0,31293.068993267138
4063912000,6541907000,ted baker,2024,Dudley,RETAIL_HIGH_STREET,198000.0,29250.0,3502.5248607893354
4063912000,8545060000,ted baker,2024,Dudley,RETAIL_HIGH_STREET,198000.0,28500.0,2213.6789528745253
4063912000,8813224000,ted baker,2024,Dudley,RETAIL_HIGH_STREET,198000.0,28000.0,5256.056450071667
4067057000,12602932000,debenhams,2020,Stoke-on-Trent,RETAIL_OTHER_SUPERSTORES_AND_WAREHOUSES,1180000.0,1140000.0,1568.0212218425495
4067057000,10705114000,debenhams,2020,Stoke-on-Trent,RETAIL_OTHER_SUPERSTORES_AND_WAREHOUSES,1180000.0,1220000.0,1568.0212218425495
4067057000,14525947000,debenhams,2020,Stoke-on-Trent,RETAIL_OTHER_SUPERSTORES_AND_WAREHOUSES,1180000.0,1360000.0,1366.8662837934676
4070050000,10584526000,prezzo,2018,Maidstone,RETAIL_RESTAURANTS_AND_CAFES,43000.0,43250.0,2490.408852210391
4070050000,67736148,prezzo,2018,Maidstone,RETAIL_RESTAURANTS_AND_CAFES,43000.0,43500.0,12199.65263650786
4070050000,9239148,prezzo,2018,Maidstone,RETAIL_RESTAURANTS_AND_CAFES,43000.0,42000.0,13445.770661101331
4073859000,14938810000,homebase,2024,Warwick,RETAIL_OTHER_SUPERSTORES_AND_WAREHOUSES,482500.0,500000.0,1041.0060901930042
4073859000,13789542000,homebase,2024,Warwick,RETAIL_OTHER_SUPERSTORES_AND_WAREHOUSES,482500.0,545000.0,1244.4225960308777
4073859000,3415264000,homebase,2024,Warwick,RETAIL_OTHER_SUPERSTORES_AND_WAREHOUSES,482500.0,215000.0,5570.6368166731045
4114014000,1354881000,wilko,2023,East Riding of Yorkshire,RETAIL_HIGH_STREET,75500.0,75000.0,30979.644300918157
4114014000,345150254,wilko,2023,East Riding of Yorkshire,RETAIL_HIGH_STREET,75500.0,76500.0,31189.257337062765
4114014000,2380433000,wilko,2023,East Riding of Yorkshire,RETAIL_HIGH_STREET,75500.0,72500.0,18023.53614648461
4138838000,27091012,bella italia,2020,Cambridge,RETAIL_RESTAURANTS_AND_CAFES,104000.0,101000.0,1626.9608436348396
4138838000,11485536000,bella italia,2020,Cambridge,RETAIL_RESTAURANTS_AND_CAFES,104000.0,93500.0,1022.2310481803696
4138838000,3682651000,bella italia,2020,Cambridge,RETAIL_RESTAURANTS_AND_CAFES,104000.0,93500.0,1452.4559618500587
4141914000,8281247000,arcadia,2020,Kensington and Chelsea,OFFICE_GENERAL,137000.0,137000.0,628.8333104809723
4141914000,289438082,arcadia,2020,Kensington and Chelsea,OFFICE_GENERAL,137000.0,137000.0,923.1945353426297
4141914000,11262354000,arcadia,2020,Kensington and Chelsea,OFFICE_GENERAL,137000.0,136000.0,806.3229686697932
4148494000,14274131000,maplin,2018,"Bournemouth, Christchurch and Poole",RETAIL_OTHER_SUPERSTORES_AND_WAREHOUSES,89000.0,89500.0,1981.0950671000637
4148494000,95611172,maplin,2018,"Bournemouth, Christchurch and Poole",RETAIL_OTHER_SUPERSTORES_AND_WAREHOUSES,89000.0,94000.0,658.9283981809725
4148494000,318734172,maplin,2018,"Bournemouth, Christchurch and Poole",RETAIL_OTHER_SUPERSTORES_AND_WAREHOUSES,89000.0,83750.0,2819.569497010559
4155763000,5778355000,arcadia,2020,City of London,OFFICE_GENERAL,5800.0,5800.0,445.08531376900925
4155763000,4073834000,arcadia,2020,City of London,OFFICE_GENERAL,5800.0,5800.0,560.8002064434564
4155763000,6133177000,arcadia,2020,City of London,OFFICE_GENERAL,5800.0,5800.0,445.08531376900925
4156140000,10997475000,body shop,2024,Thanet,RETAIL_HIGH_STREET,46750.0,46000.0,582.7307476520635
4156140000,372075145,body shop,2024,Thanet,RETAIL_HIGH_STREET,46750.0,44500.0,2836.594797447328
4156140000,12293550000,body shop,2024,Thanet,RETAIL_HIGH_STREET,46750.0,49000.0,2836.594797447328
4156489000,13637090000,poundworld,2018,Thanet,RETAIL_HIGH_STREET,124000.0,127000.0,582.7307476520635
4156489000,13028657000,poundworld,2018,Thanet,RETAIL_HIGH_STREET,124000.0,97500.0,582.7307476520635
4156489000,372032145,poundworld,2018,Thanet,RETAIL_HIGH_STREET,124000.0,69000.0,3016.1810292673963
4156558000,512636145,wilko,2023,Thanet,RETAIL_HIGH_STREET,222000.0,63500.0,2999.6401340617676
4156558000,4751107000,wilko,2023,Thanet,RETAIL_HIGH_STREET,222000.0,50000.0,2810.9315597076693
4156558000,5269108000,wilko,2023,Thanet,RETAIL_HIGH_STREET,222000.0,49500.0,789.6237193913157
4157057000,8035672000,debenhams,2020,Thanet,RETAIL_OTHER_SUPERSTORES_AND_WAREHOUSES,530000.0,570000.0,498.13420178554475
4157057000,7012685000,debenhams,2020,Thanet,RETAIL_OTHER_SUPERSTORES_AND_WAREHOUSES,530000.0,465000.0,498.13420178554475
4157057000,8035671000,debenhams,2020,Thanet,RETAIL_OTHER_SUPERSTORES_AND_WAREHOUSES,530000.0,445000.0,498.13420178554475
4158492000,65997013,wilko,2023,North Hertfordshire,RETAIL_OTHER_SUPERSTORES_AND_WAREHOUSES,135000.0,91500.0,9494.433547722152
4158492000,15076542000,wilko,2023,North Hertfordshire,RETAIL_OTHER_SUPERSTORES_AND_WAREHOUSES,135000.0,85500.0,731.7554376393186
4158492000,5673886000,wilko,2023,North Hertfordshire,RETAIL_OTHER_SUPERSTORES_AND_WAREHOUSES,135000.0,85500.0,1381.2351650332944
4166851000,12841694000,arcadia,2020,Bradford,RETAIL_OTHER_SUPERSTORES_AND_WAREHOUSES,262500.0,262500.0,1799.9204019252343
4166851000,10487160000,arcadia,2020,Bradford,RETAIL_OTHER_SUPERSTORES_AND_WAREHOUSES,262500.0,260000.0,2269.4386201071943
4166851000,11317519000,arcadia,2020,Bradford,RETAIL_OTHER_SUPERSTORES_AND_WAREHOUSES,262500.0,260000.0,1256.3863357489433
4168009000,8830615000,thomas cook,2019,Maidstone,RETAIL_HIGH_STREET,99500.0,70500.0,741.4358937318532
4168009000,3504046000,thomas cook,2019,Maidstone,RETAIL_HIGH_STREET,99500.0,70000.0,629.294593764155
4168009000,8786773000,thomas cook,2019,Maidstone,RETAIL_HIGH_STREET,99500.0,65500.0,13478.543741739912
4170735000,2285826000,prezzo,2018,Maidstone,RETAIL_RESTAURANTS_AND_CAFES,63500.0,63500.0,629.294593764155
4170735000,64889148,prezzo,2018,Maidstone,RETAIL_RESTAURANTS_AND_CAFES,63500.0,65500.0,3819.030346310809
4170735000,350660148,prezzo,2018,Maidstone,RETAIL_RESTAURANTS_AND_CAFES,63500.0,59000.0,5511.433622715657
4174957000,11786449000,poundworld,2018,Charnwood,RETAIL_HIGH_STREET,58000.0,20750.0,1908.301728659559
4174957000,94921046,poundworld,2018,Charnwood,RETAIL_HIGH_STREET,58000.0,20750.0,615.3084665940611
4174957000,1323328000,poundworld,2018,Charnwood,RETAIL_HIGH_STREET,58000.0,20750.0,6722.697619722143
4214022000,62961000,maplin,2018,"Bristol, City of",RETAIL_OTHER_SUPERSTORES_AND_WAREHOUSES,175000.0,174000.0,5027.958706205628
4214022000,261542212,maplin,2018,"Bristol, City of",RETAIL_OTHER_SUPERSTORES_AND_WAREHOUSES,175000.0,173000.0,2026.8343996917033
4214022000,2785187000,maplin,2018,"Bristol, City of",RETAIL_OTHER_SUPERSTORES_AND_WAREHOUSES,175000.0,177000.0,2834.052128309371
4215137000,211195148,arcadia,2020,Ashford,LEISURE_SPORTS_CENTRES_AND_PRIVATE_CLUBS,73500.0,59000.0,1663.8511584083599
4215137000,322413148,arcadia,2020,Ashford,LEISURE_SPORTS_CENTRES_AND_PRIVATE_CLUBS,73500.0,55000.0,11911.623336282071
4215137000,12400404000,arcadia,2020,Ashford,LEISURE_SPORTS_CENTRES_AND_PRIVATE_CLUBS,73500.0,44500.0,8881.580936152455
4218094000,7068364000,frankie&bennys,2020,Leeds,RETAIL_RESTAURANTS_AND_CAFES,74000.0,73000.0,3815.0500383746585
4218094000,11208329000,frankie&bennys,2020,Leeds,RETAIL_RESTAURANTS_AND_CAFES,74000.0,75000.0,910.8428373194096
4218094000,373066244,frankie&bennys,2020,Leeds,RETAIL_RESTAURANTS_AND_CAFES,74000.0,75000.0,8178.91585551262
4221038000,8831637000,arcadia,2020,Crawley,RETAIL_HIGH_STREET,141000.0,40250.0,1094.512472200777
4221038000,13836569000,arcadia,2020,Crawley,RETAIL_HIGH_STREET,141000.0,39500.0,1991.3954271140733
4221038000,12937421000,arcadia,2020,Crawley,RETAIL_HIGH_STREET,141000.0,39250.0,439.11675898754225
4221157000,10827397000,bella italia,2020,Plymouth,RETAIL_RESTAURANTS_AND_CAFES,78000.0,80500.0,4095.5394493068866
4221157000,1108840000,bella italia,2020,Plymouth,RETAIL_RESTAURANTS_AND_CAFES,78000.0,75000.0,913.3130386439148
4221157000,9077722000,bella italia,2020,Plymouth,RETAIL_RESTAURANTS_AND_CAFES,78000.0,72000.0,3408.973231520144
4224673000,11456122000,paperchase,2023,Maidstone,RETAIL_HIGH_STREET,118000.0,49500.0,629.8589781659972
4224673000,13330138000,paperchase,2023,Maidstone,RETAIL_HIGH_STREET,118000.0,49250.0,2490.408852210391
4224673000,11670225000,paperchase,2023,Maidstone,RETAIL_HIGH_STREET,118000.0,49250.0,2490.408852210391
4252187000,12473062000,homebase,2024,Harlow,RETAIL_OTHER_SUPERSTORES_AND_WAREHOUSES,1150000.0,1460000.0,923.5804288869296
4252187000,10818124000,homebase,2024,Harlow,RETAIL_OTHER_SUPERSTORES_AND_WAREHOUSES,1150000.0,1500000.0,858.1482132681467
4252187000,1505533000,homebase,2024,Harlow,RETAIL_OTHER_SUPERSTORES_AND_WAREHOUSES,1150000.0,113000.0,847.7088275365444
4266501000,13440373000,mothercare,2019,York,RETAIL_OTHER_SUPERSTORES_AND_WAREHOUSES,355000.0,238000.0,482.71119188689374
4266501000,6488818000,mothercare,2019,York,RETAIL_OTHER_SUPERSTORES_AND_WAREHOUSES,355000.0,236000.0,493.7955881111046
4266501000,2530071000,mothercare,2019,York,RETAIL_OTHER_SUPERSTORES_AND_WAREHOUSES,355000.0,228000.0,482.71119188689374
4270197000,11760586000,thomas cook,2019,Peterborough,OFFICE_GENERAL,835000.0,905000.0,4220.278121454718
4270197000,8541329000,thomas cook,2019,Peterborough,OFFICE_GENERAL,835000.0,945000.0,3803.0548632376945
4270197000,14493519000,thomas cook,2019,Peterborough,OFFICE_GENERAL,835000.0,720000.0,493.59653549973683
4271046000,33952173,prezzo,2018,Dorset,RETAIL_RESTAURANTS_AND_CAFES,61000.0,61250.0,1162.3947062543573
4271046000,14319356000,prezzo,2018,Dorset,RETAIL_RESTAURANTS_AND_CAFES,61000.0,61500.0,409.75941364349615
4271046000,38049173,prezzo,2018,Dorset,RETAIL_RESTAURANTS_AND_CAFES,61000.0,60000.0,7560.646882590932
4278646000,11680803000,prezzo,2018,Colchester,RETAIL_RESTAURANTS_AND_CAFES,41500.0,43000.0,1052.5916894680997
4278646000,10907204000,prezzo,2018,Colchester,RETAIL_RESTAURANTS_AND_CAFES,41500.0,45250.0,2019.0783653959259
4278646000,10852909000,prezzo,2018,Colchester,RETAIL_RESTAURANTS_AND_CAFES,41500.0,45250.0,983.073634181121
4287285000,9368478000,thomas cook,2019,York,RETAIL_HIGH_STREET,44500.0,35000.0,1744.443165910593
4287285000,246216108,thomas cook,2019,York,RETAIL_HIGH_STREET,44500.0,35000.0,2451.83208510767
4287285000,8850629000,thomas cook,2019,York,RETAIL_HIGH_STREET,44500.0,32500.0,3279.8887259145527
4287292000,10356944000,body shop,2024,Maidstone,RETAIL_HIGH_STREET,95500.0,48000.0,4122.820554297838
4287292000,11718968000,body shop,2024,Maidstone,RETAIL_HIGH_STREET,95500.0,46750.0,10959.3483003606
4287292000,10911717000,body shop,2024,Maidstone,RETAIL_HIGH_STREET,95500.0,44500.0,13968.748529975723
4288057000,1739027000,wilko,2023,York,RETAIL_OTHER_SUPERSTORES_AND_WAREHOUSES,490000.0,222000.0,482.71119188689374
4288057000,164335108,wilko,2023,York,RETAIL_OTHER_SUPERSTORES_AND_WAREHOUSES,490000.0,198000.0,566.1649276133566
4288057000,418602108,wilko,2023,York,RETAIL_OTHER_SUPERSTORES_AND_WAREHOUSES,490000.0,195000.0,2876.4568820059912
4290027000,11773860000,homebase,2024,Milton Keynes,RETAIL_OTHER_SUPERSTORES_AND_WAREHOUSES,1130000.0,915000.0,2410.3713903425933
4290027000,8682380000,homebase,2024,Milton Keynes,RETAIL_OTHER_SUPERSTORES_AND_WAREHOUSES,1130000.0,880000.0,1827.6373807475609
4290027000,9283239000,homebase,2024,Milton Keynes,RETAIL_OTHER_SUPERSTORES_AND_WAREHOUSES,1130000.0,815000.0,2043.0440836183834
4322281000,25372165,homebase,2024,Reading,RETAIL_OTHER_SUPERSTORES_AND_WAREHOUSES,39500.0,41750.0,1102.4741632757953
4322281000,196250165,homebase,2024,Reading,RETAIL_OTHER_SUPERSTORES_AND_WAREHOUSES,39500.0,42000.0,3212.7971948748827
4322281000,1689765000,homebase,2024,Reading,RETAIL_OTHER_SUPERSTORES_AND_WAREHOUSES,39500.0,36750.0,2458.94491679556
4326573000,15089261000,arcadia,2020,Maidstone,RETAIL_HIGH_STREET,267500.0,43000.0,629.294593764155
4326573000,10356947000,arcadia,2020,Maidstone,RETAIL_HIGH_STREET,267500.0,38750.0,4122.820554297838
4326573000,183826148,arcadia,2020,Maidstone,RETAIL_HIGH_STREET,267500.0,38500.0,1491.2323644364346
4328426000,7358563000,cafe rouge,2020,Canterbury,RETAIL_RESTAURANTS_AND_CAFES,183000.0,176000.0,10216.47559810704
4328426000,6611424000,cafe rouge,2020,Canterbury,RETAIL_RESTAURANTS_AND_CAFES,183000.0,200000.0,10151.221144038249
4328426000,280293145,cafe rouge,2020,Canterbury,RETAIL_RESTAURANTS_AND_CAFES,183000.0,140000.0,9739.97538527858
4348629000,5928134000,wilko,2023,Manchester,RETAIL_OTHER_SUPERSTORES_AND_WAREHOUSES,168000.0,169000.0,4103.317950935462
4348629000,286619113,wilko,2023,Manchester,RETAIL_OTHER_SUPERSTORES_AND_WAREHOUSES,168000.0,170000.0,4741.305267145913
4348629000,201456113,wilko,2023,Manchester,RETAIL_OTHER_SUPERSTORES_AND_WAREHOUSES,168000.0,171000.0,909.8463319035268
4355706000,1268863000,wilko,2023,South Oxfordshire,RETAIL_OTHER_SUPERSTORES_AND_WAREHOUSES,131000.0,131000.0,23760.70684525506
4355706000,182086163,wilko,2023,South Oxfordshire,RETAIL_OTHER_SUPERSTORES_AND_WAREHOUSES,131000.0,137000.0,9150.66092516609
4355706000,14507044000,wilko,2023,South Oxfordshire,RETAIL_OTHER_SUPERSTORES_AND_WAREHOUSES,131000.0,138000.0,12135.115079446316
4370929000,458934012,arcadia,2020,Cambridge,RETAIL_OTHER_SUPERSTORES_AND_WAREHOUSES,315000.0,310000.0,997.5807803689689
4370929000,349785012,arcadia,2020,Cambridge,RETAIL_OTHER_SUPERSTORES_AND_WAREHOUSES,315000.0,275000.0,1281.1939971606807
4370929000,382202012,arcadia,2020,Cambridge,RETAIL_OTHER_SUPERSTORES_AND_WAREHOUSES,315000.0,262500.0,507.00840882727886
4376880000,3685498000,arcadia,2020,Somerset,OFFICE_GENERAL,6300.0,6300.0,4790.527367120682
4376880000,9064521000,arcadia,2020,Somerset,OFFICE_GENERAL,6300.0,6300.0,10816.592756705058
4376880000,3682260000,arcadia,2020,Somerset,OFFICE_GENERAL,6300.0,6300.0,32237.230838374864
4376881000,12098942000,arcadia,2020,Somerset,OFFICE_GENERAL,13250.0,13250.0,9881.44382060967
4376881000,14254923000,arcadia,2020,Somerset,OFFICE_GENERAL,13250.0,13250.0,656.4786259738914
4376881000,1555538000,arcadia,2020,Somerset,OFFICE_GENERAL,13250.0,13250.0,18404.178070762184
4414622000,8625564000,prezzo,2018,Dorset,RETAIL_RESTAURANTS_AND_CAFES,48000.0,48000.0,434.47142470765795
4414622000,187683172,prezzo,2018,Dorset,RETAIL_RESTAURANTS_AND_CAFES,48000.0,47500.0,33146.7994486501
4414622000,154290173,prezzo,2018,Dorset,RETAIL_RESTAURANTS_AND_CAFES,48000.0,47000.0,3881.9751065124346
4415103000,7985990000,wilko,2023,Leeds,RETAIL_OTHER_SUPERSTORES_AND_WAREHOUSES,158000.0,158000.0,1690.6326533224767
4415103000,388935244,wilko,2023,Leeds,RETAIL_OTHER_SUPERSTORES_AND_WAREHOUSES,158000.0,154000.0,1256.4587882799774
4415103000,11878242000,wilko,2023,Leeds,RETAIL_OTHER_SUPERSTORES_AND_WAREHOUSES,158000.0,164000.0,4065.352856629589
4416682000,10840136000,cath kidston,2020,Brighton and Hove,RETAIL_HIGH_STREET,146000.0,39750.0,1779.8797613917654
4416682000,8785801000,cath kidston,2020,Brighton and Hove,RETAIL_HIGH_STREET,146000.0,39250.0,794.2696607755249
4416682000,8831538000,cath kidston,2020,Brighton and Hove,RETAIL_HIGH_STREET,146000.0,39000.0,3438.697503282839
4427401000,13377178000,prezzo,2018,"Bournemouth, Christchurch and Poole",RETAIL_RESTAURANTS_AND_CAFES,55000.0,54500.0,2200.384586851731
4427401000,100461000,prezzo,2018,"Bournemouth, Christchurch and Poole",RETAIL_RESTAURANTS_AND_CAFES,55000.0,55500.0,2236.1321328248055
4427401000,6866127000,prezzo,2018,"Bournemouth, Christchurch and Poole",RETAIL_RESTAURANTS_AND_CAFES,55000.0,55500.0,2467.10713428618
4445617000,3371125000,wilko,2023,"Bristol, City of",RETAIL_OTHER_SUPERSTORES_AND_WAREHOUSES,136000.0,138000.0,1926.838968908707
4445617000,13994979000,wilko,2023,"Bristol, City of",RETAIL_OTHER_SUPERSTORES_AND_WAREHOUSES,136000.0,133000.0,931.8946120029823
4445617000,9472631000,wilko,2023,"Bristol, City of",RETAIL_OTHER_SUPERSTORES_AND_WAREHOUSES,136000.0,141000.0,1268.065120108806
4445762000,13671901000,debenhams,2020,Peterborough,WAREHOUSING_LARGE_SCALE_AND_HIGH_BAY,2880000.0,2860000.0,1153.9872067774381
4445762000,8410395000,debenhams,2020,Peterborough,WAREHOUSING_LARGE_SCALE_AND_HIGH_BAY,2880000.0,3230000.0,1580.70058504706
4445762000,13368845000,debenhams,2020,Peterborough,WAREHOUSING_LARGE_SCALE_AND_HIGH_BAY,2880000.0,2500000.0,2977.3890205518214
4446244000,250854037,prezzo,2018,Nottingham,RETAIL_RESTAURANTS_AND_CAFES,42250.0,42250.0,2368.561953590966
4446244000,11066938000,prezzo,2018,Nottingham,RETAIL_RESTAURANTS_AND_CAFES,42250.0,42000.0,2778.7680410397506
4446244000,7927454000,prezzo,2018,Nottingham,RETAIL_RESTAURANTS_AND_CAFES,42250.0,42000.0,2664.1965075652465
4454752000,12017352000,poundworld,2018,Leeds,RETAIL_HIGH_STREET,75000.0,50500.0,1292.1557284441158
4454752000,12366346000,poundworld,2018,Leeds,RETAIL_HIGH_STREET,75000.0,50000.0,4760.186628674076
4454752000,112210244,poundworld,2018,Leeds,RETAIL_HIGH_STREET,75000.0,49750.0,3102.6302418291775
4457510000,363905133,arcadia,2020,Cheshire West and Chester,RETAIL_HIGH_STREET,375000.0,24500.0,7922.385682585844
4457510000,233725133,arcadia,2020,Cheshire West and Chester,RETAIL_HIGH_STREET,375000.0,24500.0,2225.679752309193
4457510000,318404133,arcadia,2020,Cheshire West and Chester,RETAIL_HIGH_STREET,375000.0,24250.0,7057.593778044031
4460995000,15061172000,mothercare,2019,West Northamptonshire,WAREHOUSING_LARGE_SCALE_AND_HIGH_BAY,1690000.0,1660000.0,2239.6250731619116
4460995000,13872927000,mothercare,2019,West Northamptonshire,WAREHOUSING_LARGE_SCALE_AND_HIGH_BAY,1690000.0,1730000.0,4889.743004082181
4460995000,461187045,mothercare,2019,West Northamptonshire,WAREHOUSING_LARGE_SCALE_AND_HIGH_BAY,1690000.0,1640000.0,3354.5642416744777
4495531000,12670724000,wilko,2023,Preston,RETAIL_OTHER_SUPERSTORES_AND_WAREHOUSES,480000.0,295000.0,2851.5074902392453
4495531000,14704769000,wilko,2023,Preston,RETAIL_OTHER_SUPERSTORES_AND_WAREHOUSES,480000.0,280000.0,624.5736479167623
4495531000,9570245000,wilko,2023,Preston,RETAIL_OTHER_SUPERSTORES_AND_WAREHOUSES,480000.0,275000.0,1781.1813799519637
4498755000,13241556000,prezzo,2018,Gloucester,RETAIL_RESTAURANTS_AND_CAFES,31000.0,32000.0,406.15583994889056
4498755000,316708214,prezzo,2018,Gloucester,RETAIL_RESTAURANTS_AND_CAFES,31000.0,28500.0,602.1225130772782
4498755000,14497532000,prezzo,2018,Gloucester,RETAIL_RESTAURANTS_AND_CAFES,31000.0,33750.0,3672.143106679934
4502626000,10891175000,wilko,2023,North Northamptonshire,RETAIL_OTHER_SUPERSTORES_AND_WAREHOUSES,202000.0,196000.0,736.4977736332982
4502626000,7030143000,wilko,2023,North Northamptonshire,RETAIL_OTHER_SUPERSTORES_AND_WAREHOUSES,202000.0,193000.0,557.4723507245855
4502626000,262461045,wilko,2023,North Northamptonshire,RETAIL_OTHER_SUPERSTORES_AND_WAREHOUSES,202000.0,186000.0,2543.2701884992985
4511948000,111456000,wilko,2023,Derby,RETAIL_OTHER_SUPERSTORES_AND_WAREHOUSES,137000.0,139000.0,2290.4361311627495
4511948000,9303663000,wilko,2023,Derby,RETAIL_OTHER_SUPERSTORES_AND_WAREHOUSES,137000.0,140000.0,2462.6581399306574
4511948000,5770730000,wilko,2023,Derby,RETAIL_OTHER_SUPERSTORES_AND_WAREHOUSES,137000.0,142000.0,2620.223448852217
4515934000,23756178,prezzo,2018,Isle of Wight,RETAIL_RESTAURANTS_AND_CAFES,66000.0,64000.0,3398.0658557363586
4515934000,55764178,prezzo,2018,Isle of Wight,RETAIL_RESTAURANTS_AND_CAFES,66000.0,63500.0,14301.27908012768
4515934000,36400178,prezzo,2018,Isle of Wight,RETAIL_RESTAURANTS_AND_CAFES,66000.0,68500.0,5306.070942263845
4515940000,13467955000,prezzo,2018,Isle of Wight,RETAIL_HIGH_STREET,5000.0,5000.0,11608.616551912131
4515940000,47352178,prezzo,2018,Isle of Wight,RETAIL_HIGH_STREET,5000.0,5000.0,10843.72331230881
4515940000,58197178,prezzo,2018,Isle of Wight,RETAIL_HIGH_STREET,5000.0,5000.0,10722.407671980638
4530841000,9719839000,arcadia,2020,Nottingham,RETAIL_OTHER_SUPERSTORES_AND_WAREHOUSES,720000.0,675000.0,5252.57567232303
4530841000,13979450000,arcadia,2020,Nottingham,RETAIL_OTHER_SUPERSTORES_AND_WAREHOUSES,720000.0,495000.0,2210.59339689374
4530841000,9574399000,arcadia,2020,Nottingham,RETAIL_OTHER_SUPERSTORES_AND_WAREHOUSES,720000.0,485000.0,5610.608384492053
4535952000,8833411000,homebase,2024,North Devon,RETAIL_OTHER_SUPERSTORES_AND_WAREHOUSES,555000.0,560000.0,12869.187377950295
4535952000,8791697000,homebase,2024,North Devon,RETAIL_OTHER_SUPERSTORES_AND_WAREHOUSES,555000.0,545000.0,7556.409376509183
4535952000,15087829000,homebase,2024,North Devon,RETAIL_OTHER_SUPERSTORES_AND_WAREHOUSES,555000.0,370000.0,1656.7934972897388
4555250000,108904124,poundworld,2018,Cumberland,RETAIL_HIGH_STREET,64500.0,59500.0,26644.655703987464
4555250000,3900450000,poundworld,2018,Cumberland,RETAIL_HIGH_STREET,64500.0,59500.0,26521.599168175486
4555250000,9282356000,poundworld,2018,Cumberland,RETAIL_HIGH_STREET,64500.0,58500.0,4667.469277346595
4556494000,13493175000,prezzo,2018,Peterborough,RETAIL_RESTAURANTS_AND_CAFES,48250.0,48500.0,4536.299951656313
4556494000,7192373000,prezzo,2018,Peterborough,RETAIL_RESTAURANTS_AND_CAFES,48250.0,47750.0,3374.322439121687
4556494000,14245381000,prezzo,2018,Peterborough,RETAIL_RESTAURANTS_AND_CAFES,48250.0,46750.0,2223.073913053349
4563896000,12380777000,poundworld,2018,Crawley,RETAIL_HIGH_STREET,159000.0,39250.0,2417.3245902067233
4563896000,11158279000,poundworld,2018,Crawley,RETAIL_HIGH_STREET,159000.0,39000.0,4588.6125840409795
4563896000,8791041000,poundworld,2018,Crawley,RETAIL_HIGH_STREET,159000.0,38750.0,2306.340525495429
4574200000,8854187000,toys r us,2018,Milton Keynes,RETAIL_OTHER_SUPERSTORES_AND_WAREHOUSES,720000.0,700000.0,2410.3713903425933
4574200000,10828001000,toys r us,2018,Milton Keynes,RETAIL_OTHER_SUPERSTORES_AND_WAREHOUSES,720000.0,795000.0,2410.3713903425933
4574200000,9421088000,toys r us,2018,Milton Keynes,RETAIL_OTHER_SUPERSTORES_AND_WAREHOUSES,720000.0,630000.0,2410.3713903425933
4580555000,374582244,poundworld,2018,Leeds,RETAIL_OTHER_SUPERSTORES_AND_WAREHOUSES,50500.0,50500.0,2749.194086608964
4580555000,13255491000,poundworld,2018,Leeds,RETAIL_OTHER_SUPERSTORES_AND_WAREHOUSES,50500.0,50500.0,1681.9270418777344
4580555000,6518859000,poundworld,2018,Leeds,RETAIL_OTHER_SUPERSTORES_AND_WAREHOUSES,50500.0,50000.0,13678.757486837509
4585303000,52397186,thomas cook,2019,Somerset,RETAIL_HIGH_STREET,13500.0,13500.0,12710.783725339634
4585303000,12401735000,thomas cook,2019,Somerset,RETAIL_HIGH_STREET,13500.0,13500.0,11200.376335910703
4585303000,189739186,thomas cook,2019,Somerset,RETAIL_HIGH_STREET,13500.0,13500.0,11908.530934904467
4619033000,193408241,arcadia,2020,Bradford,RETAIL_HIGH_STREET,65500.0,60000.0,694.4641262013268
4619033000,7115207000,arcadia,2020,Bradford,RETAIL_HIGH_STREET,65500.0,58000.0,4709.660375679818
4619033000,8847500000,arcadia,2020,Bradford,RETAIL_HIGH_STREET,65500.0,56500.0,1701.0558078808142
4638128000,8127397000,wilko,2023,"Bristol, City of",WAREHOUSING_LARGE_SCALE_AND_HIGH_BAY,1975.0,1950.0,402.73609992958524
4638128000,247139212,wilko,2023,"Bristol, City of",WAREHOUSING_LARGE_SCALE_AND_HIGH_BAY,1975.0,2025.0,7706.1963329896935
4638128000,13508202000,wilko,2023,"Bristol, City of",WAREHOUSING_LARGE_SCALE_AND_HIGH_BAY,1975.0,2100.0,1886.1154685836696
4647892000,6365775000,homebase,2024,Cardiff,RETAIL_OTHER_SUPERSTORES_AND_WAREHOUSES,790000.0,690000.0,3512.7251220477774
4647892000,12505319000,homebase,2024,Cardiff,RETAIL_OTHER_SUPERSTORES_AND_WAREHOUSES,790000.0,675000.0,2323.622986214773
4647892000,14784131000,homebase,2024,Cardiff,RETAIL_OTHER_SUPERSTORES_AND_WAREHOUSES,790000.0,925000.0,462.1270088111375
4654983000,52097144,arcadia,2020,Eastbourne,RETAIL_HIGH_STREET,312500.0,42750.0,1520.6653097408682
4654983000,8791861000,arcadia,2020,Eastbourne,RETAIL_HIGH_STREET,312500.0,42750.0,407.96575878432606
4654983000,10936961000,arcadia,2020,Eastbourne,RETAIL_HIGH_STREET,312500.0,39000.0,1520.6653097408682
4658992000,12860469000,arcadia,2020,Charnwood,RETAIL_OTHER_SUPERSTORES_AND_WAREHOUSES,238000.0,233000.0,1742.1244778596133
4658992000,11712828000,arcadia,2020,Charnwood,RETAIL_OTHER_SUPERSTORES_AND_WAREHOUSES,238000.0,257500.0,1908.301728659559
4658992000,241576046,arcadia,2020,Charnwood,RETAIL_OTHER_SUPERSTORES_AND_WAREHOUSES,238000.0,217000.0,814.8990192354133
4660118000,9789920000,arcadia,2020,Blackpool,OFFICE_GENERAL,6100.0,6100.0,4895.055334255031
4660118000,5309554000,arcadia,2020,Blackpool,OFFICE_GENERAL,6100.0,6100.0,958.0054515629386
4660118000,272972125,arcadia,2020,Blackpool,OFFICE_GENERAL,6100.0,6100.0,551.2367915535693
4663702000,1543192000,wilko,2023,Milton Keynes,RETAIL_OTHER_SUPERSTORES_AND_WAREHOUSES,199000.0,197000.0,940.7507510281879
4663702000,6898704000,wilko,2023,Milton Keynes,RETAIL_OTHER_SUPERSTORES_AND_WAREHOUSES,199000.0,202000.0,2416.8695233685426
4663702000,4607854000,wilko,2023,Milton Keynes,RETAIL_OTHER_SUPERSTORES_AND_WAREHOUSES,199000.0,203000.0,2443.467183131007
4697440000,12235918000,arcadia,2020,Leeds,INDUSTRIAL_LIGHT,745000.0,755000.0,521.1318897247404
4697440000,14589555000,arcadia,2020,Leeds,INDUSTRIAL_LIGHT,745000.0,760000.0,8000.021262228517
4697440000,7214807000,arcadia,2020,Leeds,INDUSTRIAL_LIGHT,745000.0,670000.0,4286.525864621578
4714411000,4310818000,arcadia,2020,Harlow,RETAIL_OTHER_SUPERSTORES_AND_WAREHOUSES,214000.0,90500.0,1161.9438466134434
4714411000,12214283000,arcadia,2020,Harlow,RETAIL_OTHER_SUPERSTORES_AND_WAREHOUSES,214000.0,82500.0,1020.1231540036694
4714411000,13678046000,arcadia,2020,Harlow,RETAIL_OTHER_SUPERSTORES_AND_WAREHOUSES,214000.0,73000.0,1785.7154752215024
4725879000,9923983000,homebase,2024,Chelmsford,RETAIL_OTHER_SUPERSTORES_AND_WAREHOUSES,765000.0,880000.0,534.501277625453
4725879000,1573425000,homebase,2024,Chelmsford,RETAIL_OTHER_SUPERSTORES_AND_WAREHOUSES,765000.0,500000.0,1810.9400416097162
4725879000,8994167000,homebase,2024,Chelmsford,RETAIL_OTHER_SUPERSTORES_AND_WAREHOUSES,765000.0,1070000.0,2107.9070886294135
4732685000,195158165,carluccios,2020,Reading,RETAIL_RESTAURANTS_AND_CAFES,42250.0,44000.0,867.827005234668
4732685000,195635165,carluccios,2020,Reading,RETAIL_RESTAURANTS_AND_CAFES,42250.0,40000.0,2954.092959929401
4732685000,15032280000,carluccios,2020,Reading,RETAIL_RESTAURANTS_AND_CAFES,42250.0,39500.0,1173.6027767387254
4745853000,13297319000,prezzo,2018,Somerset,RETAIL_RESTAURANTS_AND_CAFES,73000.0,73000.0,2737.6700504894216
4745853000,9838407000,prezzo,2018,Somerset,RETAIL_RESTAURANTS_AND_CAFES,73000.0,72500.0,2251.347892343317
4745853000,10758607000,prezzo,2018,Somerset,RETAIL_RESTAURANTS_AND_CAFES,73000.0,73750.0,9184.30719214362
4746500000,448067154,wilko,2023,Spelthorne,RETAIL_OTHER_SUPERSTORES_AND_WAREHOUSES,267500.0,88500.0,6976.091472423473
4746500000,2011479000,wilko,2023,Spelthorne,RETAIL_OTHER_SUPERSTORES_AND_WAREHOUSES,267500.0,79000.0,1287.1573897447852
4746500000,271594154,wilko,2023,Spelthorne,RETAIL_OTHER_SUPERSTORES_AND_WAREHOUSES,267500.0,78500.0,6072.731258096004
4758535000,7231315000,carluccios,2020,Kensington and Chelsea,RETAIL_RESTAURANTS_AND_CAFES,191000.0,192000.0,920.0496083637879
4758535000,11232340000,carluccios,2020,Kensington and Chelsea,RETAIL_RESTAURANTS_AND_CAFES,191000.0,201000.0,1120.865138924951
4758535000,11159818000,carluccios,2020,Kensington and Chelsea,RETAIL_RESTAURANTS_AND_CAFES,191000.0,206000.0,649.1029231249418
4762117000,14357641000,wilko,2023,"Bristol, City of",RETAIL_OTHER_SUPERSTORES_AND_WAREHOUSES,120000.0,121000.0,1417.2990757510604
4762117000,1624940000,wilko,2023,"Bristol, City of",RETAIL_OTHER_SUPERSTORES_AND_WAREHOUSES,120000.0,121000.0,1417.2990757510604
4762117000,9536170000,wilko,2023,"Bristol, City of",RETAIL_OTHER_SUPERSTORES_AND_WAREHOUSES,120000.0,118000.0,544.1383302148267
4767681000,215327075,strada,2018,Southwark,RETAIL_RESTAURANTS_AND_CAFES,127000.0,130000.0,4407.19401719001
4767681000,13633546000,strada,2018,Southwark,RETAIL_RESTAURANTS_AND_CAFES,127000.0,131000.0,5448.391713328756
4767681000,14955374000,strada,2018,Southwark,RETAIL_RESTAURANTS_AND_CAFES,127000.0,118000.0,828.1873271757179
4797472000,2754653000,mothercare,2019,Gloucester,RETAIL_OTHER_SUPERSTORES_AND_WAREHOUSES,169000.0,154000.0,2507.9513998257225
4797472000,22096214,mothercare,2019,Gloucester,RETAIL_OTHER_SUPERSTORES_AND_WAREHOUSES,169000.0,147000.0,530.3684017255571
4797472000,10610494000,mothercare,2019,Gloucester,RETAIL_OTHER_SUPERSTORES_AND_WAREHOUSES,169000.0,145000.0,490.38968659014506
4814430000,88566141,carluccios,2020,Brighton and Hove,RETAIL_RESTAURANTS_AND_CAFES,99500.0,99800.0,526.212901551438
4814430000,9906601000,carluccios,2020,Brighton and Hove,RETAIL_RESTAURANTS_AND_CAFES,99500.0,91500.0,1081.6387608010793
4814430000,192282000,carluccios,2020,Brighton and Hove,RETAIL_RESTAURANTS_AND_CAFES,99500.0,91000.0,4414.414636641886
4814892000,174679237,prezzo,2018,Warwick,RETAIL_RESTAURANTS_AND_CAFES,30250.0,30250.0,4443.997243929757
4814892000,3403401000,prezzo,2018,Warwick,RETAIL_RESTAURANTS_AND_CAFES,30250.0,30000.0,622.6982663417219
4814892000,183858237,prezzo,2018,Warwick,RETAIL_RESTAURANTS_AND_CAFES,30250.0,29750.0,545.1900917344084
4820368000,254511133,body shop,2024,Cheshire West and Chester,INDUSTRIAL_LIGHT,10250.0,10000.0,6632.892715584584
4820368000,354958133,body shop,2024,Cheshire West and Chester,INDUSTRIAL_LIGHT,10250.0,10000.0,7662.230607420196
4820368000,228458132,body shop,2024,Cheshire West and Chester,INDUSTRIAL_LIGHT,10250.0,10500.0,900.7640632051684
4828948000,6408546000,thomas cook,2019,Maidstone,RETAIL_HIGH_STREET,96000.0,36000.0,2533.0483348588914
4828948000,11836865000,thomas cook,2019,Maidstone,RETAIL_HIGH_STREET,96000.0,35750.0,12598.684205063038
4828948000,8833960000,thomas cook,2019,Maidstone,RETAIL_HIGH_STREET,96000.0,35500.0,2533.0483348588914
4830805000,256163241,frankie&bennys,2020,Bradford,RETAIL_RESTAURANTS_AND_CAFES,80500.0,81000.0,2246.0075147088573
4830805000,12105866000,frankie&bennys,2020,Bradford,RETAIL_RESTAURANTS_AND_CAFES,80500.0,79000.0,1799.9204019252343
4830805000,195574241,frankie&bennys,2020,Bradford,RETAIL_RESTAURANTS_AND_CAFES,80500.0,78000.0,5072.411836390929
4835944000,13531858000,wilko,2023,Bradford,RETAIL_OTHER_SUPERSTORES_AND_WAREHOUSES,310000.0,285000.0,2720.6517243645008
4835944000,13662394000,wilko,2023,Bradford,RETAIL_OTHER_SUPERSTORES_AND_WAREHOUSES,310000.0,285000.0,531.2773593466782
4835944000,11899664000,wilko,2023,Bradford,RETAIL_OTHER_SUPERSTORES_AND_WAREHOUSES,310000.0,277500.0,2822.040351541687
4836655000,8301002000,wilko,2023,Charnwood,RETAIL_OTHER_SUPERSTORES_AND_WAREHOUSES,250000.0,262500.0,804.4736797653528
4836655000,226461046,wilko,2023,Charnwood,RETAIL_OTHER_SUPERSTORES_AND_WAREHOUSES,250000.0,216000.0,814.8990192354133
4836655000,8983773000,wilko,2023,Charnwood,RETAIL_OTHER_SUPERSTORES_AND_WAREHOUSES,250000.0,211000.0,5559.049608210308
4838905000,9330594000,arcadia,2020,Manchester,RETAIL_OTHER_SUPERSTORES_AND_WAREHOUSES,1090000.0,960000.0,4371.514466090544
4838905000,14311304000,arcadia,2020,Manchester,RETAIL_OTHER_SUPERSTORES_AND_WAREHOUSES,1090000.0,910000.0,4371.514466090544
4838905000,10540186000,arcadia,2020,Manchester,RETAIL_OTHER_SUPERSTORES_AND_WAREHOUSES,1090000.0,1300000.0,4322.8862631550755
4846512000,9559646000,poundworld,2018,County Durham,RETAIL_OTHER_SUPERSTORES_AND_WAREHOUSES,103000.0,98000.0,4502.864148798533
4846512000,4776983000,poundworld,2018,County Durham,RETAIL_OTHER_SUPERSTORES_AND_WAREHOUSES,103000.0,109000.0,1909.4923222604966
4846512000,13471259000,poundworld,2018,County Durham,RETAIL_OTHER_SUPERSTORES_AND_WAREHOUSES,103000.0,111000.0,1619.448044038132
4871829000,11426812000,wilko,2023,Stoke-on-Trent,RETAIL_OTHER_SUPERSTORES_AND_WAREHOUSES,128000.0,128000.0,1604.2220711941648
4871829000,3450521000,wilko,2023,Stoke-on-Trent,RETAIL_OTHER_SUPERSTORES_AND_WAREHOUSES,128000.0,123000.0,1457.9265000443518
4871829000,5782583000,wilko,2023,Stoke-on-Trent,RETAIL_OTHER_SUPERSTORES_AND_WAREHOUSES,128000.0,122000.0,1363.721959945377
4874367000,84714023,homebase,2024,Braintree,RETAIL_OTHER_SUPERSTORES_AND_WAREHOUSES,43750.0,43250.0,785.1861433167259
4874367000,12445060000,homebase,2024,Braintree,RETAIL_OTHER_SUPERSTORES_AND_WAREHOUSES,43750.0,44250.0,2022.6718343312955
4874367000,7792190000,homebase,2024,Braintree,RETAIL_OTHER_SUPERSTORES_AND_WAREHOUSES,43750.0,43000.0,2355.2829233858056
4879962000,14282390000,body shop,2024,Manchester,RETAIL_HIGH_STREET,111000.0,71000.0,2727.3493860933363
4879962000,9861221000,body shop,2024,Manchester,RETAIL_HIGH_STREET,111000.0,70500.0,2727.3493860933363
4879962000,6289731000,body shop,2024,Manchester,RETAIL_HIGH_STREET,111000.0,68000.0,4623.593364089315
4893355000,737166072,debenhams,2020,Bromley,RETAIL_OTHER_SUPERSTORES_AND_WAREHOUSES,247000.0,240000.0,2805.2967210623974
4893355000,14015562000,debenhams,2020,Bromley,RETAIL_OTHER_SUPERSTORES_AND_WAREHOUSES,247000.0,262500.0,4453.262993025367
4893355000,736977072,debenhams,2020,Bromley,RETAIL_OTHER_SUPERSTORES_AND_WAREHOUSES,247000.0,224000.0,1580.2623392132734
4893392000,165378072,mothercare,2019,Bromley,RETAIL_OTHER_SUPERSTORES_AND_WAREHOUSES,200000.0,199000.0,2931.8752676284576
4893392000,8320582000,mothercare,2019,Bromley,RETAIL_OTHER_SUPERSTORES_AND_WAREHOUSES,200000.0,203000.0,5103.531912273079
4893392000,4009885000,mothercare,2019,Bromley,RETAIL_OTHER_SUPERSTORES_AND_WAREHOUSES,200000.0,191000.0,2344.9938342547352
4897993000,5336912000,prezzo,2018,Somerset,RETAIL_RESTAURANTS_AND_CAFES,40000.0,40000.0,11252.906179754213
4897993000,185722186,prezzo,2018,Somerset,RETAIL_RESTAURANTS_AND_CAFES,40000.0,40000.0,10926.863599095424
4897993000,185762186,prezzo,2018,Somerset,RETAIL_RESTAURANTS_AND_CAFES,40000.0,40000.0,9571.34148800739
4900668000,14214583000,prezzo,2018,Leicester,RETAIL_HIGH_STREET,45250.0,45750.0,4738.576567924998
4900668000,12953216000,prezzo,2018,Leicester,RETAIL_HIGH_STREET,45250.0,44500.0,752.9384168210759
4900668000,14487033000,prezzo,2018,Leicester,RETAIL_HIGH_STREET,45250.0,46750.0,995.7194018662071
4920127000,92804212,toys r us,2018,"Bristol, City of",RETAIL_OTHER_SUPERSTORES_AND_WAREHOUSES,525000.0,515000.0,2671.605585265241
4920127000,2598171000,toys r us,2018,"Bristol, City of",RETAIL_OTHER_SUPERSTORES_AND_WAREHOUSES,525000.0,505000.0,1755.318114829307
4920127000,251008212,toys r us,2018,"Bristol, City of",RETAIL_OTHER_SUPERSTORES_AND_WAREHOUSES,525000.0,500000.0,2612.6339570463924
4929049000,14062484000,maplin,2018,Cumberland,RETAIL_OTHER_SUPERSTORES_AND_WAREHOUSES,110000.0,107000.0,4083.351856870207
4929049000,8641131000,maplin,2018,Cumberland,RETAIL_OTHER_SUPERSTORES_AND_WAREHOUSES,110000.0,113000.0,662.4312060199381
4929049000,7267522000,maplin,2018,Cumberland,RETAIL_OTHER_SUPERSTORES_AND_WAREHOUSES,110000.0,106000.0,3383.417106149259
4929081000,8814700000,body shop,2024,Rugby,RETAIL_HIGH_STREET,36750.0,36750.0,2347.544275249738
4929081000,9397856000,body shop,2024,Rugby,RETAIL_HIGH_STREET,36750.0,33750.0,2529.4999219971837
4929081000,8831942000,body shop,2024,Rugby,RETAIL_HIGH_STREET,36750.0,39750.0,788.9092258173763
4933379000,14520446000,homebase,2024,County Durham,RETAIL_OTHER_SUPERSTORES_AND_WAREHOUSES,292500.0,292500.0,2384.0060850888462
4933379000,278392104,homebase,2024,County Durham,RETAIL_OTHER_SUPERSTORES_AND_WAREHOUSES,292500.0,295000.0,664.6792108884571
4933379000,14728501000,homebase,2024,County Durham,RETAIL_OTHER_SUPERSTORES_AND_WAREHOUSES,292500.0,295000.0,2296.501685852609
4944643000,176504186,strada,2018,Somerset,RETAIL_RESTAURANTS_AND_CAFES,13000.0,13000.0,14491.649854520536
4944643000,184127186,strada,2018,Somerset,RETAIL_RESTAURANTS_AND_CAFES,13000.0,13000.0,6434.195955764559
4944643000,193538186,strada,2018,Somerset,RETAIL_RESTAURANTS_AND_CAFES,13000.0,13000.0,12710.783725339634
4985602000,6513041000,arcadia,2020,Charnwood,LEISURE_AMUSEMENT_AND_ENTERTAINMENT_CENTRES,9300.0,9100.0,3462.780602132276
4985602000,2032640000,arcadia,2020,Charnwood,LEISURE_AMUSEMENT_AND_ENTERTAINMENT_CENTRES,9300.0,10000.0,4633.658790351091
4985602000,7347107000,arcadia,2020,Charnwood,LEISURE_AMUSEMENT_AND_ENTERTAINMENT_CENTRES,9300.0,10250.0,8968.280647504476
5001093000,8438099000,thomas cook,2019,Manchester,OFFICE_GENERAL,81500.0,82000.0,818.7333777144933
5001093000,7279246000,thomas cook,2019,Manchester,OFFICE_GENERAL,81500.0,80500.0,408.23483064158876
5001093000,11302956000,thomas cook,2019,Manchester,OFFICE_GENERAL,81500.0,83000.0,1293.7523446934447
5002619000,11623529000,byron,2020,Cambridge,RETAIL_RESTAURANTS_AND_CAFES,93500.0,81500.0,1210.8648369976747
5002619000,10763780000,byron,2020,Cambridge,RETAIL_RESTAURANTS_AND_CAFES,93500.0,80000.0,648.5066274960184
5002619000,111695012,byron,2020,Cambridge,RETAIL_RESTAURANTS_AND_CAFES,93500.0,75000.0,789.9809191608441
5021320000,565346032,prezzo,2018,Lincoln,RETAIL_RESTAURANTS_AND_CAFES,70000.0,71000.0,3360.147373216857
5021320000,1935577000,prezzo,2018,Lincoln,RETAIL_RESTAURANTS_AND_CAFES,70000.0,66000.0,2262.3202490957447
5021320000,543029032,prezzo,2018,Lincoln,RETAIL_RESTAURANTS_AND_CAFES,70000.0,60000.0,2309.462044407454
5022557000,14992707000,debenhams,2020,Cumberland,RETAIL_OTHER_SUPERSTORES_AND_WAREHOUSES,432500.0,390000.0,2146.3767490998475
5022557000,148447124,debenhams,2020,Cumberland,RETAIL_OTHER_SUPERSTORES_AND_WAREHOUSES,432500.0,360000.0,1123.1812982572005
5022557000,12928778000,debenhams,2020,Cumberland,RETAIL_OTHER_SUPERSTORES_AND_WAREHOUSES,432500.0,340000.0,3693.059020852292
5033711000,1089000,frankie&bennys,2020,South Gloucestershire,RETAIL_RESTAURANTS_AND_CAFES,89500.0,88000.0,4173.237629648421
5033711000,659623000,frankie&bennys,2020,South Gloucestershire,RETAIL_RESTAURANTS_AND_CAFES,89500.0,92500.0,970.8359814693982
5033711000,1045095000,frankie&bennys,2020,South Gloucestershire,RETAIL_RESTAURANTS_AND_CAFES,89500.0,93000.0,490.2086866335529
5056332000,4748694000,chiquito,2020,Dudley,RETAIL_RESTAURANTS_AND_CAFES,68500.0,68900.0,1425.2783301479965
5056332000,1219641000,chiquito,2020,Dudley,RETAIL_RESTAURANTS_AND_CAFES,68500.0,63250.0,1328.977514032195
5056332000,201822239,chiquito,2020,Dudley,RETAIL_RESTAURANTS_AND_CAFES,68500.0,62000.0,1620.4066173651536
5093853000,5093853000,arcadia,2020,Manchester,RETAIL_OTHER_SUPERSTORES_AND_WAREHOUSES,8100.0,8100.0,549.2561563764127
5093853000,15054245000,arcadia,2020,Manchester,RETAIL_OTHER_SUPERSTORES_AND_WAREHOUSES,8100.0,8100.0,629.6339837521853
5093853000,3261500000,arcadia,2020,Manchester,RETAIL_OTHER_SUPERSTORES_AND_WAREHOUSES,8100.0,8100.0,594.516561057825
5096347000,10521835000,mothercare,2019,Plymouth,RETAIL_HIGH_STREET,277500.0,50500.0,1377.0116842632026
5096347000,10023900000,mothercare,2019,Plymouth,RETAIL_HIGH_STREET,277500.0,49250.0,2973.537937823731
5096347000,10701842000,mothercare,2019,Plymouth,RETAIL_HIGH_STREET,277500.0,47000.0,999.9047369901492
5096360000,8821121000,cath kidston,2020,Plymouth,RETAIL_HIGH_STREET,90500.0,46750.0,999.9047369901492
5096360000,15072227000,cath kidston,2020,Plymouth,RETAIL_HIGH_STREET,90500.0,46250.0,3036.6005553658842
5096360000,11633283000,cath kidston,2020,Plymouth,RETAIL_HIGH_STREET,90500.0,45500.0,1464.7967931461083
5096361000,8697420000,paperchase,2023,Plymouth,RETAIL_HIGH_STREET,143000.0,45500.0,1503.7177457048458
5096361000,8181386000,paperchase,2023,Plymouth,RETAIL_HIGH_STREET,143000.0,44500.0,1976.9522108624838
5096361000,8834244000,paperchase,2023,Plymouth,RETAIL_HIGH_STREET,143000.0,43750.0,1939.6174515089283
5097490000,7136347000,poundworld,2018,Reading,RETAIL_HIGH_STREET,140000.0,30250.0,2312.0592490700196
5097490000,1819164000,poundworld,2018,Reading,RETAIL_HIGH_STREET,140000.0,29250.0,901.419347023138
5097490000,14708183000,poundworld,2018,Reading,RETAIL_HIGH_STREET,140000.0,29000.0,539.0802753209878
5100392000,126130045,arcadia,2020,West Northamptonshire,RETAIL_HIGH_STREET,18000.0,18000.0,16084.505933764272
5100392000,267764045,arcadia,2020,West Northamptonshire,RETAIL_HIGH_STREET,18000.0,18000.0,2303.379043623162
5100392000,126126045,arcadia,2020,West Northamptonshire,RETAIL_HIGH_STREET,18000.0,18000.0,16084.505933764272
5100461000,9577033000,toys r us,2018,Dudley,RETAIL_OTHER_SUPERSTORES_AND_WAREHOUSES,550000.0,550000.0,4477.373711361731
5100461000,14796226000,toys r us,2018,Dudley,RETAIL_OTHER_SUPERSTORES_AND_WAREHOUSES,550000.0,462500.0,4477.373711361731
5100461000,14905241000,toys r us,2018,Dudley,RETAIL_OTHER_SUPERSTORES_AND_WAREHOUSES,550000.0,347500.0,4278.387074600273
5106398000,51960141,arcadia,2020,Brighton and Hove,RETAIL_HIGH_STREET,16750.0,16750.0,1040.2211396304583
5106398000,112563141,arcadia,2020,Brighton and Hove,RETAIL_HIGH_STREET,16750.0,16750.0,794.2696607755249
5106398000,12671460000,arcadia,2020,Brighton and Hove,RETAIL_HIGH_STREET,16750.0,16750.0,2627.7924129681005
5115750000,862181000,maplin,2018,Reading,RETAIL_OTHER_SUPERSTORES_AND_WAREHOUSES,115000.0,124000.0,940.4005657081458
5115750000,12667559000,maplin,2018,Reading,RETAIL_OTHER_SUPERSTORES_AND_WAREHOUSES,115000.0,105000.0,992.3553406306886
5115750000,5115748000,maplin,2018,Reading,RETAIL_OTHER_SUPERSTORES_AND_WAREHOUSES,115000.0,125000.0,977.2156442778369
5116457000,206069000,carluccios,2020,Camden,RETAIL_HIGH_STREET,89500.0,89500.0,882.520260741034
5116457000,11410714000,carluccios,2020,Camden,RETAIL_HIGH_STREET,89500.0,90000.0,948.8466501695796
5116457000,102196063,carluccios,2020,Camden,RETAIL_HIGH_STREET,89500.0,90000.0,472.4466737323502
5128611000,202668239,poundworld,2018,Dudley,RETAIL_HIGH_STREET,192000.0,27750.0,4237.531710727308
5128611000,202500239,poundworld,2018,Dudley,RETAIL_HIGH_STREET,192000.0,27000.0,3020.755401021887
5128611000,820022000,poundworld,2018,Dudley,RETAIL_HIGH_STREET,192000.0,26750.0,2103.6755004619586
5130856000,2534593000,arcadia,2020,Southampton,OFFICE_GENERAL,0.0,0.0,726.4250474445467
5130856000,9105285000,arcadia,2020,Southampton,OFFICE_GENERAL,0.0,0.0,438.0205776016062
5130856000,9105283000,arcadia,2020,Southampton,OFFICE_GENERAL,0.0,0.0,438.0205776016062
5130864000,197149176,arcadia,2020,Southampton,OFFICE_GENERAL,0.0,0.0,518.6249143771454
5130864000,9105282000,arcadia,2020,Southampton,OFFICE_GENERAL,0.0,0.0,438.0205776016062
5130864000,58850176,arcadia,2020,Southampton,OFFICE_GENERAL,0.0,0.0,1885.0183199383403
5130872000,10471117000,arcadia,2020,Southampton,OFFICE_GENERAL,0.0,0.0,582.6454135280079
5130872000,1945042000,arcadia,2020,Southampton,OFFICE_GENERAL,0.0,0.0,518.6249143771454
5130872000,4537962000,arcadia,2020,Southampton,OFFICE_GENERAL,0.0,0.0,1715.9260681326546
5130873000,527671176,arcadia,2020,Southampton,OFFICE_GENERAL,0.0,0.0,458.5781377080792
5130873000,6671124000,arcadia,2020,Southampton,OFFICE_GENERAL,0.0,0.0,518.6249143771454
5130873000,6671170000,arcadia,2020,Southampton,OFFICE_GENERAL,0.0,0.0,518.6249143771454
5130922000,894669000,arcadia,2020,Southampton,OFFICE_GENERAL,0.0,0.0,1403.0479707004008
5130922000,475234176,arcadia,2020,Southampton,OFFICE_GENERAL,0.0,0.0,1328.7241817714257
5130922000,7483523000,arcadia,2020,Southampton,OFFICE_GENERAL,0.0,0.0,696.7220383777958
5130923000,4628394000,arcadia,2020,Southampton,OFFICE_GENERAL,0.0,0.0,1534.3098012215048
5130923000,207648176,arcadia,2020,Southampton,OFFICE_GENERAL,0.0,0.0,498.2395545625198
5130923000,7200713000,arcadia,2020,Southampton,OFFICE_GENERAL,0.0,0.0,518.6249143771454
5130928000,225680000,arcadia,2020,Southampton,OFFICE_GENERAL,0.0,0.0,590.1301847830243
5130928000,7200728000,arcadia,2020,Southampton,OFFICE_GENERAL,0.0,0.0,518.6249143771454
5130928000,1491843000,arcadia,2020,Southampton,OFFICE_GENERAL,0.0,0.0,768.7634249062218
5130933000,9105280000,arcadia,2020,Southampton,OFFICE_GENERAL,0.0,0.0,438.0205776016062
5130933000,11028047000,arcadia,2020,Southampton,OFFICE_GENERAL,0.0,215.0,829.8293090612684
5130933000,11688213000,arcadia,2020,Southampton,OFFICE_GENERAL,0.0,250.0,1449.2653736163427
5136487000,102539063,maplin,2018,Camden,RETAIL_HIGH_STREET,155000.0,166000.0,911.3255599067711
5136487000,15004568000,maplin,2018,Camden,RETAIL_HIGH_STREET,155000.0,143000.0,951.7207248744493
5136487000,3954998000,maplin,2018,Camden,RETAIL_HIGH_STREET,155000.0,132000.0,950.0042126361025
5145182000,263600045,frankie&bennys,2020,West Northamptonshire,INDUSTRIAL_GENERAL,14000.0,14000.0,16832.184321102275
5145182000,12095935000,frankie&bennys,2020,West Northamptonshire,INDUSTRIAL_GENERAL,14000.0,14000.0,20643.68819211265
5145182000,10758104000,frankie&bennys,2020,West Northamptonshire,INDUSTRIAL_GENERAL,14000.0,14000.0,1097.1015808034172
5153599000,6505458000,maplin,2018,Milton Keynes,RETAIL_OTHER_SUPERSTORES_AND_WAREHOUSES,86000.0,85500.0,745.9368869680584
5153599000,8424991000,maplin,2018,Milton Keynes,RETAIL_OTHER_SUPERSTORES_AND_WAREHOUSES,86000.0,87000.0,816.1447510754679
5153599000,8424989000,maplin,2018,Milton Keynes,RETAIL_OTHER_SUPERSTORES_AND_WAREHOUSES,86000.0,87500.0,816.1447510754679
5156455000,342674244,wilko,2023,Leeds,RETAIL_OTHER_SUPERSTORES_AND_WAREHOUSES,300000.0,302500.0,3856.4115284276795
5156455000,1778356000,wilko,2023,Leeds,RETAIL_OTHER_SUPERSTORES_AND_WAREHOUSES,300000.0,302500.0,1375.0579949339951
5156455000,6755332000,wilko,2023,Leeds,RETAIL_OTHER_SUPERSTORES_AND_WAREHOUSES,300000.0,292500.0,1523.7738695149758
5167970000,12981923000,maplin,2018,Basingstoke and Deane,RETAIL_OTHER_SUPERSTORES_AND_WAREHOUSES,65000.0,64000.0,1865.511409715017
5167970000,8437484000,maplin,2018,Basingstoke and Deane,RETAIL_OTHER_SUPERSTORES_AND_WAREHOUSES,65000.0,69000.0,12193.287449993204
5167970000,1840508000,maplin,2018,Basingstoke and Deane,RETAIL_OTHER_SUPERSTORES_AND_WAREHOUSES,65000.0,72250.0,6169.001281084304
5171508000,129653045,mothercare,2019,West Northamptonshire,RETAIL_OTHER_SUPERSTORES_AND_WAREHOUSES,165000.0,170000.0,16233.817966677161
5171508000,5101254000,mothercare,2019,West Northamptonshire,RETAIL_OTHER_SUPERSTORES_AND_WAREHOUSES,165000.0,170000.0,413.80183881942986
5171508000,268700045,mothercare,2019,West Northamptonshire,RETAIL_OTHER_SUPERSTORES_AND_WAREHOUSES,165000.0,175000.0,607.9519207229275
5191550000,13367084000,toys r us,2018,Watford,RETAIL_OTHER_SUPERSTORES_AND_WAREHOUSES,735000.0,625000.0,566.4118281011922
5191550000,1298740000,toys r us,2018,Watford,RETAIL_OTHER_SUPERSTORES_AND_WAREHOUSES,735000.0,590000.0,566.4118281011922
5191550000,1298582000,toys r us,2018,Watford,RETAIL_OTHER_SUPERSTORES_AND_WAREHOUSES,735000.0,515000.0,566.4118281011922
5202244000,1623755000,paperchase,2023,York,RETAIL_HIGH_STREET,78000.0,32000.0,615.7013546561317
5202244000,8850880000,paperchase,2023,York,RETAIL_HIGH_STREET,78000.0,31000.0,1342.5928953937405
5202244000,10740820000,paperchase,2023,York,RETAIL_HIGH_STREET,78000.0,30000.0,615.7013546561317
5203063000,176359108,paperchase,2023,York,RETAIL_HIGH_STREET,57000.0,29750.0,2577.348411872708
5203063000,11296447000,paperchase,2023,York,RETAIL_HIGH_STREET,57000.0,29750.0,2727.3530741492486
5203063000,163964108,paperchase,2023,York,RETAIL_HIGH_STREET,57000.0,29500.0,2877.468108564784
5203094000,6183620000,body shop,2024,York,RETAIL_HIGH_STREET,59000.0,29250.0,1592.8578460863446
5203094000,8850826000,body shop,2024,York,RETAIL_HIGH_STREET,59000.0,29250.0,2356.7565375868276
5203094000,8144907000,body shop,2024,York,RETAIL_HIGH_STREET,59000.0,29000.0,622.3669996366457
5203098000,253973000,cath kidston,2020,York,RETAIL_HIGH_STREET,89000.0,29000.0,2677.4007565103543
5203098000,14635108,cath kidston,2020,York,RETAIL_HIGH_STREET,89000.0,28750.0,1278.8712642149037
5203098000,14806349000,cath kidston,2020,York,RETAIL_HIGH_STREET,89000.0,28750.0,1537.8690756446233
5203223000,3369445000,ted baker,2024,York,RETAIL_HIGH_STREET,91000.0,28750.0,1413.7834884948395
5203223000,236991108,ted baker,2024,York,RETAIL_HIGH_STREET,91000.0,28750.0,1184.8401968449148
5203223000,13300765000,ted baker,2024,York,RETAIL_HIGH_STREET,91000.0,28250.0,713.4292644821334
5203225000,8788618000,ted baker,2024,York,RETAIL_HIGH_STREET,44000.0,28250.0,2387.014851105531
5203225000,2164206000,ted baker,2024,York,RETAIL_HIGH_STREET,44000.0,28250.0,708.7184706223675
5203225000,15052177000,ted baker,2024,York,RETAIL_HIGH_STREET,44000.0,27500.0,708.7184706223675
5211141000,10492026000,chiquito,2020,"Bournemouth, Christchurch and Poole",RETAIL_RESTAURANTS_AND_CAFES,90500.0,91250.0,1491.1247133197617
5211141000,183888172,chiquito,2020,"Bournemouth, Christchurch and Poole",RETAIL_RESTAURANTS_AND_CAFES,90500.0,92000.0,1037.6279518169604
5211141000,14985700000,chiquito,2020,"Bournemouth, Christchurch and Poole",RETAIL_RESTAURANTS_AND_CAFES,90500.0,93500.0,477.3679107973062
5213608000,7940933000,chiquito,2020,County Durham,RETAIL_RESTAURANTS_AND_CAFES,72000.0,72000.0,7858.52608069279
5213608000,13499261000,chiquito,2020,County Durham,RETAIL_RESTAURANTS_AND_CAFES,72000.0,73000.0,7765.027181202482
5213608000,12932845000,chiquito,2020,County Durham,RETAIL_RESTAURANTS_AND_CAFES,72000.0,73000.0,7765.027181202482
5218512000,7758413000,wilko,2023,Somerset,RETAIL_OTHER_SUPERSTORES_AND_WAREHOUSES,412500.0,392500.0,8983.202991207287
5218512000,14328087000,wilko,2023,Somerset,RETAIL_OTHER_SUPERSTORES_AND_WAREHOUSES,412500.0,387500.0,8179.20495155987
5218512000,12141129000,wilko,2023,Somerset,RETAIL_OTHER_SUPERSTORES_AND_WAREHOUSES,412500.0,442500.0,11721.082905507712
5240513000,2589119000,prezzo,2018,Torbay,RETAIL_RESTAURANTS_AND_CAFES,74000.0,75750.0,2146.4575834175766
5240513000,9823705000,prezzo,2018,Torbay,RETAIL_RESTAURANTS_AND_CAFES,74000.0,76500.0,438.3655586029675
5240513000,212919182,prezzo,2018,Torbay,RETAIL_RESTAURANTS_AND_CAFES,74000.0,78000.0,3928.2539041969635
5264503000,78109105,body shop,2024,North Yorkshire,RETAIL_HIGH_STREET,66500.0,66500.0,38961.79778686177
5264503000,134016105,body shop,2024,North Yorkshire,RETAIL_HIGH_STREET,66500.0,66000.0,15976.719048040059
5264503000,1821226000,body shop,2024,North Yorkshire,RETAIL_HIGH_STREET,66500.0,67000.0,43974.6245739795
5282587000,2288557000,body shop,2024,Bromley,INDUSTRIAL_GENERAL,101000.0,101000.0,444.35136563925687
5282587000,13214549000,body shop,2024,Bromley,INDUSTRIAL_GENERAL,101000.0,100000.0,7394.457304029982
5282587000,7287964000,body shop,2024,Bromley,INDUSTRIAL_GENERAL,101000.0,103000.0,7822.527747718819
5293115000,7430237000,poundworld,2018,Darlington,RETAIL_OTHER_SUPERSTORES_AND_WAREHOUSES,45250.0,47000.0,1688.8242911799302
5293115000,546138104,poundworld,2018,Darlington,RETAIL_OTHER_SUPERSTORES_AND_WAREHOUSES,45250.0,48500.0,1410.0869874283605
5293115000,720961000,poundworld,2018,Darlington,RETAIL_OTHER_SUPERSTORES_AND_WAREHOUSES,45250.0,49000.0,588.9932607703265
5298849000,586766000,frankie&bennys,2020,Crawley,RETAIL_RESTAURANTS_AND_CAFES,105000.0,105000.0,2510.1838117621965
5298849000,14950210000,frankie&bennys,2020,Crawley,RETAIL_RESTAURANTS_AND_CAFES,105000.0,102000.0,2084.654761427534
5298849000,361195141,frankie&bennys,2020,Crawley,RETAIL_RESTAURANTS_AND_CAFES,105000.0,110000.0,2417.3245902067233
5309251000,161618234,body shop,2024,Telford and Wrekin,RETAIL_HIGH_STREET,89000.0,32000.0,1926.433168292177
5309251000,15065033000,body shop,2024,Telford and Wrekin,RETAIL_HIGH_STREET,89000.0,31000.0,2028.962993018704
5309251000,161615234,body shop,2024,Telford and Wrekin,RETAIL_HIGH_STREET,89000.0,30750.0,1926.433168292177
5310634000,246525141,thomas cook,2019,Crawley,INDUSTRIAL_GENERAL,15500.0,15500.0,1714.8824202792757
5310634000,166544141,thomas cook,2019,Crawley,INDUSTRIAL_GENERAL,15500.0,15500.0,2972.36238716795
5310634000,5801221000,thomas cook,2019,Crawley,INDUSTRIAL_GENERAL,15500.0,15500.0,1802.9302550742882
5341906000,8837029000,body shop,2024,"Bournemouth, Christchurch and Poole",INDUSTRIAL_GENERAL,10500.0,10500.0,1496.0453518415895
5341906000,135853172,body shop,2024,"Bournemouth, Christchurch and Poole",INDUSTRIAL_GENERAL,10500.0,10500.0,1142.84360480513
5341906000,13585690000,body shop,2024,"Bournemouth, Christchurch and Poole",INDUSTRIAL_GENERAL,10500.0,10500.0,1248.4736678963036
5357109000,10142991000,frankie&bennys,2020,South Gloucestershire,RETAIL_HIGH_STREET,1225.0,1250.0,2250.8353797533164
5357109000,218025211,frankie&bennys,2020,South Gloucestershire,RETAIL_HIGH_STREET,1225.0,1250.0,3237.3425760217815
5357109000,156400211,frankie&bennys,2020,South Gloucestershire,RETAIL_HIGH_STREET,1225.0,1250.0,3578.473458010629
5364676000,2636010000,arcadia,2020,West Northamptonshire,RETAIL_HIGH_STREET,107000.0,51000.0,16084.505933764272
5364676000,13046118000,arcadia,2020,West Northamptonshire,RETAIL_HIGH_STREET,107000.0,50500.0,1238.6671247339414
5364676000,8791822000,arcadia,2020,West Northamptonshire,RETAIL_HIGH_STREET,107000.0,46500.0,3471.0390216196015
5390810000,5446569000,toys r us,2018,"Bournemouth, Christchurch and Poole",RETAIL_OTHER_SUPERSTORES_AND_WAREHOUSES,430000.0,445000.0,2384.232762596479
5390810000,13599849000,toys r us,2018,"Bournemouth, Christchurch and Poole",RETAIL_OTHER_SUPERSTORES_AND_WAREHOUSES,430000.0,457500.0,2751.5951737746723
5390810000,8500894000,toys r us,2018,"Bournemouth, Christchurch and Poole",RETAIL_OTHER_SUPERSTORES_AND_WAREHOUSES,430000.0,390000.0,2182.6028430271913
5391966000,10984470000,arcadia,2020,Norwich,RETAIL_OTHER_SUPERSTORES_AND_WAREHOUSES,347500.0,275000.0,1079.688515039724
5391966000,13192955000,arcadia,2020,Norwich,RETAIL_OTHER_SUPERSTORES_AND_WAREHOUSES,347500.0,267500.0,1142.3163550155086
5391966000,9780015000,arcadia,2020,Norwich,RETAIL_OTHER_SUPERSTORES_AND_WAREHOUSES,347500.0,211000.0,599.5112686874565
5408000000,11357260000,prezzo,2018,Buckinghamshire,RETAIL_RESTAURANTS_AND_CAFES,39750.0,39750.0,6255.166936750796
5408000000,13817172000,prezzo,2018,Buckinghamshire,RETAIL_RESTAURANTS_AND_CAFES,39750.0,39750.0,6255.166936750796
5408000000,8074817000,prezzo,2018,Buckinghamshire,RETAIL_RESTAURANTS_AND_CAFES,39750.0,40000.0,7861.406198563844
5432241000,2318486000,wilko,2023,Lincoln,RETAIL_OTHER_SUPERSTORES_AND_WAREHOUSES,265000.0,262500.0,2253.6932164389036
5432241000,4087086000,wilko,2023,Lincoln,RETAIL_OTHER_SUPERSTORES_AND_WAREHOUSES,265000.0,275000.0,4773.59563631971
5432241000,8603047000,wilko,2023,Lincoln,RETAIL_OTHER_SUPERSTORES_AND_WAREHOUSES,265000.0,275000.0,2421.6234267305135
5444353000,181056148,maplin,2018,Maidstone,RETAIL_HIGH_STREET,87000.0,34000.0,2029.7923746968017
5444353000,50002148,maplin,2018,Maidstone,RETAIL_HIGH_STREET,87000.0,33250.0,479.6558718061988
5444353000,11281481000,maplin,2018,Maidstone,RETAIL_HIGH_STREET,87000.0,32750.0,3118.604375091476
5445363000,390100147,homebase,2024,Dartford,RETAIL_OTHER_SUPERSTORES_AND_WAREHOUSES,490000.0,385000.0,5053.980198808733
5445363000,12438960000,homebase,2024,Dartford,RETAIL_OTHER_SUPERSTORES_AND_WAREHOUSES,490000.0,810000.0,2118.3909905561572
5445363000,7023504000,homebase,2024,Dartford,RETAIL_OTHER_SUPERSTORES_AND_WAREHOUSES,490000.0,159000.0,1639.0884231284685
5467051000,9306362000,maplin,2018,Guildford,RETAIL_HIGH_STREET,69500.0,34750.0,8554.061895471888
5467051000,76104152,maplin,2018,Guildford,RETAIL_HIGH_STREET,69500.0,34500.0,2708.9878649223424
5467051000,8786445000,maplin,2018,Guildford,RETAIL_HIGH_STREET,69500.0,34500.0,2016.204293860547
5473967000,11947532000,homebase,2024,Buckinghamshire,RETAIL_HIGH_STREET,58500.0,59000.0,7730.350594042644
5473967000,2027162,homebase,2024,Buckinghamshire,RETAIL_HIGH_STREET,58500.0,60500.0,23506.562968000857
5473967000,345616162,homebase,2024,Buckinghamshire,RETAIL_HIGH_STREET,58500.0,60500.0,6850.959249075261
5475236000,320714172,homebase,2024,"Bournemouth, Christchurch and Poole",RETAIL_OTHER_SUPERSTORES_AND_WAREHOUSES,685000.0,387500.0,1904.850154181355
5475236000,320737172,homebase,2024,"Bournemouth, Christchurch and Poole",RETAIL_OTHER_SUPERSTORES_AND_WAREHOUSES,685000.0,385000.0,1904.850154181355
5475236000,10660787000,homebase,2024,"Bournemouth, Christchurch and Poole",RETAIL_OTHER_SUPERSTORES_AND_WAREHOUSES,685000.0,377500.0,2033.564494901725
5475695000,14481385000,prezzo,2018,Canterbury,RETAIL_RESTAURANTS_AND_CAFES,146000.0,125000.0,763.42333423276
5475695000,9487369000,prezzo,2018,Canterbury,RETAIL_RESTAURANTS_AND_CAFES,146000.0,125000.0,8944.740980078866
5475695000,532540145,prezzo,2018,Canterbury,RETAIL_RESTAURANTS_AND_CAFES,146000.0,96500.0,1413.5334221373607
5482382000,14711025000,prezzo,2018,West Northamptonshire,OTHER_PUBLIC,2500.0,2500.0,13354.13848367189
5482382000,214998045,prezzo,2018,West Northamptonshire,OTHER_PUBLIC,2500.0,2500.0,12809.17384043491
5482382000,35711045,prezzo,2018,West Northamptonshire,OTHER_PUBLIC,2500.0,2475.0,889.1316594074868
5492268000,297663244,arcadia,2020,Leeds,RETAIL_HIGH_STREET,895000.0,49500.0,13030.380241244779
5492268000,6094534000,arcadia,2020,Leeds,RETAIL_HIGH_STREET,895000.0,49250.0,2646.7979066083426
5492268000,316084244,arcadia,2020,Leeds,RETAIL_HIGH_STREET,895000.0,49250.0,11921.883557724328
5498877000,8198353000,arcadia,2020,Cheshire West and Chester,RETAIL_OTHER_SUPERSTORES_AND_WAREHOUSES,250000.0,255000.0,1442.7549299675431
5498877000,14460266000,arcadia,2020,Cheshire West and Chester,RETAIL_OTHER_SUPERSTORES_AND_WAREHOUSES,250000.0,240000.0,1464.988379692223
5498877000,10955331000,arcadia,2020,Cheshire West and Chester,RETAIL_OTHER_SUPERSTORES_AND_WAREHOUSES,250000.0,237000.0,567.4379339115865
5536571000,818250022,prezzo,2018,Chelmsford,RETAIL_RESTAURANTS_AND_CAFES,79000.0,79000.0,3101.902640161672
5536571000,13986903000,prezzo,2018,Chelmsford,RETAIL_RESTAURANTS_AND_CAFES,79000.0,80500.0,10094.999787437215
5536571000,4037773000,prezzo,2018,Chelmsford,RETAIL_RESTAURANTS_AND_CAFES,79000.0,81500.0,639.7088987919367
5544425000,8181340000,maplin,2018,Eastbourne,RETAIL_OTHER_SUPERSTORES_AND_WAREHOUSES,55000.0,64500.0,1439.3450728205232
5544425000,3852650000,maplin,2018,Eastbourne,RETAIL_OTHER_SUPERSTORES_AND_WAREHOUSES,55000.0,44750.0,514.3715843638073
5544425000,1804746000,maplin,2018,Eastbourne,RETAIL_OTHER_SUPERSTORES_AND_WAREHOUSES,55000.0,70500.0,514.3715843638073
5561060000,769454022,strada,2018,Thurrock,RETAIL_RESTAURANTS_AND_CAFES,85000.0,82000.0,8261.87085901821
5561060000,875566022,strada,2018,Thurrock,RETAIL_RESTAURANTS_AND_CAFES,85000.0,67500.0,1595.093365783959
5561060000,810451022,strada,2018,Thurrock,RETAIL_RESTAURANTS_AND_CAFES,85000.0,67000.0,2145.7764381364755
5561077000,250669000,prezzo,2018,Thurrock,RETAIL_RESTAURANTS_AND_CAFES,113000.0,59500.0,1479.2718076094432
5561077000,704798022,prezzo,2018,Thurrock,RETAIL_RESTAURANTS_AND_CAFES,113000.0,55000.0,5062.9173631397425
5561077000,572548000,prezzo,2018,Thurrock,RETAIL_RESTAURANTS_AND_CAFES,113000.0,54000.0,1677.3132925030893
5563471000,8273688000,chiquito,2020,West Northamptonshire,OTHER_PUBLIC,87500.0,87500.0,12173.19260007337
5563471000,211510045,chiquito,2020,West Northamptonshire,OTHER_PUBLIC,87500.0,89000.0,11870.319602498714
5563471000,11695201000,chiquito,2020,West Northamptonshire,OTHER_PUBLIC,87500.0,89000.0,15686.654715934661
5568340000,16222052,arcadia,2020,City of London,OFFICE_GENERAL,101000.0,102000.0,412.2739360440257
5568340000,10675352000,arcadia,2020,City of London,OFFICE_GENERAL,101000.0,98000.0,416.71915681106236
5568340000,30028052,arcadia,2020,City of London,OFFICE_GENERAL,101000.0,104000.0,412.2739360440257
5574106000,9290036,maplin,2018,Norwich,RETAIL_OTHER_SUPERSTORES_AND_WAREHOUSES,78000.0,79000.0,2903.876356405612
5574106000,9942726000,maplin,2018,Norwich,RETAIL_OTHER_SUPERSTORES_AND_WAREHOUSES,78000.0,72500.0,4147.911194492119
5574106000,9910371000,maplin,2018,Norwich,RETAIL_OTHER_SUPERSTORES_AND_WAREHOUSES,78000.0,88000.0,505.10436202969163
5574969000,13895125000,thomas cook,2019,"Bristol, City of",RETAIL_HIGH_STREET,14500.0,14500.0,4183.016490375814
5574969000,9062299000,thomas cook,2019,"Bristol, City of",RETAIL_HIGH_STREET,14500.0,14500.0,1418.5714135198325
5574969000,348003212,thomas cook,2019,"Bristol, City of",RETAIL_HIGH_STREET,14500.0,14500.0,1549.0119536653938
5578969000,11314484000,arcadia,2020,Derby,OFFICE_GENERAL,2600.0,2600.0,456.52431725232645
5578969000,13753300000,arcadia,2020,Derby,OFFICE_GENERAL,2600.0,2600.0,2402.346135873893
5578969000,11202207000,arcadia,2020,Derby,OFFICE_GENERAL,2600.0,2600.0,2568.302733273207
5584067000,9220839000,frankie&bennys,2020,Stoke-on-Trent,RETAIL_RESTAURANTS_AND_CAFES,126000.0,126000.0,465.49709379657077
5584067000,8917768000,frankie&bennys,2020,Stoke-on-Trent,RETAIL_RESTAURANTS_AND_CAFES,126000.0,126000.0,426.0224377610146
5584067000,717877000,frankie&bennys,2020,Stoke-on-Trent,RETAIL_RESTAURANTS_AND_CAFES,126000.0,113000.0,1231.4099807189014
5597999000,11243038000,wilko,2023,Peterborough,RETAIL_OTHER_SUPERSTORES_AND_WAREHOUSES,302500.0,300000.0,2619.585815625732
5597999000,13369176000,wilko,2023,Peterborough,RETAIL_OTHER_SUPERSTORES_AND_WAREHOUSES,302500.0,300000.0,3374.322439121687
5597999000,2468253000,wilko,2023,Peterborough,RETAIL_OTHER_SUPERSTORES_AND_WAREHOUSES,302500.0,307500.0,1504.131150928365
5606832000,9150444000,wilko,2023,North Yorkshire,RETAIL_OTHER_SUPERSTORES_AND_WAREHOUSES,184000.0,184000.0,25052.63021709107
5606832000,2239880000,wilko,2023,North Yorkshire,RETAIL_OTHER_SUPERSTORES_AND_WAREHOUSES,184000.0,184500.0,2034.151693497522
5606832000,4857025000,wilko,2023,North Yorkshire,RETAIL_OTHER_SUPERSTORES_AND_WAREHOUSES,184000.0,183000.0,55203.68186134433
5632910000,1713443000,frankie&bennys,2020,East Staffordshire,RETAIL_RESTAURANTS_AND_CAFES,66500.0,68000.0,1209.3761679712143
5632910000,262650232,frankie&bennys,2020,East Staffordshire,RETAIL_RESTAURANTS_AND_CAFES,66500.0,64000.0,1429.7357835230573
5632910000,84218000,frankie&bennys,2020,East Staffordshire,RETAIL_RESTAURANTS_AND_CAFES,66500.0,69000.0,19783.708712173306
5634875000,3133773000,mothercare,2019,Watford,RETAIL_OTHER_SUPERSTORES_AND_WAREHOUSES,520000.0,490000.0,878.7199656953567
5634875000,11375074000,mothercare,2019,Watford,RETAIL_OTHER_SUPERSTORES_AND_WAREHOUSES,520000.0,482500.0,840.7530842496634
5634875000,5209197000,mothercare,2019,Watford,RETAIL_OTHER_SUPERSTORES_AND_WAREHOUSES,520000.0,467500.0,515.2991512409461
5665603000,3859306000,bhs,2016,Lincoln,RETAIL_OTHER_SUPERSTORES_AND_WAREHOUSES,362500.0,295000.0,737.4524557558572
5665603000,23762032,bhs,2016,Lincoln,RETAIL_OTHER_SUPERSTORES_AND_WAREHOUSES,362500.0,238000.0,2262.3202490957447
5665603000,562143032,bhs,2016,Lincoln,RETAIL_OTHER_SUPERSTORES_AND_WAREHOUSES,362500.0,231000.0,2309.462044407454
5665604000,3914346000,maplin,2018,Lincoln,RETAIL_OTHER_SUPERSTORES_AND_WAREHOUSES,82500.0,86000.0,2305.50818487103
5665604000,9008770000,maplin,2018,Lincoln,RETAIL_OTHER_SUPERSTORES_AND_WAREHOUSES,82500.0,78500.0,2784.9610754477408
5665604000,12080349000,maplin,2018,Lincoln,RETAIL_OTHER_SUPERSTORES_AND_WAREHOUSES,82500.0,78000.0,2059.8283590459882
5682769000,11634671000,mothercare,2019,Cardiff,RETAIL_OTHER_SUPERSTORES_AND_WAREHOUSES,325000.0,325000.0,1473.1872522662272
5682769000,5255690000,mothercare,2019,Cardiff,RETAIL_OTHER_SUPERSTORES_AND_WAREHOUSES,325000.0,330000.0,4426.2883727985645
5682769000,6463426000,mothercare,2019,Cardiff,RETAIL_OTHER_SUPERSTORES_AND_WAREHOUSES,325000.0,317500.0,997.8591143005962
5686010000,14004847000,maplin,2018,Cardiff,RETAIL_OTHER_SUPERSTORES_AND_WAREHOUSES,116000.0,116000.0,1982.5122061290326
5686010000,6288914000,maplin,2018,Cardiff,RETAIL_OTHER_SUPERSTORES_AND_WAREHOUSES,116000.0,116000.0,2839.188983573912
5686010000,5983305000,maplin,2018,Cardiff,RETAIL_OTHER_SUPERSTORES_AND_WAREHOUSES,116000.0,117000.0,2839.188983573912
5693254000,6694262000,maplin,2018,Thanet,RETAIL_OTHER_SUPERSTORES_AND_WAREHOUSES,72500.0,69000.0,3016.1810292673963
5693254000,371510145,maplin,2018,Thanet,RETAIL_OTHER_SUPERSTORES_AND_WAREHOUSES,72500.0,68000.0,3080.740898626087
5693254000,7769695000,maplin,2018,Thanet,RETAIL_OTHER_SUPERSTORES_AND_WAREHOUSES,72500.0,64000.0,3016.1810292673963
5700038000,181872058,carluccios,2020,Tower Hamlets,RETAIL_RESTAURANTS_AND_CAFES,105000.0,104000.0,1549.374480186063
5700038000,2907276000,carluccios,2020,Tower Hamlets,RETAIL_RESTAURANTS_AND_CAFES,105000.0,104000.0,2612.7589923843343
5700038000,13876122000,carluccios,2020,Tower Hamlets,RETAIL_RESTAURANTS_AND_CAFES,105000.0,106000.0,3542.257385480616
5703491000,14513895000,homebase,2024,North Northamptonshire,WAREHOUSING_LARGE_SCALE_AND_HIGH_BAY,1350000.0,1340000.0,2387.7964327408317
5703491000,10207602000,homebase,2024,North Northamptonshire,WAREHOUSING_LARGE_SCALE_AND_HIGH_BAY,1350000.0,1340000.0,3003.626494556259
5703491000,15051698000,homebase,2024,North Northamptonshire,WAREHOUSING_LARGE_SCALE_AND_HIGH_BAY,1350000.0,1440000.0,1153.6915259214898
5713252000,383643148,toys r us,2018,Tunbridge Wells,RETAIL_OTHER_SUPERSTORES_AND_WAREHOUSES,655000.0,665000.0,3405.047634567635
5713252000,10454622000,toys r us,2018,Tunbridge Wells,RETAIL_OTHER_SUPERSTORES_AND_WAREHOUSES,655000.0,585000.0,2807.474005775105
5713252000,10258274000,toys r us,2018,Tunbridge Wells,RETAIL_OTHER_SUPERSTORES_AND_WAREHOUSES,655000.0,580000.0,3117.693030063312
5716452000,13620849000,cafe rouge,2020,Milton Keynes,RETAIL_RESTAURANTS_AND_CAFES,69000.0,71000.0,1759.5114422997444
5716452000,214979162,cafe rouge,2020,Milton Keynes,RETAIL_RESTAURANTS_AND_CAFES,69000.0,71000.0,1540.3833998617708
5716452000,11439511000,cafe rouge,2020,Milton Keynes,RETAIL_RESTAURANTS_AND_CAFES,69000.0,66500.0,12754.103178167557
5721837000,8794551000,arcadia,2020,Cardiff,RETAIL_OTHER_SUPERSTORES_AND_WAREHOUSES,930000.0,1030000.0,3872.232726001823
5721837000,14783986000,arcadia,2020,Cardiff,RETAIL_OTHER_SUPERSTORES_AND_WAREHOUSES,930000.0,1040000.0,2051.185518465105
5721837000,9256702000,arcadia,2020,Cardiff,RETAIL_OTHER_SUPERSTORES_AND_WAREHOUSES,930000.0,1040000.0,1271.210597420393
5745585000,2600211000,cath kidston,2020,Brighton and Hove,RETAIL_HIGH_STREET,84000.0,38250.0,752.5501770784676
5745585000,72841141,cath kidston,2020,Brighton and Hove,RETAIL_HIGH_STREET,84000.0,37250.0,2487.0877958354117
5745585000,10946508000,cath kidston,2020,Brighton and Hove,RETAIL_HIGH_STREET,84000.0,37000.0,1472.797881218993
5748054000,1768681000,prezzo,2018,Cheshire West and Chester,RETAIL_RESTAURANTS_AND_CAFES,82500.0,84750.0,2232.5485191035255
5748054000,44312132,prezzo,2018,Cheshire West and Chester,RETAIL_RESTAURANTS_AND_CAFES,82500.0,80000.0,5299.780791075692
5748054000,13993132,prezzo,2018,Cheshire West and Chester,RETAIL_RESTAURANTS_AND_CAFES,82500.0,80000.0,1412.5681861807184
5758464000,7786721000,prezzo,2018,Derby,RETAIL_RESTAURANTS_AND_CAFES,29250.0,30000.0,3661.2975353454094
5758464000,477182042,prezzo,2018,Derby,RETAIL_RESTAURANTS_AND_CAFES,29250.0,30250.0,1279.1444171986673
5758464000,5141606000,prezzo,2018,Derby,RETAIL_RESTAURANTS_AND_CAFES,29250.0,30750.0,673.2245257308579
5776970000,5621741000,homebase,2024,Bradford,RETAIL_OTHER_SUPERSTORES_AND_WAREHOUSES,265000.0,275000.0,1940.935109766949
5776970000,9570682000,homebase,2024,Bradford,RETAIL_OTHER_SUPERSTORES_AND_WAREHOUSES,265000.0,250000.0,483.1853652765514
5776970000,6397285000,homebase,2024,Bradford,RETAIL_OTHER_SUPERSTORES_AND_WAREHOUSES,265000.0,236000.0,670.3018585770161
5779550000,8177409000,frankie&bennys,2020,Thanet,RETAIL_RESTAURANTS_AND_CAFES,89500.0,96500.0,5206.482050428964
5779550000,14172575000,frankie&bennys,2020,Thanet,RETAIL_RESTAURANTS_AND_CAFES,89500.0,72500.0,1660.2163872548135
5779550000,312249145,frankie&bennys,2020,Thanet,RETAIL_RESTAURANTS_AND_CAFES,89500.0,71000.0,3915.3837258232197
5779566000,8703034000,chiquito,2020,Thanet,RETAIL_RESTAURANTS_AND_CAFES,88000.0,70000.0,3175.488419574153
5779566000,2209091000,chiquito,2020,Thanet,RETAIL_RESTAURANTS_AND_CAFES,88000.0,57000.0,2928.552113325698
5779566000,375216145,chiquito,2020,Thanet,RETAIL_RESTAURANTS_AND_CAFES,88000.0,119750.0,2460.246042156604
5781335000,15060968000,wilko,2023,County Durham,RETAIL_HIGH_STREET,130000.0,62000.0,1953.9814543321747
5781335000,12952402000,wilko,2023,County Durham,RETAIL_HIGH_STREET,130000.0,61000.0,5240.748020823675
5781335000,13282670000,wilko,2023,County Durham,RETAIL_HIGH_STREET,130000.0,61000.0,5240.748020823675
5797376000,10301757000,maplin,2018,Harlow,RETAIL_OTHER_SUPERSTORES_AND_WAREHOUSES,108000.0,73000.0,1785.7154752215024
5797376000,4094465000,maplin,2018,Harlow,RETAIL_OTHER_SUPERSTORES_AND_WAREHOUSES,108000.0,60000.0,2701.7078270594484
5797376000,11340285000,maplin,2018,Harlow,RETAIL_OTHER_SUPERSTORES_AND_WAREHOUSES,108000.0,55500.0,706.1945990321743
5809657000,382138000,carluccios,2020,Manchester,RETAIL_RESTAURANTS_AND_CAFES,60000.0,60000.0,4678.870387654195
5809657000,6748313000,carluccios,2020,Manchester,RETAIL_RESTAURANTS_AND_CAFES,60000.0,60000.0,4336.36533504511
5809657000,7340031000,carluccios,2020,Manchester,RETAIL_RESTAURANTS_AND_CAFES,60000.0,59500.0,4678.870387654195
5812943000,180427163,homebase,2024,South Oxfordshire,RETAIL_HIGH_STREET,5700.0,5700.0,23697.724918942382
5812943000,7089069000,homebase,2024,South Oxfordshire,RETAIL_HIGH_STREET,5700.0,5700.0,11747.33172400153
5812943000,483422163,homebase,2024,South Oxfordshire,RETAIL_HIGH_STREET,5700.0,5700.0,9951.50238194469
5827267000,8421726000,arcadia,2020,North Northamptonshire,RETAIL_HIGH_STREET,144000.0,143000.0,744.0972845287271
5827267000,11074526000,arcadia,2020,North Northamptonshire,RETAIL_HIGH_STREET,144000.0,148000.0,1852.1563420391863
5827267000,12223549000,arcadia,2020,North Northamptonshire,RETAIL_HIGH_STREET,144000.0,154000.0,2073.7741397690133
5831085000,33201178,arcadia,2020,Isle of Wight,LEISURE_AMUSEMENT_AND_ENTERTAINMENT_CENTRES,21250.0,21000.0,9742.411759081222
5831085000,78909178,arcadia,2020,Isle of Wight,LEISURE_AMUSEMENT_AND_ENTERTAINMENT_CENTRES,21250.0,20000.0,9915.976804036045
5831085000,17211178,arcadia,2020,Isle of Wight,LEISURE_AMUSEMENT_AND_ENTERTAINMENT_CENTRES,21250.0,19750.0,1725.6312340502914
5836682000,14206296000,debenhams,2020,Derby,RETAIL_OTHER_SUPERSTORES_AND_WAREHOUSES,815000.0,775000.0,494.08843526996327
5836682000,9745645000,debenhams,2020,Derby,RETAIL_OTHER_SUPERSTORES_AND_WAREHOUSES,815000.0,770000.0,4511.797699416143
5836682000,6452219000,debenhams,2020,Derby,RETAIL_OTHER_SUPERSTORES_AND_WAREHOUSES,815000.0,1200000.0,2543.194599373972
5862750000,93099162,body shop,2024,Buckinghamshire,RETAIL_HIGH_STREET,55000.0,55000.0,7739.570965060601
5862750000,345820162,body shop,2024,Buckinghamshire,RETAIL_HIGH_STREET,55000.0,54500.0,14029.808607083462
5862750000,8961014000,body shop,2024,Buckinghamshire,RETAIL_HIGH_STREET,55000.0,55500.0,1882.3841636626453
5862795000,9085922000,toys r us,2018,Buckinghamshire,RETAIL_HIGH_STREET,193000.0,145000.0,722.3190453288589
5862795000,212905017,toys r us,2018,Buckinghamshire,RETAIL_HIGH_STREET,193000.0,250000.0,14161.465167682554
5862795000,11469319000,toys r us,2018,Buckinghamshire,RETAIL_HIGH_STREET,193000.0,105000.0,6232.953286156068
5862874000,14761192000,frankie&bennys,2020,Buckinghamshire,RETAIL_RESTAURANTS_AND_CAFES,84500.0,85000.0,6869.697430641745
5862874000,83599162,frankie&bennys,2020,Buckinghamshire,RETAIL_RESTAURANTS_AND_CAFES,84500.0,83500.0,12158.643297926561
5862874000,591426162,frankie&bennys,2020,Buckinghamshire,RETAIL_RESTAURANTS_AND_CAFES,84500.0,85500.0,539.1706688372835
5874948000,8905041000,thomas cook,2019,Braintree,RETAIL_HIGH_STREET,23000.0,22750.0,1124.4796774911497
5874948000,10907566000,thomas cook,2019,Braintree,RETAIL_HIGH_STREET,23000.0,22250.0,3809.156256647984
5874948000,11097770000,thomas cook,2019,Braintree,RETAIL_HIGH_STREET,23000.0,22250.0,24329.125999916545
5882343000,9261367000,poundworld,2018,Preston,RETAIL_HIGH_STREET,138000.0,48000.0,1259.9165710002947
5882343000,14125181000,poundworld,2018,Preston,RETAIL_HIGH_STREET,138000.0,44750.0,568.5136001859785
5882343000,12652186000,poundworld,2018,Preston,RETAIL_HIGH_STREET,138000.0,41250.0,5128.1095063405555
5895009000,4286844000,body shop,2024,North Northamptonshire,RETAIL_HIGH_STREET,37000.0,36000.0,17579.14135935141
5895009000,846159000,body shop,2024,North Northamptonshire,RETAIL_HIGH_STREET,37000.0,35500.0,3720.573580257603
5895009000,12610784000,body shop,2024,North Northamptonshire,RETAIL_HIGH_STREET,37000.0,35250.0,1555.4723159406183
5899955000,7836335000,frankie&bennys,2020,Cardiff,RETAIL_RESTAURANTS_AND_CAFES,69500.0,69600.0,1416.2281306403056
5899955000,161725192,frankie&bennys,2020,Cardiff,RETAIL_RESTAURANTS_AND_CAFES,69500.0,69250.0,1967.9993511725477
5899955000,13847137000,frankie&bennys,2020,Cardiff,RETAIL_RESTAURANTS_AND_CAFES,69500.0,70000.0,953.3616134936515
5903205000,1689173000,wilko,2023,Birmingham,RETAIL_HIGH_STREET,51500.0,51500.0,2456.9734909401013
5903205000,12554492000,wilko,2023,Birmingham,RETAIL_HIGH_STREET,51500.0,51000.0,2009.3796395493541
5903205000,14361692000,wilko,2023,Birmingham,RETAIL_HIGH_STREET,51500.0,51000.0,2362.3211273660895
5911292000,1454904000,maplin,2018,Cannock Chase,RETAIL_OTHER_SUPERSTORES_AND_WAREHOUSES,58500.0,58500.0,1032.8528497326986
5911292000,5911296000,maplin,2018,Cannock Chase,RETAIL_OTHER_SUPERSTORES_AND_WAREHOUSES,58500.0,59500.0,1698.863287573635
5911292000,189800226,maplin,2018,Cannock Chase,RETAIL_OTHER_SUPERSTORES_AND_WAREHOUSES,58500.0,56500.0,1660.4450990080054
5928285000,306123172,bhs,2016,"Bournemouth, Christchurch and Poole",RETAIL_OTHER_SUPERSTORES_AND_WAREHOUSES,375000.0,372500.0,2384.232762596479
5928285000,320754172,bhs,2016,"Bournemouth, Christchurch and Poole",RETAIL_OTHER_SUPERSTORES_AND_WAREHOUSES,375000.0,360000.0,2149.4076875239466
5928285000,186115172,bhs,2016,"Bournemouth, Christchurch and Poole",RETAIL_OTHER_SUPERSTORES_AND_WAREHOUSES,375000.0,332500.0,2580.896747918698
5945956000,179666063,paperchase,2023,Camden,RETAIL_HIGH_STREET,57000.0,57500.0,961.9705265186334
5945956000,107600063,paperchase,2023,Camden,RETAIL_HIGH_STREET,57000.0,56000.0,838.3335091411486
5945956000,102339063,paperchase,2023,Camden,RETAIL_HIGH_STREET,57000.0,58000.0,960.6056352023878
5963883000,7004343000,arcadia,2020,County Durham,RETAIL_HIGH_STREET,3200.0,3200.0,3056.911246317962
5963883000,5699279000,arcadia,2020,County Durham,RETAIL_HIGH_STREET,3200.0,3200.0,5237.731834001193
5963883000,12705155000,arcadia,2020,County Durham,RETAIL_HIGH_STREET,3200.0,3200.0,1151.7552484779258
5986801000,239824254,prezzo,2018,East Riding of Yorkshire,RETAIL_RESTAURANTS_AND_CAFES,41500.0,41500.0,6128.159457101704
5986801000,181594254,prezzo,2018,East Riding of Yorkshire,RETAIL_RESTAURANTS_AND_CAFES,41500.0,42250.0,6409.034172202706
5986801000,242139254,prezzo,2018,East Riding of Yorkshire,RETAIL_RESTAURANTS_AND_CAFES,41500.0,42250.0,18023.53614648461
5990852000,6457167000,carluccios,2020,Cardiff,RETAIL_RESTAURANTS_AND_CAFES,86500.0,86000.0,953.3616134936515
5990852000,161604192,carluccios,2020,Cardiff,RETAIL_RESTAURANTS_AND_CAFES,86500.0,87000.0,1514.4452122709647
5990852000,171637192,carluccios,2020,Cardiff,RETAIL_RESTAURANTS_AND_CAFES,86500.0,85000.0,4379.796227384483
6015138000,157231192,prezzo,2018,Cardiff,RETAIL_RESTAURANTS_AND_CAFES,54000.0,54000.0,1349.6313264206576
6015138000,8173719000,prezzo,2018,Cardiff,RETAIL_RESTAURANTS_AND_CAFES,54000.0,53500.0,1416.2281306403056
6015138000,10716141000,prezzo,2018,Cardiff,RETAIL_RESTAURANTS_AND_CAFES,54000.0,54500.0,1982.5122061290326
6016576000,10619614000,thomas cook,2019,North Yorkshire,RETAIL_HIGH_STREET,10250.0,10250.0,42004.67778019107
6016576000,12984749000,thomas cook,2019,North Yorkshire,RETAIL_HIGH_STREET,10250.0,10250.0,27771.42349922989
6016576000,7307044000,thomas cook,2019,North Yorkshire,RETAIL_HIGH_STREET,10250.0,10250.0,14424.635583381987
6032516000,579907162,prezzo,2018,Buckinghamshire,RETAIL_RESTAURANTS_AND_CAFES,56000.0,56000.0,7429.985466247312
6032516000,2624970000,prezzo,2018,Buckinghamshire,RETAIL_RESTAURANTS_AND_CAFES,56000.0,57500.0,12732.968886559222
6032516000,719934000,prezzo,2018,Buckinghamshire,RETAIL_RESTAURANTS_AND_CAFES,56000.0,57500.0,6320.943132405268
6042800000,4261226000,poundworld,2018,Hammersmith and Fulham,RETAIL_HIGH_STREET,191000.0,173000.0,1562.1744891840574
6042800000,8792101000,poundworld,2018,Hammersmith and Fulham,RETAIL_HIGH_STREET,191000.0,173000.0,938.5206629508328
6042800000,13560024000,poundworld,2018,Hammersmith and Fulham,RETAIL_HIGH_STREET,191000.0,213000.0,1075.3433024498547
6047013000,475956000,maplin,2018,Canterbury,RETAIL_OTHER_SUPERSTORES_AND_WAREHOUSES,157000.0,156500.0,4157.692672448306
6047013000,11611598000,maplin,2018,Canterbury,RETAIL_OTHER_SUPERSTORES_AND_WAREHOUSES,157000.0,156000.0,2143.3394959804054
6047013000,538572145,maplin,2018,Canterbury,RETAIL_OTHER_SUPERSTORES_AND_WAREHOUSES,157000.0,155000.0,2357.5143079793006
6064379000,8163022000,arcadia,2020,Plymouth,RETAIL_OTHER_SUPERSTORES_AND_WAREHOUSES,347500.0,355000.0,1764.23665584888
6064379000,11345021000,arcadia,2020,Plymouth,RETAIL_OTHER_SUPERSTORES_AND_WAREHOUSES,347500.0,327500.0,4101.35159284755
6064379000,5021371000,arcadia,2020,Plymouth,RETAIL_OTHER_SUPERSTORES_AND_WAREHOUSES,347500.0,322500.0,1269.9715402234292
6073691000,14813844000,arcadia,2020,Cambridge,RETAIL_HIGH_STREET,153000.0,51500.0,1269.937251477038
6073691000,28624012,arcadia,2020,Cambridge,RETAIL_HIGH_STREET,153000.0,51000.0,463.7083915178911
6073691000,26300012,arcadia,2020,Cambridge,RETAIL_HIGH_STREET,153000.0,50500.0,688.5759725106481
6073950000,8873727000,ted baker,2024,Cambridge,RETAIL_HIGH_STREET,262500.0,49750.0,1269.937251477038
6073950000,9264356000,ted baker,2024,Cambridge,RETAIL_HIGH_STREET,262500.0,44000.0,1643.8426013829949
6073950000,458112012,ted baker,2024,Cambridge,RETAIL_HIGH_STREET,262500.0,43500.0,1350.819889695986
6081115000,5103006000,wilko,2023,"Bournemouth, Christchurch and Poole",RETAIL_OTHER_SUPERSTORES_AND_WAREHOUSES,137000.0,136000.0,2825.2525997985335
6081115000,8366806000,wilko,2023,"Bournemouth, Christchurch and Poole",RETAIL_OTHER_SUPERSTORES_AND_WAREHOUSES,137000.0,136000.0,1924.5559348539527
6081115000,301723172,wilko,2023,"Bournemouth, Christchurch and Poole",RETAIL_OTHER_SUPERSTORES_AND_WAREHOUSES,137000.0,134000.0,1629.7832378634819
6094478000,7041915000,debenhams,2020,Ashford,RETAIL_OTHER_SUPERSTORES_AND_WAREHOUSES,485000.0,472500.0,1131.8295612030734
6094478000,13954776000,debenhams,2020,Ashford,RETAIL_OTHER_SUPERSTORES_AND_WAREHOUSES,485000.0,467500.0,785.2191256677592
6094478000,9651444000,debenhams,2020,Ashford,RETAIL_OTHER_SUPERSTORES_AND_WAREHOUSES,485000.0,555000.0,13829.309711885591
6096342000,9246232000,wilko,2023,Derby,RETAIL_HIGH_STREET,55000.0,51500.0,470.5482213655509
6096342000,7778796000,wilko,2023,Derby,RETAIL_HIGH_STREET,55000.0,50000.0,2533.153925837929
6096342000,496313000,wilko,2023,Derby,RETAIL_HIGH_STREET,55000.0,47500.0,943.4986053709358
6096673000,7779321000,poundworld,2018,Lancaster,RETAIL_HIGH_STREET,50500.0,23000.0,511.95386330774585
6096673000,201780125,poundworld,2018,Lancaster,RETAIL_HIGH_STREET,50500.0,22750.0,8952.216854616949
6096673000,13317171000,poundworld,2018,Lancaster,RETAIL_HIGH_STREET,50500.0,21750.0,4297.874738142912
6107443000,13964551000,body shop,2024,Leicester,RETAIL_HIGH_STREET,59000.0,55000.0,1806.6135688043382
6107443000,13747015000,body shop,2024,Leicester,RETAIL_HIGH_STREET,59000.0,64500.0,1484.8845092605923
6107443000,12302270000,body shop,2024,Leicester,RETAIL_HIGH_STREET,59000.0,51500.0,877.0669646179302
6115409000,8791687000,homebase,2024,"Bournemouth, Christchurch and Poole",RETAIL_OTHER_SUPERSTORES_AND_WAREHOUSES,750000.0,1080000.0,2769.4430526175656
6115409000,315765172,homebase,2024,"Bournemouth, Christchurch and Poole",RETAIL_OTHER_SUPERSTORES_AND_WAREHOUSES,750000.0,327500.0,1502.8563181315556
6115409000,12461165000,homebase,2024,"Bournemouth, Christchurch and Poole",RETAIL_OTHER_SUPERSTORES_AND_WAREHOUSES,750000.0,317500.0,740.0762774128937
6140242000,550085000,ted baker,2024,City of London,RETAIL_HIGH_STREET,282500.0,134000.0,412.2739360440257
6140242000,9844213000,ted baker,2024,City of London,RETAIL_HIGH_STREET,282500.0,124000.0,404.85346548296405
6140242000,9600398000,ted baker,2024,City of London,RETAIL_HIGH_STREET,282500.0,122000.0,404.85346548296405
6155172000,10033142000,homebase,2024,Cardiff,RETAIL_OTHER_SUPERSTORES_AND_WAREHOUSES,492500.0,487500.0,4166.044983936769
6155172000,11558385000,homebase,2024,Cardiff,RETAIL_OTHER_SUPERSTORES_AND_WAREHOUSES,492500.0,485000.0,453.15156136803887
6155172000,5833431000,homebase,2024,Cardiff,RETAIL_OTHER_SUPERSTORES_AND_WAREHOUSES,492500.0,515000.0,2338.5005831766734
6161607000,537823145,cafe rouge,2020,Ashford,RETAIL_RESTAURANTS_AND_CAFES,75000.0,74750.0,1644.6980490539556
6161607000,7379731000,cafe rouge,2020,Ashford,RETAIL_RESTAURANTS_AND_CAFES,75000.0,71000.0,1063.0937056177863
6161607000,320922148,cafe rouge,2020,Ashford,RETAIL_RESTAURANTS_AND_CAFES,75000.0,80000.0,13593.291147604306
6162276000,187933000,homebase,2024,Lancaster,RETAIL_OTHER_SUPERSTORES_AND_WAREHOUSES,350000.0,342500.0,2395.442534189638
6162276000,1374636000,homebase,2024,Lancaster,RETAIL_OTHER_SUPERSTORES_AND_WAREHOUSES,350000.0,317500.0,2395.442534189638
6162276000,1668292000,homebase,2024,Lancaster,RETAIL_OTHER_SUPERSTORES_AND_WAREHOUSES,350000.0,392500.0,2395.442534189638
6163123000,4647501000,frankie&bennys,2020,West Northamptonshire,OFFICE_GENERAL,4050.0,4050.0,739.7473887071081
6163123000,439480000,frankie&bennys,2020,West Northamptonshire,OFFICE_GENERAL,4050.0,4050.0,22574.1704905435
6163123000,245265045,frankie&bennys,2020,West Northamptonshire,OFFICE_GENERAL,4050.0,4050.0,28100.468510584782
6164612000,176942126,poundworld,2018,Preston,RETAIL_OTHER_SUPERSTORES_AND_WAREHOUSES,287500.0,249000.0,471.4886625559572
6164612000,13136822000,poundworld,2018,Preston,RETAIL_OTHER_SUPERSTORES_AND_WAREHOUSES,287500.0,241000.0,2256.4044412570847
6164612000,1620477000,poundworld,2018,Preston,RETAIL_OTHER_SUPERSTORES_AND_WAREHOUSES,287500.0,241000.0,2140.4881649703143
6176821000,7758815000,homebase,2024,"Bristol, City of",RETAIL_HIGH_STREET,29000.0,29000.0,4055.390677568087
6176821000,247108212,homebase,2024,"Bristol, City of",RETAIL_HIGH_STREET,29000.0,29000.0,633.4901772851484
6176821000,8121212000,homebase,2024,"Bristol, City of",RETAIL_HIGH_STREET,29000.0,29000.0,2682.689505435444
6199192000,6105852000,maplin,2018,Coventry,RETAIL_OTHER_SUPERSTORES_AND_WAREHOUSES,105000.0,105000.0,4193.185330921711
6199192000,6199193000,maplin,2018,Coventry,RETAIL_OTHER_SUPERSTORES_AND_WAREHOUSES,105000.0,103000.0,450.41665996670645
6199192000,8640039000,maplin,2018,Coventry,RETAIL_OTHER_SUPERSTORES_AND_WAREHOUSES,105000.0,108000.0,4193.185330921711
6203155000,7879705000,bella italia,2020,Southend-on-Sea,RETAIL_RESTAURANTS_AND_CAFES,70500.0,71500.0,507.58463134751
6203155000,11096890000,bella italia,2020,Southend-on-Sea,RETAIL_RESTAURANTS_AND_CAFES,70500.0,68500.0,1331.8907137914625
6203155000,8154752000,bella italia,2020,Southend-on-Sea,RETAIL_RESTAURANTS_AND_CAFES,70500.0,73500.0,4947.783345336048
6204262000,89537236,wilko,2023,Stoke-on-Trent,RETAIL_RESTAURANTS_AND_CAFES,17500.0,17500.0,671.4067808275486
6204262000,86808236,wilko,2023,Stoke-on-Trent,RETAIL_RESTAURANTS_AND_CAFES,17500.0,17500.0,821.865340522264
6204262000,90773236,wilko,2023,Stoke-on-Trent,RETAIL_RESTAURANTS_AND_CAFES,17500.0,17500.0,476.50734005758414
6227420000,11876028000,wilko,2023,Torbay,RETAIL_OTHER_SUPERSTORES_AND_WAREHOUSES,315000.0,317500.0,6575.950435428758
6227420000,8992300000,wilko,2023,Torbay,RETAIL_OTHER_SUPERSTORES_AND_WAREHOUSES,315000.0,330000.0,6226.046146479376
6227420000,12343249000,wilko,2023,Torbay,RETAIL_OTHER_SUPERSTORES_AND_WAREHOUSES,315000.0,330000.0,1056.5013765725646
6230869000,8616308000,body shop,2024,Gloucester,OFFICE_GENERAL,700.0,720.0,1143.6518506341465
6230869000,10918361000,body shop,2024,Gloucester,OFFICE_GENERAL,700.0,670.0,520.6891014579211
6230869000,7693514000,body shop,2024,Gloucester,OFFICE_GENERAL,700.0,670.0,2212.5275218776437
6249947000,142276216,prezzo,2018,Wiltshire,RETAIL_RESTAURANTS_AND_CAFES,53000.0,54000.0,8665.452686261071
6249947000,2221767000,prezzo,2018,Wiltshire,RETAIL_RESTAURANTS_AND_CAFES,53000.0,55000.0,17223.116133076917
6249947000,143674216,prezzo,2018,Wiltshire,RETAIL_RESTAURANTS_AND_CAFES,53000.0,55500.0,4723.611920018045
6259152000,12379564000,body shop,2024,Southampton,INDUSTRIAL_GENERAL,41500.0,41750.0,485.1313569711294
6259152000,198123176,body shop,2024,Southampton,INDUSTRIAL_GENERAL,41500.0,41000.0,1477.6661104397956
6259152000,13441198000,body shop,2024,Southampton,INDUSTRIAL_GENERAL,41500.0,40750.0,3674.6861036879573
6264432000,12746427000,bhs,2016,Stoke-on-Trent,RETAIL_OTHER_SUPERSTORES_AND_WAREHOUSES,412500.0,347500.0,2657.247890263098
6264432000,9513700000,bhs,2016,Stoke-on-Trent,RETAIL_OTHER_SUPERSTORES_AND_WAREHOUSES,412500.0,322500.0,451.8133618463144
6264432000,14441422000,bhs,2016,Stoke-on-Trent,RETAIL_OTHER_SUPERSTORES_AND_WAREHOUSES,412500.0,317500.0,897.5601794290533
6276766000,158820046,body shop,2024,Charnwood,INDUSTRIAL_GENERAL,2900.0,2900.0,1037.3844521357423
6276766000,6667475000,body shop,2024,Charnwood,INDUSTRIAL_GENERAL,2900.0,2900.0,1037.3844521357423
6276766000,158844046,body shop,2024,Charnwood,INDUSTRIAL_GENERAL,2900.0,2900.0,1037.3844521357423
6295429000,13780149000,wilko,2023,County Durham,RETAIL_OTHER_SUPERSTORES_AND_WAREHOUSES,147000.0,145000.0,16951.818493204137
6295429000,14598807000,wilko,2023,County Durham,RETAIL_OTHER_SUPERSTORES_AND_WAREHOUSES,147000.0,149000.0,2101.059186977004
6295429000,13059339000,wilko,2023,County Durham,RETAIL_OTHER_SUPERSTORES_AND_WAREHOUSES,147000.0,143000.0,2422.2383072866637
6297308000,253264058,strada,2018,Tower Hamlets,RETAIL_RESTAURANTS_AND_CAFES,70500.0,70000.0,758.555402593877
6297308000,8177967000,strada,2018,Tower Hamlets,RETAIL_RESTAURANTS_AND_CAFES,70500.0,70000.0,758.555402593877
6297308000,9930475000,strada,2018,Tower Hamlets,RETAIL_RESTAURANTS_AND_CAFES,70500.0,71500.0,725.9912594145484
6306148000,239404126,arcadia,2020,Preston,RETAIL_HIGH_STREET,156000.0,38750.0,2750.610168852921
6306148000,7539808000,arcadia,2020,Preston,RETAIL_HIGH_STREET,156000.0,37500.0,2329.5180704785375
6306148000,10344210000,arcadia,2020,Preston,RETAIL_HIGH_STREET,156000.0,32500.0,656.1684296171406
6316014000,6665592000,wilko,2023,Bromley,RETAIL_OTHER_SUPERSTORES_AND_WAREHOUSES,147000.0,148000.0,1692.6330178768903
6316014000,234750072,wilko,2023,Bromley,RETAIL_OTHER_SUPERSTORES_AND_WAREHOUSES,147000.0,143000.0,2165.201733153524
6316014000,190144072,wilko,2023,Bromley,RETAIL_OTHER_SUPERSTORES_AND_WAREHOUSES,147000.0,151000.0,651.0470578372889
6325678000,3942474000,debenhams,2020,Hammersmith and Fulham,RETAIL_OTHER_SUPERSTORES_AND_WAREHOUSES,1220000.0,1150000.0,1447.757709841745
6325678000,1663095000,debenhams,2020,Hammersmith and Fulham,RETAIL_OTHER_SUPERSTORES_AND_WAREHOUSES,1220000.0,312500.0,872.1601596515893
6325678000,222295082,debenhams,2020,Hammersmith and Fulham,RETAIL_OTHER_SUPERSTORES_AND_WAREHOUSES,1220000.0,255000.0,435.4780278915407
6329743000,12869526000,cath kidston,2020,Camden,RETAIL_HIGH_STREET,41000.0,41000.0,620.3507968935891
6329743000,7890547000,cath kidston,2020,Camden,RETAIL_HIGH_STREET,41000.0,41250.0,979.4419695485919
6329743000,104527063,cath kidston,2020,Camden,RETAIL_HIGH_STREET,41000.0,41250.0,1135.5660610759523
6331349000,7503572000,chiquito,2020,Norwich,RETAIL_RESTAURANTS_AND_CAFES,83000.0,86000.0,1520.4663718077873
6331349000,239611036,chiquito,2020,Norwich,RETAIL_RESTAURANTS_AND_CAFES,83000.0,109000.0,4907.601291315333
6331349000,10081119000,chiquito,2020,Norwich,RETAIL_RESTAURANTS_AND_CAFES,83000.0,55500.0,2811.983761144996
6331353000,50016036,bella italia,2020,Norwich,RETAIL_RESTAURANTS_AND_CAFES,66000.0,52500.0,768.324857228389
6331353000,225392036,bella italia,2020,Norwich,RETAIL_RESTAURANTS_AND_CAFES,66000.0,50000.0,465.8561528418563
6331353000,15071200000,bella italia,2020,Norwich,RETAIL_RESTAURANTS_AND_CAFES,66000.0,49000.0,853.0414838993452
6336688000,5280019000,arcadia,2020,Buckinghamshire,RETAIL_HIGH_STREET,128000.0,102000.0,10500.303543452457
6336688000,535454162,arcadia,2020,Buckinghamshire,RETAIL_HIGH_STREET,128000.0,80000.0,7027.450577438729
6336688000,2247877000,arcadia,2020,Buckinghamshire,RETAIL_HIGH_STREET,128000.0,79500.0,15454.564854853254
6354004000,11314343000,maplin,2018,South Gloucestershire,RETAIL_OTHER_SUPERSTORES_AND_WAREHOUSES,146000.0,145000.0,9213.958735778426
6354004000,4710000,maplin,2018,South Gloucestershire,RETAIL_OTHER_SUPERSTORES_AND_WAREHOUSES,146000.0,145000.0,2865.341841151063
6354004000,560612000,maplin,2018,South Gloucestershire,RETAIL_OTHER_SUPERSTORES_AND_WAREHOUSES,146000.0,151000.0,2335.7836471618984
6374813000,12768875000,debenhams,2020,Blackpool,RETAIL_OTHER_SUPERSTORES_AND_WAREHOUSES,685000.0,670000.0,3412.725246755218
6374813000,14641551000,debenhams,2020,Blackpool,RETAIL_OTHER_SUPERSTORES_AND_WAREHOUSES,685000.0,650000.0,3412.725246755218
6374813000,8789193000,debenhams,2020,Blackpool,RETAIL_OTHER_SUPERSTORES_AND_WAREHOUSES,685000.0,785000.0,3412.725246755218
6386549000,6478602000,wilko,2023,Rushmoor,RETAIL_OTHER_SUPERSTORES_AND_WAREHOUSES,226000.0,234000.0,1764.1211460967663
6386549000,12819985000,wilko,2023,Rushmoor,RETAIL_OTHER_SUPERSTORES_AND_WAREHOUSES,226000.0,214000.0,1764.1211460967663
6386549000,8010032000,wilko,2023,Rushmoor,RETAIL_OTHER_SUPERSTORES_AND_WAREHOUSES,226000.0,212000.0,1589.0698313742648
6387198000,460619045,paperchase,2023,North Northamptonshire,WAREHOUSING_LARGE_SCALE_AND_HIGH_BAY,560000.0,560000.0,2984.7655455605536
6387198000,3999745000,paperchase,2023,North Northamptonshire,WAREHOUSING_LARGE_SCALE_AND_HIGH_BAY,560000.0,565000.0,1950.7212958260318
6387198000,4953185000,paperchase,2023,North Northamptonshire,WAREHOUSING_LARGE_SCALE_AND_HIGH_BAY,560000.0,565000.0,4124.961340885142
6391809000,50322063,carluccios,2020,Camden,RETAIL_RESTAURANTS_AND_CAFES,88000.0,87000.0,952.6670028742609
6391809000,3088694000,carluccios,2020,Camden,RETAIL_RESTAURANTS_AND_CAFES,88000.0,89000.0,3134.358013311443
6391809000,2762912000,carluccios,2020,Camden,RETAIL_RESTAURANTS_AND_CAFES,88000.0,89000.0,840.0270467971472
6394346000,13570799000,arcadia,2020,"Bristol, City of",RETAIL_HIGH_STREET,225000.0,92000.0,5528.744806672159
6394346000,7455182000,arcadia,2020,"Bristol, City of",RETAIL_HIGH_STREET,225000.0,91000.0,9135.130553930188
6394346000,8131161000,arcadia,2020,"Bristol, City of",RETAIL_HIGH_STREET,225000.0,85000.0,1413.0194156105852
6394436000,9263532000,arcadia,2020,"Bristol, City of",RETAIL_OTHER_SUPERSTORES_AND_WAREHOUSES,565000.0,625000.0,7667.8994373107935
6394436000,9977748000,arcadia,2020,"Bristol, City of",RETAIL_OTHER_SUPERSTORES_AND_WAREHOUSES,565000.0,660000.0,2834.052128309371
6394436000,12481945000,arcadia,2020,"Bristol, City of",RETAIL_OTHER_SUPERSTORES_AND_WAREHOUSES,565000.0,450000.0,2026.8343996917033
6394442000,14775177000,body shop,2024,"Bristol, City of",RETAIL_HIGH_STREET,141000.0,84500.0,983.8978729570897
6394442000,10586828000,body shop,2024,"Bristol, City of",RETAIL_HIGH_STREET,141000.0,79000.0,733.6394684462008
6394442000,3846237000,body shop,2024,"Bristol, City of",RETAIL_HIGH_STREET,141000.0,74000.0,1193.2738133913736
6394699000,3771776000,arcadia,2020,"Bristol, City of",RETAIL_OTHER_SUPERSTORES_AND_WAREHOUSES,490000.0,432500.0,2026.8343996917033
6394699000,6735791000,arcadia,2020,"Bristol, City of",RETAIL_OTHER_SUPERSTORES_AND_WAREHOUSES,490000.0,402500.0,2026.8343996917033
6394699000,14047173000,arcadia,2020,"Bristol, City of",RETAIL_OTHER_SUPERSTORES_AND_WAREHOUSES,490000.0,292500.0,1485.102933592578
6394779000,8792974000,ted baker,2024,"Bristol, City of",RETAIL_HIGH_STREET,162000.0,72500.0,655.0692174996176
6394779000,11710126000,ted baker,2024,"Bristol, City of",RETAIL_HIGH_STREET,162000.0,72500.0,983.8978729570897
6394779000,14946820000,ted baker,2024,"Bristol, City of",RETAIL_HIGH_STREET,162000.0,70500.0,4211.809597375647
6394807000,11549431000,carluccios,2020,"Bristol, City of",RETAIL_RESTAURANTS_AND_CAFES,104000.0,105000.0,2026.8343996917033
6394807000,8340455000,carluccios,2020,"Bristol, City of",RETAIL_RESTAURANTS_AND_CAFES,104000.0,106500.0,733.6394684462008
6394807000,8810933000,carluccios,2020,"Bristol, City of",RETAIL_RESTAURANTS_AND_CAFES,104000.0,98300.0,928.9981188708332
6394959000,9961079000,bella italia,2020,"Bristol, City of",RETAIL_RESTAURANTS_AND_CAFES,78000.0,79000.0,757.2555772176813
6394959000,22049212,bella italia,2020,"Bristol, City of",RETAIL_RESTAURANTS_AND_CAFES,78000.0,80000.0,820.7474041507462
6394959000,10952174000,bella italia,2020,"Bristol, City of",RETAIL_RESTAURANTS_AND_CAFES,78000.0,74500.0,1017.3693525083655
6394969000,14422899000,frankie&bennys,2020,"Bristol, City of",RETAIL_RESTAURANTS_AND_CAFES,108000.0,98000.0,2026.8343996917033
6394969000,9673908000,frankie&bennys,2020,"Bristol, City of",RETAIL_RESTAURANTS_AND_CAFES,108000.0,119000.0,2100.901523286966
6394969000,339928212,frankie&bennys,2020,"Bristol, City of",RETAIL_RESTAURANTS_AND_CAFES,108000.0,96000.0,629.587104217693
6394973000,330580212,prezzo,2018,"Bristol, City of",RETAIL_RESTAURANTS_AND_CAFES,92500.0,93000.0,750.6434643730335
6394973000,10791550000,prezzo,2018,"Bristol, City of",RETAIL_RESTAURANTS_AND_CAFES,92500.0,95000.0,616.2327081582055
6394973000,677937000,prezzo,2018,"Bristol, City of",RETAIL_RESTAURANTS_AND_CAFES,92500.0,89500.0,4346.693489204696
6399299000,1290655000,byron,2020,Leicester,RETAIL_RESTAURANTS_AND_CAFES,82500.0,88000.0,404.15117142345406
6399299000,2955045000,byron,2020,Leicester,RETAIL_RESTAURANTS_AND_CAFES,82500.0,74000.0,1334.7497784765333
6399299000,10137993000,byron,2020,Leicester,RETAIL_RESTAURANTS_AND_CAFES,82500.0,74000.0,4042.0456498385915
6399308000,11287239000,prezzo,2018,Leicester,RETAIL_RESTAURANTS_AND_CAFES,61000.0,61000.0,3853.269260852128
6399308000,5519884000,prezzo,2018,Leicester,RETAIL_RESTAURANTS_AND_CAFES,61000.0,61500.0,3192.846191579873
6399308000,98705000,prezzo,2018,Leicester,RETAIL_RESTAURANTS_AND_CAFES,61000.0,60000.0,793.4727685609435
6409933000,11352743000,cath kidston,2020,Leicester,RETAIL_HIGH_STREET,126000.0,73500.0,3656.018325098183
6409933000,14987781000,cath kidston,2020,Leicester,RETAIL_HIGH_STREET,126000.0,71500.0,1474.025039544922
6409933000,13463588000,cath kidston,2020,Leicester,RETAIL_HIGH_STREET,126000.0,50000.0,2488.885800686828
6409937000,10621671000,arcadia,2020,Leicester,RETAIL_HIGH_STREET,515000.0,238000.0,1694.18579769962
6409937000,13267285000,arcadia,2020,Leicester,RETAIL_HIGH_STREET,515000.0,42750.0,3525.66245279845
6409937000,5850749000,arcadia,2020,Leicester,RETAIL_HIGH_STREET,515000.0,42250.0,1864.6317161808126
6409941000,3006044000,paperchase,2023,Leicester,RETAIL_HIGH_STREET,117000.0,42000.0,1230.1266281461278
6409941000,14535904000,paperchase,2023,Leicester,RETAIL_HIGH_STREET,117000.0,41750.0,860.1493961546926
6409941000,198652044,paperchase,2023,Leicester,RETAIL_HIGH_STREET,117000.0,40750.0,1797.2158776465
6410738000,146016234,prezzo,2018,Telford and Wrekin,RETAIL_HIGH_STREET,3700.0,3700.0,1695.6423736111558
6410738000,6306669000,prezzo,2018,Telford and Wrekin,RETAIL_HIGH_STREET,3700.0,3700.0,1754.8144966041414
6410738000,137155234,prezzo,2018,Telford and Wrekin,RETAIL_HIGH_STREET,3700.0,3700.0,4388.446538354206
6411361000,29978011,maplin,2018,Bedford,RETAIL_OTHER_SUPERSTORES_AND_WAREHOUSES,78000.0,72000.0,907.3239474333021
6411361000,270241011,maplin,2018,Bedford,RETAIL_OTHER_SUPERSTORES_AND_WAREHOUSES,78000.0,66000.0,7044.0964730760625
6411361000,9394793000,maplin,2018,Bedford,RETAIL_OTHER_SUPERSTORES_AND_WAREHOUSES,78000.0,63500.0,12871.702789732624
6414202000,15018922000,body shop,2024,South Oxfordshire,RETAIL_HIGH_STREET,22750.0,22750.0,683.8449863099682
6414202000,14010972000,body shop,2024,South Oxfordshire,RETAIL_HIGH_STREET,22750.0,22250.0,7960.477132450017
6414202000,480582163,body shop,2024,South Oxfordshire,RETAIL_HIGH_STREET,22750.0,23500.0,23856.826295918872
6421883000,13085016000,debenhams,2020,Basingstoke and Deane,RETAIL_OTHER_SUPERSTORES_AND_WAREHOUSES,890000.0,1240000.0,10477.746634533049
6421883000,8790009000,debenhams,2020,Basingstoke and Deane,RETAIL_OTHER_SUPERSTORES_AND_WAREHOUSES,890000.0,1300000.0,10477.746634533049
6421883000,285586171,debenhams,2020,Basingstoke and Deane,RETAIL_OTHER_SUPERSTORES_AND_WAREHOUSES,890000.0,400000.0,2281.764206787225
6423710000,650190082,arcadia,2020,Hammersmith and Fulham,OFFICE_GENERAL,0.0,0.0,1542.7790589008903
6423710000,7229718000,arcadia,2020,Hammersmith and Fulham,OFFICE_GENERAL,0.0,0.0,1155.1314348827857
6423710000,7203889000,arcadia,2020,Hammersmith and Fulham,OFFICE_GENERAL,0.0,0.0,424.60574029218725
6425151000,11578735000,body shop,2024,Leicester,RETAIL_HIGH_STREET,101000.0,38500.0,1026.2360543980485
6425151000,11629593000,body shop,2024,Leicester,RETAIL_HIGH_STREET,101000.0,37500.0,408.30170057101645
6425151000,260813044,body shop,2024,Leicester,RETAIL_HIGH_STREET,101000.0,37500.0,2166.073988990151
6432545000,729699072,maplin,2018,Bromley,RETAIL_OTHER_SUPERSTORES_AND_WAREHOUSES,150000.0,142000.0,3575.1347449588093
6432545000,7072970000,maplin,2018,Bromley,RETAIL_OTHER_SUPERSTORES_AND_WAREHOUSES,150000.0,169000.0,4451.856286791127
6432545000,9045800000,maplin,2018,Bromley,RETAIL_OTHER_SUPERSTORES_AND_WAREHOUSES,150000.0,170000.0,581.3487777208825
6437208000,172168082,carluccios,2020,Hammersmith and Fulham,RETAIL_RESTAURANTS_AND_CAFES,55000.0,55000.0,616.0070591465371
6437208000,14005059000,carluccios,2020,Hammersmith and Fulham,RETAIL_RESTAURANTS_AND_CAFES,55000.0,55000.0,797.3188533237887
6437208000,7840521000,carluccios,2020,Hammersmith and Fulham,RETAIL_RESTAURANTS_AND_CAFES,55000.0,55000.0,1510.292623416827
6442500000,6463427000,arcadia,2020,Cardiff,RETAIL_OTHER_SUPERSTORES_AND_WAREHOUSES,197000.0,196000.0,997.8591143005962
6442500000,554595000,arcadia,2020,Cardiff,RETAIL_OTHER_SUPERSTORES_AND_WAREHOUSES,197000.0,199000.0,5066.720000865019
6442500000,507732000,arcadia,2020,Cardiff,RETAIL_OTHER_SUPERSTORES_AND_WAREHOUSES,197000.0,193000.0,2338.5005831766734
6444754000,7799200000,ted baker,2024,Hammersmith and Fulham,RETAIL_HIGH_STREET,204000.0,166000.0,933.401087897024
6444754000,12625009000,ted baker,2024,Hammersmith and Fulham,RETAIL_HIGH_STREET,204000.0,166000.0,933.401087897024
6444754000,8388166000,ted baker,2024,Hammersmith and Fulham,RETAIL_HIGH_STREET,204000.0,248000.0,468.3387180574833
6444924000,2232258000,mothercare,2019,Hammersmith and Fulham,RETAIL_HIGH_STREET,133000.0,132000.0,933.401087897024
6444924000,11566387000,mothercare,2019,Hammersmith and Fulham,RETAIL_HIGH_STREET,133000.0,135000.0,933.401087897024
6444924000,2739214000,mothercare,2019,Hammersmith and Fulham,RETAIL_HIGH_STREET,133000.0,139000.0,933.401087897024
6445123000,13612888000,cath kidston,2020,Hammersmith and Fulham,RETAIL_HIGH_STREET,224000.0,139000.0,1075.3433024498547
6445123000,8809152000,cath kidston,2020,Hammersmith and Fulham,RETAIL_HIGH_STREET,224000.0,139000.0,648.3502510272316
6445123000,14552866000,cath kidston,2020,Hammersmith and Fulham,RETAIL_HIGH_STREET,224000.0,310000.0,449.67368340429505
6448424000,648255082,ted baker,2024,Hammersmith and Fulham,RETAIL_HIGH_STREET,65000.0,65000.0,933.401087897024
6448424000,14997239000,ted baker,2024,Hammersmith and Fulham,RETAIL_HIGH_STREET,65000.0,64500.0,537.1406345294923
6448424000,648259082,ted baker,2024,Hammersmith and Fulham,RETAIL_HIGH_STREET,65000.0,65500.0,933.401087897024
6451278000,222596082,byron,2020,Hammersmith and Fulham,RETAIL_RESTAURANTS_AND_CAFES,161000.0,162500.0,561.7206523983061
6451278000,11051716000,byron,2020,Hammersmith and Fulham,RETAIL_RESTAURANTS_AND_CAFES,161000.0,157000.0,497.20353603653064
6451278000,2340872000,byron,2020,Hammersmith and Fulham,RETAIL_RESTAURANTS_AND_CAFES,161000.0,166000.0,906.2126513359825
6461732000,9127245000,carluccios,2020,Leicester,RETAIL_RESTAURANTS_AND_CAFES,64500.0,63500.0,3769.3082519485306
6461732000,130337044,carluccios,2020,Leicester,RETAIL_RESTAURANTS_AND_CAFES,64500.0,62500.0,3444.0387882778446
6461732000,257747044,carluccios,2020,Leicester,RETAIL_RESTAURANTS_AND_CAFES,64500.0,68000.0,1719.3952826375041
6488791000,11605374000,cath kidston,2020,Milton Keynes,RETAIL_HIGH_STREET,125000.0,41500.0,2045.7871891469458
6488791000,572808162,cath kidston,2020,Milton Keynes,RETAIL_HIGH_STREET,125000.0,41250.0,5065.550837631519
6488791000,13532942000,cath kidston,2020,Milton Keynes,RETAIL_HIGH_STREET,125000.0,40250.0,806.5181991669646
6488812000,492245108,chiquito,2020,York,RETAIL_RESTAURANTS_AND_CAFES,100000.0,104600.0,2093.3482103406163
6488812000,9318130000,chiquito,2020,York,RETAIL_RESTAURANTS_AND_CAFES,100000.0,105000.0,654.9399129496356
6488812000,78797000,chiquito,2020,York,RETAIL_RESTAURANTS_AND_CAFES,100000.0,93000.0,2372.661281052563
6494776000,11836036000,bhs,2016,Sunderland,RETAIL_OTHER_SUPERSTORES_AND_WAREHOUSES,352500.0,352500.0,943.2786655206563
6494776000,10586330000,bhs,2016,Sunderland,RETAIL_OTHER_SUPERSTORES_AND_WAREHOUSES,352500.0,367500.0,7259.821427346002
6494776000,12499931000,bhs,2016,Sunderland,RETAIL_OTHER_SUPERSTORES_AND_WAREHOUSES,352500.0,332500.0,2030.4331418097488
6510098000,208289011,wilko,2023,Central Bedfordshire,RETAIL_HIGH_STREET,87000.0,84500.0,10317.257504444884
6510098000,1764582000,wilko,2023,Central Bedfordshire,RETAIL_HIGH_STREET,87000.0,96500.0,10332.186766493369
6510098000,7318507000,wilko,2023,Central Bedfordshire,RETAIL_HIGH_STREET,87000.0,98000.0,13657.316279313702
6519092000,142391244,maplin,2018,Leeds,RETAIL_HIGH_STREET,66000.0,48750.0,1851.1743578635044
6519092000,5621793000,maplin,2018,Leeds,RETAIL_HIGH_STREET,66000.0,48500.0,2646.7979066083426
6519092000,2557078000,maplin,2018,Leeds,RETAIL_HIGH_STREET,66000.0,48500.0,2327.834949848352
6527181000,63541212,bella italia,2020,"Bristol, City of",RETAIL_HIGH_STREET,8200.0,8200.0,1179.435139801358
6527181000,26066212,bella italia,2020,"Bristol, City of",RETAIL_HIGH_STREET,8200.0,8200.0,1223.1323379287692
6527181000,12373302000,bella italia,2020,"Bristol, City of",RETAIL_HIGH_STREET,8200.0,8200.0,4075.8344713209517
6531474000,14188191000,body shop,2024,Tower Hamlets,RETAIL_HIGH_STREET,115000.0,116000.0,1782.8586641595516
6531474000,9015619000,body shop,2024,Tower Hamlets,RETAIL_HIGH_STREET,115000.0,113000.0,836.9282863610431
6531474000,9378108000,body shop,2024,Tower Hamlets,RETAIL_HIGH_STREET,115000.0,117000.0,520.1633247311772
6567762000,206214175,arcadia,2020,Fareham,INDUSTRIAL_GENERAL,4150.0,4150.0,1187.4855143122156
6567762000,206294175,arcadia,2020,Fareham,INDUSTRIAL_GENERAL,4150.0,4150.0,1187.4855143122156
6567762000,6567762000,arcadia,2020,Fareham,INDUSTRIAL_GENERAL,4150.0,4150.0,4442.074120615697
6574391000,7638540000,homebase,2024,York,RETAIL_OTHER_SUPERSTORES_AND_WAREHOUSES,575000.0,184000.0,2889.7880821456874
6574391000,12498430000,homebase,2024,York,RETAIL_OTHER_SUPERSTORES_AND_WAREHOUSES,575000.0,177000.0,2137.6220267493527
6574391000,8789260000,homebase,2024,York,RETAIL_OTHER_SUPERSTORES_AND_WAREHOUSES,575000.0,980000.0,597.758778299651
6592261000,8364112000,homebase,2024,Wiltshire,WAREHOUSING_LARGE_SCALE_AND_HIGH_BAY,1510000.0,700000.0,4667.825680452737
6592261000,15008804000,homebase,2024,Wiltshire,WAREHOUSING_LARGE_SCALE_AND_HIGH_BAY,1510000.0,630000.0,5429.344644100045
6592261000,5813714000,homebase,2024,Wiltshire,WAREHOUSING_LARGE_SCALE_AND_HIGH_BAY,1510000.0,610000.0,6197.11897463331
6611606000,36451125,arcadia,2020,Blackpool,OFFICE_GENERAL,7100.0,7100.0,1642.1554046531448
6611606000,12777730000,arcadia,2020,Blackpool,OFFICE_GENERAL,7100.0,7100.0,464.5839792213867
6611606000,7927742000,arcadia,2020,Blackpool,OFFICE_GENERAL,7100.0,7100.0,4169.67970733033
6611612000,12378914000,thomas cook,2019,Leicester,RETAIL_HIGH_STREET,123000.0,37250.0,1644.1307213962514
6611612000,13960059000,thomas cook,2019,Leicester,RETAIL_HIGH_STREET,123000.0,37000.0,1426.5304993390337
6611612000,14968373000,thomas cook,2019,Leicester,RETAIL_HIGH_STREET,123000.0,36500.0,1113.9856514971948
6611653000,266269044,toys r us,2018,Leicester,RETAIL_HIGH_STREET,140000.0,35000.0,1438.8433971107518
6611653000,14813332000,toys r us,2018,Leicester,RETAIL_HIGH_STREET,140000.0,33750.0,3544.456294121937
6611653000,13137618000,toys r us,2018,Leicester,RETAIL_HIGH_STREET,140000.0,33750.0,752.9384168210759
6617664000,12297080000,wilko,2023,Birmingham,RETAIL_HIGH_STREET,108000.0,82000.0,3322.376536497968
6617664000,10472671000,wilko,2023,Birmingham,RETAIL_HIGH_STREET,108000.0,81000.0,3007.5612500433167
6617664000,455497221,wilko,2023,Birmingham,RETAIL_HIGH_STREET,108000.0,80500.0,1786.231401576594
6623268000,10724954000,bella italia,2020,Surrey Heath,RETAIL_RESTAURANTS_AND_CAFES,58500.0,59000.0,2394.1264905771504
6623268000,3123083000,bella italia,2020,Surrey Heath,RETAIL_RESTAURANTS_AND_CAFES,58500.0,59700.0,8191.795994750887
6623268000,9551318000,bella italia,2020,Surrey Heath,RETAIL_RESTAURANTS_AND_CAFES,58500.0,60500.0,6014.782722122785
6623384000,153297152,frankie&bennys,2020,Surrey Heath,RETAIL_RESTAURANTS_AND_CAFES,74500.0,75000.0,9888.288389553172
6623384000,13764652000,frankie&bennys,2020,Surrey Heath,RETAIL_RESTAURANTS_AND_CAFES,74500.0,72600.0,4573.9485883960115
6623384000,342472152,frankie&bennys,2020,Surrey Heath,RETAIL_RESTAURANTS_AND_CAFES,74500.0,71500.0,2534.723443344009
6627597000,11140658000,wilko,2023,Leeds,RETAIL_OTHER_SUPERSTORES_AND_WAREHOUSES,525000.0,520000.0,2786.508813381059
6627597000,14004219000,wilko,2023,Leeds,RETAIL_OTHER_SUPERSTORES_AND_WAREHOUSES,525000.0,530000.0,2649.9517486158948
6627597000,373712244,wilko,2023,Leeds,RETAIL_OTHER_SUPERSTORES_AND_WAREHOUSES,525000.0,510000.0,1745.319378571143
6629012000,179007016,wilko,2023,Peterborough,RETAIL_OTHER_SUPERSTORES_AND_WAREHOUSES,83500.0,86500.0,1417.268209974146
6629012000,8939790000,wilko,2023,Peterborough,RETAIL_OTHER_SUPERSTORES_AND_WAREHOUSES,83500.0,79000.0,1524.6451715919823
6629012000,7786862000,wilko,2023,Peterborough,RETAIL_OTHER_SUPERSTORES_AND_WAREHOUSES,83500.0,79000.0,2125.7547181748573
6629375000,13251713000,prezzo,2018,Crawley,RETAIL_RESTAURANTS_AND_CAFES,39000.0,38500.0,1007.4513754009686
6629375000,195865141,prezzo,2018,Crawley,RETAIL_RESTAURANTS_AND_CAFES,39000.0,38000.0,2089.942249096542
6629375000,8278467000,prezzo,2018,Crawley,RETAIL_RESTAURANTS_AND_CAFES,39000.0,40500.0,1366.5619362720226
6631992000,15048059000,chiquito,2020,Surrey Heath,RETAIL_RESTAURANTS_AND_CAFES,54500.0,53000.0,1702.3158415698992
6631992000,152848152,chiquito,2020,Surrey Heath,RETAIL_RESTAURANTS_AND_CAFES,54500.0,52000.0,9729.102364105143
6631992000,168609152,chiquito,2020,Surrey Heath,RETAIL_RESTAURANTS_AND_CAFES,54500.0,50200.0,4244.942808362221
6635878000,342424152,prezzo,2018,Surrey Heath,RETAIL_RESTAURANTS_AND_CAFES,62000.0,63500.0,1702.3158415698992
6635878000,2806701000,prezzo,2018,Surrey Heath,RETAIL_RESTAURANTS_AND_CAFES,62000.0,70500.0,6977.993907425512
6635878000,25712152,prezzo,2018,Surrey Heath,RETAIL_RESTAURANTS_AND_CAFES,62000.0,49300.0,3818.6722435446554
6638424000,10687003000,wilko,2023,Cardiff,RETAIL_OTHER_SUPERSTORES_AND_WAREHOUSES,325000.0,332500.0,1336.7196621828296
6638424000,3888137000,wilko,2023,Cardiff,RETAIL_OTHER_SUPERSTORES_AND_WAREHOUSES,325000.0,337500.0,2323.622986214773
6638424000,378151000,wilko,2023,Cardiff,RETAIL_OTHER_SUPERSTORES_AND_WAREHOUSES,325000.0,310000.0,2338.5005831766734
6651895000,164382152,frankie&bennys,2020,Guildford,RETAIL_RESTAURANTS_AND_CAFES,92000.0,82000.0,561.9398266138435
6651895000,159740152,frankie&bennys,2020,Guildford,RETAIL_RESTAURANTS_AND_CAFES,92000.0,76500.0,7271.966343593496
6651895000,14109766000,frankie&bennys,2020,Guildford,RETAIL_RESTAURANTS_AND_CAFES,92000.0,75000.0,8646.724946357272
6669744000,5282352000,frankie&bennys,2020,Camden,RETAIL_HIGH_STREET,19750.0,19750.0,806.9246109094946
6669744000,87105063,frankie&bennys,2020,Camden,RETAIL_HIGH_STREET,19750.0,19750.0,745.1151910875928
6669744000,50519063,frankie&bennys,2020,Camden,RETAIL_HIGH_STREET,19750.0,19750.0,808.7195392133741
6674795000,15071309000,frankie&bennys,2020,Canterbury,OFFICE_GENERAL,3600.0,3600.0,9343.220850791726
6674795000,9891052000,frankie&bennys,2020,Canterbury,OFFICE_GENERAL,3600.0,3600.0,8680.29365454834
6674795000,7846662000,frankie&bennys,2020,Canterbury,OFFICE_GENERAL,3600.0,3600.0,9140.638147817399
6694027000,175005152,wilko,2023,Surrey Heath,RETAIL_OTHER_SUPERSTORES_AND_WAREHOUSES,126000.0,126000.0,6471.6257181716
6694027000,168913152,wilko,2023,Surrey Heath,RETAIL_OTHER_SUPERSTORES_AND_WAREHOUSES,126000.0,118000.0,5730.768628966636
6694027000,4813387000,wilko,2023,Surrey Heath,RETAIL_OTHER_SUPERSTORES_AND_WAREHOUSES,126000.0,100000.0,7413.294195239033
6705751000,100333183,arcadia,2020,Somerset,OFFICE_GENERAL,4850.0,4850.0,23450.367047410044
6705751000,7819194000,arcadia,2020,Somerset,OFFICE_GENERAL,4850.0,4850.0,13314.76051813121
6705751000,6508886000,arcadia,2020,Somerset,OFFICE_GENERAL,4850.0,4850.0,2636.344522602532
6708381000,6708388000,poundworld,2018,Stockton-on-Tees,RETAIL_HIGH_STREET,72000.0,70500.0,2104.5523988232744
6708381000,312784102,poundworld,2018,Stockton-on-Tees,RETAIL_HIGH_STREET,72000.0,70000.0,4610.534124855152
6708381000,4180289000,poundworld,2018,Stockton-on-Tees,RETAIL_HIGH_STREET,72000.0,68000.0,6524.825614337336
6712421000,10328326000,cath kidston,2020,Kensington and Chelsea,OFFICE_GENERAL,95500.0,95500.0,455.96376846680624
6712421000,5100067000,cath kidston,2020,Kensington and Chelsea,OFFICE_GENERAL,95500.0,95500.0,1721.4797701763969
6712421000,9659226000,cath kidston,2020,Kensington and Chelsea,OFFICE_GENERAL,95500.0,95500.0,1014.8457728107414
6712426000,13865546000,cath kidston,2020,Kensington and Chelsea,OFFICE_GENERAL,201000.0,201000.0,500.33099163466267
6712426000,56551082,cath kidston,2020,Kensington and Chelsea,OFFICE_GENERAL,201000.0,200000.0,1179.3085616983647
6712426000,90914082,cath kidston,2020,Kensington and Chelsea,OFFICE_GENERAL,201000.0,200000.0,403.45691257027846
6715444000,6120756000,cath kidston,2020,Kensington and Chelsea,OFFICE_GENERAL,265000.0,262500.0,610.8922494044637
6715444000,5012480000,cath kidston,2020,Kensington and Chelsea,OFFICE_GENERAL,265000.0,262500.0,844.7550026913021
6715444000,5223780000,cath kidston,2020,Kensington and Chelsea,OFFICE_GENERAL,265000.0,267500.0,844.7550026913021
6733603000,4683297000,wilko,2023,Charnwood,RETAIL_OTHER_SUPERSTORES_AND_WAREHOUSES,97000.0,99000.0,1277.8285173940596
6733603000,165507046,wilko,2023,Charnwood,RETAIL_OTHER_SUPERSTORES_AND_WAREHOUSES,97000.0,100000.0,5524.858211522106
6733603000,1109896000,wilko,2023,Charnwood,RETAIL_OTHER_SUPERSTORES_AND_WAREHOUSES,97000.0,93500.0,814.8990192354133
6737260000,8805771000,prezzo,2018,Canterbury,RETAIL_RESTAURANTS_AND_CAFES,53000.0,53000.0,9780.878309003841
6737260000,174118145,prezzo,2018,Canterbury,RETAIL_RESTAURANTS_AND_CAFES,53000.0,52500.0,10158.353902411955
6737260000,168878145,prezzo,2018,Canterbury,RETAIL_RESTAURANTS_AND_CAFES,53000.0,54300.0,3608.4050549953495
6747798000,205427045,homebase,2024,West Northamptonshire,RETAIL_OTHER_SUPERSTORES_AND_WAREHOUSES,270000.0,262500.0,747.368572427307
6747798000,795576000,homebase,2024,West Northamptonshire,RETAIL_OTHER_SUPERSTORES_AND_WAREHOUSES,270000.0,280000.0,516.0167786365939
6747798000,9583633000,homebase,2024,West Northamptonshire,RETAIL_OTHER_SUPERSTORES_AND_WAREHOUSES,270000.0,247000.0,447.56512457312226
6758030000,192458186,mothercare,2019,Somerset,RETAIL_OTHER_SUPERSTORES_AND_WAREHOUSES,165000.0,166000.0,2400.7287202093585
6758030000,190196186,mothercare,2019,Somerset,RETAIL_OTHER_SUPERSTORES_AND_WAREHOUSES,165000.0,166000.0,18404.178070762184
6758030000,10961148000,mothercare,2019,Somerset,RETAIL_OTHER_SUPERSTORES_AND_WAREHOUSES,165000.0,167000.0,1532.1513718621159
6762908000,221739214,cath kidston,2020,Gloucester,RETAIL_HIGH_STREET,25750.0,25250.0,2775.912304587243
6762908000,6300823000,cath kidston,2020,Gloucester,RETAIL_HIGH_STREET,25750.0,25000.0,564.7773203634018
6762908000,8139322000,cath kidston,2020,Gloucester,RETAIL_HIGH_STREET,25750.0,26500.0,3672.143106679934
6766895000,3882453000,wilko,2023,Stockton-on-Tees,RETAIL_OTHER_SUPERSTORES_AND_WAREHOUSES,150000.0,150000.0,892.7912232401657
6766895000,3303774000,wilko,2023,Stockton-on-Tees,RETAIL_OTHER_SUPERSTORES_AND_WAREHOUSES,150000.0,149000.0,2221.4195360918284
6766895000,12082111000,wilko,2023,Stockton-on-Tees,RETAIL_OTHER_SUPERSTORES_AND_WAREHOUSES,150000.0,147000.0,2441.2039310519726
6770164000,168900152,byron,2020,Surrey Heath,RETAIL_RESTAURANTS_AND_CAFES,49750.0,47300.0,6299.349748969879
6770164000,12028152,byron,2020,Surrey Heath,RETAIL_RESTAURANTS_AND_CAFES,49750.0,46900.0,1183.8503429258342
6770164000,11079897000,byron,2020,Surrey Heath,RETAIL_RESTAURANTS_AND_CAFES,49750.0,45500.0,3703.8090772894566
6775523000,15029352000,arcadia,2020,Hammersmith and Fulham,RETAIL_OTHER_SUPERSTORES_AND_WAREHOUSES,1100000.0,205000.0,867.789303473265
6775523000,6890828000,arcadia,2020,Hammersmith and Fulham,RETAIL_OTHER_SUPERSTORES_AND_WAREHOUSES,1100000.0,196000.0,492.4121002363617
6775523000,10619239000,arcadia,2020,Hammersmith and Fulham,RETAIL_OTHER_SUPERSTORES_AND_WAREHOUSES,1100000.0,172000.0,414.16342440919846
6775636000,4890547000,carluccios,2020,Cambridge,RETAIL_RESTAURANTS_AND_CAFES,107000.0,121000.0,1452.4559618500587
6775636000,10955284000,carluccios,2020,Cambridge,RETAIL_RESTAURANTS_AND_CAFES,107000.0,133000.0,1022.2310481803696
6775636000,26138012,carluccios,2020,Cambridge,RETAIL_RESTAURANTS_AND_CAFES,107000.0,74000.0,649.5736213687754
6793826000,13499720000,mothercare,2019,Stoke-on-Trent,RETAIL_OTHER_SUPERSTORES_AND_WAREHOUSES,525000.0,297500.0,1198.6335721929172
6793826000,13538948000,mothercare,2019,Stoke-on-Trent,RETAIL_OTHER_SUPERSTORES_AND_WAREHOUSES,525000.0,292500.0,1363.721959945377
6793826000,4524018000,mothercare,2019,Stoke-on-Trent,RETAIL_OTHER_SUPERSTORES_AND_WAREHOUSES,525000.0,292500.0,1933.9236944238191
6797748000,7825889000,body shop,2024,Leeds,INDUSTRIAL_GENERAL,6800.0,6800.0,761.3690041979353
6797748000,5103785000,body shop,2024,Leeds,INDUSTRIAL_GENERAL,6800.0,6800.0,1352.054607327529
6797748000,7014929000,body shop,2024,Leeds,INDUSTRIAL_GENERAL,6800.0,6800.0,6123.130863576249
6807969000,8061379000,paperchase,2023,Hammersmith and Fulham,RETAIL_HIGH_STREET,492500.0,120000.0,1001.3092586302364
6807969000,9655892000,paperchase,2023,Hammersmith and Fulham,RETAIL_HIGH_STREET,492500.0,120000.0,414.16342440919846
6807969000,14069182000,paperchase,2023,Hammersmith and Fulham,RETAIL_HIGH_STREET,492500.0,118000.0,933.401087897024
6810383000,10200534000,mothercare,2019,Reading,RETAIL_OTHER_SUPERSTORES_AND_WAREHOUSES,265000.0,262500.0,835.556146944923
6810383000,13438742000,mothercare,2019,Reading,RETAIL_OTHER_SUPERSTORES_AND_WAREHOUSES,265000.0,248000.0,631.2256606719992
6810383000,496006165,mothercare,2019,Reading,RETAIL_OTHER_SUPERSTORES_AND_WAREHOUSES,265000.0,287500.0,977.2156442778369
6812401000,6812401000,arcadia,2020,Somerset,INDUSTRIAL_GENERAL,1725.0,1725.0,10931.478394094478
6812401000,11969976000,arcadia,2020,Somerset,INDUSTRIAL_GENERAL,1725.0,1725.0,15875.044572793
6812401000,12618677000,arcadia,2020,Somerset,INDUSTRIAL_GENERAL,1725.0,1700.0,1994.0306037699645
6828958000,14832416000,frankie&bennys,2020,Colchester,RETAIL_RESTAURANTS_AND_CAFES,85000.0,84000.0,3691.520777377959
6828958000,9552792000,frankie&bennys,2020,Colchester,RETAIL_RESTAURANTS_AND_CAFES,85000.0,97000.0,3920.0246139658775
6828958000,59222023,frankie&bennys,2020,Colchester,RETAIL_RESTAURANTS_AND_CAFES,85000.0,72500.0,2545.4694403776098
6847105000,228717082,arcadia,2020,Hammersmith and Fulham,RETAIL_HIGH_STREET,885000.0,118000.0,468.3387180574833
6847105000,13481929000,arcadia,2020,Hammersmith and Fulham,RETAIL_HIGH_STREET,885000.0,117000.0,937.9665663248838
6847105000,8557660000,arcadia,2020,Hammersmith and Fulham,RETAIL_HIGH_STREET,885000.0,116000.0,506.144333277987
6847146000,13082862000,poundworld,2018,Leicester,RETAIL_HIGH_STREET,128000.0,33500.0,2201.4673541283664
6847146000,2908278000,poundworld,2018,Leicester,RETAIL_HIGH_STREET,128000.0,33250.0,2085.2915618812694
6847146000,14389339000,poundworld,2018,Leicester,RETAIL_HIGH_STREET,128000.0,31750.0,1273.4947712527644
6873444000,14990607000,paperchase,2023,Leeds,RETAIL_HIGH_STREET,29250.0,29250.0,2500.2171539492356
6873444000,5706219000,paperchase,2023,Leeds,RETAIL_HIGH_STREET,29250.0,29250.0,13819.31384866038
6873444000,6473853000,paperchase,2023,Leeds,RETAIL_HIGH_STREET,29250.0,29000.0,2453.0744930543974
6893812000,8040408000,maplin,2018,York,RETAIL_OTHER_SUPERSTORES_AND_WAREHOUSES,94000.0,96000.0,3181.372991654736
6893812000,227030108,maplin,2018,York,RETAIL_OTHER_SUPERSTORES_AND_WAREHOUSES,94000.0,88000.0,538.8371577295641
6893812000,2937889000,maplin,2018,York,RETAIL_OTHER_SUPERSTORES_AND_WAREHOUSES,94000.0,86000.0,2375.1215896784115
6901876000,12813763000,prezzo,2018,Dorset,OFFICE_GENERAL,11500.0,11500.0,24032.364729568617
6901876000,10912336000,prezzo,2018,Dorset,OFFICE_GENERAL,11500.0,11500.0,2394.7060857302827
6901876000,7989100000,prezzo,2018,Dorset,OFFICE_GENERAL,11500.0,11500.0,24890.315358384047
6903250000,10050787000,poundworld,2018,Leeds,RETAIL_OTHER_SUPERSTORES_AND_WAREHOUSES,151000.0,148000.0,1582.818620446322
6903250000,8993339000,poundworld,2018,Leeds,RETAIL_OTHER_SUPERSTORES_AND_WAREHOUSES,151000.0,146000.0,943.1837307373982
6903250000,3845739000,poundworld,2018,Leeds,RETAIL_OTHER_SUPERSTORES_AND_WAREHOUSES,151000.0,144000.0,1781.6477352120446
6905054000,6905055000,arcadia,2020,Dorset,OFFICE_GENERAL,4000.0,4000.0,1668.1412279076728
6905054000,2837544000,arcadia,2020,Dorset,OFFICE_GENERAL,4000.0,4000.0,24287.908330834623
6905054000,9867493000,arcadia,2020,Dorset,OFFICE_GENERAL,4000.0,4000.0,554.6967841555997
6917193000,14538771000,wilko,2023,Dorset,RETAIL_HIGH_STREET,86000.0,81500.0,25959.526024132054
6917193000,14839403000,wilko,2023,Dorset,RETAIL_HIGH_STREET,86000.0,79500.0,36383.668894853756
6917193000,14995856000,wilko,2023,Dorset,RETAIL_HIGH_STREET,86000.0,72500.0,33375.313831041676
6919206000,3195427000,wilko,2023,Bromley,RETAIL_OTHER_SUPERSTORES_AND_WAREHOUSES,167000.0,170000.0,850.9222225957044
6919206000,179168072,wilko,2023,Bromley,RETAIL_OTHER_SUPERSTORES_AND_WAREHOUSES,167000.0,176000.0,2383.8205720666965
6919206000,749184072,wilko,2023,Bromley,RETAIL_OTHER_SUPERSTORES_AND_WAREHOUSES,167000.0,184000.0,522.1593566582975
6922193000,8245856000,cath kidston,2020,Cardiff,RETAIL_HIGH_STREET,186000.0,80500.0,1542.6828205156683
6922193000,1624132000,cath kidston,2020,Cardiff,RETAIL_HIGH_STREET,186000.0,80000.0,1727.6233564247384
6922193000,1624149000,cath kidston,2020,Cardiff,RETAIL_HIGH_STREET,186000.0,78000.0,1727.6233564247384
6922237000,8794317000,thomas cook,2019,Cardiff,RETAIL_HIGH_STREET,195000.0,77000.0,1898.7741458381406
6922237000,9023229000,thomas cook,2019,Cardiff,RETAIL_HIGH_STREET,195000.0,76000.0,2078.2029580376297
6922237000,12658242000,thomas cook,2019,Cardiff,RETAIL_HIGH_STREET,195000.0,76000.0,570.6156035290064
6922268000,14348177000,byron,2020,Cardiff,RETAIL_HIGH_STREET,190000.0,75500.0,2349.8015558466436
6922268000,8794390000,byron,2020,Cardiff,RETAIL_HIGH_STREET,190000.0,75000.0,1378.2354428715087
6922268000,14322087000,byron,2020,Cardiff,RETAIL_HIGH_STREET,190000.0,74000.0,3597.152231121855
6922314000,160014192,paperchase,2023,Cardiff,RETAIL_HIGH_STREET,199000.0,73000.0,1209.002930053927
6922314000,7991825000,paperchase,2023,Cardiff,RETAIL_HIGH_STREET,199000.0,73000.0,1131.9564214968143
6922314000,14893152000,paperchase,2023,Cardiff,RETAIL_HIGH_STREET,199000.0,72500.0,576.1973757389229
6922425000,2421638000,cafe rouge,2020,Cardiff,RETAIL_RESTAURANTS_AND_CAFES,76500.0,77000.0,4563.378241026445
6922425000,370308192,cafe rouge,2020,Cardiff,RETAIL_RESTAURANTS_AND_CAFES,76500.0,75500.0,4166.044983936769
6922425000,11021638000,cafe rouge,2020,Cardiff,RETAIL_RESTAURANTS_AND_CAFES,76500.0,75000.0,1727.6233564247384
6922426000,368025192,prezzo,2018,Cardiff,RETAIL_RESTAURANTS_AND_CAFES,82000.0,82500.0,1665.3885733859406
6922426000,1782728000,prezzo,2018,Cardiff,RETAIL_RESTAURANTS_AND_CAFES,82000.0,82500.0,5356.5107917385285
6922426000,90590192,prezzo,2018,Cardiff,RETAIL_RESTAURANTS_AND_CAFES,82000.0,82900.0,3341.7584393344173
6922432000,5698317000,frankie&bennys,2020,Cardiff,RETAIL_RESTAURANTS_AND_CAFES,125000.0,125000.0,2921.8985768090347
6922432000,607582000,frankie&bennys,2020,Cardiff,RETAIL_RESTAURANTS_AND_CAFES,125000.0,128000.0,4173.225741556729
6922432000,14272889000,frankie&bennys,2020,Cardiff,RETAIL_RESTAURANTS_AND_CAFES,125000.0,115000.0,2921.8985768090347
6922508000,171697192,body shop,2024,Cardiff,RETAIL_HIGH_STREET,197000.0,69500.0,1209.002930053927
6922508000,1480099000,body shop,2024,Cardiff,RETAIL_HIGH_STREET,197000.0,69000.0,1727.6233564247384
6922508000,9508132000,body shop,2024,Cardiff,RETAIL_HIGH_STREET,197000.0,66000.0,1472.5556195671259
6924010000,3678925000,arcadia,2020,Cannock Chase,INDUSTRIAL_GENERAL,42750.0,42750.0,1483.1020573262188
6924010000,6924010000,arcadia,2020,Cannock Chase,INDUSTRIAL_GENERAL,42750.0,42750.0,1178.8416700452688
6924010000,11370960000,arcadia,2020,Cannock Chase,INDUSTRIAL_GENERAL,42750.0,43000.0,1039.8847566409347
6931641000,7666115000,carluccios,2020,South Gloucestershire,RETAIL_RESTAURANTS_AND_CAFES,100000.0,100000.0,3368.240406494561
6931641000,3324010000,carluccios,2020,South Gloucestershire,RETAIL_RESTAURANTS_AND_CAFES,100000.0,100000.0,6135.896801732304
6931641000,159654211,carluccios,2020,South Gloucestershire,RETAIL_RESTAURANTS_AND_CAFES,100000.0,105000.0,3904.675865448608
6934338000,190065172,mothercare,2019,"Bournemouth, Christchurch and Poole",RETAIL_OTHER_SUPERSTORES_AND_WAREHOUSES,172000.0,174000.0,727.4048991344201
6934338000,4643464000,mothercare,2019,"Bournemouth, Christchurch and Poole",RETAIL_OTHER_SUPERSTORES_AND_WAREHOUSES,172000.0,174000.0,581.1729000305756
6934338000,923412000,mothercare,2019,"Bournemouth, Christchurch and Poole",RETAIL_OTHER_SUPERSTORES_AND_WAREHOUSES,172000.0,169000.0,2384.232762596479
6943601000,11289126000,prezzo,2018,West Northamptonshire,RETAIL_RESTAURANTS_AND_CAFES,43750.0,44750.0,2303.379043623162
6943601000,957793000,prezzo,2018,West Northamptonshire,RETAIL_RESTAURANTS_AND_CAFES,43750.0,44750.0,2656.0040050813373
6943601000,6384371000,prezzo,2018,West Northamptonshire,RETAIL_RESTAURANTS_AND_CAFES,43750.0,45000.0,2812.7012319530118
6946456000,13455213000,bhs,2016,Watford,RETAIL_HIGH_STREET,9800.0,9800.0,2891.4537392837715
6946456000,11626185000,bhs,2016,Watford,RETAIL_HIGH_STREET,9800.0,9800.0,1347.3463912288885
6946456000,37524017,bhs,2016,Watford,RETAIL_HIGH_STREET,9800.0,9800.0,449.4522888146459
6946461000,10550517000,bhs,2016,Watford,RETAIL_HIGH_STREET,10500.0,10500.0,2315.397573464746
6946461000,13800731000,bhs,2016,Watford,RETAIL_HIGH_STREET,10500.0,10500.0,895.9548121844181
6946461000,13457032000,bhs,2016,Watford,RETAIL_HIGH_STREET,10500.0,10500.0,2891.4537392837715
6946474000,33133017,bhs,2016,Watford,RETAIL_HIGH_STREET,16000.0,16000.0,412.74000395086057
6946474000,13359017,bhs,2016,Watford,RETAIL_HIGH_STREET,16000.0,15750.0,2447.4883687758706
6946474000,9839685000,bhs,2016,Watford,RETAIL_HIGH_STREET,16000.0,15750.0,940.8162827719761
6946476000,33190017,bhs,2016,Watford,RETAIL_HIGH_STREET,12500.0,12500.0,520.6787276482908
6946476000,8076017,bhs,2016,Watford,RETAIL_HIGH_STREET,12500.0,12500.0,1673.7518831847615
6946476000,9906062000,bhs,2016,Watford,RETAIL_HIGH_STREET,12500.0,12500.0,467.46879146068767
6946931000,41429063,cafe rouge,2020,Camden,RETAIL_RESTAURANTS_AND_CAFES,112000.0,111000.0,911.3255599067711
6946931000,5282349000,cafe rouge,2020,Camden,RETAIL_RESTAURANTS_AND_CAFES,112000.0,113000.0,750.8853560286067
6946931000,14304526000,cafe rouge,2020,Camden,RETAIL_RESTAURANTS_AND_CAFES,112000.0,115000.0,997.2370131067626
6947935000,6143843000,arcadia,2020,Stoke-on-Trent,RETAIL_OTHER_SUPERSTORES_AND_WAREHOUSES,410000.0,255000.0,2455.765177035544
6947935000,10049001000,arcadia,2020,Stoke-on-Trent,RETAIL_OTHER_SUPERSTORES_AND_WAREHOUSES,410000.0,248000.0,1967.9608222845195
6947935000,5229702000,arcadia,2020,Stoke-on-Trent,RETAIL_OTHER_SUPERSTORES_AND_WAREHOUSES,410000.0,247000.0,492.32509594626447
6955541000,8417532000,body shop,2024,"Bournemouth, Christchurch and Poole",INDUSTRIAL_GENERAL,9800.0,9800.0,408.97200879364885
6955541000,12678618000,body shop,2024,"Bournemouth, Christchurch and Poole",INDUSTRIAL_GENERAL,9800.0,9800.0,843.1898518752637
6955541000,14388913000,body shop,2024,"Bournemouth, Christchurch and Poole",INDUSTRIAL_GENERAL,9800.0,9800.0,1381.801821351473
6956728000,9952830000,maplin,2018,North Northamptonshire,RETAIL_OTHER_SUPERSTORES_AND_WAREHOUSES,48500.0,49000.0,1242.764221540505
6956728000,15043935000,maplin,2018,North Northamptonshire,RETAIL_OTHER_SUPERSTORES_AND_WAREHOUSES,48500.0,50000.0,1199.0168206749968
6956728000,3588315000,maplin,2018,North Northamptonshire,RETAIL_OTHER_SUPERSTORES_AND_WAREHOUSES,48500.0,51500.0,4820.764875579185
6970817000,907716022,bella italia,2020,Chelmsford,RETAIL_HIGH_STREET,0.0,0.0,7075.72083536008
6970817000,10667897000,bella italia,2020,Chelmsford,RETAIL_HIGH_STREET,0.0,167.0,2896.5004803897095
6970817000,7888626000,bella italia,2020,Chelmsford,RETAIL_HIGH_STREET,0.0,300.0,4116.931560260753
6970842000,56339022,bhs,2016,Chelmsford,RETAIL_HIGH_STREET,6900.0,6900.0,13784.11353516628
6970842000,4621022,bhs,2016,Chelmsford,RETAIL_HIGH_STREET,6900.0,6900.0,563.4055039289298
6970842000,58795022,bhs,2016,Chelmsford,RETAIL_HIGH_STREET,6900.0,6900.0,3028.5310999588296
6985446000,11056834000,maplin,2018,City of London,RETAIL_HIGH_STREET,140000.0,112000.0,458.35905880624364
6985446000,11663402000,maplin,2018,City of London,RETAIL_HIGH_STREET,140000.0,103000.0,506.8691708015586
6985446000,14676652000,maplin,2018,City of London,RETAIL_HIGH_STREET,140000.0,98000.0,509.0033924987902
7004191000,4041428000,cafe rouge,2020,Cheshire West and Chester,RETAIL_HIGH_STREET,109000.0,24250.0,10921.484357303143
7004191000,13449334000,cafe rouge,2020,Cheshire West and Chester,RETAIL_HIGH_STREET,109000.0,24000.0,14916.295004724929
7004191000,14796248000,cafe rouge,2020,Cheshire West and Chester,RETAIL_HIGH_STREET,109000.0,23500.0,6292.501483201893
7013127000,659542000,cafe rouge,2020,South Gloucestershire,RETAIL_RESTAURANTS_AND_CAFES,87500.0,85000.0,3971.007735050696
7013127000,659566000,cafe rouge,2020,South Gloucestershire,RETAIL_RESTAURANTS_AND_CAFES,87500.0,84350.0,3441.617779557727
7013127000,92904000,cafe rouge,2020,South Gloucestershire,RETAIL_RESTAURANTS_AND_CAFES,87500.0,82700.0,5542.119522717117
7013309000,4795000,poundworld,2018,South Gloucestershire,RETAIL_OTHER_SUPERSTORES_AND_WAREHOUSES,141000.0,140000.0,2865.341841151063
7013309000,206590211,poundworld,2018,South Gloucestershire,RETAIL_OTHER_SUPERSTORES_AND_WAREHOUSES,141000.0,140000.0,1047.8544330749355
7013309000,1659073000,poundworld,2018,South Gloucestershire,RETAIL_OTHER_SUPERSTORES_AND_WAREHOUSES,141000.0,139000.0,2865.341841151063
7021787000,4417308000,arcadia,2020,Gloucester,RETAIL_HIGH_STREET,190000.0,192000.0,967.4280536964538
7021787000,4776924000,arcadia,2020,Gloucester,RETAIL_HIGH_STREET,190000.0,180000.0,967.4280536964538
7021787000,1622247000,arcadia,2020,Gloucester,RETAIL_HIGH_STREET,190000.0,53000.0,1180.503603740859
7029873000,7891567000,arcadia,2020,Stoke-on-Trent,RETAIL_HIGH_STREET,2475.0,2475.0,2476.9572981912866
7029873000,7029873000,arcadia,2020,Stoke-on-Trent,RETAIL_HIGH_STREET,2475.0,2475.0,1276.7319058505027
7029873000,6461252000,arcadia,2020,Stoke-on-Trent,RETAIL_HIGH_STREET,2475.0,2475.0,1688.0068194171597
7037281000,13971302000,wilko,2023,County Durham,RETAIL_OTHER_SUPERSTORES_AND_WAREHOUSES,144000.0,142000.0,6004.062754466863
7037281000,461094000,wilko,2023,County Durham,RETAIL_OTHER_SUPERSTORES_AND_WAREHOUSES,144000.0,134000.0,6004.062754466863
7037281000,11943739000,wilko,2023,County Durham,RETAIL_OTHER_SUPERSTORES_AND_WAREHOUSES,144000.0,134000.0,2357.668329461336
7049044000,4427561000,arcadia,2020,"Bristol, City of",OFFICE_GENERAL,2800.0,2800.0,1032.1938900602952
7049044000,10661392000,arcadia,2020,"Bristol, City of",OFFICE_GENERAL,2800.0,2800.0,765.4148970650195
7049044000,10494062000,arcadia,2020,"Bristol, City of",OFFICE_GENERAL,2800.0,2800.0,806.9096453196247
7058172000,13617328000,strada,2018,South Oxfordshire,RETAIL_HIGH_STREET,79500.0,73500.0,7983.622314705827
7058172000,8896016000,strada,2018,South Oxfordshire,RETAIL_HIGH_STREET,79500.0,72500.0,23760.70684525506
7058172000,8905256000,strada,2018,South Oxfordshire,RETAIL_HIGH_STREET,79500.0,67000.0,23760.70684525506
7079597000,12407200000,paperchase,2023,"Bristol, City of",RETAIL_HIGH_STREET,56500.0,56000.0,678.379052631134
7079597000,10853077000,paperchase,2023,"Bristol, City of",RETAIL_HIGH_STREET,56500.0,54000.0,1021.9136664641225
7079597000,247897212,paperchase,2023,"Bristol, City of",RETAIL_HIGH_STREET,56500.0,53000.0,1193.2738133913736
7087512000,10991472000,arcadia,2020,Southampton,OFFICE_GENERAL,0.0,270.0,438.0205776016062
7087512000,8812106000,arcadia,2020,Southampton,OFFICE_GENERAL,0.0,330.0,2487.44902495369
7087512000,550526176,arcadia,2020,Southampton,OFFICE_GENERAL,0.0,350.0,2404.4261797864565
7087565000,452247000,arcadia,2020,Southampton,OFFICE_GENERAL,0.0,365.0,2045.950115637608
7087565000,9004263000,arcadia,2020,Southampton,OFFICE_GENERAL,0.0,400.0,1848.4711494888784
7087565000,7235213000,arcadia,2020,Southampton,OFFICE_GENERAL,0.0,455.0,2489.3775129460996
7087715000,10029435000,poundworld,2018,Buckinghamshire,RETAIL_OTHER_SUPERSTORES_AND_WAREHOUSES,163000.0,163000.0,2329.6510965574184
7087715000,11304229000,poundworld,2018,Buckinghamshire,RETAIL_OTHER_SUPERSTORES_AND_WAREHOUSES,163000.0,169000.0,3465.825852411982
7087715000,222559162,poundworld,2018,Buckinghamshire,RETAIL_OTHER_SUPERSTORES_AND_WAREHOUSES,163000.0,153000.0,8182.242147730325
7118364000,5871008000,arcadia,2020,Tunbridge Wells,RETAIL_OTHER_SUPERSTORES_AND_WAREHOUSES,312500.0,310000.0,3096.708697047133
7118364000,5870999000,arcadia,2020,Tunbridge Wells,RETAIL_OTHER_SUPERSTORES_AND_WAREHOUSES,312500.0,315000.0,3096.708697047133
7118364000,5871005000,arcadia,2020,Tunbridge Wells,RETAIL_OTHER_SUPERSTORES_AND_WAREHOUSES,312500.0,317500.0,3096.708697047133
7122494000,11254721000,toys r us,2018,Nottingham,RETAIL_HIGH_STREET,136000.0,29500.0,2906.644818143384
7122494000,12358144000,toys r us,2018,Nottingham,RETAIL_HIGH_STREET,136000.0,29000.0,4137.431693658444
7122494000,15035366000,toys r us,2018,Nottingham,RETAIL_HIGH_STREET,136000.0,28500.0,1206.0769590043528
7126776000,1037277023,maplin,2018,Southend-on-Sea,RETAIL_OTHER_SUPERSTORES_AND_WAREHOUSES,117000.0,127000.0,2828.9660207435895
7126776000,1243014023,maplin,2018,Southend-on-Sea,RETAIL_OTHER_SUPERSTORES_AND_WAREHOUSES,117000.0,130000.0,1084.9174962536447
7126776000,13518102000,maplin,2018,Southend-on-Sea,RETAIL_OTHER_SUPERSTORES_AND_WAREHOUSES,117000.0,131000.0,3458.9976097764593
7153962000,1111793000,wilko,2023,Brent,RETAIL_OTHER_SUPERSTORES_AND_WAREHOUSES,224000.0,224000.0,553.2620455659547
7153962000,3811466000,wilko,2023,Brent,RETAIL_OTHER_SUPERSTORES_AND_WAREHOUSES,224000.0,222000.0,4128.626486695831
7153962000,7801416000,wilko,2023,Brent,RETAIL_OTHER_SUPERSTORES_AND_WAREHOUSES,224000.0,211000.0,4162.145591117953
7154843000,15085733000,prezzo,2018,Peterborough,RETAIL_RESTAURANTS_AND_CAFES,67500.0,68000.0,1755.4753983182886
7154843000,445100016,prezzo,2018,Peterborough,RETAIL_RESTAURANTS_AND_CAFES,67500.0,68000.0,894.7233715897707
7154843000,179454016,prezzo,2018,Peterborough,RETAIL_RESTAURANTS_AND_CAFES,67500.0,68000.0,1281.0247786415437
7163951000,159790192,carluccios,2020,Cardiff,RETAIL_RESTAURANTS_AND_CAFES,94000.0,93700.0,1158.0076239786813
7163951000,7698653000,carluccios,2020,Cardiff,RETAIL_RESTAURANTS_AND_CAFES,94000.0,90500.0,923.5641939561589
7163951000,7699391000,carluccios,2020,Cardiff,RETAIL_RESTAURANTS_AND_CAFES,94000.0,98000.0,923.5641939561589
7195500000,14583830000,prezzo,2018,Manchester,RETAIL_RESTAURANTS_AND_CAFES,153000.0,159000.0,586.4653877867322
7195500000,205487113,prezzo,2018,Manchester,RETAIL_RESTAURANTS_AND_CAFES,153000.0,144000.0,4986.125288951565
7195500000,2920563000,prezzo,2018,Manchester,RETAIL_RESTAURANTS_AND_CAFES,153000.0,167000.0,4694.876296212038
7195565000,5792119000,poundworld,2018,"Bristol, City of",RETAIL_HIGH_STREET,226000.0,70500.0,2721.431457782747
7195565000,8817511000,poundworld,2018,"Bristol, City of",RETAIL_HIGH_STREET,226000.0,69500.0,6038.959545252256
7195565000,13872738000,poundworld,2018,"Bristol, City of",RETAIL_HIGH_STREET,226000.0,67500.0,1886.1154685836696
7222342000,986592000,frankie&bennys,2020,Sunderland,RETAIL_RESTAURANTS_AND_CAFES,83000.0,81000.0,1172.3363522671584
7222342000,10268307000,frankie&bennys,2020,Sunderland,RETAIL_RESTAURANTS_AND_CAFES,83000.0,85000.0,2503.1632126202276
7222342000,338496094,frankie&bennys,2020,Sunderland,RETAIL_RESTAURANTS_AND_CAFES,83000.0,79500.0,2189.5071768185107
7255777000,44103052,paperchase,2023,City of London,RETAIL_HIGH_STREET,209000.0,88000.0,473.3324104294217
7255777000,5170457000,paperchase,2023,City of London,RETAIL_HIGH_STREET,209000.0,85500.0,509.0033924987902
7255777000,51613052,paperchase,2023,City of London,RETAIL_HIGH_STREET,209000.0,78500.0,426.5603739542632
7258120000,6284046000,body shop,2024,East Riding of Yorkshire,INDUSTRIAL_GENERAL,3500.0,3500.0,36599.16050555423
7258120000,315453254,body shop,2024,East Riding of Yorkshire,INDUSTRIAL_GENERAL,3500.0,3500.0,30811.611512442814
7258120000,277339254,body shop,2024,East Riding of Yorkshire,INDUSTRIAL_GENERAL,3500.0,3500.0,30811.611512442814
7273518000,2141546000,homebase,2024,West Northamptonshire,INDUSTRIAL_GENERAL,8700.0,8700.0,997.0609465465272
7273518000,14718542000,homebase,2024,West Northamptonshire,INDUSTRIAL_GENERAL,8700.0,8700.0,12527.4077276424
7273518000,13563100000,homebase,2024,West Northamptonshire,INDUSTRIAL_GENERAL,8700.0,8700.0,10596.678607675096
7275944000,6819049000,arcadia,2020,Nottingham,INDUSTRIAL_GENERAL,49500.0,49500.0,1197.111069714657
7275944000,1168239000,arcadia,2020,Nottingham,INDUSTRIAL_GENERAL,49500.0,49500.0,4885.841543556528
7275944000,265556037,arcadia,2020,Nottingham,INDUSTRIAL_GENERAL,49500.0,49250.0,1633.6540666029364
7285972000,197130044,cafe rouge,2020,Leicester,RETAIL_RESTAURANTS_AND_CAFES,80000.0,73000.0,1193.9235168381495
7285972000,14946677000,cafe rouge,2020,Leicester,RETAIL_RESTAURANTS_AND_CAFES,80000.0,72500.0,3544.456294121937
7285972000,2818846000,cafe rouge,2020,Leicester,RETAIL_RESTAURANTS_AND_CAFES,80000.0,72500.0,2085.2915618812694
7287040000,3209875000,bhs,2016,Dudley,INDUSTRIAL_GENERAL,32000.0,32000.0,2372.5877299249023
7287040000,7900719000,bhs,2016,Dudley,INDUSTRIAL_GENERAL,32000.0,32000.0,688.5482477802333
7287040000,1703969000,bhs,2016,Dudley,INDUSTRIAL_GENERAL,32000.0,32000.0,2060.4029845355453
7302928000,4650522000,body shop,2024,Bradford,INDUSTRIAL_GENERAL,10750.0,10750.0,3993.559625026623
7302928000,8529341000,body shop,2024,Bradford,INDUSTRIAL_GENERAL,10750.0,10750.0,7975.479013073788
7302928000,11149876000,body shop,2024,Bradford,INDUSTRIAL_GENERAL,10750.0,10750.0,2232.500996121602
7305295000,166714058,byron,2020,Tower Hamlets,RETAIL_RESTAURANTS_AND_CAFES,110000.0,112000.0,2363.5191045568517
7305295000,13202044000,byron,2020,Tower Hamlets,RETAIL_RESTAURANTS_AND_CAFES,110000.0,103000.0,3670.5079716509704
7305295000,8051702000,byron,2020,Tower Hamlets,RETAIL_RESTAURANTS_AND_CAFES,110000.0,117000.0,878.6382895634134
7321343000,11369138000,arcadia,2020,Chelmsford,RETAIL_OTHER_SUPERSTORES_AND_WAREHOUSES,360000.0,342500.0,1676.5181859679856
7321343000,5232019000,arcadia,2020,Chelmsford,RETAIL_OTHER_SUPERSTORES_AND_WAREHOUSES,360000.0,322500.0,505.97733296587177
7321343000,865117022,arcadia,2020,Chelmsford,RETAIL_OTHER_SUPERSTORES_AND_WAREHOUSES,360000.0,420000.0,1311.0688447047603
7338375000,3425993000,prezzo,2018,South Oxfordshire,RETAIL_RESTAURANTS_AND_CAFES,43250.0,43000.0,11136.910764135258
7338375000,508863163,prezzo,2018,South Oxfordshire,RETAIL_RESTAURANTS_AND_CAFES,43250.0,43500.0,8031.315712241108
7338375000,180733163,prezzo,2018,South Oxfordshire,RETAIL_RESTAURANTS_AND_CAFES,43250.0,44500.0,23698.152266259378
7341616000,165162072,prezzo,2018,Bromley,RETAIL_HIGH_STREET,50000.0,49750.0,2950.0982053106495
7341616000,222225072,prezzo,2018,Bromley,RETAIL_HIGH_STREET,50000.0,49250.0,3642.2725789428737
7341616000,208986072,prezzo,2018,Bromley,RETAIL_HIGH_STREET,50000.0,48750.0,865.1156693370419
7344730000,11779272000,arcadia,2020,Southampton,OFFICE_GENERAL,0.0,455.0,581.9776732177578
7344730000,8287144000,arcadia,2020,Southampton,OFFICE_GENERAL,0.0,470.0,445.3323150038796
7344730000,3554266000,arcadia,2020,Southampton,OFFICE_GENERAL,0.0,520.0,717.4229873885009
7344732000,10855639000,arcadia,2020,Southampton,OFFICE_GENERAL,0.0,520.0,412.1186508600094
7344732000,14455907000,arcadia,2020,Southampton,OFFICE_GENERAL,0.0,540.0,2118.984375544339
7344732000,6400176,arcadia,2020,Southampton,OFFICE_GENERAL,0.0,600.0,2518.219996624377
7346798000,897107000,wilko,2023,"Bournemouth, Christchurch and Poole",RETAIL_OTHER_SUPERSTORES_AND_WAREHOUSES,163000.0,164000.0,2384.232762596479
7346798000,125741000,wilko,2023,"Bournemouth, Christchurch and Poole",RETAIL_OTHER_SUPERSTORES_AND_WAREHOUSES,163000.0,164000.0,1095.5801017567094
7346798000,315942172,wilko,2023,"Bournemouth, Christchurch and Poole",RETAIL_OTHER_SUPERSTORES_AND_WAREHOUSES,163000.0,159000.0,2751.5951737746723
7348213000,7873526000,arcadia,2020,Southampton,OFFICE_GENERAL,0.0,610.0,1374.4776353004693
7348213000,11688199000,arcadia,2020,Southampton,OFFICE_GENERAL,0.0,630.0,1449.2653736163427
7348213000,14946502000,arcadia,2020,Southampton,OFFICE_GENERAL,0.0,680.0,1462.5840081912413
7348214000,3554257000,arcadia,2020,Southampton,OFFICE_GENERAL,0.0,690.0,717.4229873885009
7348214000,10726642000,arcadia,2020,Southampton,OFFICE_GENERAL,0.0,700.0,2192.71916154215
7348214000,10991273000,arcadia,2020,Southampton,OFFICE_GENERAL,0.0,710.0,438.0205776016062
7349806000,7938032000,cath kidston,2020,"Bournemouth, Christchurch and Poole",RETAIL_HIGH_STREET,98500.0,69000.0,553.5032516658137
7349806000,9434271000,cath kidston,2020,"Bournemouth, Christchurch and Poole",RETAIL_HIGH_STREET,98500.0,68500.0,1548.7302474309479
7349806000,46197172,cath kidston,2020,"Bournemouth, Christchurch and Poole",RETAIL_HIGH_STREET,98500.0,68000.0,1539.9250528828193
7350425000,12452027000,frankie&bennys,2020,Ashford,RETAIL_RESTAURANTS_AND_CAFES,95000.0,85000.0,8112.543155540919
7350425000,537548145,frankie&bennys,2020,Ashford,RETAIL_RESTAURANTS_AND_CAFES,95000.0,126000.0,1398.993184343494
7350425000,14330164000,frankie&bennys,2020,Ashford,RETAIL_RESTAURANTS_AND_CAFES,95000.0,62000.0,13592.490550931918
7351429000,298723000,byron,2020,Tower Hamlets,RETAIL_RESTAURANTS_AND_CAFES,115000.0,117000.0,831.2997387322392
7351429000,6186086000,byron,2020,Tower Hamlets,RETAIL_RESTAURANTS_AND_CAFES,115000.0,122000.0,917.8437468884995
7351429000,14283034000,byron,2020,Tower Hamlets,RETAIL_RESTAURANTS_AND_CAFES,115000.0,125000.0,1618.1483605528963
7355081000,373662244,body shop,2024,Leeds,INDUSTRIAL_GENERAL,10000.0,10000.0,946.7705664603352
7355081000,7015627000,body shop,2024,Leeds,INDUSTRIAL_GENERAL,10000.0,10000.0,6123.130863576249
7355081000,7154391000,body shop,2024,Leeds,INDUSTRIAL_GENERAL,10000.0,10000.0,4917.308165599226
7365795000,185189000,prezzo,2018,Dorset,RETAIL_HIGH_STREET,29250.0,29250.0,2027.9815398573162
7365795000,11737150000,prezzo,2018,Dorset,RETAIL_HIGH_STREET,29250.0,29250.0,23653.73448800093
7365795000,293448172,prezzo,2018,Dorset,RETAIL_HIGH_STREET,29250.0,29250.0,33217.33106805799
7372354000,173301141,maplin,2018,Crawley,RETAIL_HIGH_STREET,110000.0,36750.0,1142.707444428078
7372354000,11728636000,maplin,2018,Crawley,RETAIL_HIGH_STREET,110000.0,34500.0,1392.8575515170678
7372354000,5310670000,maplin,2018,Crawley,RETAIL_HIGH_STREET,110000.0,30750.0,4413.306256571062
7377584000,14788476000,poundworld,2018,"Bristol, City of",RETAIL_OTHER_SUPERSTORES_AND_WAREHOUSES,173000.0,172000.0,488.449947625476
7377584000,6568796000,poundworld,2018,"Bristol, City of",RETAIL_OTHER_SUPERSTORES_AND_WAREHOUSES,173000.0,170000.0,2834.052128309371
7377584000,14326486000,poundworld,2018,"Bristol, City of",RETAIL_OTHER_SUPERSTORES_AND_WAREHOUSES,173000.0,177000.0,1417.2990757510604
7380446000,5250439000,maplin,2018,Cheshire West and Chester,RETAIL_OTHER_SUPERSTORES_AND_WAREHOUSES,88000.0,88500.0,471.7624856759068
7380446000,5202768000,maplin,2018,Cheshire West and Chester,RETAIL_OTHER_SUPERSTORES_AND_WAREHOUSES,88000.0,87000.0,456.47439269253454
7380446000,14908688000,maplin,2018,Cheshire West and Chester,RETAIL_OTHER_SUPERSTORES_AND_WAREHOUSES,88000.0,86000.0,1769.4689583571005
7390490000,11080098000,maplin,2018,Kensington and Chelsea,RETAIL_HIGH_STREET,182000.0,183000.0,824.8393175572319
7390490000,6941944000,maplin,2018,Kensington and Chelsea,RETAIL_HIGH_STREET,182000.0,183000.0,858.645072627875
7390490000,3794560000,maplin,2018,Kensington and Chelsea,RETAIL_HIGH_STREET,182000.0,179000.0,806.3229686697932
7400133000,4534442000,poundworld,2018,Telford and Wrekin,RETAIL_OTHER_SUPERSTORES_AND_WAREHOUSES,86500.0,86000.0,1714.2512556059837
7400133000,163392234,poundworld,2018,Telford and Wrekin,RETAIL_OTHER_SUPERSTORES_AND_WAREHOUSES,86500.0,85500.0,3310.4958044764903
7400133000,252432234,poundworld,2018,Telford and Wrekin,RETAIL_OTHER_SUPERSTORES_AND_WAREHOUSES,86500.0,83000.0,862.8932477352917
7424602000,253042175,arcadia,2020,Fareham,RETAIL_HIGH_STREET,175000.0,142000.0,5980.26322084019
7424602000,112320175,arcadia,2020,Fareham,RETAIL_HIGH_STREET,175000.0,37750.0,3717.2033579281765
7424602000,8821586000,arcadia,2020,Fareham,RETAIL_HIGH_STREET,175000.0,37000.0,8280.357808738987
7427938000,7014800000,wilko,2023,Sevenoaks,RETAIL_OTHER_SUPERSTORES_AND_WAREHOUSES,50000.0,50000.0,7213.30021986993
7427938000,94900148,wilko,2023,Sevenoaks,RETAIL_OTHER_SUPERSTORES_AND_WAREHOUSES,50000.0,49000.0,9223.515792218595
7427938000,12833795000,wilko,2023,Sevenoaks,RETAIL_OTHER_SUPERSTORES_AND_WAREHOUSES,50000.0,52500.0,7213.30021986993
7431105000,8887366000,carluccios,2020,Milton Keynes,RETAIL_RESTAURANTS_AND_CAFES,101000.0,100000.0,4152.581254016484
7431105000,14583735000,carluccios,2020,Milton Keynes,RETAIL_RESTAURANTS_AND_CAFES,101000.0,100000.0,929.5054582981181
7431105000,11092549000,carluccios,2020,Milton Keynes,RETAIL_RESTAURANTS_AND_CAFES,101000.0,96500.0,498.95010860480573
7432166000,11554916000,body shop,2024,Southwark,OFFICE_GENERAL,585000.0,575000.0,538.4066975550891
7432166000,11981262000,body shop,2024,Southwark,OFFICE_GENERAL,585000.0,565000.0,617.6180248849354
7432166000,8140250000,body shop,2024,Southwark,OFFICE_GENERAL,585000.0,565000.0,475.41677331805
7461652000,8850934000,debenhams,2020,York,RETAIL_OTHER_SUPERSTORES_AND_WAREHOUSES,595000.0,161000.0,1230.5516524177833
7461652000,933860000,debenhams,2020,York,RETAIL_OTHER_SUPERSTORES_AND_WAREHOUSES,595000.0,160000.0,482.71119188689374
7461652000,473592108,debenhams,2020,York,RETAIL_OTHER_SUPERSTORES_AND_WAREHOUSES,595000.0,146000.0,2114.8036517185546
7463568000,6501113000,toys r us,2018,Bradford,RETAIL_OTHER_SUPERSTORES_AND_WAREHOUSES,169000.0,170000.0,2148.6934715247494
7463568000,11316735000,toys r us,2018,Bradford,RETAIL_OTHER_SUPERSTORES_AND_WAREHOUSES,169000.0,167000.0,1256.3863357489433
7463568000,8934186000,toys r us,2018,Bradford,RETAIL_OTHER_SUPERSTORES_AND_WAREHOUSES,169000.0,173000.0,1511.9965544748648
7468000000,1224009000,paperchase,2023,Camden,OFFICE_GENERAL,193000.0,192000.0,412.48459499914924
7468000000,11245191000,paperchase,2023,Camden,OFFICE_GENERAL,193000.0,195000.0,1234.3492519896215
7468000000,986878000,paperchase,2023,Camden,OFFICE_GENERAL,193000.0,195000.0,1104.2078013477997
7472829000,10363146000,paperchase,2023,City of London,RETAIL_HIGH_STREET,197000.0,77000.0,480.83557409405944
7472829000,12620294000,paperchase,2023,City of London,RETAIL_HIGH_STREET,197000.0,72500.0,533.0900830344535
7472829000,2103087000,paperchase,2023,City of London,RETAIL_HIGH_STREET,197000.0,69000.0,470.3427703834668
7487018000,7112091000,thomas cook,2019,Dorset,RETAIL_HIGH_STREET,22000.0,22000.0,37467.351094196856
7487018000,58151173,thomas cook,2019,Dorset,RETAIL_HIGH_STREET,22000.0,22000.0,26624.441713261098
7487018000,151466173,thomas cook,2019,Dorset,RETAIL_HIGH_STREET,22000.0,22000.0,22833.4173124882
7493882000,3019680000,wilko,2023,"Bournemouth, Christchurch and Poole",RETAIL_OTHER_SUPERSTORES_AND_WAREHOUSES,277500.0,285000.0,483.87683921805666
7493882000,185629172,wilko,2023,"Bournemouth, Christchurch and Poole",RETAIL_OTHER_SUPERSTORES_AND_WAREHOUSES,277500.0,267500.0,2194.7522980625226
7493882000,5092327000,wilko,2023,"Bournemouth, Christchurch and Poole",RETAIL_OTHER_SUPERSTORES_AND_WAREHOUSES,277500.0,265000.0,2825.2525997985335
7525793000,11304228000,maplin,2018,Buckinghamshire,RETAIL_OTHER_SUPERSTORES_AND_WAREHOUSES,104000.0,104000.0,3465.825852411982
7525793000,472319162,maplin,2018,Buckinghamshire,RETAIL_OTHER_SUPERSTORES_AND_WAREHOUSES,104000.0,107000.0,10257.661314924637
7525793000,134753162,maplin,2018,Buckinghamshire,RETAIL_OTHER_SUPERSTORES_AND_WAREHOUSES,104000.0,98500.0,10770.342297608378
7532355000,577948162,arcadia,2020,Buckinghamshire,RETAIL_HIGH_STREET,300000.0,73000.0,633.5321547603564
7532355000,11743138000,arcadia,2020,Buckinghamshire,RETAIL_HIGH_STREET,300000.0,71500.0,4363.601257530587
7532355000,6548810000,arcadia,2020,Buckinghamshire,RETAIL_HIGH_STREET,300000.0,70000.0,1847.9375122693298
7532610000,6991535000,frankie&bennys,2020,Cardiff,RETAIL_RESTAURANTS_AND_CAFES,99000.0,99500.0,1727.6233564247384
7532610000,164455192,frankie&bennys,2020,Cardiff,RETAIL_RESTAURANTS_AND_CAFES,99000.0,100000.0,4101.610725594647
7532610000,15037345000,frankie&bennys,2020,Cardiff,RETAIL_RESTAURANTS_AND_CAFES,99000.0,101000.0,1727.6233564247384
7554306000,8901960000,wilko,2023,Wiltshire,RETAIL_OTHER_SUPERSTORES_AND_WAREHOUSES,202000.0,199000.0,6167.547652813391
7554306000,10454067000,wilko,2023,Wiltshire,RETAIL_OTHER_SUPERSTORES_AND_WAREHOUSES,202000.0,206000.0,2341.4481640298486
7554306000,7593014000,wilko,2023,Wiltshire,RETAIL_OTHER_SUPERSTORES_AND_WAREHOUSES,202000.0,197000.0,5649.199345805254
7560851000,14402215000,chiquito,2020,Peterborough,RETAIL_RESTAURANTS_AND_CAFES,92500.0,93000.0,4108.96736196103
7560851000,14934943000,chiquito,2020,Peterborough,RETAIL_RESTAURANTS_AND_CAFES,92500.0,93500.0,1013.3776514054492
7560851000,176903016,chiquito,2020,Peterborough,RETAIL_RESTAURANTS_AND_CAFES,92500.0,90600.0,1737.0747038459754
7560864000,4279736000,frankie&bennys,2020,Peterborough,RETAIL_RESTAURANTS_AND_CAFES,90500.0,97000.0,3080.414331951667
7560864000,59273016,frankie&bennys,2020,Peterborough,RETAIL_RESTAURANTS_AND_CAFES,90500.0,83000.0,2075.461757221339
7560864000,14489071000,frankie&bennys,2020,Peterborough,RETAIL_RESTAURANTS_AND_CAFES,90500.0,83000.0,1013.3776514054492
7582019000,14485897000,maplin,2018,Rugby,RETAIL_OTHER_SUPERSTORES_AND_WAREHOUSES,62500.0,59500.0,10767.933177159513
7582019000,9142232000,maplin,2018,Rugby,RETAIL_OTHER_SUPERSTORES_AND_WAREHOUSES,62500.0,66500.0,8372.81525660096
7582019000,2923084000,maplin,2018,Rugby,RETAIL_OTHER_SUPERSTORES_AND_WAREHOUSES,62500.0,49750.0,10767.933177159513
7583618000,7177210000,wilko,2023,Reading,RETAIL_OTHER_SUPERSTORES_AND_WAREHOUSES,172000.0,170000.0,977.2156442778369
7583618000,7801644000,wilko,2023,Reading,RETAIL_OTHER_SUPERSTORES_AND_WAREHOUSES,172000.0,170000.0,2589.874899037504
7583618000,12304756000,wilko,2023,Reading,RETAIL_OTHER_SUPERSTORES_AND_WAREHOUSES,172000.0,174000.0,930.9748141504556
7586403000,245619141,chiquito,2020,Crawley,RETAIL_RESTAURANTS_AND_CAFES,106000.0,114000.0,2318.6724841119785
7586403000,12880837000,chiquito,2020,Crawley,RETAIL_RESTAURANTS_AND_CAFES,106000.0,82000.0,3286.292239176281
7586403000,2362533000,chiquito,2020,Crawley,RETAIL_RESTAURANTS_AND_CAFES,106000.0,79700.0,3336.205878778514
7599135000,13559843000,byron,2020,Kensington and Chelsea,RETAIL_RESTAURANTS_AND_CAFES,127000.0,127000.0,776.0479167802225
7599135000,649236082,byron,2020,Kensington and Chelsea,RETAIL_RESTAURANTS_AND_CAFES,127000.0,127000.0,1329.1684497295619
7599135000,11052539000,byron,2020,Kensington and Chelsea,RETAIL_RESTAURANTS_AND_CAFES,127000.0,127500.0,1083.715481070938
7610614000,5992716000,mothercare,2019,Wiltshire,RETAIL_OTHER_SUPERSTORES_AND_WAREHOUSES,106000.0,107000.0,1853.8583903296371
7610614000,11039806000,mothercare,2019,Wiltshire,RETAIL_OTHER_SUPERSTORES_AND_WAREHOUSES,106000.0,109000.0,4527.260981107252
7610614000,13886912000,mothercare,2019,Wiltshire,RETAIL_OTHER_SUPERSTORES_AND_WAREHOUSES,106000.0,110000.0,4527.260981107252
7625550000,8822127000,cath kidston,2020,Brighton and Hove,RETAIL_HIGH_STREET,43000.0,36750.0,3572.5468202878324
7625550000,7028327000,cath kidston,2020,Brighton and Hove,RETAIL_HIGH_STREET,43000.0,36500.0,2443.8661922097876
7625550000,332206141,cath kidston,2020,Brighton and Hove,RETAIL_HIGH_STREET,43000.0,36500.0,2402.883474279327
7626093000,13605730000,arcadia,2020,West Northamptonshire,RETAIL_HIGH_STREET,36750.0,37750.0,2208.8485092344945
7626093000,3437045,arcadia,2020,West Northamptonshire,RETAIL_HIGH_STREET,36750.0,38250.0,2071.280548857134
7626093000,13184046000,arcadia,2020,West Northamptonshire,RETAIL_HIGH_STREET,36750.0,38750.0,26690.21139475565
7626150000,204299045,arcadia,2020,West Northamptonshire,RETAIL_HIGH_STREET,38750.0,38750.0,16167.5342153115
7626150000,210941045,arcadia,2020,West Northamptonshire,RETAIL_HIGH_STREET,38750.0,38750.0,2208.8485092344945
7626150000,263506045,arcadia,2020,West Northamptonshire,RETAIL_HIGH_STREET,38750.0,39000.0,2303.379043623162
7630264000,7892227000,arcadia,2020,Ashford,OTHER_PUBLIC,510000.0,550000.0,782.4623580112199
7630264000,222224148,arcadia,2020,Ashford,OTHER_PUBLIC,510000.0,405000.0,1679.2563967217518
7630264000,10272161000,arcadia,2020,Ashford,OTHER_PUBLIC,510000.0,350000.0,2391.6121101626354
7633833000,10496441000,bella italia,2020,Coventry,RETAIL_RESTAURANTS_AND_CAFES,27750.0,27750.0,2546.374390158891
7633833000,11000802000,bella italia,2020,Coventry,RETAIL_RESTAURANTS_AND_CAFES,27750.0,27500.0,2918.222788782244
7633833000,12665547000,bella italia,2020,Coventry,RETAIL_RESTAURANTS_AND_CAFES,27750.0,28000.0,1107.9305611041111
7635902000,7635910000,maplin,2018,Blackpool,RETAIL_OTHER_SUPERSTORES_AND_WAREHOUSES,132000.0,132000.0,4572.7659252511185
7635902000,8986146000,maplin,2018,Blackpool,RETAIL_OTHER_SUPERSTORES_AND_WAREHOUSES,132000.0,123000.0,2625.0297213679514
7635902000,254767125,maplin,2018,Blackpool,RETAIL_OTHER_SUPERSTORES_AND_WAREHOUSES,132000.0,141000.0,3366.5543203544767
7651632000,9344263000,arcadia,2020,Colchester,RETAIL_OTHER_SUPERSTORES_AND_WAREHOUSES,450000.0,455000.0,9491.23925845945
7651632000,11658552000,arcadia,2020,Colchester,RETAIL_OTHER_SUPERSTORES_AND_WAREHOUSES,450000.0,460000.0,2022.4311794473647
7651632000,10733782000,arcadia,2020,Colchester,RETAIL_OTHER_SUPERSTORES_AND_WAREHOUSES,450000.0,430000.0,2895.616095425118
7660782000,246494141,debenhams,2020,Brighton and Hove,RETAIL_OTHER_SUPERSTORES_AND_WAREHOUSES,930000.0,985000.0,1053.6350698204337
7660782000,236237141,debenhams,2020,Brighton and Hove,RETAIL_OTHER_SUPERSTORES_AND_WAREHOUSES,930000.0,990000.0,1844.3900999124498
7660782000,10662640000,debenhams,2020,Brighton and Hove,RETAIL_OTHER_SUPERSTORES_AND_WAREHOUSES,930000.0,860000.0,1053.6350698204337
7666911000,8948009000,arcadia,2020,Warwick,RETAIL_OTHER_SUPERSTORES_AND_WAREHOUSES,241000.0,215000.0,1208.7738871026781
7666911000,6544132000,arcadia,2020,Warwick,RETAIL_OTHER_SUPERSTORES_AND_WAREHOUSES,241000.0,183000.0,551.1117754021512
7666911000,8948012000,arcadia,2020,Warwick,RETAIL_OTHER_SUPERSTORES_AND_WAREHOUSES,241000.0,170000.0,1208.7738871026781
7667503000,11293940000,debenhams,2020,Warwick,RETAIL_OTHER_SUPERSTORES_AND_WAREHOUSES,730000.0,920000.0,3146.829765777624
7667503000,8788965000,debenhams,2020,Warwick,RETAIL_OTHER_SUPERSTORES_AND_WAREHOUSES,730000.0,945000.0,3146.829765777624
7667503000,14848000000,debenhams,2020,Warwick,RETAIL_OTHER_SUPERSTORES_AND_WAREHOUSES,730000.0,1210000.0,709.73801586003
7673106000,2806792000,maplin,2018,Sunderland,RETAIL_HIGH_STREET,183000.0,41500.0,7263.0592565529905
7673106000,13119949000,maplin,2018,Sunderland,RETAIL_HIGH_STREET,183000.0,41500.0,2237.649513796763
7673106000,13119883000,maplin,2018,Sunderland,RETAIL_HIGH_STREET,183000.0,41500.0,2237.649513796763
7675816000,2758799000,arcadia,2020,Hammersmith and Fulham,OTHER_COMMERCIAL,1750.0,1750.0,899.5116122002936
7675816000,2758796000,arcadia,2020,Hammersmith and Fulham,OTHER_COMMERCIAL,1750.0,1750.0,899.5116122002936
7675816000,2758795000,arcadia,2020,Hammersmith and Fulham,OTHER_COMMERCIAL,1750.0,1750.0,899.5116122002936
7693479000,1532906000,cath kidston,2020,Canterbury,RETAIL_HIGH_STREET,153000.0,48750.0,1678.0696825003106
7693479000,6347302000,cath kidston,2020,Canterbury,RETAIL_HIGH_STREET,153000.0,46000.0,1991.8963322909924
7693479000,12470375000,cath kidston,2020,Canterbury,RETAIL_HIGH_STREET,153000.0,46000.0,9408.030371705383
7694574000,288326216,maplin,2018,Wiltshire,RETAIL_OTHER_SUPERSTORES_AND_WAREHOUSES,99500.0,92500.0,751.9640755117159
7694574000,13656837000,maplin,2018,Wiltshire,RETAIL_OTHER_SUPERSTORES_AND_WAREHOUSES,99500.0,92000.0,967.9037728752314
7694574000,11204802000,maplin,2018,Wiltshire,RETAIL_OTHER_SUPERSTORES_AND_WAREHOUSES,99500.0,91500.0,751.9640755117159
7702040000,6881468000,strada,2018,Wiltshire,RETAIL_RESTAURANTS_AND_CAFES,13500.0,13500.0,6088.700812879885
7702040000,10805536000,strada,2018,Wiltshire,RETAIL_RESTAURANTS_AND_CAFES,13500.0,13500.0,5702.356121083009
7702040000,248873216,strada,2018,Wiltshire,RETAIL_RESTAURANTS_AND_CAFES,13500.0,13500.0,714.0681032720777
7706638000,263216037,poundworld,2018,Nottingham,RETAIL_OTHER_SUPERSTORES_AND_WAREHOUSES,55500.0,55000.0,2748.933348899598
7706638000,326350037,poundworld,2018,Nottingham,RETAIL_OTHER_SUPERSTORES_AND_WAREHOUSES,55500.0,57000.0,2628.732327055423
7706638000,574625037,poundworld,2018,Nottingham,RETAIL_OTHER_SUPERSTORES_AND_WAREHOUSES,55500.0,53000.0,753.7012844271636
7711609000,7432585000,maplin,2018,City of London,RETAIL_HIGH_STREET,312500.0,65000.0,509.0033924987902
7711609000,2911639000,maplin,2018,City of London,RETAIL_HIGH_STREET,312500.0,65000.0,533.0900830344535
7711609000,1477104000,maplin,2018,City of London,RETAIL_HIGH_STREET,312500.0,63000.0,558.7270024837285
7738947000,7165313000,prezzo,2018,Plymouth,RETAIL_RESTAURANTS_AND_CAFES,28250.0,28250.0,1761.423749922975
7738947000,12829572000,prezzo,2018,Plymouth,RETAIL_RESTAURANTS_AND_CAFES,28250.0,28250.0,4765.021528609055
7738947000,8253135000,prezzo,2018,Plymouth,RETAIL_RESTAURANTS_AND_CAFES,28250.0,27800.0,2534.1891127623685
7754179000,8206360000,thomas cook,2019,Torbay,RETAIL_HIGH_STREET,48000.0,49250.0,7496.482956097029
7754179000,5163001000,thomas cook,2019,Torbay,RETAIL_HIGH_STREET,48000.0,46000.0,7412.287136638393
7754179000,8298842000,thomas cook,2019,Torbay,RETAIL_HIGH_STREET,48000.0,51000.0,1283.7460011129047
7754183000,212845182,thomas cook,2019,Torbay,OTHER_COMMERCIAL,11250.0,11500.0,4242.041575955754
7754183000,212540182,thomas cook,2019,Torbay,OTHER_COMMERCIAL,11250.0,11500.0,4031.191251379119
7754183000,187539182,thomas cook,2019,Torbay,OTHER_COMMERCIAL,11250.0,10750.0,7478.077920612578
7772368000,1154663000,paperchase,2023,City of London,RETAIL_HIGH_STREET,5300.0,5400.0,509.0033924987902
7772368000,5446875000,paperchase,2023,City of London,RETAIL_HIGH_STREET,5300.0,5100.0,412.2739360440257
7772368000,9896790000,paperchase,2023,City of London,RETAIL_HIGH_STREET,5300.0,4900.0,416.71915681106236
7780067000,13017419000,bhs,2016,Swindon,RETAIL_OTHER_SUPERSTORES_AND_WAREHOUSES,555000.0,437500.0,3377.459284826356
7780067000,9815896000,bhs,2016,Swindon,RETAIL_OTHER_SUPERSTORES_AND_WAREHOUSES,555000.0,432500.0,872.8041476927904
7780067000,13976528000,bhs,2016,Swindon,RETAIL_OTHER_SUPERSTORES_AND_WAREHOUSES,555000.0,422500.0,558.0149515327281
7783990000,292054094,poundworld,2018,Sunderland,RETAIL_HIGH_STREET,232000.0,41000.0,7280.405897938777
7783990000,14286946000,poundworld,2018,Sunderland,RETAIL_HIGH_STREET,232000.0,40250.0,3292.060217777059
7783990000,290671094,poundworld,2018,Sunderland,RETAIL_HIGH_STREET,232000.0,39250.0,1634.3607674263264
7784032000,10674787000,arcadia,2020,Birmingham,RETAIL_HIGH_STREET,26750.0,26750.0,2649.080684086794
7784032000,445074221,arcadia,2020,Birmingham,RETAIL_HIGH_STREET,26750.0,26750.0,4460.378640385127
7784032000,14944376000,arcadia,2020,Birmingham,RETAIL_HIGH_STREET,26750.0,26750.0,2902.1886749573728
7785162000,1592444000,debenhams,2020,North Yorkshire,WAREHOUSING_LARGE_SCALE_AND_HIGH_BAY,2620000.0,2070000.0,9582.703238350505
7785162000,430412105,debenhams,2020,North Yorkshire,WAREHOUSING_LARGE_SCALE_AND_HIGH_BAY,2620000.0,1750000.0,13656.048849056464
7785162000,4459336000,debenhams,2020,North Yorkshire,WAREHOUSING_LARGE_SCALE_AND_HIGH_BAY,2620000.0,1370000.0,10470.286973779917
7793687000,4884059000,bhs,2016,Birmingham,INDUSTRIAL_GENERAL,4400.0,4400.0,1795.5579590267355
7793687000,7098580000,bhs,2016,Birmingham,INDUSTRIAL_GENERAL,4400.0,4400.0,1657.1232979738604
7793687000,420505221,bhs,2016,Birmingham,INDUSTRIAL_GENERAL,4400.0,4400.0,1693.4280808708581
7798339000,11789841000,wilko,2023,Somerset,RETAIL_OTHER_SUPERSTORES_AND_WAREHOUSES,252500.0,252500.0,527.7911564540302
7798339000,9254390000,wilko,2023,Somerset,RETAIL_OTHER_SUPERSTORES_AND_WAREHOUSES,252500.0,250000.0,403.7019353863051
7798339000,4666525000,wilko,2023,Somerset,RETAIL_OTHER_SUPERSTORES_AND_WAREHOUSES,252500.0,250000.0,15653.058397264838
7799082000,10290061000,debenhams,2020,Fareham,RETAIL_OTHER_SUPERSTORES_AND_WAREHOUSES,282500.0,310000.0,1700.2199286504062
7799082000,10698713000,debenhams,2020,Fareham,RETAIL_OTHER_SUPERSTORES_AND_WAREHOUSES,282500.0,240000.0,5555.46227555894
7799082000,203033175,debenhams,2020,Fareham,RETAIL_OTHER_SUPERSTORES_AND_WAREHOUSES,282500.0,238000.0,5555.46227555894
7801174000,4323611000,wilko,2023,Warwick,RETAIL_OTHER_SUPERSTORES_AND_WAREHOUSES,97000.0,95500.0,417.2071865519215
7801174000,4317312000,wilko,2023,Warwick,RETAIL_OTHER_SUPERSTORES_AND_WAREHOUSES,97000.0,103000.0,554.3945246829093
7801174000,9970973000,wilko,2023,Warwick,RETAIL_OTHER_SUPERSTORES_AND_WAREHOUSES,97000.0,114000.0,554.3945246829093
7812724000,12862322000,maplin,2018,Cardiff,RETAIL_HIGH_STREET,103000.0,66000.0,3597.152231121855
7812724000,1480116000,maplin,2018,Cardiff,RETAIL_HIGH_STREET,103000.0,65000.0,1727.6233564247384
7812724000,1568506000,maplin,2018,Cardiff,RETAIL_HIGH_STREET,103000.0,64500.0,1727.6233564247384
7819235000,11663337000,body shop,2024,Dorset,INDUSTRIAL_GENERAL,7200.0,7200.0,6654.967214440965
7819235000,6172371000,body shop,2024,Dorset,INDUSTRIAL_GENERAL,7200.0,7200.0,35901.06211194059
7819235000,13946530000,body shop,2024,Dorset,INDUSTRIAL_GENERAL,7200.0,7200.0,26062.085850803807
7823720000,13971949000,chiquito,2020,South Gloucestershire,RETAIL_RESTAURANTS_AND_CAFES,99500.0,107000.0,2865.341841151063
7823720000,3197536000,chiquito,2020,South Gloucestershire,RETAIL_RESTAURANTS_AND_CAFES,99500.0,108000.0,1952.6415662866546
7823720000,12950348000,chiquito,2020,South Gloucestershire,RETAIL_RESTAURANTS_AND_CAFES,99500.0,109000.0,2201.4339502685107
7828255000,266025239,body shop,2024,Dudley,INDUSTRIAL_GENERAL,4500.0,4500.0,4450.628680056839
7828255000,253837239,body shop,2024,Dudley,INDUSTRIAL_GENERAL,4500.0,4500.0,1789.9303513990217
7828255000,11775146000,body shop,2024,Dudley,INDUSTRIAL_GENERAL,4500.0,4500.0,1896.8493365492336
7848286000,3152352000,carluccios,2020,Nottingham,RETAIL_RESTAURANTS_AND_CAFES,63000.0,62000.0,671.0971374260757
7848286000,11336355000,carluccios,2020,Nottingham,RETAIL_RESTAURANTS_AND_CAFES,63000.0,64500.0,2611.391260845683
7848286000,7801439000,carluccios,2020,Nottingham,RETAIL_RESTAURANTS_AND_CAFES,63000.0,65500.0,930.0477920578214
7854940000,10966048000,arcadia,2020,North Northamptonshire,OFFICE_GENERAL,5000.0,5000.0,3514.1351718605415
7854940000,212672045,arcadia,2020,North Northamptonshire,OFFICE_GENERAL,5000.0,5000.0,3135.448505664443
7854940000,14864775000,arcadia,2020,North Northamptonshire,OFFICE_GENERAL,5000.0,5000.0,544.1171080357606
7861947000,309313244,carluccios,2020,Leeds,RETAIL_RESTAURANTS_AND_CAFES,85000.0,86000.0,2581.5065238408065
7861947000,11730660000,carluccios,2020,Leeds,RETAIL_RESTAURANTS_AND_CAFES,85000.0,83000.0,3088.03553406596
7861947000,219089244,carluccios,2020,Leeds,RETAIL_RESTAURANTS_AND_CAFES,85000.0,83000.0,3182.7486371542145
7893372000,111410012,arcadia,2020,Cambridge,RETAIL_HIGH_STREET,181000.0,42750.0,1442.9163797499607
7893372000,10416156000,arcadia,2020,Cambridge,RETAIL_HIGH_STREET,181000.0,41250.0,945.6668580532306
7893372000,7942012,arcadia,2020,Cambridge,RETAIL_HIGH_STREET,181000.0,41250.0,770.5218150722137
7897250000,7798120000,cath kidston,2020,Cambridge,RETAIL_HIGH_STREET,218000.0,41000.0,1515.3421536674039
7897250000,12800633000,cath kidston,2020,Cambridge,RETAIL_HIGH_STREET,218000.0,41000.0,537.6190554249447
7897250000,8792240000,cath kidston,2020,Cambridge,RETAIL_HIGH_STREET,218000.0,41000.0,3026.6782142289862
7898503000,3923914000,poundworld,2018,Stockton-on-Tees,RETAIL_OTHER_SUPERSTORES_AND_WAREHOUSES,124000.0,124000.0,4738.4158093290625
7898503000,12592443000,poundworld,2018,Stockton-on-Tees,RETAIL_OTHER_SUPERSTORES_AND_WAREHOUSES,124000.0,126000.0,2221.4195360918284
7898503000,235407102,poundworld,2018,Stockton-on-Tees,RETAIL_OTHER_SUPERSTORES_AND_WAREHOUSES,124000.0,117000.0,2056.9614031230185
7900955000,7310407000,maplin,2018,Gloucester,RETAIL_OTHER_SUPERSTORES_AND_WAREHOUSES,75000.0,71500.0,588.0389626712058
7900955000,6639239000,maplin,2018,Gloucester,RETAIL_OTHER_SUPERSTORES_AND_WAREHOUSES,75000.0,78500.0,531.3989374988047
7900955000,2990288000,maplin,2018,Gloucester,RETAIL_OTHER_SUPERSTORES_AND_WAREHOUSES,75000.0,86000.0,2376.360421886864
7906804000,10991290000,arcadia,2020,Southampton,OFFICE_GENERAL,0.0,730.0,438.0205776016062
7906804000,10991278000,arcadia,2020,Southampton,OFFICE_GENERAL,0.0,730.0,438.0205776016062
7906804000,10610158000,arcadia,2020,Southampton,OFFICE_GENERAL,0.0,760.0,1402.7226968370546
7908266000,8967577000,arcadia,2020,Guildford,RETAIL_OTHER_SUPERSTORES_AND_WAREHOUSES,485000.0,480000.0,1315.1103703492092
7908266000,1727664000,arcadia,2020,Guildford,RETAIL_OTHER_SUPERSTORES_AND_WAREHOUSES,485000.0,475000.0,1315.1103703492092
7908266000,1727668000,arcadia,2020,Guildford,RETAIL_OTHER_SUPERSTORES_AND_WAREHOUSES,485000.0,462500.0,1315.1103703492092
7939095000,10002054000,maplin,2018,Tower Hamlets,RETAIL_HIGH_STREET,154000.0,152000.0,1394.214980509736
7939095000,14476852000,maplin,2018,Tower Hamlets,RETAIL_HIGH_STREET,154000.0,156000.0,451.1885484470599
7939095000,14015584000,maplin,2018,Tower Hamlets,RETAIL_HIGH_STREET,154000.0,157000.0,657.8842930837601
7942465000,303876094,thomas cook,2019,Sunderland,RETAIL_HIGH_STREET,13500.0,13500.0,2437.3787223486092
7942465000,283620094,thomas cook,2019,Sunderland,RETAIL_HIGH_STREET,13500.0,13500.0,1847.165167434327
7942465000,6000725000,thomas cook,2019,Sunderland,RETAIL_HIGH_STREET,13500.0,13500.0,1745.128087543879
7955407000,7800306000,homebase,2024,Cheshire West and Chester,RETAIL_OTHER_SUPERSTORES_AND_WAREHOUSES,695000.0,795000.0,500.7607079319121
7955407000,2884094000,homebase,2024,Cheshire West and Chester,RETAIL_OTHER_SUPERSTORES_AND_WAREHOUSES,695000.0,850000.0,654.8061219778214
7955407000,9179780000,homebase,2024,Cheshire West and Chester,RETAIL_OTHER_SUPERSTORES_AND_WAREHOUSES,695000.0,510000.0,1047.1864542322144
7957324000,10755142000,arcadia,2020,Cheshire West and Chester,OFFICE_GENERAL,5900.0,5900.0,639.0497762122368
7957324000,12636049000,arcadia,2020,Cheshire West and Chester,OFFICE_GENERAL,5900.0,5900.0,9093.24405797499
7957324000,8851699000,arcadia,2020,Cheshire West and Chester,OFFICE_GENERAL,5900.0,5900.0,11068.757409864094
7967570000,1217261000,arcadia,2020,Wiltshire,RETAIL_HIGH_STREET,300000.0,138000.0,23317.976207257212
7967570000,572979216,arcadia,2020,Wiltshire,RETAIL_HIGH_STREET,300000.0,122000.0,4359.701740021832
7967570000,11383388000,arcadia,2020,Wiltshire,RETAIL_HIGH_STREET,300000.0,112000.0,10596.583050706742
7972313000,108677000,mothercare,2019,Isle of Wight,RETAIL_OTHER_SUPERSTORES_AND_WAREHOUSES,85500.0,89000.0,1583.3541858128456
7972313000,10168658000,mothercare,2019,Isle of Wight,RETAIL_OTHER_SUPERSTORES_AND_WAREHOUSES,85500.0,106000.0,6933.465894072712
7972313000,7972314000,mothercare,2019,Isle of Wight,RETAIL_OTHER_SUPERSTORES_AND_WAREHOUSES,85500.0,106000.0,1583.3541858128456
7994137000,7933849000,body shop,2024,West Northamptonshire,INDUSTRIAL_GENERAL,5800.0,5800.0,28165.507623951387
7994137000,389142000,body shop,2024,West Northamptonshire,INDUSTRIAL_GENERAL,5800.0,5800.0,8503.12802880144
7994137000,9344878000,body shop,2024,West Northamptonshire,INDUSTRIAL_GENERAL,5800.0,5800.0,10596.678607675096
8004010000,2482000,arcadia,2020,Hartlepool,RETAIL_OTHER_SUPERSTORES_AND_WAREHOUSES,327500.0,320000.0,717.6510807570006
8004010000,11727963000,arcadia,2020,Hartlepool,RETAIL_OTHER_SUPERSTORES_AND_WAREHOUSES,327500.0,317500.0,1940.469414084471
8004010000,246853102,arcadia,2020,Hartlepool,RETAIL_OTHER_SUPERSTORES_AND_WAREHOUSES,327500.0,312500.0,1940.469414084471
8004393000,98448063,byron,2020,Camden,RETAIL_RESTAURANTS_AND_CAFES,108000.0,105000.0,827.5658329936533
8004393000,6773863000,byron,2020,Camden,RETAIL_RESTAURANTS_AND_CAFES,108000.0,103500.0,840.0270467971472
8004393000,99131063,byron,2020,Camden,RETAIL_RESTAURANTS_AND_CAFES,108000.0,100000.0,1072.2340957112356
8015763000,210169239,bella italia,2020,Dudley,RETAIL_RESTAURANTS_AND_CAFES,87500.0,88500.0,1982.0352723964513
8015763000,961327000,bella italia,2020,Dudley,RETAIL_RESTAURANTS_AND_CAFES,87500.0,84000.0,607.8900304234562
8015763000,266433239,bella italia,2020,Dudley,RETAIL_RESTAURANTS_AND_CAFES,87500.0,83000.0,1424.5726461686527
8034076000,33024017,prezzo,2018,Watford,RETAIL_HIGH_STREET,0.0,0.0,685.2603306061578
8034076000,8862646000,prezzo,2018,Watford,RETAIL_HIGH_STREET,0.0,0.0,1317.1115280436718
8034076000,8187386000,prezzo,2018,Watford,RETAIL_HIGH_STREET,0.0,0.0,1317.1115280436718
8035693000,12889894000,prezzo,2018,Braintree,RETAIL_RESTAURANTS_AND_CAFES,86000.0,87500.0,2925.067769585765
8035693000,9007146000,prezzo,2018,Braintree,RETAIL_RESTAURANTS_AND_CAFES,86000.0,91250.0,1288.6121806770157
8035693000,13699565000,prezzo,2018,Braintree,RETAIL_RESTAURANTS_AND_CAFES,86000.0,92500.0,547.1463918425366
8041118000,3747360000,body shop,2024,Swindon,RETAIL_HIGH_STREET,56500.0,56500.0,3988.6432908702322
8041118000,11342102000,body shop,2024,Swindon,RETAIL_HIGH_STREET,56500.0,56500.0,3988.6432908702322
8041118000,9993331000,body shop,2024,Swindon,RETAIL_HIGH_STREET,56500.0,57000.0,3047.789253781751
8042735000,14552416000,arcadia,2020,City of London,RETAIL_HIGH_STREET,520000.0,58000.0,445.08531376900925
8042735000,1920077000,arcadia,2020,City of London,RETAIL_HIGH_STREET,520000.0,57500.0,445.08531376900925
8042735000,27954052,arcadia,2020,City of London,RETAIL_HIGH_STREET,520000.0,49500.0,412.2739360440257
8042767000,12986460000,byron,2020,City of London,RETAIL_RESTAURANTS_AND_CAFES,86500.0,87000.0,542.4551256801593
8042767000,654186000,byron,2020,City of London,RETAIL_RESTAURANTS_AND_CAFES,86500.0,95500.0,428.5221013569761
8042767000,58832052,byron,2020,City of London,RETAIL_RESTAURANTS_AND_CAFES,86500.0,74500.0,544.907154848647
8047834000,574931162,prezzo,2018,Milton Keynes,RETAIL_RESTAURANTS_AND_CAFES,74500.0,74500.0,711.5958575861678
8047834000,13127407000,prezzo,2018,Milton Keynes,RETAIL_RESTAURANTS_AND_CAFES,74500.0,75000.0,711.5958575861678
8047834000,214963162,prezzo,2018,Milton Keynes,RETAIL_RESTAURANTS_AND_CAFES,74500.0,72500.0,3351.2996197326897
8051639000,8289977000,wilko,2023,Manchester,RETAIL_OTHER_SUPERSTORES_AND_WAREHOUSES,179000.0,179000.0,4322.8862631550755
8051639000,11716259000,wilko,2023,Manchester,RETAIL_OTHER_SUPERSTORES_AND_WAREHOUSES,179000.0,178000.0,4322.8862631550755
8051639000,8668320000,wilko,2023,Manchester,RETAIL_OTHER_SUPERSTORES_AND_WAREHOUSES,179000.0,180000.0,2032.8340564473644
8076636000,2027820000,cafe rouge,2020,Brighton and Hove,RETAIL_RESTAURANTS_AND_CAFES,52000.0,52000.0,442.6689220087886
8076636000,15044177000,cafe rouge,2020,Brighton and Hove,RETAIL_RESTAURANTS_AND_CAFES,52000.0,51500.0,4776.736606223769
8076636000,236018141,cafe rouge,2020,Brighton and Hove,RETAIL_RESTAURANTS_AND_CAFES,52000.0,51500.0,439.5829473098521
8076657000,103494141,prezzo,2018,Brighton and Hove,RETAIL_RESTAURANTS_AND_CAFES,46750.0,46750.0,1155.4044951293595
8076657000,4143218000,prezzo,2018,Brighton and Hove,RETAIL_RESTAURANTS_AND_CAFES,46750.0,46500.0,692.9098427880856
8076657000,14385921000,prezzo,2018,Brighton and Hove,RETAIL_RESTAURANTS_AND_CAFES,46750.0,47000.0,526.212901551438
8084019000,4091632000,arcadia,2020,Hammersmith and Fulham,INDUSTRIAL_GENERAL,1950.0,1825.0,444.11728505804075
8084019000,335343082,arcadia,2020,Hammersmith and Fulham,INDUSTRIAL_GENERAL,1950.0,1775.0,1627.4999061835742
8084019000,3650224000,arcadia,2020,Hammersmith and Fulham,INDUSTRIAL_GENERAL,1950.0,1700.0,427.4796722589376
8088720000,2264977000,poundworld,2018,Leeds,RETAIL_HIGH_STREET,62500.0,48500.0,10662.138768271705
8088720000,4201003000,poundworld,2018,Leeds,RETAIL_HIGH_STREET,62500.0,48000.0,3870.6976434465105
8088720000,385897244,poundworld,2018,Leeds,RETAIL_HIGH_STREET,62500.0,47750.0,1292.1557284441158
8093262000,13982787000,frankie&bennys,2020,Birmingham,RETAIL_RESTAURANTS_AND_CAFES,98000.0,98000.0,445.3738068799592
8093262000,9558054000,frankie&bennys,2020,Birmingham,RETAIL_RESTAURANTS_AND_CAFES,98000.0,97500.0,515.1058575919219
8093262000,3329580000,frankie&bennys,2020,Birmingham,RETAIL_RESTAURANTS_AND_CAFES,98000.0,97000.0,1071.1330213059023
8093787000,10610866000,arcadia,2020,Blackpool,OFFICE_GENERAL,3200.0,3200.0,4895.055334255031
8093787000,10610860000,arcadia,2020,Blackpool,OFFICE_GENERAL,3200.0,3200.0,4895.055334255031
8093787000,9917105000,arcadia,2020,Blackpool,OFFICE_GENERAL,3200.0,3200.0,1904.0547869484062
8110506000,11316861000,poundworld,2018,Birmingham,RETAIL_HIGH_STREET,46000.0,46000.0,2148.3954091131295
8110506000,449940221,poundworld,2018,Birmingham,RETAIL_HIGH_STREET,46000.0,46000.0,1939.0946185614787
8110506000,575332221,poundworld,2018,Birmingham,RETAIL_HIGH_STREET,46000.0,46000.0,2889.427053961434
8115942000,1107891000,wilko,2023,Blackpool,RETAIL_OTHER_SUPERSTORES_AND_WAREHOUSES,310000.0,310000.0,3526.943323864176
8115942000,13489900000,wilko,2023,Blackpool,RETAIL_OTHER_SUPERSTORES_AND_WAREHOUSES,310000.0,297500.0,2424.0948324419865
8115942000,11655488000,wilko,2023,Blackpool,RETAIL_OTHER_SUPERSTORES_AND_WAREHOUSES,310000.0,290000.0,2007.4612260148242
8117841000,1044157023,poundworld,2018,Southend-on-Sea,RETAIL_HIGH_STREET,340000.0,35250.0,3149.305920654377
8117841000,1031378023,poundworld,2018,Southend-on-Sea,RETAIL_HIGH_STREET,340000.0,34750.0,3244.908648734339
8117841000,7352314000,poundworld,2018,Southend-on-Sea,RETAIL_HIGH_STREET,340000.0,34500.0,1454.9529037504028
8124486000,9202492000,toys r us,2018,Chesterfield,RETAIL_OTHER_SUPERSTORES_AND_WAREHOUSES,300000.0,191000.0,1718.0493149045476
8124486000,6024225000,toys r us,2018,Chesterfield,RETAIL_OTHER_SUPERSTORES_AND_WAREHOUSES,300000.0,189000.0,4107.295341840633
8124486000,4841178000,toys r us,2018,Chesterfield,RETAIL_OTHER_SUPERSTORES_AND_WAREHOUSES,300000.0,183000.0,663.4023434716914
8138511000,2430056000,maplin,2018,Derby,RETAIL_OTHER_SUPERSTORES_AND_WAREHOUSES,79000.0,78000.0,1983.1069147274172
8138511000,221919042,maplin,2018,Derby,RETAIL_OTHER_SUPERSTORES_AND_WAREHOUSES,79000.0,81000.0,2290.4361311627495
8138511000,264109042,maplin,2018,Derby,RETAIL_OTHER_SUPERSTORES_AND_WAREHOUSES,79000.0,76500.0,588.7705524446783
8139080000,11105797000,arcadia,2020,Dorset,RETAIL_HIGH_STREET,83500.0,70500.0,448.20748901756923
8139080000,14843494000,arcadia,2020,Dorset,RETAIL_HIGH_STREET,83500.0,70000.0,33207.43461183548
8139080000,7092030000,arcadia,2020,Dorset,RETAIL_HIGH_STREET,83500.0,69500.0,26508.96791825591
8146033000,8146035000,thomas cook,2019,Maidstone,INDUSTRIAL_GENERAL,11000.0,11000.0,4794.019456763268
8146033000,8146037000,thomas cook,2019,Maidstone,INDUSTRIAL_GENERAL,11000.0,11000.0,4794.019456763268
8146033000,2261364000,thomas cook,2019,Maidstone,INDUSTRIAL_GENERAL,11000.0,11000.0,3314.543560437426
8149364000,2696034000,homebase,2024,Harlow,RETAIL_OTHER_SUPERSTORES_AND_WAREHOUSES,80000.0,55000.0,706.1945990321743
8149364000,196790022,homebase,2024,Harlow,RETAIL_OTHER_SUPERSTORES_AND_WAREHOUSES,80000.0,52000.0,706.1945990321743
8149364000,12271956000,homebase,2024,Harlow,RETAIL_OTHER_SUPERSTORES_AND_WAREHOUSES,80000.0,51500.0,706.1945990321743
8155181000,5206126000,arcadia,2020,Basingstoke and Deane,RETAIL_HIGH_STREET,287500.0,320000.0,2697.8519886655654
8155181000,5951596000,arcadia,2020,Basingstoke and Deane,RETAIL_HIGH_STREET,287500.0,125000.0,2163.638818621835
8155181000,547455000,arcadia,2020,Basingstoke and Deane,RETAIL_HIGH_STREET,287500.0,51000.0,1713.30622885815
8160499000,44990063,paperchase,2023,Camden,RETAIL_HIGH_STREET,85500.0,86000.0,1054.7704240182372
8160499000,98049063,paperchase,2023,Camden,RETAIL_HIGH_STREET,85500.0,84500.0,970.4981671896859
8160499000,11812998000,paperchase,2023,Camden,RETAIL_HIGH_STREET,85500.0,84000.0,689.6152035469455
8172779000,6657071000,prezzo,2018,Bromley,RETAIL_RESTAURANTS_AND_CAFES,82000.0,82000.0,2897.8497789544062
8172779000,234113072,prezzo,2018,Bromley,RETAIL_RESTAURANTS_AND_CAFES,82000.0,79500.0,2996.737342687443
8172779000,218268072,prezzo,2018,Bromley,RETAIL_RESTAURANTS_AND_CAFES,82000.0,78600.0,2676.2986869083766
8176076000,137914222,cafe rouge,2020,Coventry,RETAIL_RESTAURANTS_AND_CAFES,53500.0,52500.0,3627.766069407654
8176076000,12611360000,cafe rouge,2020,Coventry,RETAIL_RESTAURANTS_AND_CAFES,53500.0,55000.0,3568.847837823899
8176076000,12452551000,cafe rouge,2020,Coventry,RETAIL_RESTAURANTS_AND_CAFES,53500.0,55000.0,3591.2488504326307
8178086000,100938063,byron,2020,Camden,RETAIL_RESTAURANTS_AND_CAFES,106000.0,98000.0,1433.823968174092
8178086000,13578670000,byron,2020,Camden,RETAIL_RESTAURANTS_AND_CAFES,106000.0,97000.0,979.4419695485919
8178086000,41465063,byron,2020,Camden,RETAIL_RESTAURANTS_AND_CAFES,106000.0,96500.0,950.0042126361025
8178526000,871744022,arcadia,2020,Thurrock,RETAIL_OTHER_SUPERSTORES_AND_WAREHOUSES,1000000.0,31750.0,10101.376347025127
8178526000,10460698000,arcadia,2020,Thurrock,RETAIL_OTHER_SUPERSTORES_AND_WAREHOUSES,1000000.0,30000.0,2563.898595085444
8178526000,13463974000,arcadia,2020,Thurrock,RETAIL_OTHER_SUPERSTORES_AND_WAREHOUSES,1000000.0,27750.0,1048.9326212909866
8182617000,7216930000,body shop,2024,West Northamptonshire,INDUSTRIAL_GENERAL,26500.0,26500.0,2503.339271561518
8182617000,10893588000,body shop,2024,West Northamptonshire,INDUSTRIAL_GENERAL,26500.0,26500.0,2417.1833135840984
8182617000,11816331000,body shop,2024,West Northamptonshire,INDUSTRIAL_GENERAL,26500.0,26500.0,886.11201734963
8187464000,197432063,prezzo,2018,Camden,RETAIL_RESTAURANTS_AND_CAFES,110000.0,117000.0,985.1042266763087
8187464000,105736063,prezzo,2018,Camden,RETAIL_RESTAURANTS_AND_CAFES,110000.0,122500.0,3000.844184062856
8187464000,961157000,prezzo,2018,Camden,RETAIL_RESTAURANTS_AND_CAFES,110000.0,123000.0,1045.6738677636906
8203969000,8788774000,poundworld,2018,Cardiff,RETAIL_HIGH_STREET,106000.0,64000.0,1158.0076239786813
8203969000,8677631000,poundworld,2018,Cardiff,RETAIL_HIGH_STREET,106000.0,63500.0,1514.6565857298613
8203969000,105279000,poundworld,2018,Cardiff,RETAIL_HIGH_STREET,106000.0,63000.0,1209.002930053927
8219098000,3029313000,poundworld,2018,Swindon,RETAIL_OTHER_SUPERSTORES_AND_WAREHOUSES,402500.0,400000.0,3871.196142666126
8219098000,9088993000,poundworld,2018,Swindon,RETAIL_OTHER_SUPERSTORES_AND_WAREHOUSES,402500.0,405000.0,3377.459284826356
8219098000,11036627000,poundworld,2018,Swindon,RETAIL_OTHER_SUPERSTORES_AND_WAREHOUSES,402500.0,420000.0,1207.834773789514
8223722000,165540016,arcadia,2020,North Northamptonshire,RETAIL_HIGH_STREET,5300.0,5300.0,621.8293829312416
8223722000,208549045,arcadia,2020,North Northamptonshire,RETAIL_HIGH_STREET,5300.0,5300.0,796.02021148636
8223722000,8223722000,arcadia,2020,North Northamptonshire,RETAIL_HIGH_STREET,5300.0,5300.0,5044.596752560411
8225315000,8832504000,arcadia,2020,Leeds,RETAIL_HIGH_STREET,335000.0,47000.0,3933.3077091729156
8225315000,309490244,arcadia,2020,Leeds,RETAIL_HIGH_STREET,335000.0,46250.0,3969.166208956853
8225315000,8810409000,arcadia,2020,Leeds,RETAIL_HIGH_STREET,335000.0,45750.0,1500.7754171468023
8235102000,307461244,poundworld,2018,Leeds,RETAIL_RESTAURANTS_AND_CAFES,3000.0,3000.0,584.6096041224831
8235102000,6272268000,poundworld,2018,Leeds,RETAIL_RESTAURANTS_AND_CAFES,3000.0,3000.0,3396.900451947758
8235102000,102832244,poundworld,2018,Leeds,RETAIL_RESTAURANTS_AND_CAFES,3000.0,2950.0,1185.639452821572
8256201000,7057479000,wilko,2023,Norwich,RETAIL_OTHER_SUPERSTORES_AND_WAREHOUSES,357500.0,202000.0,1590.2718424571744
8256201000,34623036,wilko,2023,Norwich,RETAIL_OTHER_SUPERSTORES_AND_WAREHOUSES,357500.0,202000.0,599.5112686874565
8256201000,10984481000,wilko,2023,Norwich,RETAIL_OTHER_SUPERSTORES_AND_WAREHOUSES,357500.0,195000.0,1079.688515039724
8261013000,9144571000,carluccios,2020,Peterborough,RETAIL_RESTAURANTS_AND_CAFES,61000.0,61500.0,3492.889362459841
8261013000,152170016,carluccios,2020,Peterborough,RETAIL_RESTAURANTS_AND_CAFES,61000.0,60000.0,7038.627156560012
8261013000,13101727000,carluccios,2020,Peterborough,RETAIL_RESTAURANTS_AND_CAFES,61000.0,62500.0,9267.70347891554
8272341000,14917114000,wilko,2023,Birmingham,RETAIL_OTHER_SUPERSTORES_AND_WAREHOUSES,342500.0,340000.0,2839.414900436931
8272341000,13026520000,wilko,2023,Birmingham,RETAIL_OTHER_SUPERSTORES_AND_WAREHOUSES,342500.0,340000.0,2370.8335355945196
8272341000,540202221,wilko,2023,Birmingham,RETAIL_OTHER_SUPERSTORES_AND_WAREHOUSES,342500.0,345000.0,2577.731163108562
8275398000,7068733000,chiquito,2020,Ashford,RETAIL_RESTAURANTS_AND_CAFES,111000.0,128000.0,1203.0395958562594
8275398000,320960148,chiquito,2020,Ashford,RETAIL_RESTAURANTS_AND_CAFES,111000.0,61000.0,13377.941637011427
8275398000,11040934000,chiquito,2020,Ashford,RETAIL_RESTAURANTS_AND_CAFES,111000.0,60000.0,1530.140414506946
8276029000,8276029000,arcadia,2020,Maidstone,OTHER_PUBLIC,765000.0,765000.0,4504.60548132561
8276029000,9420082000,arcadia,2020,Maidstone,OTHER_PUBLIC,765000.0,725000.0,2881.348246460281
8276029000,12928327000,arcadia,2020,Maidstone,OTHER_PUBLIC,765000.0,540000.0,2531.1167313364385
8282438000,125725000,homebase,2024,"Bournemouth, Christchurch and Poole",RETAIL_OTHER_SUPERSTORES_AND_WAREHOUSES,347500.0,315000.0,1095.5801017567094
8282438000,188910172,homebase,2024,"Bournemouth, Christchurch and Poole",RETAIL_OTHER_SUPERSTORES_AND_WAREHOUSES,347500.0,312500.0,483.87683921805666
8282438000,5446571000,homebase,2024,"Bournemouth, Christchurch and Poole",RETAIL_OTHER_SUPERSTORES_AND_WAREHOUSES,347500.0,305000.0,2384.232762596479
8292815000,8292931000,homebase,2024,West Northamptonshire,INDUSTRIAL_GENERAL,5000.0,5000.0,516.0167786365939
8292815000,11214386000,homebase,2024,West Northamptonshire,INDUSTRIAL_GENERAL,5000.0,5000.0,31293.068993267138
8292815000,212392045,homebase,2024,West Northamptonshire,INDUSTRIAL_GENERAL,5000.0,5000.0,2150.4856043536365
8304347000,9625913000,prezzo,2018,Crawley,RETAIL_RESTAURANTS_AND_CAFES,54000.0,56000.0,1263.4180895009365
8304347000,239513141,prezzo,2018,Crawley,RETAIL_RESTAURANTS_AND_CAFES,54000.0,51000.0,1109.4008858797026
8304347000,531922000,prezzo,2018,Crawley,RETAIL_RESTAURANTS_AND_CAFES,54000.0,57000.0,1590.3238357894543
8309822000,347072094,wilko,2023,Sunderland,RETAIL_OTHER_SUPERSTORES_AND_WAREHOUSES,280000.0,277500.0,3064.888823996303
8309822000,356116094,wilko,2023,Sunderland,RETAIL_OTHER_SUPERSTORES_AND_WAREHOUSES,280000.0,272500.0,3211.086294803653
8309822000,2820426000,wilko,2023,Sunderland,RETAIL_OTHER_SUPERSTORES_AND_WAREHOUSES,280000.0,290000.0,3211.086294803653
8309967000,13905013000,wilko,2023,Telford and Wrekin,RETAIL_OTHER_SUPERSTORES_AND_WAREHOUSES,193000.0,193000.0,5441.436392973428
8309967000,118918000,wilko,2023,Telford and Wrekin,RETAIL_OTHER_SUPERSTORES_AND_WAREHOUSES,193000.0,196000.0,441.6197474299782
8309967000,14970023000,wilko,2023,Telford and Wrekin,RETAIL_OTHER_SUPERSTORES_AND_WAREHOUSES,193000.0,202000.0,5441.436392973428
8316145000,12415366000,strada,2018,Chesterfield,RETAIL_HIGH_STREET,8200.0,8200.0,1576.255080221335
8316145000,298386033,strada,2018,Chesterfield,RETAIL_HIGH_STREET,8200.0,8100.0,6044.616624284351
8316145000,3777807000,strada,2018,Chesterfield,RETAIL_HIGH_STREET,8200.0,8100.0,5945.6765946401165
8330026000,14143660000,cafe rouge,2020,Norwich,RETAIL_RESTAURANTS_AND_CAFES,109000.0,48000.0,951.4054692704203
8330026000,459824036,cafe rouge,2020,Norwich,RETAIL_RESTAURANTS_AND_CAFES,109000.0,45250.0,2643.592073825949
8330026000,433339036,cafe rouge,2020,Norwich,RETAIL_RESTAURANTS_AND_CAFES,109000.0,43000.0,853.0414838993452
8333059000,11106691000,prezzo,2018,Somerset,RETAIL_HIGH_STREET,85000.0,85000.0,15624.593351110889
8333059000,14849785000,prezzo,2018,Somerset,RETAIL_HIGH_STREET,85000.0,87500.0,11034.420658611663
8333059000,13507426000,prezzo,2018,Somerset,RETAIL_HIGH_STREET,85000.0,81500.0,1407.8280738832711
8335047000,85027045,frankie&bennys,2020,West Northamptonshire,RETAIL_RESTAURANTS_AND_CAFES,93000.0,91500.0,3664.1690793300595
8335047000,12060941000,frankie&bennys,2020,West Northamptonshire,RETAIL_RESTAURANTS_AND_CAFES,93000.0,94500.0,702.1852067288452
8335047000,212860045,frankie&bennys,2020,West Northamptonshire,RETAIL_RESTAURANTS_AND_CAFES,93000.0,90000.0,607.9519207229275
8340920000,8249950000,maplin,2018,Chesterfield,RETAIL_OTHER_SUPERSTORES_AND_WAREHOUSES,73000.0,72500.0,1588.1729496335229
8340920000,1545877000,maplin,2018,Chesterfield,RETAIL_OTHER_SUPERSTORES_AND_WAREHOUSES,73000.0,78000.0,2137.501942655582
8340920000,552291033,maplin,2018,Chesterfield,RETAIL_OTHER_SUPERSTORES_AND_WAREHOUSES,73000.0,83000.0,1490.503043388643
8343289000,271942186,maplin,2018,Somerset,RETAIL_HIGH_STREET,55000.0,55000.0,11772.390397098112
8343289000,11159524000,maplin,2018,Somerset,RETAIL_HIGH_STREET,55000.0,55000.0,6141.1434863268405
8343289000,145841186,maplin,2018,Somerset,RETAIL_HIGH_STREET,55000.0,55500.0,11121.191617437298
8344226000,10189586000,frankie&bennys,2020,Somerset,RETAIL_HIGH_STREET,121000.0,92500.0,15662.918584942336
8344226000,178632186,frankie&bennys,2020,Somerset,RETAIL_HIGH_STREET,121000.0,91000.0,11121.191617437298
8344226000,1073318000,frankie&bennys,2020,Somerset,RETAIL_HIGH_STREET,121000.0,90000.0,11121.191617437298
8346662000,1970451000,debenhams,2020,Chesterfield,RETAIL_OTHER_SUPERSTORES_AND_WAREHOUSES,565000.0,162000.0,1140.1573258246542
8346662000,3423564000,debenhams,2020,Chesterfield,RETAIL_OTHER_SUPERSTORES_AND_WAREHOUSES,565000.0,160000.0,1947.6889071427133
8346662000,3016614000,debenhams,2020,Chesterfield,RETAIL_OTHER_SUPERSTORES_AND_WAREHOUSES,565000.0,155000.0,3035.3735336944255
8385239000,121610045,prezzo,2018,North Northamptonshire,RETAIL_RESTAURANTS_AND_CAFES,33500.0,33000.0,1260.8533713836541
8385239000,178724016,prezzo,2018,North Northamptonshire,RETAIL_RESTAURANTS_AND_CAFES,33500.0,34000.0,8300.574592357285
8385239000,9260277000,prezzo,2018,North Northamptonshire,RETAIL_RESTAURANTS_AND_CAFES,33500.0,32500.0,1298.147337247293
8398388000,14246330000,arcadia,2020,Peterborough,RETAIL_OTHER_SUPERSTORES_AND_WAREHOUSES,270000.0,270000.0,409.23594840422777
8398388000,5853762000,arcadia,2020,Peterborough,RETAIL_OTHER_SUPERSTORES_AND_WAREHOUSES,270000.0,267500.0,1037.5436119900548
8398388000,12479355000,arcadia,2020,Peterborough,RETAIL_OTHER_SUPERSTORES_AND_WAREHOUSES,270000.0,272500.0,909.3956933374955
8404464000,12132031000,arcadia,2020,Sunderland,RETAIL_HIGH_STREET,407500.0,39000.0,2030.4331418097488
8404464000,9412934000,arcadia,2020,Sunderland,RETAIL_HIGH_STREET,407500.0,38750.0,9977.683749860067
8404464000,3851531000,arcadia,2020,Sunderland,RETAIL_HIGH_STREET,407500.0,34500.0,2437.3787223486092
8420372000,12731796000,arcadia,2020,Leeds,RETAIL_OTHER_SUPERSTORES_AND_WAREHOUSES,1250000.0,1260000.0,657.2675265434788
8420372000,11978058000,arcadia,2020,Leeds,RETAIL_OTHER_SUPERSTORES_AND_WAREHOUSES,1250000.0,1230000.0,3214.0714301272837
8420372000,8863696000,arcadia,2020,Leeds,RETAIL_OTHER_SUPERSTORES_AND_WAREHOUSES,1250000.0,1180000.0,3214.0714301272837
8437009000,10189234000,arcadia,2020,Peterborough,RETAIL_HIGH_STREET,495000.0,750000.0,409.23594840422777
8437009000,13256888000,arcadia,2020,Peterborough,RETAIL_HIGH_STREET,495000.0,47250.0,3374.322439121687
8437009000,14027466000,arcadia,2020,Peterborough,RETAIL_HIGH_STREET,495000.0,47250.0,3843.971209587941
8455919000,8814044000,mothercare,2019,Milton Keynes,RETAIL_HIGH_STREET,320000.0,39250.0,1306.5090055303463
8455919000,13860591000,mothercare,2019,Milton Keynes,RETAIL_HIGH_STREET,320000.0,38750.0,869.9428947845861
8455919000,8814095000,mothercare,2019,Milton Keynes,RETAIL_HIGH_STREET,320000.0,38000.0,1818.7925351118051
8501696000,195395171,prezzo,2018,Rushmoor,RETAIL_RESTAURANTS_AND_CAFES,61500.0,63500.0,1611.8378943228552
8501696000,10699463000,prezzo,2018,Rushmoor,RETAIL_RESTAURANTS_AND_CAFES,61500.0,51500.0,581.2472938333862
8501696000,10853167000,prezzo,2018,Rushmoor,RETAIL_RESTAURANTS_AND_CAFES,61500.0,51500.0,1243.1446161182005
8501698000,10663305000,frankie&bennys,2020,Rushmoor,RETAIL_RESTAURANTS_AND_CAFES,76000.0,87500.0,1661.2089006452352
8501698000,3221285000,frankie&bennys,2020,Rushmoor,RETAIL_RESTAURANTS_AND_CAFES,76000.0,92000.0,2774.7522277830367
8501698000,8514523000,frankie&bennys,2020,Rushmoor,RETAIL_RESTAURANTS_AND_CAFES,76000.0,99750.0,522.3787466098939
8507005000,106093063,byron,2020,Camden,RETAIL_RESTAURANTS_AND_CAFES,44750.0,45000.0,1418.969714079509
8507005000,102664063,byron,2020,Camden,RETAIL_RESTAURANTS_AND_CAFES,44750.0,44250.0,465.0297813953411
8507005000,102161063,byron,2020,Camden,RETAIL_RESTAURANTS_AND_CAFES,44750.0,45250.0,426.57701553178345
8519498000,7879337000,arcadia,2020,Milton Keynes,RETAIL_OTHER_SUPERSTORES_AND_WAREHOUSES,445000.0,442500.0,712.4434142434023
8519498000,3372706000,arcadia,2020,Milton Keynes,RETAIL_OTHER_SUPERSTORES_AND_WAREHOUSES,445000.0,435000.0,517.1372158624774
8519498000,10851180000,arcadia,2020,Milton Keynes,RETAIL_OTHER_SUPERSTORES_AND_WAREHOUSES,445000.0,430000.0,940.7507510281879
8527204000,14706107000,prezzo,2018,Watford,RETAIL_RESTAURANTS_AND_CAFES,100000.0,100000.0,1061.6042345893293
8527204000,20775017,prezzo,2018,Watford,RETAIL_RESTAURANTS_AND_CAFES,100000.0,100000.0,971.1510788869335
8527204000,262203017,prezzo,2018,Watford,RETAIL_RESTAURANTS_AND_CAFES,100000.0,94500.0,2473.9908194137984
8527238000,208693017,bella italia,2020,Watford,RETAIL_RESTAURANTS_AND_CAFES,91500.0,94000.0,803.5819081217606
8527238000,2470283000,bella italia,2020,Watford,RETAIL_RESTAURANTS_AND_CAFES,91500.0,79500.0,755.305365722279
8527238000,4382017,bella italia,2020,Watford,RETAIL_RESTAURANTS_AND_CAFES,91500.0,78500.0,1284.6037938380598
8550345000,8361767000,poundworld,2018,Coventry,RETAIL_OTHER_SUPERSTORES_AND_WAREHOUSES,84500.0,83500.0,4353.302676419361
8550345000,6932906000,poundworld,2018,Coventry,RETAIL_OTHER_SUPERSTORES_AND_WAREHOUSES,84500.0,82500.0,4353.302676419361
8550345000,11335235000,poundworld,2018,Coventry,RETAIL_OTHER_SUPERSTORES_AND_WAREHOUSES,84500.0,81000.0,1857.228443595146
8561198000,10710740000,arcadia,2020,Birmingham,RETAIL_RESTAURANTS_AND_CAFES,48000.0,48750.0,1688.139909123199
8561198000,443386221,arcadia,2020,Birmingham,RETAIL_RESTAURANTS_AND_CAFES,48000.0,47000.0,1652.5371042130512
8561198000,6878773000,arcadia,2020,Birmingham,RETAIL_RESTAURANTS_AND_CAFES,48000.0,47000.0,2540.5635130495148
8561199000,14541668000,arcadia,2020,Birmingham,RETAIL_RESTAURANTS_AND_CAFES,19750.0,19750.0,1172.4671211139216
8561199000,13625232000,arcadia,2020,Birmingham,RETAIL_RESTAURANTS_AND_CAFES,19750.0,19750.0,2784.747001991508
8561199000,9188784000,arcadia,2020,Birmingham,RETAIL_RESTAURANTS_AND_CAFES,19750.0,19750.0,900.2179634448179
8563298000,13519532000,arcadia,2020,Warwick,RETAIL_HIGH_STREET,320000.0,168000.0,3841.9114928376894
8563298000,7222644000,arcadia,2020,Warwick,RETAIL_HIGH_STREET,320000.0,154000.0,3841.9114928376894
8563298000,5523805000,arcadia,2020,Warwick,RETAIL_HIGH_STREET,320000.0,116000.0,4207.338094861764
8566393000,1334728000,carluccios,2020,Leeds,RETAIL_RESTAURANTS_AND_CAFES,112000.0,113000.0,828.4317523098621
8566393000,4982248000,carluccios,2020,Leeds,RETAIL_RESTAURANTS_AND_CAFES,112000.0,110000.0,9781.59575121522
8566393000,341063244,carluccios,2020,Leeds,RETAIL_RESTAURANTS_AND_CAFES,112000.0,114000.0,2081.3809613054204
8568497000,168685147,arcadia,2020,Dartford,RETAIL_HIGH_STREET,1660000.0,34250.0,4897.1195896493855
8568497000,9844434000,arcadia,2020,Dartford,RETAIL_HIGH_STREET,1660000.0,32500.0,873.3656586302457
8568497000,13844885000,arcadia,2020,Dartford,RETAIL_HIGH_STREET,1660000.0,29000.0,4897.1195896493855
8582594000,5942717000,homebase,2024,Canterbury,RETAIL_OTHER_SUPERSTORES_AND_WAREHOUSES,367500.0,302500.0,10486.73236928847
8582594000,14595009000,homebase,2024,Canterbury,RETAIL_OTHER_SUPERSTORES_AND_WAREHOUSES,367500.0,287500.0,2263.1412143623493
8582594000,9536469000,homebase,2024,Canterbury,RETAIL_OTHER_SUPERSTORES_AND_WAREHOUSES,367500.0,450000.0,1839.5171164316223
8594902000,103805063,paperchase,2023,Camden,RETAIL_HIGH_STREET,41000.0,40500.0,753.1966202500553
8594902000,104513063,paperchase,2023,Camden,RETAIL_HIGH_STREET,41000.0,40500.0,1167.9205700211949
8594902000,10613412000,paperchase,2023,Camden,RETAIL_HIGH_STREET,41000.0,40500.0,554.7049237542408
8622330000,13546567000,arcadia,2020,Wiltshire,RETAIL_HIGH_STREET,16500.0,16500.0,5605.328687982376
8622330000,272787216,arcadia,2020,Wiltshire,RETAIL_HIGH_STREET,16500.0,16500.0,6178.051271903081
8622330000,123489216,arcadia,2020,Wiltshire,RETAIL_HIGH_STREET,16500.0,16500.0,13371.205993252555
8625563000,10623637000,carluccios,2020,Dorset,RETAIL_RESTAURANTS_AND_CAFES,66500.0,67500.0,22625.413763385008
8625563000,19945173,carluccios,2020,Dorset,RETAIL_RESTAURANTS_AND_CAFES,66500.0,65000.0,27257.754894739064
8625563000,8109596000,carluccios,2020,Dorset,RETAIL_RESTAURANTS_AND_CAFES,66500.0,65000.0,33099.75830059464
8628329000,193496133,arcadia,2020,Cheshire West and Chester,RETAIL_HIGH_STREET,161000.0,23250.0,10677.285364590438
8628329000,363263133,arcadia,2020,Cheshire West and Chester,RETAIL_HIGH_STREET,161000.0,23000.0,7922.385682585844
8628329000,4650282000,arcadia,2020,Cheshire West and Chester,RETAIL_HIGH_STREET,161000.0,22000.0,14864.803231742704
8660525000,157834211,mothercare,2019,South Gloucestershire,RETAIL_OTHER_SUPERSTORES_AND_WAREHOUSES,440000.0,440000.0,1141.1910459890914
8660525000,159599211,mothercare,2019,South Gloucestershire,RETAIL_OTHER_SUPERSTORES_AND_WAREHOUSES,440000.0,442500.0,480.10401790612394
8660525000,8692209000,mothercare,2019,South Gloucestershire,RETAIL_OTHER_SUPERSTORES_AND_WAREHOUSES,440000.0,432500.0,1141.1910459890914
8661654000,11032112000,thomas cook,2019,Crawley,RETAIL_HIGH_STREET,29250.0,29250.0,4588.6125840409795
8661654000,10534275000,thomas cook,2019,Crawley,RETAIL_HIGH_STREET,29250.0,29000.0,4444.315417419612
8661654000,9713326000,thomas cook,2019,Crawley,RETAIL_HIGH_STREET,29250.0,29000.0,4588.6125840409795
8682456000,14657483000,poundworld,2018,Manchester,RETAIL_HIGH_STREET,56000.0,56500.0,2671.7465604271842
8682456000,3236675000,poundworld,2018,Manchester,RETAIL_HIGH_STREET,56000.0,56500.0,5399.34571654561
8682456000,12616734000,poundworld,2018,Manchester,RETAIL_HIGH_STREET,56000.0,56500.0,2949.148316980542
8688137000,2905722000,carluccios,2020,Warwick,RETAIL_RESTAURANTS_AND_CAFES,72000.0,71500.0,517.568461669007
8688137000,8029743000,carluccios,2020,Warwick,RETAIL_RESTAURANTS_AND_CAFES,72000.0,70000.0,883.3600620139202
8688137000,8671198000,carluccios,2020,Warwick,RETAIL_RESTAURANTS_AND_CAFES,72000.0,74500.0,814.953320832844
8692420000,2996073000,frankie&bennys,2020,Southend-on-Sea,RETAIL_RESTAURANTS_AND_CAFES,57000.0,57750.0,1083.6936475811326
8692420000,1044313023,frankie&bennys,2020,Southend-on-Sea,RETAIL_RESTAURANTS_AND_CAFES,57000.0,58000.0,2771.2588942669017
8692420000,904906023,frankie&bennys,2020,Southend-on-Sea,RETAIL_RESTAURANTS_AND_CAFES,57000.0,55500.0,3404.032492571792
8696061000,174662237,cath kidston,2020,Warwick,RETAIL_HIGH_STREET,1425.0,1425.0,4357.646653869895
8696061000,71640237,cath kidston,2020,Warwick,RETAIL_HIGH_STREET,1425.0,1400.0,654.1749674754608
8696061000,14392988000,cath kidston,2020,Warwick,RETAIL_HIGH_STREET,1425.0,1300.0,8141.100868745362
8707894000,13249714000,poundworld,2018,Cannock Chase,RETAIL_HIGH_STREET,166000.0,167000.0,952.2562812887613
8707894000,13259490000,poundworld,2018,Cannock Chase,RETAIL_HIGH_STREET,166000.0,161000.0,952.2562812887613
8707894000,13293739000,poundworld,2018,Cannock Chase,RETAIL_HIGH_STREET,166000.0,160000.0,952.2562812887613
8707935000,248733212,prezzo,2018,"Bristol, City of",RETAIL_RESTAURANTS_AND_CAFES,51500.0,52500.0,1808.8261619632576
8707935000,14530070000,prezzo,2018,"Bristol, City of",RETAIL_RESTAURANTS_AND_CAFES,51500.0,52500.0,1417.2990757510604
8707935000,4355642000,prezzo,2018,"Bristol, City of",RETAIL_RESTAURANTS_AND_CAFES,51500.0,53000.0,1223.1323379287692
8721878000,127783045,poundworld,2018,West Northamptonshire,RETAIL_HIGH_STREET,5400.0,5400.0,16167.5342153115
8721878000,127791045,poundworld,2018,West Northamptonshire,RETAIL_HIGH_STREET,5400.0,5400.0,16167.5342153115
8721878000,7135705000,poundworld,2018,West Northamptonshire,RETAIL_HIGH_STREET,5400.0,5400.0,15741.669752317881
8730184000,11074301000,prezzo,2018,North Northamptonshire,RETAIL_RESTAURANTS_AND_CAFES,47000.0,46750.0,2068.9399372675166
8730184000,11126321000,prezzo,2018,North Northamptonshire,RETAIL_RESTAURANTS_AND_CAFES,47000.0,47250.0,1239.364922050884
8730184000,157195045,prezzo,2018,North Northamptonshire,RETAIL_RESTAURANTS_AND_CAFES,47000.0,47250.0,4828.213433284268
8741813000,10799221000,arcadia,2020,Camden,OFFICE_GENERAL,183000.0,182000.0,1434.146907746426
8741813000,2033798000,arcadia,2020,Camden,OFFICE_GENERAL,183000.0,181000.0,991.983251948583
8741813000,13040887000,arcadia,2020,Camden,OFFICE_GENERAL,183000.0,180000.0,805.8307389193969
8771025000,46873052,maplin,2018,City of London,RETAIL_HIGH_STREET,201000.0,37750.0,471.29320916961365
8771025000,48908052,maplin,2018,City of London,RETAIL_HIGH_STREET,201000.0,34250.0,473.3324104294217
8771025000,14253210000,maplin,2018,City of London,RETAIL_HIGH_STREET,201000.0,32250.0,476.96342905515706
8793526000,11192334000,toys r us,2018,Gloucester,RETAIL_OTHER_SUPERSTORES_AND_WAREHOUSES,467500.0,435000.0,867.3544090680218
8793526000,12675499000,toys r us,2018,Gloucester,RETAIL_OTHER_SUPERSTORES_AND_WAREHOUSES,467500.0,380000.0,606.0645898064595
8793526000,13042508000,toys r us,2018,Gloucester,RETAIL_OTHER_SUPERSTORES_AND_WAREHOUSES,467500.0,342500.0,4351.083165753681
8797627000,13102646000,arcadia,2020,West Northamptonshire,INDUSTRIAL_GENERAL,12250.0,12250.0,27680.797868946684
8797627000,14456544000,arcadia,2020,West Northamptonshire,INDUSTRIAL_GENERAL,12250.0,12250.0,1183.579578471754
8797627000,7343105000,arcadia,2020,West Northamptonshire,INDUSTRIAL_GENERAL,12250.0,12250.0,6067.170129033685
8805041000,11993072,toys r us,2018,Bromley,RETAIL_HIGH_STREET,267500.0,57500.0,445.62721293105375
8805041000,753269072,toys r us,2018,Bromley,RETAIL_HIGH_STREET,267500.0,56500.0,3076.1238618861616
8805041000,27751000,toys r us,2018,Bromley,RETAIL_HIGH_STREET,267500.0,55500.0,2950.0982053106495
8805220000,165312072,debenhams,2020,Bromley,RETAIL_HIGH_STREET,14750.0,14750.0,2786.8779033826395
8805220000,2047072,debenhams,2020,Bromley,RETAIL_HIGH_STREET,14750.0,14750.0,746.8299579397245
8805220000,588340000,debenhams,2020,Bromley,RETAIL_HIGH_STREET,14750.0,14750.0,946.6577882675124
8809391000,72098216,cath kidston,2020,Wiltshire,RETAIL_HIGH_STREET,30000.0,30000.0,17132.458318782697
8809391000,8533330000,cath kidston,2020,Wiltshire,RETAIL_HIGH_STREET,30000.0,30000.0,16434.96672421512
8809391000,11431209000,cath kidston,2020,Wiltshire,RETAIL_HIGH_STREET,30000.0,29750.0,8731.75930218254
8816483000,186252212,poundworld,2018,"Bristol, City of",RETAIL_OTHER_SUPERSTORES_AND_WAREHOUSES,64000.0,64500.0,1418.5714135198325
8816483000,13242700000,poundworld,2018,"Bristol, City of",RETAIL_OTHER_SUPERSTORES_AND_WAREHOUSES,64000.0,67000.0,3933.6762899412074
8816483000,7405520000,poundworld,2018,"Bristol, City of",RETAIL_OTHER_SUPERSTORES_AND_WAREHOUSES,64000.0,68500.0,2834.052128309371
8821371000,4126734000,arcadia,2020,Coventry,RETAIL_OTHER_SUPERSTORES_AND_WAREHOUSES,252500.0,250000.0,1620.2294251382848
8821371000,5277805000,arcadia,2020,Coventry,RETAIL_OTHER_SUPERSTORES_AND_WAREHOUSES,252500.0,255000.0,2637.6177316954713
8821371000,8354859000,arcadia,2020,Coventry,RETAIL_OTHER_SUPERSTORES_AND_WAREHOUSES,252500.0,257500.0,1620.2294251382848
8821819000,7803779000,prezzo,2018,"Bournemouth, Christchurch and Poole",RETAIL_RESTAURANTS_AND_CAFES,77500.0,78000.0,1034.1065991331614
8821819000,181361172,prezzo,2018,"Bournemouth, Christchurch and Poole",RETAIL_RESTAURANTS_AND_CAFES,77500.0,76000.0,774.0801380976704
8821819000,14493037000,prezzo,2018,"Bournemouth, Christchurch and Poole",RETAIL_RESTAURANTS_AND_CAFES,77500.0,79500.0,2384.232762596479
8833306000,14579613000,thomas cook,2019,West Northamptonshire,RETAIL_OTHER_SUPERSTORES_AND_WAREHOUSES,2430000.0,2100000.0,2303.379043623162
8833306000,12799849000,thomas cook,2019,West Northamptonshire,RETAIL_OTHER_SUPERSTORES_AND_WAREHOUSES,2430000.0,2870000.0,516.0167786365939
8833306000,11352991000,thomas cook,2019,West Northamptonshire,RETAIL_OTHER_SUPERSTORES_AND_WAREHOUSES,2430000.0,2920000.0,516.0167786365939
8844433000,8091217000,ted baker,2024,Gloucester,RETAIL_HIGH_STREET,26250.0,29000.0,3672.143106679934
8844433000,7909003000,ted baker,2024,Gloucester,RETAIL_HIGH_STREET,26250.0,29250.0,3672.143106679934
8844433000,12373201000,ted baker,2024,Gloucester,RETAIL_HIGH_STREET,26250.0,22750.0,4065.8554808154877
8856276000,8822045000,arcadia,2020,Swindon,RETAIL_OTHER_SUPERSTORES_AND_WAREHOUSES,340000.0,382500.0,711.5100659973697
8856276000,11713747000,arcadia,2020,Swindon,RETAIL_OTHER_SUPERSTORES_AND_WAREHOUSES,340000.0,292500.0,521.3788844348283
8856276000,8517865000,arcadia,2020,Swindon,RETAIL_OTHER_SUPERSTORES_AND_WAREHOUSES,340000.0,285000.0,681.091634536788
8858956000,376750065,body shop,2024,Brent,RETAIL_HIGH_STREET,38750.0,38750.0,839.1849298124206
8858956000,376936065,body shop,2024,Brent,RETAIL_HIGH_STREET,38750.0,38750.0,968.8721605636465
8858956000,14530490000,body shop,2024,Brent,RETAIL_HIGH_STREET,38750.0,38750.0,572.6584103557769
8858968000,250029065,prezzo,2018,Brent,RETAIL_HIGH_STREET,66000.0,66000.0,5545.272478992534
8858968000,8517783000,prezzo,2018,Brent,RETAIL_HIGH_STREET,66000.0,65500.0,5545.272478992534
8858968000,10770278000,prezzo,2018,Brent,RETAIL_HIGH_STREET,66000.0,65500.0,2293.868262490903
8859002000,8197519000,frankie&bennys,2020,Brent,RETAIL_HIGH_STREET,96000.0,95000.0,1884.9501916912304
8859002000,10428400000,frankie&bennys,2020,Brent,RETAIL_HIGH_STREET,96000.0,97500.0,4884.875339139835
8859002000,573334065,frankie&bennys,2020,Brent,RETAIL_HIGH_STREET,96000.0,93000.0,839.1849298124206
8862813000,327192244,prezzo,2018,Leeds,RETAIL_RESTAURANTS_AND_CAFES,66000.0,65500.0,1103.227791549657
8862813000,7516631000,prezzo,2018,Leeds,RETAIL_RESTAURANTS_AND_CAFES,66000.0,66500.0,2197.013355859709
8862813000,7344700000,prezzo,2018,Leeds,RETAIL_RESTAURANTS_AND_CAFES,66000.0,65000.0,3815.0500383746585
8896950000,14326951000,strada,2018,North Northamptonshire,OFFICE_GENERAL,6700.0,6700.0,3924.018568742175
8896950000,14238684000,strada,2018,North Northamptonshire,OFFICE_GENERAL,6700.0,6700.0,2638.5729105261194
8896950000,7831889000,strada,2018,North Northamptonshire,OFFICE_GENERAL,6700.0,6700.0,2989.698379780916
8896954000,5176873000,strada,2018,North Northamptonshire,OFFICE_GENERAL,6000.0,6000.0,6444.199522403163
8896954000,15001476000,strada,2018,North Northamptonshire,OFFICE_GENERAL,6000.0,6000.0,2308.2115860522763
8896954000,13121988000,strada,2018,North Northamptonshire,OFFICE_GENERAL,6000.0,6000.0,484.05619800004536
8896956000,14761792000,strada,2018,North Northamptonshire,OFFICE_GENERAL,4050.0,4050.0,10229.722165203955
8896956000,13448878000,strada,2018,North Northamptonshire,OFFICE_GENERAL,4050.0,4050.0,4274.673982228049
8896956000,14326970000,strada,2018,North Northamptonshire,OFFICE_GENERAL,4050.0,4050.0,3924.018568742175
8901213000,9925025000,arcadia,2020,Cambridge,RETAIL_HIGH_STREET,8500.0,8500.0,1403.057904763543
8901213000,11879654000,arcadia,2020,Cambridge,RETAIL_HIGH_STREET,8500.0,8500.0,404.74612283023987
8901213000,383303012,arcadia,2020,Cambridge,RETAIL_HIGH_STREET,8500.0,8500.0,1403.057904763543
8906061000,2768339000,arcadia,2020,Buckinghamshire,RETAIL_HIGH_STREET,198000.0,69000.0,2366.050800073573
8906061000,1067657000,arcadia,2020,Buckinghamshire,RETAIL_HIGH_STREET,198000.0,68500.0,6232.953286156068
8906061000,10596296000,arcadia,2020,Buckinghamshire,RETAIL_HIGH_STREET,198000.0,67500.0,5862.549152862305
8922799000,377534221,prezzo,2018,Birmingham,RETAIL_RESTAURANTS_AND_CAFES,72000.0,71750.0,2845.172564725702
8922799000,5540525000,prezzo,2018,Birmingham,RETAIL_RESTAURANTS_AND_CAFES,72000.0,72500.0,1769.4295410762775
8922799000,351628221,prezzo,2018,Birmingham,RETAIL_RESTAURANTS_AND_CAFES,72000.0,71000.0,763.5769845904182
8931924000,12799199000,thomas cook,2019,Birmingham,RETAIL_HIGH_STREET,18500.0,18500.0,2975.002539906427
8931924000,8390298000,thomas cook,2019,Birmingham,RETAIL_HIGH_STREET,18500.0,18500.0,1704.2081173776005
8931924000,12045266000,thomas cook,2019,Birmingham,RETAIL_HIGH_STREET,18500.0,18500.0,1071.1330213059023
8942899000,268377216,chiquito,2020,Wiltshire,RETAIL_RESTAURANTS_AND_CAFES,77000.0,76250.0,4333.11211740098
8942899000,357849216,chiquito,2020,Wiltshire,RETAIL_RESTAURANTS_AND_CAFES,77000.0,78000.0,2547.4533883996487
8942899000,350707176,chiquito,2020,Wiltshire,RETAIL_RESTAURANTS_AND_CAFES,77000.0,78500.0,12860.47808038919
8942903000,135929216,prezzo,2018,Wiltshire,RETAIL_RESTAURANTS_AND_CAFES,61500.0,61500.0,5496.3072014073505
8942903000,8329706000,prezzo,2018,Wiltshire,RETAIL_RESTAURANTS_AND_CAFES,61500.0,62000.0,12035.5136915178
8942903000,142488216,prezzo,2018,Wiltshire,RETAIL_RESTAURANTS_AND_CAFES,61500.0,62500.0,8496.23964300258
8942907000,1316426000,frankie&bennys,2020,Wiltshire,RETAIL_RESTAURANTS_AND_CAFES,72000.0,71500.0,8142.892930098769
8942907000,5517276000,frankie&bennys,2020,Wiltshire,RETAIL_RESTAURANTS_AND_CAFES,72000.0,71500.0,1859.3990663206753
8942907000,4902220000,frankie&bennys,2020,Wiltshire,RETAIL_RESTAURANTS_AND_CAFES,72000.0,71000.0,11776.153577119157
8945314000,11540897000,arcadia,2020,Milton Keynes,RETAIL_HIGH_STREET,600000.0,37750.0,1656.8947648203377
8945314000,164622162,arcadia,2020,Milton Keynes,RETAIL_HIGH_STREET,600000.0,37750.0,5183.56579662766
8945314000,1453434000,arcadia,2020,Milton Keynes,RETAIL_HIGH_STREET,600000.0,37500.0,758.0983056732427
8952663000,9263422000,arcadia,2020,Warwick,OFFICE_GENERAL,2750.0,2750.0,4198.308302554962
8952663000,2929787000,arcadia,2020,Warwick,OFFICE_GENERAL,2750.0,2750.0,1155.7882758619808
8952663000,9263446000,arcadia,2020,Warwick,OFFICE_GENERAL,2750.0,2750.0,4198.308302554962
8952683000,6733602000,arcadia,2020,Warwick,OFFICE_GENERAL,2800.0,2800.0,844.0826882130863
8952683000,6733573000,arcadia,2020,Warwick,OFFICE_GENERAL,2800.0,2800.0,844.0826882130863
8952683000,8740892000,arcadia,2020,Warwick,OFFICE_GENERAL,2800.0,2800.0,1614.3362142974847
8962624000,4708705000,ted baker,2024,Brent,INDUSTRIAL_GENERAL,390000.0,390000.0,875.642868201648
8962624000,13707893000,ted baker,2024,Brent,INDUSTRIAL_GENERAL,390000.0,392500.0,752.2327881147368
8962624000,408776000,ted baker,2024,Brent,INDUSTRIAL_GENERAL,390000.0,380000.0,875.642868201648
8974112000,2316934000,ted baker,2024,Brent,INDUSTRIAL_GENERAL,275000.0,275000.0,3261.0769658570575
8974112000,266632065,ted baker,2024,Brent,INDUSTRIAL_GENERAL,275000.0,275000.0,3731.5790102477677
8974112000,9158404000,ted baker,2024,Brent,INDUSTRIAL_GENERAL,275000.0,272500.0,3247.8424488512055
8974366000,8974366000,arcadia,2020,Chesterfield,RETAIL_OTHER_SUPERSTORES_AND_WAREHOUSES,13500.0,13500.0,1285.0610880749027
8974366000,321449033,arcadia,2020,Chesterfield,RETAIL_OTHER_SUPERSTORES_AND_WAREHOUSES,13500.0,13250.0,755.9213711307838
8974366000,2752631000,arcadia,2020,Chesterfield,RETAIL_OTHER_SUPERSTORES_AND_WAREHOUSES,13500.0,13250.0,2294.600918194111
8985462000,13407402000,prezzo,2018,Leeds,RETAIL_RESTAURANTS_AND_CAFES,103000.0,103000.0,10583.577772552804
8985462000,7797893000,prezzo,2018,Leeds,RETAIL_RESTAURANTS_AND_CAFES,103000.0,102000.0,2540.7655006096993
8985462000,12278292000,prezzo,2018,Leeds,RETAIL_RESTAURANTS_AND_CAFES,103000.0,102000.0,1197.7123038280665
8987472000,10813276000,mothercare,2019,Gloucester,RETAIL_HIGH_STREET,690.0,610.0,4325.824709455213
8987472000,9072214,mothercare,2019,Gloucester,RETAIL_HIGH_STREET,690.0,850.0,688.8540607671214
8987472000,6960882000,mothercare,2019,Gloucester,RETAIL_HIGH_STREET,690.0,490.0,2543.0876885790803
8989700000,11833053000,maplin,2018,West Northamptonshire,OFFICE_GENERAL,10750.0,10750.0,13806.461039292915
8989700000,12188880000,maplin,2018,West Northamptonshire,OFFICE_GENERAL,10750.0,10750.0,569.1561126191253
8989700000,15006309000,maplin,2018,West Northamptonshire,OFFICE_GENERAL,10750.0,10750.0,18082.77996975236
8989703000,7265895000,toys r us,2018,West Northamptonshire,OFFICE_GENERAL,3050.0,3050.0,1092.8364211507412
8989703000,7265897000,toys r us,2018,West Northamptonshire,OFFICE_GENERAL,3050.0,3050.0,1092.8364211507412
8989703000,7265856000,toys r us,2018,West Northamptonshire,OFFICE_GENERAL,3050.0,3050.0,1092.8364211507412
8993049000,8847458000,poundworld,2018,Bradford,RETAIL_OTHER_SUPERSTORES_AND_WAREHOUSES,75000.0,76000.0,3186.09307841777
8993049000,934532000,poundworld,2018,Bradford,RETAIL_OTHER_SUPERSTORES_AND_WAREHOUSES,75000.0,76000.0,850.9765986769173
8993049000,1409536000,poundworld,2018,Bradford,RETAIL_OTHER_SUPERSTORES_AND_WAREHOUSES,75000.0,73500.0,1318.8167435154717
8996571000,9130598000,cath kidston,2020,Tower Hamlets,RETAIL_HIGH_STREET,59000.0,59000.0,465.2058085869424
8996571000,8834457000,cath kidston,2020,Tower Hamlets,RETAIL_HIGH_STREET,59000.0,59500.0,757.2416680429509
8996571000,9780368000,cath kidston,2020,Tower Hamlets,RETAIL_HIGH_STREET,59000.0,60000.0,486.10368681588244
9007024000,9240332000,ted baker,2024,Tower Hamlets,OFFICE_GENERAL,169000.0,169000.0,464.53597308893677
9007024000,6948268000,ted baker,2024,Tower Hamlets,OFFICE_GENERAL,169000.0,169000.0,464.53597308893677
9007024000,257273058,ted baker,2024,Tower Hamlets,OFFICE_GENERAL,169000.0,167000.0,464.53597308893677
9011445000,14849901000,frankie&bennys,2020,South Gloucestershire,RETAIL_RESTAURANTS_AND_CAFES,76500.0,77500.0,6299.648071540218
9011445000,642732000,frankie&bennys,2020,South Gloucestershire,RETAIL_RESTAURANTS_AND_CAFES,76500.0,75100.0,7185.052534577313
9011445000,560613000,frankie&bennys,2020,South Gloucestershire,RETAIL_RESTAURANTS_AND_CAFES,76500.0,75000.0,2335.7836471618984
9012735000,13834363000,frankie&bennys,2020,Leeds,RETAIL_RESTAURANTS_AND_CAFES,187000.0,200000.0,999.9091046571446
9012735000,7481121000,frankie&bennys,2020,Leeds,RETAIL_RESTAURANTS_AND_CAFES,187000.0,170000.0,1504.0475221101306
9012735000,389351244,frankie&bennys,2020,Leeds,RETAIL_RESTAURANTS_AND_CAFES,187000.0,210000.0,7579.810911622589
9012758000,9044115000,arcadia,2020,Stoke-on-Trent,RETAIL_HIGH_STREET,375000.0,237000.0,415.1009734994374
9012758000,8005530000,arcadia,2020,Stoke-on-Trent,RETAIL_HIGH_STREET,375000.0,154000.0,1611.3496487669352
9012758000,256756236,arcadia,2020,Stoke-on-Trent,RETAIL_HIGH_STREET,375000.0,148000.0,1611.3496487669352
9012760000,6650026000,arcadia,2020,Stoke-on-Trent,RETAIL_HIGH_STREET,440000.0,44000.0,1473.8147593465633
9012760000,10281397000,arcadia,2020,Stoke-on-Trent,RETAIL_HIGH_STREET,440000.0,42250.0,970.9277107552901
9012760000,4347764000,arcadia,2020,Stoke-on-Trent,RETAIL_HIGH_STREET,440000.0,42000.0,1368.6782483320521
9014446000,12685080000,debenhams,2020,Camden,OFFICE_GENERAL,6810000.0,2980000.0,412.48459499914924
9014446000,1580168000,debenhams,2020,Camden,OFFICE_GENERAL,6810000.0,2220000.0,412.48459499914924
9014446000,8944197000,debenhams,2020,Camden,OFFICE_GENERAL,6810000.0,800000.0,412.48459499914924
9014717000,2274227000,mothercare,2019,Dudley,RETAIL_OTHER_SUPERSTORES_AND_WAREHOUSES,335000.0,335000.0,3662.3942068468023
9014717000,8812310000,mothercare,2019,Dudley,RETAIL_OTHER_SUPERSTORES_AND_WAREHOUSES,335000.0,340000.0,4039.9051629612077
9014717000,3560076000,mothercare,2019,Dudley,RETAIL_OTHER_SUPERSTORES_AND_WAREHOUSES,335000.0,307500.0,934.112409902571
9020698000,101699063,byron,2020,Camden,RETAIL_HIGH_STREET,12500.0,12500.0,1292.1330236833621
9020698000,103026063,byron,2020,Camden,RETAIL_HIGH_STREET,12500.0,12500.0,554.7049237542408
9020698000,19062063,byron,2020,Camden,RETAIL_HIGH_STREET,12500.0,12500.0,1661.178227960283
9050182000,15011452000,paperchase,2023,City of London,RETAIL_HIGH_STREET,49500.0,32250.0,463.03258541852915
9050182000,2677371000,paperchase,2023,City of London,RETAIL_HIGH_STREET,49500.0,30250.0,445.08531376900925
9050182000,34367052,paperchase,2023,City of London,RETAIL_HIGH_STREET,49500.0,29250.0,416.71915681106236
9051991000,9256312000,debenhams,2020,Thurrock,INDUSTRIAL_GENERAL,161000.0,159000.0,680.806661983682
9051991000,303094000,debenhams,2020,Thurrock,INDUSTRIAL_GENERAL,161000.0,157000.0,843.9468537084217
9051991000,9936089000,debenhams,2020,Thurrock,INDUSTRIAL_GENERAL,161000.0,165000.0,2121.6281875744357
9054585000,5044705000,poundworld,2018,Cheshire West and Chester,RETAIL_HIGH_STREET,101000.0,21750.0,2311.60489459672
9054585000,310992000,poundworld,2018,Cheshire West and Chester,RETAIL_HIGH_STREET,101000.0,21750.0,865.5284460999521
9054585000,193479133,poundworld,2018,Cheshire West and Chester,RETAIL_HIGH_STREET,101000.0,21500.0,10512.002593595425
9061159000,10744188000,poundworld,2018,"Bristol, City of",RETAIL_HIGH_STREET,24000.0,24000.0,1623.0548850578289
9061159000,127097212,poundworld,2018,"Bristol, City of",RETAIL_HIGH_STREET,24000.0,24000.0,804.4175020429532
9061159000,157195212,poundworld,2018,"Bristol, City of",RETAIL_HIGH_STREET,24000.0,24000.0,642.586871297743
9065299000,4285623000,thomas cook,2019,Crawley,OFFICE_GENERAL,127000.0,127000.0,1518.585151450696
9065299000,5993832000,thomas cook,2019,Crawley,OFFICE_GENERAL,127000.0,128000.0,1572.4408624197667
9065299000,10843524000,thomas cook,2019,Crawley,OFFICE_GENERAL,127000.0,125000.0,4444.315417419612
9071603000,239706000,body shop,2024,Fareham,INDUSTRIAL_GENERAL,6500.0,6500.0,2990.573341626311
9071603000,8158089000,body shop,2024,Fareham,INDUSTRIAL_GENERAL,6500.0,6500.0,7354.065132385454
9071603000,3786752000,body shop,2024,Fareham,INDUSTRIAL_GENERAL,6500.0,6500.0,3901.380106166432
9083408000,7577352000,body shop,2024,Leeds,INDUSTRIAL_GENERAL,0.0,0.0,1039.1970342164457
9083408000,5074265000,body shop,2024,Leeds,INDUSTRIAL_GENERAL,0.0,0.0,12029.294277747184
9083408000,7221671000,body shop,2024,Leeds,INDUSTRIAL_GENERAL,0.0,0.0,5841.4268721528315
9109324000,8973909000,wilko,2023,Gloucester,RETAIL_OTHER_SUPERSTORES_AND_WAREHOUSES,195000.0,197000.0,967.4280536964538
9109324000,6347348000,wilko,2023,Gloucester,RETAIL_OTHER_SUPERSTORES_AND_WAREHOUSES,195000.0,199000.0,516.8516904778429
9109324000,10421303000,wilko,2023,Gloucester,RETAIL_OTHER_SUPERSTORES_AND_WAREHOUSES,195000.0,203000.0,3661.1136268479645
9109377000,442027000,byron,2020,Hammersmith and Fulham,RETAIL_HIGH_STREET,63000.0,63000.0,933.401087897024
9109377000,2677950000,byron,2020,Hammersmith and Fulham,RETAIL_HIGH_STREET,63000.0,63000.0,933.401087897024
9109377000,13127787000,byron,2020,Hammersmith and Fulham,RETAIL_HIGH_STREET,63000.0,62500.0,506.144333277987
9112847000,7778790000,arcadia,2020,Derby,RETAIL_HIGH_STREET,128000.0,46750.0,2533.153925837929
9112847000,4099354000,arcadia,2020,Derby,RETAIL_HIGH_STREET,128000.0,40750.0,506.1099067748538
9112847000,14993632000,arcadia,2020,Derby,RETAIL_HIGH_STREET,128000.0,40500.0,4682.5944977816
9115267000,7446990000,thomas cook,2019,City of London,OFFICE_GENERAL,690000.0,650000.0,480.83557409405944
9115267000,12254125000,thomas cook,2019,City of London,OFFICE_GENERAL,690000.0,645000.0,542.4551256801593
9115267000,13384125000,thomas cook,2019,City of London,OFFICE_GENERAL,690000.0,635000.0,533.0900830344535
9116753000,9980992000,poundworld,2018,Bradford,RETAIL_HIGH_STREET,46250.0,45000.0,4908.472171119341
9116753000,10177321000,poundworld,2018,Bradford,RETAIL_HIGH_STREET,46250.0,45000.0,632.8151776771144
9116753000,243276241,poundworld,2018,Bradford,RETAIL_HIGH_STREET,46250.0,42250.0,955.5795858817994
9116755000,1627483000,poundworld,2018,Bradford,RETAIL_HIGH_STREET,5700.0,5700.0,1398.5224840893752
9116755000,100190241,poundworld,2018,Bradford,RETAIL_HIGH_STREET,5700.0,5700.0,1170.6373899333264
9116755000,206494241,poundworld,2018,Bradford,RETAIL_HIGH_STREET,5700.0,5700.0,692.0815928862809
9132493000,8268830000,body shop,2024,Gloucester,INDUSTRIAL_GENERAL,5900.0,5800.0,4627.6531663138285
9132493000,7453563000,body shop,2024,Gloucester,INDUSTRIAL_GENERAL,5900.0,5800.0,4670.189222122465
9132493000,10814040000,body shop,2024,Gloucester,INDUSTRIAL_GENERAL,5900.0,6000.0,1707.377092633308
9132830000,7345767000,arcadia,2020,Dartford,RETAIL_HIGH_STREET,1320000.0,28000.0,873.3656586302457
9132830000,14109661000,arcadia,2020,Dartford,RETAIL_HIGH_STREET,1320000.0,26500.0,2738.825273449127
9132830000,14678477000,arcadia,2020,Dartford,RETAIL_HIGH_STREET,1320000.0,25000.0,4235.734763636657
9137867000,42316214,bella italia,2020,Gloucester,RETAIL_RESTAURANTS_AND_CAFES,57000.0,57500.0,2420.709074044159
9137867000,13498879000,bella italia,2020,Gloucester,RETAIL_RESTAURANTS_AND_CAFES,57000.0,60000.0,2234.097415472122
9137867000,224194214,bella italia,2020,Gloucester,RETAIL_RESTAURANTS_AND_CAFES,57000.0,60500.0,2994.8159177287666
9140890000,10398109000,poundworld,2018,North Yorkshire,RETAIL_HIGH_STREET,143000.0,133000.0,15980.492034826497
9140890000,138722105,poundworld,2018,North Yorkshire,RETAIL_HIGH_STREET,143000.0,133000.0,38965.440670659795
9140890000,78284105,poundworld,2018,North Yorkshire,RETAIL_HIGH_STREET,143000.0,97000.0,39065.57136097454
9147786000,12384645000,frankie&bennys,2020,Coventry,RETAIL_RESTAURANTS_AND_CAFES,82000.0,81000.0,2546.374390158891
9147786000,2688561000,frankie&bennys,2020,Coventry,RETAIL_RESTAURANTS_AND_CAFES,82000.0,80000.0,2817.8118194831095
9147786000,2165051000,frankie&bennys,2020,Coventry,RETAIL_RESTAURANTS_AND_CAFES,82000.0,84500.0,422.6042006651919
9148261000,46967124,bhs,2016,Cumberland,INDUSTRIAL_GENERAL,4550.0,4550.0,973.7537821978152
9148261000,7002190000,bhs,2016,Cumberland,INDUSTRIAL_GENERAL,4550.0,4550.0,994.2677712283165
9148261000,12676544000,bhs,2016,Cumberland,INDUSTRIAL_GENERAL,4550.0,4550.0,7518.348625457824
9154447000,6668971000,thomas cook,2019,City of London,OTHER_COMMERCIAL,7000.0,7000.0,475.8591144110169
9154447000,31113052,thomas cook,2019,City of London,OTHER_COMMERCIAL,7000.0,7000.0,458.35905880624364
9154447000,6684684000,thomas cook,2019,City of London,OTHER_COMMERCIAL,7000.0,7000.0,560.8002064434564
9168889000,3980972000,chiquito,2020,Coventry,RETAIL_OTHER_SUPERSTORES_AND_WAREHOUSES,86500.0,90500.0,673.4898525287466
9168889000,10955646000,chiquito,2020,Coventry,RETAIL_OTHER_SUPERSTORES_AND_WAREHOUSES,86500.0,81000.0,1857.228443595146
9168889000,8791013000,chiquito,2020,Coventry,RETAIL_OTHER_SUPERSTORES_AND_WAREHOUSES,86500.0,68500.0,1883.7732161707686
9169209000,551206162,byron,2020,Milton Keynes,RETAIL_RESTAURANTS_AND_CAFES,151000.0,157000.0,711.5958575861678
9169209000,6899274000,byron,2020,Milton Keynes,RETAIL_RESTAURANTS_AND_CAFES,151000.0,144000.0,1658.5115678850877
9169209000,13785906000,byron,2020,Milton Keynes,RETAIL_RESTAURANTS_AND_CAFES,151000.0,144000.0,1258.1429164457882
9171010000,10165803000,frankie&bennys,2020,Coventry,RETAIL_OTHER_SUPERSTORES_AND_WAREHOUSES,103000.0,111000.0,1145.2109719039468
9171010000,8812185000,frankie&bennys,2020,Coventry,RETAIL_OTHER_SUPERSTORES_AND_WAREHOUSES,103000.0,111000.0,3813.481704606641
9171010000,3088189000,frankie&bennys,2020,Coventry,RETAIL_OTHER_SUPERSTORES_AND_WAREHOUSES,103000.0,112000.0,450.41665996670645
9185280000,10829704000,toys r us,2018,Peterborough,RETAIL_HIGH_STREET,105000.0,47000.0,1608.5907802273732
9185280000,14555858000,toys r us,2018,Peterborough,RETAIL_HIGH_STREET,105000.0,45750.0,2619.585815625732
9185280000,8011000000,toys r us,2018,Peterborough,RETAIL_HIGH_STREET,105000.0,45750.0,982.9413594604385
9197192000,102749163,paperchase,2023,South Oxfordshire,RETAIL_HIGH_STREET,71500.0,65500.0,23825.63192381972
9197192000,102752163,paperchase,2023,South Oxfordshire,RETAIL_HIGH_STREET,71500.0,61500.0,23825.63192381972
9197192000,179348163,paperchase,2023,South Oxfordshire,RETAIL_HIGH_STREET,71500.0,57000.0,8016.1567495636555
9197193000,159854163,paperchase,2023,South Oxfordshire,OTHER_COMMERCIAL,0.0,0.0,7961.186699635893
9197193000,5799799000,paperchase,2023,South Oxfordshire,OTHER_COMMERCIAL,0.0,0.0,5210.849532120616
9197193000,5809216000,paperchase,2023,South Oxfordshire,OTHER_COMMERCIAL,0.0,0.0,22823.81780294984
9206800000,5650902000,prezzo,2018,Milton Keynes,RETAIL_RESTAURANTS_AND_CAFES,98000.0,96000.0,1622.668204174114
9206800000,9235853000,prezzo,2018,Milton Keynes,RETAIL_RESTAURANTS_AND_CAFES,98000.0,90000.0,990.9779702076366
9206800000,7837529000,prezzo,2018,Milton Keynes,RETAIL_RESTAURANTS_AND_CAFES,98000.0,89000.0,1992.0470580205065
9209155000,4200017,arcadia,2020,Watford,RETAIL_HIGH_STREET,10000.0,10000.0,950.1428894647042
9209155000,7627049000,arcadia,2020,Watford,RETAIL_HIGH_STREET,10000.0,10000.0,630.380793627111
9209155000,93818000,arcadia,2020,Watford,RETAIL_HIGH_STREET,10000.0,10000.0,740.8512812207396
9224052000,345121162,arcadia,2020,Buckinghamshire,RETAIL_HIGH_STREET,123000.0,64000.0,554.2302011791381
9224052000,210860162,arcadia,2020,Buckinghamshire,RETAIL_HIGH_STREET,123000.0,63500.0,7865.658872117359
9224052000,8791210000,arcadia,2020,Buckinghamshire,RETAIL_HIGH_STREET,123000.0,54000.0,7395.7171495133
9224706000,258187013,prezzo,2018,North Hertfordshire,RETAIL_RESTAURANTS_AND_CAFES,47750.0,47750.0,1561.0348852752236
9224706000,192185013,prezzo,2018,North Hertfordshire,RETAIL_RESTAURANTS_AND_CAFES,47750.0,46750.0,2987.0657419462736
9224706000,81284013,prezzo,2018,North Hertfordshire,RETAIL_RESTAURANTS_AND_CAFES,47750.0,48750.0,9909.50075132289
9227997000,603098036,poundworld,2018,Norwich,RETAIL_HIGH_STREET,150000.0,33250.0,1992.8013176527536
9227997000,11219600000,poundworld,2018,Norwich,RETAIL_HIGH_STREET,150000.0,31250.0,1992.8013176527536
9227997000,8928352000,poundworld,2018,Norwich,RETAIL_HIGH_STREET,150000.0,31000.0,771.817077399644
9243712000,13257419000,mothercare,2019,Peterborough,RETAIL_HIGH_STREET,287500.0,45000.0,3374.322439121687
9243712000,7146305000,mothercare,2019,Peterborough,RETAIL_HIGH_STREET,287500.0,45000.0,3374.322439121687
9243712000,7192369000,mothercare,2019,Peterborough,RETAIL_HIGH_STREET,287500.0,44750.0,3374.322439121687
9245557000,8638194000,arcadia,2020,Derby,RETAIL_HIGH_STREET,337500.0,277500.0,729.6440833222192
9245557000,14053604000,arcadia,2020,Derby,RETAIL_HIGH_STREET,337500.0,255000.0,665.544903203789
9245557000,217131042,arcadia,2020,Derby,RETAIL_HIGH_STREET,337500.0,235000.0,592.244211755987
9245925000,3385734000,paperchase,2023,Derby,RETAIL_HIGH_STREET,73000.0,36500.0,2335.319373073303
9245925000,10781971000,paperchase,2023,Derby,RETAIL_HIGH_STREET,73000.0,35500.0,588.7705524446783
9245925000,11712925000,paperchase,2023,Derby,RETAIL_HIGH_STREET,73000.0,35000.0,4516.678045177896
9245935000,14997435000,body shop,2024,Derby,RETAIL_HIGH_STREET,73500.0,34250.0,4616.593568916003
9245935000,6282241000,body shop,2024,Derby,RETAIL_HIGH_STREET,73500.0,33750.0,2484.0239429012286
9245935000,218469042,body shop,2024,Derby,RETAIL_HIGH_STREET,73500.0,33750.0,3237.184372660606
9246023000,14987070000,byron,2020,Derby,RETAIL_RESTAURANTS_AND_CAFES,112000.0,111000.0,1699.59423379363
9246023000,9754595000,byron,2020,Derby,RETAIL_RESTAURANTS_AND_CAFES,112000.0,110000.0,737.5414078340527
9246023000,11290532000,byron,2020,Derby,RETAIL_RESTAURANTS_AND_CAFES,112000.0,109000.0,651.6380556931218
9246037000,2854855000,cath kidston,2020,Derby,RETAIL_HIGH_STREET,73000.0,32500.0,2335.319373073303
9246037000,8659180000,cath kidston,2020,Derby,RETAIL_HIGH_STREET,73000.0,31750.0,2439.2849040920823
9246037000,223807042,cath kidston,2020,Derby,RETAIL_HIGH_STREET,73000.0,30750.0,2352.319621594004
9246120000,12782349000,arcadia,2020,Derby,RETAIL_HIGH_STREET,262500.0,30750.0,2543.194599373972
9246120000,464464042,arcadia,2020,Derby,RETAIL_HIGH_STREET,262500.0,30000.0,4747.148378382868
9246120000,14231712000,arcadia,2020,Derby,RETAIL_HIGH_STREET,262500.0,29750.0,2928.2677820583694
9246186000,5247722000,poundworld,2018,Derby,RETAIL_HIGH_STREET,144000.0,29250.0,1098.4539253994826
9246186000,4486983000,poundworld,2018,Derby,RETAIL_HIGH_STREET,144000.0,29000.0,950.2514966019969
9246186000,8547155000,poundworld,2018,Derby,RETAIL_HIGH_STREET,144000.0,27750.0,4616.593568916003
9263090000,15972052,paperchase,2023,City of London,RETAIL_HIGH_STREET,37750.0,28500.0,560.8002064434564
9263090000,53827052,paperchase,2023,City of London,RETAIL_HIGH_STREET,37750.0,27500.0,542.4551256801593
9263090000,39755052,paperchase,2023,City of London,RETAIL_HIGH_STREET,37750.0,24750.0,473.3324104294217
9266278000,1279964000,debenhams,2020,Stockton-on-Tees,RETAIL_OTHER_SUPERSTORES_AND_WAREHOUSES,427500.0,424500.0,2294.3499495066835
9266278000,7206950000,debenhams,2020,Stockton-on-Tees,RETAIL_OTHER_SUPERSTORES_AND_WAREHOUSES,427500.0,400000.0,2294.3499495066835
9266278000,14206896000,debenhams,2020,Stockton-on-Tees,RETAIL_OTHER_SUPERSTORES_AND_WAREHOUSES,427500.0,392500.0,2266.7591006098023
9269620000,3397980000,arcadia,2020,Stockton-on-Tees,RETAIL_HIGH_STREET,38500.0,38500.0,2366.90806251409
9269620000,8278145000,arcadia,2020,Stockton-on-Tees,RETAIL_HIGH_STREET,38500.0,38250.0,6907.897168344648
9269620000,13552787000,arcadia,2020,Stockton-on-Tees,RETAIL_HIGH_STREET,38500.0,38000.0,2104.5523988232744
9274931000,206401239,frankie&bennys,2020,Dudley,RETAIL_RESTAURANTS_AND_CAFES,68000.0,61500.0,1247.526145812784
9274931000,243363239,frankie&bennys,2020,Dudley,RETAIL_RESTAURANTS_AND_CAFES,68000.0,60000.0,632.2833194206407
9274931000,193333000,frankie&bennys,2020,Dudley,RETAIL_RESTAURANTS_AND_CAFES,68000.0,76000.0,3401.985613589776
9278159000,7321101000,frankie&bennys,2020,Leicester,RETAIL_RESTAURANTS_AND_CAFES,84500.0,91000.0,433.2061707843605
9278159000,4161953000,frankie&bennys,2020,Leicester,RETAIL_RESTAURANTS_AND_CAFES,84500.0,91500.0,632.9399998719442
9278159000,266008044,frankie&bennys,2020,Leicester,RETAIL_RESTAURANTS_AND_CAFES,84500.0,95500.0,1334.7497784765333
9278250000,9278181000,prezzo,2018,York,RETAIL_RESTAURANTS_AND_CAFES,106000.0,120000.0,654.9399129496356
9278250000,6491592000,prezzo,2018,York,RETAIL_RESTAURANTS_AND_CAFES,106000.0,126000.0,1732.9973875855937
9278250000,9659279000,prezzo,2018,York,RETAIL_RESTAURANTS_AND_CAFES,106000.0,85000.0,2709.979259615566
9279292000,15017337000,prezzo,2018,York,RETAIL_RESTAURANTS_AND_CAFES,76500.0,76500.0,5102.6281744388725
9279292000,415839108,prezzo,2018,York,RETAIL_RESTAURANTS_AND_CAFES,76500.0,80000.0,5870.215414617385
9279292000,9278288000,prezzo,2018,York,RETAIL_RESTAURANTS_AND_CAFES,76500.0,82500.0,654.9399129496356
9281148000,3704601000,paperchase,2023,City of London,RETAIL_HIGH_STREET,120000.0,24500.0,463.03258541852915
9281148000,39756052,paperchase,2023,City of London,RETAIL_HIGH_STREET,120000.0,24000.0,473.3324104294217
9281148000,46878052,paperchase,2023,City of London,RETAIL_HIGH_STREET,120000.0,23000.0,471.29320916961365
9335454000,5930610000,arcadia,2020,Milton Keynes,OFFICE_GENERAL,5500.0,5500.0,2535.969069857523
9335454000,6708602000,arcadia,2020,Milton Keynes,OFFICE_GENERAL,5500.0,5500.0,16397.30845779847
9335454000,9543219000,arcadia,2020,Milton Keynes,OFFICE_GENERAL,5500.0,5500.0,1420.882783456546
9335462000,7766524000,arcadia,2020,Milton Keynes,OFFICE_GENERAL,3200.0,3200.0,998.9275434226703
9335462000,9305940000,arcadia,2020,Milton Keynes,OFFICE_GENERAL,3200.0,3200.0,619.411180326279
9335462000,12912611000,arcadia,2020,Milton Keynes,OFFICE_GENERAL,3200.0,3200.0,2048.243602242066
9338405000,10827482000,homebase,2024,Birmingham,RETAIL_OTHER_SUPERSTORES_AND_WAREHOUSES,660000.0,670000.0,589.9481455378752
9338405000,2101136000,homebase,2024,Birmingham,RETAIL_OTHER_SUPERSTORES_AND_WAREHOUSES,660000.0,595000.0,1265.9320582035625
9338405000,15050078000,homebase,2024,Birmingham,RETAIL_OTHER_SUPERSTORES_AND_WAREHOUSES,660000.0,575000.0,1900.0882509593546
9342739000,9377117000,arcadia,2020,Milton Keynes,OFFICE_GENERAL,1400.0,1400.0,619.411180326279
9342739000,10153974000,arcadia,2020,Milton Keynes,OFFICE_GENERAL,1400.0,1400.0,5032.143132842904
9342739000,7227645000,arcadia,2020,Milton Keynes,OFFICE_GENERAL,1400.0,1400.0,1193.1704514260261
9355153000,9343268000,paperchase,2023,Swindon,RETAIL_HIGH_STREET,47750.0,48000.0,3104.9155765725072
9355153000,11870402000,paperchase,2023,Swindon,RETAIL_HIGH_STREET,47750.0,48250.0,3871.196142666126
9355153000,11870401000,paperchase,2023,Swindon,RETAIL_HIGH_STREET,47750.0,48500.0,3871.196142666126
9366627000,3815902000,arcadia,2020,North Hertfordshire,OFFICE_GENERAL,10250.0,10250.0,1531.5983913595344
9366627000,8879122000,arcadia,2020,North Hertfordshire,OFFICE_GENERAL,10250.0,10250.0,15735.979918111547
9366627000,3608286000,arcadia,2020,North Hertfordshire,OFFICE_GENERAL,10250.0,10250.0,4465.731534987959
9375193000,108924124,wilko,2023,Cumberland,RETAIL_OTHER_SUPERSTORES_AND_WAREHOUSES,96500.0,96500.0,3383.417106149259
9375193000,110568124,wilko,2023,Cumberland,RETAIL_OTHER_SUPERSTORES_AND_WAREHOUSES,96500.0,96000.0,3292.7001307361784
9375193000,13563296000,wilko,2023,Cumberland,RETAIL_OTHER_SUPERSTORES_AND_WAREHOUSES,96500.0,96000.0,3292.7001307361784
9375198000,7435514000,wilko,2023,Cumberland,RETAIL_OTHER_SUPERSTORES_AND_WAREHOUSES,192000.0,186000.0,2268.874153303909
9375198000,13570467000,wilko,2023,Cumberland,RETAIL_OTHER_SUPERSTORES_AND_WAREHOUSES,192000.0,183000.0,2146.3767490998475
9375198000,101855124,wilko,2023,Cumberland,RETAIL_OTHER_SUPERSTORES_AND_WAREHOUSES,192000.0,202000.0,3383.417106149259
9393042000,2353483000,byron,2020,Tower Hamlets,RETAIL_RESTAURANTS_AND_CAFES,30750.0,31000.0,969.2243624829074
9393042000,13261221000,byron,2020,Tower Hamlets,RETAIL_RESTAURANTS_AND_CAFES,30750.0,31000.0,1723.5779621080483
9393042000,163831058,byron,2020,Tower Hamlets,RETAIL_RESTAURANTS_AND_CAFES,30750.0,31250.0,725.3046381045353
9399496000,10073925000,wilko,2023,Nottingham,RETAIL_OTHER_SUPERSTORES_AND_WAREHOUSES,235000.0,236000.0,1212.7480608327837
9399496000,13979448000,wilko,2023,Nottingham,RETAIL_OTHER_SUPERSTORES_AND_WAREHOUSES,235000.0,237000.0,2210.59339689374
9399496000,9848591000,wilko,2023,Nottingham,RETAIL_OTHER_SUPERSTORES_AND_WAREHOUSES,235000.0,238000.0,3047.2703571275183
9447630000,11357273000,body shop,2024,South Oxfordshire,OFFICE_GENERAL,4800.0,4800.0,17789.545023149127
9447630000,183108163,body shop,2024,South Oxfordshire,OFFICE_GENERAL,4800.0,4750.0,1035.8792860542105
9447630000,183315163,body shop,2024,South Oxfordshire,OFFICE_GENERAL,4800.0,4750.0,14043.68853298187
9458419000,12356695000,prezzo,2018,Telford and Wrekin,RETAIL_RESTAURANTS_AND_CAFES,121000.0,121000.0,515.8934034764013
9458419000,11806180000,prezzo,2018,Telford and Wrekin,RETAIL_RESTAURANTS_AND_CAFES,121000.0,121000.0,515.8934034764013
9458419000,14057437000,prezzo,2018,Telford and Wrekin,RETAIL_RESTAURANTS_AND_CAFES,121000.0,119000.0,441.6197474299782
9472988000,191457237,homebase,2024,Warwick,RETAIL_OTHER_SUPERSTORES_AND_WAREHOUSES,390000.0,168000.0,1377.1106634276855
9472988000,4317311000,homebase,2024,Warwick,RETAIL_OTHER_SUPERSTORES_AND_WAREHOUSES,390000.0,129000.0,554.3945246829093
9472988000,3399396000,homebase,2024,Warwick,RETAIL_OTHER_SUPERSTORES_AND_WAREHOUSES,390000.0,69000.0,2367.3604106331577
9482560000,121124082,cath kidston,2020,Hammersmith and Fulham,RETAIL_HIGH_STREET,0.0,0.0,441.84344878981506
9482560000,222257082,cath kidston,2020,Hammersmith and Fulham,RETAIL_HIGH_STREET,0.0,0.0,1141.9034744952517
9482560000,112537082,cath kidston,2020,Hammersmith and Fulham,RETAIL_HIGH_STREET,0.0,0.0,623.3279902565743
9482926000,7678838000,arcadia,2020,Lincoln,RETAIL_HIGH_STREET,107000.0,25500.0,4015.759919668775
9482926000,9454361000,arcadia,2020,Lincoln,RETAIL_HIGH_STREET,107000.0,24500.0,2020.7876157471023
9482926000,7951086000,arcadia,2020,Lincoln,RETAIL_HIGH_STREET,107000.0,24500.0,763.2800782158155
9495647000,14975083000,chiquito,2020,Colchester,RETAIL_RESTAURANTS_AND_CAFES,104000.0,105000.0,3944.7701187193434
9495647000,14537927000,chiquito,2020,Colchester,RETAIL_RESTAURANTS_AND_CAFES,104000.0,105000.0,3944.7701187193434
9495647000,14388693000,chiquito,2020,Colchester,RETAIL_RESTAURANTS_AND_CAFES,104000.0,102000.0,3944.7701187193434
9498016000,3893084000,maplin,2018,Chelmsford,INDUSTRIAL_GENERAL,48250.0,48250.0,2008.3487134638644
9498016000,8398446000,maplin,2018,Chelmsford,INDUSTRIAL_GENERAL,48250.0,48000.0,13515.938832153972
9498016000,12403810000,maplin,2018,Chelmsford,INDUSTRIAL_GENERAL,48250.0,48000.0,1820.777711087203
9498975000,12393908000,poundworld,2018,Buckinghamshire,RETAIL_HIGH_STREET,179000.0,54000.0,3230.9641671126606
9498975000,9103182000,poundworld,2018,Buckinghamshire,RETAIL_HIGH_STREET,179000.0,53000.0,7561.356354072576
9498975000,7225869000,poundworld,2018,Buckinghamshire,RETAIL_HIGH_STREET,179000.0,53000.0,7739.570965060601
9522011000,11243685000,arcadia,2020,Birmingham,RETAIL_HIGH_STREET,158000.0,80000.0,2744.5992087674986
9522011000,14417844000,arcadia,2020,Birmingham,RETAIL_HIGH_STREET,158000.0,79500.0,668.5969758503402
9522011000,10980250000,arcadia,2020,Birmingham,RETAIL_HIGH_STREET,158000.0,79000.0,1170.1979644908984
9523503000,13936980000,wilko,2023,"Bristol, City of",RETAIL_OTHER_SUPERSTORES_AND_WAREHOUSES,317500.0,292500.0,928.9981188708332
9523503000,338321212,wilko,2023,"Bristol, City of",RETAIL_OTHER_SUPERSTORES_AND_WAREHOUSES,317500.0,290000.0,1755.318114829307
9523503000,11942440000,wilko,2023,"Bristol, City of",RETAIL_OTHER_SUPERSTORES_AND_WAREHOUSES,317500.0,290000.0,2823.00167384807
9527367000,159999192,poundworld,2018,Cardiff,RETAIL_HIGH_STREET,395000.0,63000.0,1131.9564214968143
9527367000,10902947000,poundworld,2018,Cardiff,RETAIL_HIGH_STREET,395000.0,62500.0,440.5745044155586
9527367000,14094858000,poundworld,2018,Cardiff,RETAIL_HIGH_STREET,395000.0,61000.0,934.0715197070633
9535316000,31542045,debenhams,2020,West Northamptonshire,WAREHOUSE_AND_DISTRIBUTION,113000.0,96000.0,1157.194302585171
9535316000,266364045,debenhams,2020,West Northamptonshire,WAREHOUSE_AND_DISTRIBUTION,113000.0,62000.0,2529.9836282931437
9535316000,1586328000,debenhams,2020,West Northamptonshire,WAREHOUSE_AND_DISTRIBUTION,113000.0,49250.0,1125.2893916401824
9539814000,2233723000,prezzo,2018,Milton Keynes,RETAIL_RESTAURANTS_AND_CAFES,121000.0,124600.0,2185.114639655666
9539814000,12175320000,prezzo,2018,Milton Keynes,RETAIL_RESTAURANTS_AND_CAFES,121000.0,117000.0,2248.9754054958044
9539814000,13620885000,prezzo,2018,Milton Keynes,RETAIL_RESTAURANTS_AND_CAFES,121000.0,116000.0,2779.9185641702284
9545574000,7678956000,prezzo,2018,Milton Keynes,RETAIL_RESTAURANTS_AND_CAFES,104000.0,109000.0,1938.9977507658311
9545574000,7433114000,prezzo,2018,Milton Keynes,RETAIL_RESTAURANTS_AND_CAFES,104000.0,114000.0,1985.3166763332065
9545574000,70206162,prezzo,2018,Milton Keynes,RETAIL_RESTAURANTS_AND_CAFES,104000.0,115000.0,2087.600833880853
9550210000,6819160000,poundworld,2018,Leeds,RETAIL_HIGH_STREET,49500.0,45250.0,3671.732907757611
9550210000,8788532000,poundworld,2018,Leeds,RETAIL_HIGH_STREET,49500.0,45000.0,13077.205491076145
9550210000,5623355000,poundworld,2018,Leeds,RETAIL_HIGH_STREET,49500.0,44750.0,2646.7979066083426
9554182000,203937105,homebase,2024,North Yorkshire,RETAIL_OTHER_SUPERSTORES_AND_WAREHOUSES,635000.0,625000.0,39738.03701339693
9554182000,6548521000,homebase,2024,North Yorkshire,RETAIL_OTHER_SUPERSTORES_AND_WAREHOUSES,635000.0,570000.0,15961.136479944082
9554182000,14691646000,homebase,2024,North Yorkshire,RETAIL_OTHER_SUPERSTORES_AND_WAREHOUSES,635000.0,565000.0,15912.372454777153
9559025000,934901000,arcadia,2020,Brighton and Hove,RETAIL_OTHER_SUPERSTORES_AND_WAREHOUSES,450000.0,432500.0,3801.9837558333124
9559025000,3946953000,arcadia,2020,Brighton and Hove,RETAIL_OTHER_SUPERSTORES_AND_WAREHOUSES,450000.0,427500.0,2568.168918784669
9559025000,9599834000,arcadia,2020,Brighton and Hove,RETAIL_OTHER_SUPERSTORES_AND_WAREHOUSES,450000.0,407500.0,1067.3799701573114
9559034000,1477774000,arcadia,2020,North Yorkshire,RETAIL_HIGH_STREET,54000.0,54000.0,43974.6245739795
9559034000,931126000,arcadia,2020,North Yorkshire,RETAIL_HIGH_STREET,54000.0,54000.0,47301.022489355426
9559034000,78060105,arcadia,2020,North Yorkshire,RETAIL_HIGH_STREET,54000.0,53500.0,39177.5508766738
9562018000,338688212,arcadia,2020,"Bristol, City of",INDUSTRIAL_GENERAL,17750.0,17750.0,1925.1970308566927
9562018000,10106868000,arcadia,2020,"Bristol, City of",INDUSTRIAL_GENERAL,17750.0,17750.0,1925.1970308566927
9562018000,9562018000,arcadia,2020,"Bristol, City of",INDUSTRIAL_GENERAL,17750.0,17750.0,671.3994097320289
9563011000,31821148,wilko,2023,Maidstone,RETAIL_HIGH_STREET,1775.0,1775.0,1763.744556831544
9563011000,8901555000,wilko,2023,Maidstone,RETAIL_HIGH_STREET,1775.0,1750.0,1598.0311409116428
9563011000,199749148,wilko,2023,Maidstone,RETAIL_HIGH_STREET,1775.0,1800.0,7045.852956626042
9566825000,6989757000,maplin,2018,Birmingham,RETAIL_OTHER_SUPERSTORES_AND_WAREHOUSES,87500.0,90000.0,1496.6708839699727
9566825000,2667756000,maplin,2018,Birmingham,RETAIL_OTHER_SUPERSTORES_AND_WAREHOUSES,87500.0,90000.0,2094.3223920406685
9566825000,10800257000,maplin,2018,Birmingham,RETAIL_OTHER_SUPERSTORES_AND_WAREHOUSES,87500.0,84500.0,1170.1979644908984
9590396000,15034811000,arcadia,2020,Reading,RETAIL_HIGH_STREET,505000.0,29000.0,539.0802753209878
9590396000,45776165,arcadia,2020,Reading,RETAIL_HIGH_STREET,505000.0,28750.0,1257.0782465284353
9590396000,195637165,arcadia,2020,Reading,RETAIL_HIGH_STREET,505000.0,28750.0,3296.0545462341593
9596832000,15178072,carluccios,2020,Bromley,RETAIL_RESTAURANTS_AND_CAFES,103000.0,103000.0,2290.492705949207
9596832000,234908072,carluccios,2020,Bromley,RETAIL_RESTAURANTS_AND_CAFES,103000.0,100000.0,2931.8752676284576
9596832000,39499072,carluccios,2020,Bromley,RETAIL_RESTAURANTS_AND_CAFES,103000.0,99000.0,2747.5821579953
9596988000,12803543000,thomas cook,2019,Blackpool,RETAIL_HIGH_STREET,31750.0,31750.0,1743.2271843389142
9596988000,45130125,thomas cook,2019,Blackpool,RETAIL_HIGH_STREET,31750.0,31750.0,496.0409881747222
9596988000,5150062000,thomas cook,2019,Blackpool,RETAIL_HIGH_STREET,31750.0,31500.0,1743.2271843389142
9639812000,4676402000,thomas cook,2019,Leeds,OTHER_COMMERCIAL,1.0,1.0,1214.5524114908208
9639812000,6040876000,thomas cook,2019,Leeds,OTHER_COMMERCIAL,1.0,1.0,2425.9472199433408
9639812000,5920839000,thomas cook,2019,Leeds,OTHER_COMMERCIAL,1.0,1.0,535.2082558638908
9648252000,10000108000,cath kidston,2020,Tower Hamlets,RETAIL_HIGH_STREET,1225.0,1225.0,552.3831392889792
9648252000,170083058,cath kidston,2020,Tower Hamlets,RETAIL_HIGH_STREET,1225.0,1225.0,2360.8012879809703
9648252000,164627058,cath kidston,2020,Tower Hamlets,RETAIL_HIGH_STREET,1225.0,1225.0,552.3831392889792
9648265000,262148058,ted baker,2024,Tower Hamlets,RETAIL_HIGH_STREET,1825.0,1800.0,918.3510237031506
9648265000,182604058,ted baker,2024,Tower Hamlets,RETAIL_HIGH_STREET,1825.0,1800.0,918.3510237031506
9648265000,11280746000,ted baker,2024,Tower Hamlets,RETAIL_HIGH_STREET,1825.0,1800.0,652.0187737464682
9651087000,11137596000,prezzo,2018,Swindon,RETAIL_RESTAURANTS_AND_CAFES,87000.0,86500.0,1303.90148191081
9651087000,3123000,prezzo,2018,Swindon,RETAIL_RESTAURANTS_AND_CAFES,87000.0,87500.0,3663.83707420495
9651087000,10934839000,prezzo,2018,Swindon,RETAIL_RESTAURANTS_AND_CAFES,87000.0,86000.0,2293.0802693065507
9652980000,327761037,poundworld,2018,Nottingham,RETAIL_OTHER_SUPERSTORES_AND_WAREHOUSES,244000.0,240000.0,1471.314456994146
9652980000,6722703000,poundworld,2018,Nottingham,RETAIL_OTHER_SUPERSTORES_AND_WAREHOUSES,244000.0,229000.0,2601.298082165364
9652980000,13613602000,poundworld,2018,Nottingham,RETAIL_OTHER_SUPERSTORES_AND_WAREHOUSES,244000.0,260000.0,2038.7010925705554
9657548000,1173444000,arcadia,2020,Tower Hamlets,RETAIL_HIGH_STREET,750.0,750.0,1044.4266784879023
9657548000,168866058,arcadia,2020,Tower Hamlets,RETAIL_HIGH_STREET,750.0,720.0,1559.3241784009101
9657548000,168865058,arcadia,2020,Tower Hamlets,RETAIL_HIGH_STREET,750.0,720.0,1559.3241784009101
9657596000,12642071000,body shop,2024,Tower Hamlets,RETAIL_HIGH_STREET,1625.0,1625.0,958.6556715249268
9657596000,12642070000,body shop,2024,Tower Hamlets,RETAIL_HIGH_STREET,1625.0,1625.0,958.6556715249268
9657596000,11728676000,body shop,2024,Tower Hamlets,RETAIL_HIGH_STREET,1625.0,1600.0,918.3510237031506
9657597000,9225586000,carluccios,2020,Tower Hamlets,RETAIL_HIGH_STREET,1150.0,1150.0,1266.1175715659733
9657597000,12642060000,carluccios,2020,Tower Hamlets,RETAIL_HIGH_STREET,1150.0,1150.0,958.6556715249268
9657597000,229261058,carluccios,2020,Tower Hamlets,RETAIL_HIGH_STREET,1150.0,1125.0,836.9282863610431
9661202000,142868032,body shop,2024,Lincoln,RETAIL_HIGH_STREET,45000.0,24500.0,601.3463196481905
9661202000,4888712000,body shop,2024,Lincoln,RETAIL_HIGH_STREET,45000.0,22500.0,638.3819721024537
9661202000,1028630000,body shop,2024,Lincoln,RETAIL_HIGH_STREET,45000.0,22250.0,549.7612720366521
9680638000,5706919000,poundworld,2018,Southampton,RETAIL_HIGH_STREET,135000.0,48000.0,625.248179113044
9680638000,9742350000,poundworld,2018,Southampton,RETAIL_HIGH_STREET,135000.0,47250.0,458.5781377080792
9680638000,198053176,poundworld,2018,Southampton,RETAIL_HIGH_STREET,135000.0,47000.0,3022.436310000427
9680640000,199005176,poundworld,2018,Southampton,RETAIL_HIGH_STREET,13500.0,13500.0,657.7169826275689
9680640000,58929176,poundworld,2018,Southampton,RETAIL_HIGH_STREET,13500.0,13500.0,2362.3780468621467
9680640000,66003176,poundworld,2018,Southampton,RETAIL_HIGH_STREET,13500.0,13500.0,1033.0915323265276
9684276000,10197635000,arcadia,2020,Birmingham,LEISURE_AMUSEMENT_AND_ENTERTAINMENT_CENTRES,30750.0,30000.0,849.1185637226416
9684276000,12490956000,arcadia,2020,Birmingham,LEISURE_AMUSEMENT_AND_ENTERTAINMENT_CENTRES,30750.0,33000.0,1086.3159767861896
9684276000,9687147000,arcadia,2020,Birmingham,LEISURE_AMUSEMENT_AND_ENTERTAINMENT_CENTRES,30750.0,27750.0,1327.541757863533
9684675000,9193239000,paperchase,2023,Tower Hamlets,RETAIL_HIGH_STREET,43000.0,43000.0,1409.8756161643062
9684675000,336447000,paperchase,2023,Tower Hamlets,RETAIL_HIGH_STREET,43000.0,43000.0,779.1316258195037
9684675000,784295000,paperchase,2023,Tower Hamlets,RETAIL_HIGH_STREET,43000.0,43000.0,968.6112362843921
9687444000,9330570000,debenhams,2020,Cheshire West and Chester,RETAIL_OTHER_SUPERSTORES_AND_WAREHOUSES,780000.0,915000.0,5910.492565543568
9687444000,15071763000,debenhams,2020,Cheshire West and Chester,RETAIL_OTHER_SUPERSTORES_AND_WAREHOUSES,780000.0,925000.0,5910.492565543568
9687444000,322180133,debenhams,2020,Cheshire West and Chester,RETAIL_OTHER_SUPERSTORES_AND_WAREHOUSES,780000.0,477500.0,11018.03374764076
9692633000,564309032,carluccios,2020,Lincoln,RETAIL_RESTAURANTS_AND_CAFES,122000.0,95500.0,947.0846526794526
9692633000,562340032,carluccios,2020,Lincoln,RETAIL_RESTAURANTS_AND_CAFES,122000.0,94000.0,3113.8729404826763
9692633000,556355032,carluccios,2020,Lincoln,RETAIL_RESTAURANTS_AND_CAFES,122000.0,90000.0,2901.3881286713877
9696057000,13857275000,body shop,2024,Coventry,INDUSTRIAL_LIGHT,30750.0,31000.0,1176.424247748548
9696057000,11733327000,body shop,2024,Coventry,INDUSTRIAL_LIGHT,30750.0,30250.0,2948.166648385843
9696057000,9411733000,body shop,2024,Coventry,INDUSTRIAL_LIGHT,30750.0,30250.0,3166.23461595528
9702810000,309103108,ted baker,2024,York,RETAIL_HIGH_STREET,53000.0,27500.0,3242.8731079167437
9702810000,231962108,ted baker,2024,York,RETAIL_HIGH_STREET,53000.0,27500.0,2577.348411872708
9702810000,1929376000,ted baker,2024,York,RETAIL_HIGH_STREET,53000.0,27250.0,2698.853986909453
9703767000,8497631000,frankie&bennys,2020,County Durham,RETAIL_OTHER_SUPERSTORES_AND_WAREHOUSES,97500.0,92000.0,8656.568677874855
9703767000,1527115000,frankie&bennys,2020,County Durham,RETAIL_OTHER_SUPERSTORES_AND_WAREHOUSES,97500.0,90500.0,9153.724719553931
9703767000,7825333000,frankie&bennys,2020,County Durham,RETAIL_OTHER_SUPERSTORES_AND_WAREHOUSES,97500.0,90000.0,2357.668329461336
9715970000,5789782000,wilko,2023,Birmingham,RETAIL_OTHER_SUPERSTORES_AND_WAREHOUSES,186000.0,185000.0,2540.5635130495148
9715970000,429576221,wilko,2023,Birmingham,RETAIL_OTHER_SUPERSTORES_AND_WAREHOUSES,186000.0,184000.0,460.84219072565566
9715970000,11556047000,wilko,2023,Birmingham,RETAIL_OTHER_SUPERSTORES_AND_WAREHOUSES,186000.0,181000.0,2009.3796395493541
9720507000,14980716000,poundworld,2018,Canterbury,RETAIL_HIGH_STREET,280000.0,290000.0,1329.8658203152659
9720507000,11449742000,poundworld,2018,Canterbury,RETAIL_HIGH_STREET,280000.0,46000.0,9408.030371705383
9720507000,289123145,poundworld,2018,Canterbury,RETAIL_HIGH_STREET,280000.0,46000.0,9637.950287823927
9727374000,11414001000,arcadia,2020,Ashford,OTHER_PUBLIC,18250.0,18250.0,2319.472330877408
9727374000,10589211000,arcadia,2020,Ashford,OTHER_PUBLIC,18250.0,18000.0,1517.9970746879033
9727374000,527682145,arcadia,2020,Ashford,OTHER_PUBLIC,18250.0,17750.0,477.8120986095665
9748232000,4329147,poundworld,2018,Dartford,RETAIL_HIGH_STREET,34500.0,23750.0,1247.658817350923
9748232000,168097147,poundworld,2018,Dartford,RETAIL_HIGH_STREET,34500.0,23750.0,2228.9855687356517
9748232000,859794000,poundworld,2018,Dartford,RETAIL_HIGH_STREET,34500.0,22250.0,4897.1195896493855
9761716000,9866404000,maplin,2018,Leicester,RETAIL_OTHER_SUPERSTORES_AND_WAREHOUSES,92000.0,91500.0,1491.3654581874746
9761716000,3905913000,maplin,2018,Leicester,RETAIL_OTHER_SUPERSTORES_AND_WAREHOUSES,92000.0,88500.0,1213.187222483535
9761716000,1079415000,maplin,2018,Leicester,RETAIL_OTHER_SUPERSTORES_AND_WAREHOUSES,92000.0,88000.0,1419.73288636158
9769428000,281962133,ted baker,2024,Cheshire West and Chester,RETAIL_HIGH_STREET,120000.0,21250.0,14958.92415701309
9769428000,8024804000,ted baker,2024,Cheshire West and Chester,RETAIL_HIGH_STREET,120000.0,21250.0,415.8276947109778
9769428000,12929747000,ted baker,2024,Cheshire West and Chester,RETAIL_HIGH_STREET,120000.0,21250.0,800.6069632938954
9771027000,4684820000,maplin,2018,Nottingham,RETAIL_OTHER_SUPERSTORES_AND_WAREHOUSES,64000.0,62500.0,1254.6369785364402
9771027000,5157053000,maplin,2018,Nottingham,RETAIL_OTHER_SUPERSTORES_AND_WAREHOUSES,64000.0,62500.0,2178.0895770461334
9771027000,7668202000,maplin,2018,Nottingham,RETAIL_OTHER_SUPERSTORES_AND_WAREHOUSES,64000.0,66000.0,2178.0895770461334
9778038000,8007313000,poundworld,2018,County Durham,RETAIL_HIGH_STREET,40250.0,40000.0,6271.43152240721
9778038000,137068104,poundworld,2018,County Durham,RETAIL_HIGH_STREET,40250.0,39750.0,8890.997307805499
9778038000,7118885000,poundworld,2018,County Durham,RETAIL_HIGH_STREET,40250.0,39500.0,445.10984531814745
9784464000,192210105,wilko,2023,North Yorkshire,RETAIL_OTHER_SUPERSTORES_AND_WAREHOUSES,265000.0,265000.0,5833.285240765238
9784464000,12483348000,wilko,2023,North Yorkshire,RETAIL_OTHER_SUPERSTORES_AND_WAREHOUSES,265000.0,265000.0,24518.571249787237
9784464000,13854938000,wilko,2023,North Yorkshire,RETAIL_OTHER_SUPERSTORES_AND_WAREHOUSES,265000.0,257500.0,44138.119655991555
9792872000,10661049000,poundworld,2018,Brighton and Hove,RETAIL_HIGH_STREET,67000.0,36250.0,2760.1088681132464
9792872000,369655141,poundworld,2018,Brighton and Hove,RETAIL_HIGH_STREET,67000.0,36250.0,794.2696607755249
9792872000,4111895000,poundworld,2018,Brighton and Hove,RETAIL_HIGH_STREET,67000.0,36000.0,746.494331475872
9800012000,4916633000,arcadia,2020,York,RETAIL_HIGH_STREET,218000.0,27250.0,3504.0795076324084
9800012000,8916097000,arcadia,2020,York,RETAIL_HIGH_STREET,218000.0,27000.0,481.8930253689242
9800012000,192428108,arcadia,2020,York,RETAIL_HIGH_STREET,218000.0,27000.0,2577.348411872708
9820150000,14546264000,arcadia,2020,Central Bedfordshire,RETAIL_OTHER_SUPERSTORES_AND_WAREHOUSES,171000.0,169000.0,1837.3232475595712
9820150000,11147467000,arcadia,2020,Central Bedfordshire,RETAIL_OTHER_SUPERSTORES_AND_WAREHOUSES,171000.0,164000.0,19511.112040982065
9820150000,10777070000,arcadia,2020,Central Bedfordshire,RETAIL_OTHER_SUPERSTORES_AND_WAREHOUSES,171000.0,158000.0,4945.283763560528
9834478000,86765045,strada,2018,West Northamptonshire,OFFICE_GENERAL,8400.0,8400.0,12514.33288119918
9834478000,9531891000,strada,2018,West Northamptonshire,OFFICE_GENERAL,8400.0,8400.0,15867.829158505083
9834478000,7413714000,strada,2018,West Northamptonshire,OFFICE_GENERAL,8400.0,8400.0,8334.556730563505
9848644000,14563291000,arcadia,2020,Nottingham,RETAIL_HIGH_STREET,147000.0,27750.0,3187.446138977156
9848644000,9087658000,arcadia,2020,Nottingham,RETAIL_HIGH_STREET,147000.0,27750.0,4454.548528438192
9848644000,11443044000,arcadia,2020,Nottingham,RETAIL_HIGH_STREET,147000.0,27750.0,2623.457993735066
9866913000,12146035000,thomas cook,2019,Leeds,RETAIL_HIGH_STREET,89500.0,44500.0,698.9333102438108
9866913000,1252980000,thomas cook,2019,Leeds,RETAIL_HIGH_STREET,89500.0,44000.0,13026.440081285582
9866913000,73566244,thomas cook,2019,Leeds,RETAIL_HIGH_STREET,89500.0,43500.0,3978.1913349147885
9869453000,13442762000,bhs,2016,Lincoln,RETAIL_OTHER_SUPERSTORES_AND_WAREHOUSES,625000.0,217000.0,2286.779347925456
9869453000,9208093000,bhs,2016,Lincoln,RETAIL_OTHER_SUPERSTORES_AND_WAREHOUSES,625000.0,209000.0,667.2294020706375
9869453000,5521870000,bhs,2016,Lincoln,RETAIL_OTHER_SUPERSTORES_AND_WAREHOUSES,625000.0,204000.0,2286.779347925456
9869455000,2406468000,arcadia,2020,Lincoln,RETAIL_HIGH_STREET,85500.0,21750.0,532.8899257938843
9869455000,4888714000,arcadia,2020,Lincoln,RETAIL_HIGH_STREET,85500.0,21500.0,638.3819721024537
9869455000,9367584000,arcadia,2020,Lincoln,RETAIL_HIGH_STREET,85500.0,21250.0,2020.7876157471023
9882370000,120942045,prezzo,2018,North Northamptonshire,RETAIL_RESTAURANTS_AND_CAFES,38500.0,38250.0,720.3751498379555
9882370000,14672315000,prezzo,2018,North Northamptonshire,RETAIL_RESTAURANTS_AND_CAFES,38500.0,39000.0,2483.6351808245495
9882370000,151556016,prezzo,2018,North Northamptonshire,RETAIL_RESTAURANTS_AND_CAFES,38500.0,39250.0,16128.681353798293
9904483000,718835104,bhs,2016,Darlington,RETAIL_OTHER_SUPERSTORES_AND_WAREHOUSES,317500.0,315000.0,2417.0189979489132
9904483000,14149081000,bhs,2016,Darlington,RETAIL_OTHER_SUPERSTORES_AND_WAREHOUSES,317500.0,335000.0,2298.3487167694634
9904483000,503255104,bhs,2016,Darlington,RETAIL_OTHER_SUPERSTORES_AND_WAREHOUSES,317500.0,290000.0,1054.2041201230509
9907996000,2440158000,mothercare,2019,Rugby,RETAIL_OTHER_SUPERSTORES_AND_WAREHOUSES,133000.0,88500.0,487.1133617718583
9907996000,300140222,mothercare,2019,Rugby,RETAIL_OTHER_SUPERSTORES_AND_WAREHOUSES,133000.0,185000.0,2703.969536948218
9907996000,280728222,mothercare,2019,Rugby,RETAIL_OTHER_SUPERSTORES_AND_WAREHOUSES,133000.0,75500.0,13787.507920803806
9908013000,4176790000,arcadia,2020,Rugby,RETAIL_OTHER_SUPERSTORES_AND_WAREHOUSES,143000.0,252500.0,8474.44875915254
9908013000,11597484000,arcadia,2020,Rugby,RETAIL_OTHER_SUPERSTORES_AND_WAREHOUSES,143000.0,23000.0,409.40355780563675
9908013000,5061869000,arcadia,2020,Rugby,RETAIL_OTHER_SUPERSTORES_AND_WAREHOUSES,143000.0,22500.0,409.40355780563675
9908103000,2451007000,debenhams,2020,Rugby,RETAIL_OTHER_SUPERSTORES_AND_WAREHOUSES,535000.0,18500.0,4878.146599072521
9908103000,6661885000,debenhams,2020,Rugby,RETAIL_OTHER_SUPERSTORES_AND_WAREHOUSES,535000.0,17500.0,13203.412906272499
9908103000,4995438000,debenhams,2020,Rugby,RETAIL_OTHER_SUPERSTORES_AND_WAREHOUSES,535000.0,16500.0,1650.3140276115291
9915588000,9915588000,toys r us,2018,Brighton and Hove,RETAIL_OTHER_SUPERSTORES_AND_WAREHOUSES,685000.0,685000.0,1081.6387608010793
9915588000,337384141,toys r us,2018,Brighton and Hove,RETAIL_OTHER_SUPERSTORES_AND_WAREHOUSES,685000.0,500000.0,1069.9758734489417
9915588000,1421797000,toys r us,2018,Brighton and Hove,RETAIL_OTHER_SUPERSTORES_AND_WAREHOUSES,685000.0,397500.0,1184.777443667619
9931155000,9931155000,arcadia,2020,Watford,OFFICE_GENERAL,3750.0,3750.0,555.2712063746798
9931155000,4415865000,arcadia,2020,Watford,OFFICE_GENERAL,3750.0,3750.0,442.1442820059561
9931155000,4415938000,arcadia,2020,Watford,OFFICE_GENERAL,3750.0,3750.0,442.1442820059561
9941270000,14921334000,prezzo,2018,Cheshire West and Chester,RETAIL_RESTAURANTS_AND_CAFES,68500.0,68500.0,7934.830484578291
9941270000,14572801000,prezzo,2018,Cheshire West and Chester,RETAIL_RESTAURANTS_AND_CAFES,68500.0,68000.0,8051.914191822235
9941270000,14562394000,prezzo,2018,Cheshire West and Chester,RETAIL_RESTAURANTS_AND_CAFES,68500.0,69000.0,10718.648159711416
9952283000,2954422000,poundworld,2018,Preston,RETAIL_OTHER_SUPERSTORES_AND_WAREHOUSES,88000.0,88500.0,1781.1813799519637
9952283000,5564229000,poundworld,2018,Preston,RETAIL_OTHER_SUPERSTORES_AND_WAREHOUSES,88000.0,86000.0,951.095016529041
9952283000,10168743000,poundworld,2018,Preston,RETAIL_OTHER_SUPERSTORES_AND_WAREHOUSES,88000.0,90000.0,993.2806537936948
9958964000,11811142000,arcadia,2020,Gloucester,RETAIL_HIGH_STREET,179000.0,49500.0,4362.058851855134
9958964000,9384083000,arcadia,2020,Gloucester,RETAIL_HIGH_STREET,179000.0,48750.0,866.3455778300311
9958964000,8834006000,arcadia,2020,Gloucester,RETAIL_HIGH_STREET,179000.0,44000.0,4065.8554808154877
9966895000,12054083000,arcadia,2020,North Yorkshire,INDUSTRIAL_GENERAL,6000.0,6000.0,15123.778959605866
9966895000,10901257000,arcadia,2020,North Yorkshire,INDUSTRIAL_GENERAL,6000.0,6000.0,1948.3965787735167
9966895000,1693742000,arcadia,2020,North Yorkshire,INDUSTRIAL_GENERAL,6000.0,6000.0,16021.983025030864
9979997000,247107212,byron,2020,"Bristol, City of",RETAIL_RESTAURANTS_AND_CAFES,62500.0,62000.0,633.4901772851484
9979997000,6046253000,byron,2020,"Bristol, City of",RETAIL_RESTAURANTS_AND_CAFES,62500.0,61000.0,836.4490222072943
9979997000,13729748000,byron,2020,"Bristol, City of",RETAIL_RESTAURANTS_AND_CAFES,62500.0,61000.0,2385.3471996318
9992832000,7823278000,debenhams,2020,East Riding of Yorkshire,RETAIL_OTHER_SUPERSTORES_AND_WAREHOUSES,245000.0,252500.0,10245.245666220584
9992832000,13573326000,debenhams,2020,East Riding of Yorkshire,RETAIL_OTHER_SUPERSTORES_AND_WAREHOUSES,245000.0,235000.0,31418.677911634713
9992832000,6068053000,debenhams,2020,East Riding of Yorkshire,RETAIL_OTHER_SUPERSTORES_AND_WAREHOUSES,245000.0,257500.0,32280.160877841474
10000688000,8956605000,cath kidston,2020,Birmingham,RETAIL_HIGH_STREET,140000.0,77000.0,1804.9355439664603
10000688000,12322932000,cath kidston,2020,Birmingham,RETAIL_HIGH_STREET,140000.0,76500.0,2718.609260597958
10000688000,7851533000,cath kidston,2020,Birmingham,RETAIL_HIGH_STREET,140000.0,75500.0,3988.9819795629546
10004595000,13866649000,arcadia,2020,Birmingham,RETAIL_HIGH_STREET,16750.0,16750.0,2494.9233857958066
10004595000,283233221,arcadia,2020,Birmingham,RETAIL_HIGH_STREET,16750.0,16750.0,1065.2241816660717
10004595000,10949764000,arcadia,2020,Birmingham,RETAIL_HIGH_STREET,16750.0,16750.0,3875.490048328997
10014614000,8455162000,paperchase,2023,Birmingham,RETAIL_HIGH_STREET,156000.0,72500.0,1809.7992179753483
10014614000,2108476000,paperchase,2023,Birmingham,RETAIL_HIGH_STREET,156000.0,71000.0,1763.146534909338
10014614000,8795543000,paperchase,2023,Birmingham,RETAIL_HIGH_STREET,156000.0,70500.0,2031.5604334295863
10032923000,10889326000,arcadia,2020,South Gloucestershire,RETAIL_OTHER_SUPERSTORES_AND_WAREHOUSES,320000.0,325000.0,3699.860834285073
10032923000,202412211,arcadia,2020,South Gloucestershire,RETAIL_OTHER_SUPERSTORES_AND_WAREHOUSES,320000.0,297500.0,1047.8544330749355
10032923000,14760477000,arcadia,2020,South Gloucestershire,RETAIL_OTHER_SUPERSTORES_AND_WAREHOUSES,320000.0,342500.0,3587.1836633195326
10035920000,3388398000,wilko,2023,Milton Keynes,RETAIL_OTHER_SUPERSTORES_AND_WAREHOUSES,535000.0,520000.0,965.8807004660389
10035920000,2230963000,wilko,2023,Milton Keynes,RETAIL_OTHER_SUPERSTORES_AND_WAREHOUSES,535000.0,497500.0,607.9782857055816
10035920000,11709017000,wilko,2023,Milton Keynes,RETAIL_OTHER_SUPERSTORES_AND_WAREHOUSES,535000.0,465000.0,1126.151632104422
10039342000,10039342000,arcadia,2020,Leeds,RETAIL_OTHER_SUPERSTORES_AND_WAREHOUSES,194000.0,194000.0,1582.818620446322
10039342000,10262296000,arcadia,2020,Leeds,RETAIL_OTHER_SUPERSTORES_AND_WAREHOUSES,194000.0,193000.0,581.345363704337
10039342000,396868244,arcadia,2020,Leeds,RETAIL_OTHER_SUPERSTORES_AND_WAREHOUSES,194000.0,195000.0,1984.8447996175667
10043489000,12898272000,prezzo,2018,Rushmoor,RETAIL_RESTAURANTS_AND_CAFES,19000.0,19500.0,580.4657725749291
10043489000,4393051000,prezzo,2018,Rushmoor,RETAIL_RESTAURANTS_AND_CAFES,19000.0,20750.0,1675.1259694400514
10043489000,196381171,prezzo,2018,Rushmoor,RETAIL_RESTAURANTS_AND_CAFES,19000.0,17000.0,751.7162245259217
10044538000,7799195000,wilko,2023,Hammersmith and Fulham,RETAIL_HIGH_STREET,447500.0,114000.0,933.401087897024
10044538000,9182130000,wilko,2023,Hammersmith and Fulham,RETAIL_HIGH_STREET,447500.0,113000.0,1165.0930964453771
10044538000,14435534000,wilko,2023,Hammersmith and Fulham,RETAIL_HIGH_STREET,447500.0,107000.0,1542.7790589008903
10048629000,1289208000,cafe rouge,2020,Birmingham,RETAIL_RESTAURANTS_AND_CAFES,127000.0,125000.0,1626.856893997565
10048629000,450213221,cafe rouge,2020,Birmingham,RETAIL_RESTAURANTS_AND_CAFES,127000.0,130000.0,446.96757339068995
10048629000,9706221,cafe rouge,2020,Birmingham,RETAIL_RESTAURANTS_AND_CAFES,127000.0,130000.0,3437.6881178265985
10057199000,173490192,homebase,2024,Cardiff,RETAIL_OTHER_SUPERSTORES_AND_WAREHOUSES,55500.0,56000.0,1025.0266901025743
10057199000,6301948000,homebase,2024,Cardiff,RETAIL_OTHER_SUPERSTORES_AND_WAREHOUSES,55500.0,54000.0,1025.0266901025743
10057199000,232062192,homebase,2024,Cardiff,RETAIL_OTHER_SUPERSTORES_AND_WAREHOUSES,55500.0,54000.0,4327.229155355443
10073164000,70762241,paperchase,2023,Bradford,RETAIL_HIGH_STREET,5500.0,5500.0,1488.6162124665857
10073164000,120762241,paperchase,2023,Bradford,RETAIL_HIGH_STREET,5500.0,5500.0,7396.800368808757
10073164000,7145028000,paperchase,2023,Bradford,RETAIL_HIGH_STREET,5500.0,5500.0,4709.660375679818
10084180000,1749695000,maplin,2018,Plymouth,RETAIL_HIGH_STREET,170000.0,43000.0,436.1469924478795
10084180000,10782491000,maplin,2018,Plymouth,RETAIL_HIGH_STREET,170000.0,42750.0,3105.882961618075
10084180000,283641184,maplin,2018,Plymouth,RETAIL_HIGH_STREET,170000.0,42000.0,2571.620256488565
10101386000,381680148,homebase,2024,Maidstone,RETAIL_HIGH_STREET,37250.0,32000.0,2825.586606562789
10101386000,39762148,homebase,2024,Maidstone,RETAIL_HIGH_STREET,37250.0,30500.0,2217.479680660944
10101386000,8279598000,homebase,2024,Maidstone,RETAIL_HIGH_STREET,37250.0,28750.0,10338.400942392824
10103599000,11597483000,homebase,2024,Rugby,RETAIL_OTHER_SUPERSTORES_AND_WAREHOUSES,460000.0,13500.0,409.40355780563675
10103599000,9002067000,homebase,2024,Rugby,RETAIL_OTHER_SUPERSTORES_AND_WAREHOUSES,460000.0,13250.0,9610.396640950205
10103599000,11037990000,homebase,2024,Rugby,RETAIL_OTHER_SUPERSTORES_AND_WAREHOUSES,460000.0,13250.0,12165.455274375696
10103934000,3812189000,byron,2020,Canterbury,RETAIL_RESTAURANTS_AND_CAFES,90500.0,81500.0,9186.879002522983
10103934000,155899145,byron,2020,Canterbury,RETAIL_RESTAURANTS_AND_CAFES,90500.0,74500.0,2107.895547573638
10103934000,6047016000,byron,2020,Canterbury,RETAIL_RESTAURANTS_AND_CAFES,90500.0,73000.0,2171.767192554399
10106144000,14093764000,prezzo,2018,South Gloucestershire,RETAIL_RESTAURANTS_AND_CAFES,77500.0,78250.0,5117.797446291001
10106144000,223088211,prezzo,2018,South Gloucestershire,RETAIL_RESTAURANTS_AND_CAFES,77500.0,78500.0,2938.351331993222
10106144000,642723000,prezzo,2018,South Gloucestershire,RETAIL_RESTAURANTS_AND_CAFES,77500.0,78750.0,2060.8133364282166
10106198000,609846000,frankie&bennys,2020,South Gloucestershire,RETAIL_RESTAURANTS_AND_CAFES,73500.0,72500.0,1683.7151994561068
10106198000,6009127000,frankie&bennys,2020,South Gloucestershire,RETAIL_RESTAURANTS_AND_CAFES,73500.0,74500.0,5117.797446291001
10106198000,659647000,frankie&bennys,2020,South Gloucestershire,RETAIL_RESTAURANTS_AND_CAFES,73500.0,74800.0,6022.287665360985
10106841000,11842536000,thomas cook,2019,Manchester,OFFICE_GENERAL,80000.0,79500.0,2106.729806308293
10106841000,5490844000,thomas cook,2019,Manchester,OFFICE_GENERAL,80000.0,79500.0,1436.489238195794
10106841000,10870212000,thomas cook,2019,Manchester,OFFICE_GENERAL,80000.0,79500.0,610.9336702453037
10136123000,11094770000,body shop,2024,Lancaster,INDUSTRIAL_GENERAL,9300.0,9300.0,12939.807504448643
10136123000,13498485000,body shop,2024,Lancaster,INDUSTRIAL_GENERAL,9300.0,9300.0,484.9097462566095
10136123000,1044023000,body shop,2024,Lancaster,INDUSTRIAL_GENERAL,9300.0,9300.0,5969.738210821042
10136460000,5944372000,carluccios,2020,Gloucester,RETAIL_RESTAURANTS_AND_CAFES,65500.0,67500.0,2141.7806677362823
10136460000,4727314000,carluccios,2020,Gloucester,RETAIL_RESTAURANTS_AND_CAFES,65500.0,63000.0,967.4280536964538
10136460000,336714214,carluccios,2020,Gloucester,RETAIL_RESTAURANTS_AND_CAFES,65500.0,72000.0,421.9830196487672
10146603000,8791689000,arcadia,2020,Stockton-on-Tees,RETAIL_OTHER_SUPERSTORES_AND_WAREHOUSES,520000.0,505000.0,6021.150625428364
10146603000,7436367000,arcadia,2020,Stockton-on-Tees,RETAIL_OTHER_SUPERSTORES_AND_WAREHOUSES,520000.0,390000.0,1854.667076867495
10146603000,11337844000,arcadia,2020,Stockton-on-Tees,RETAIL_OTHER_SUPERSTORES_AND_WAREHOUSES,520000.0,382500.0,3530.2411157044307
10146654000,8849485000,thomas cook,2019,Stockton-on-Tees,RETAIL_OTHER_SUPERSTORES_AND_WAREHOUSES,210000.0,209000.0,2263.141286145734
10146654000,6542318000,thomas cook,2019,Stockton-on-Tees,RETAIL_OTHER_SUPERSTORES_AND_WAREHOUSES,210000.0,211000.0,2086.773519374552
10146654000,8788083000,thomas cook,2019,Stockton-on-Tees,RETAIL_OTHER_SUPERSTORES_AND_WAREHOUSES,210000.0,213000.0,6368.931354730634
10147235000,14519684000,toys r us,2018,Stockton-on-Tees,RETAIL_OTHER_SUPERSTORES_AND_WAREHOUSES,845000.0,900000.0,424.40335400107165
10147235000,12886654000,toys r us,2018,Stockton-on-Tees,RETAIL_OTHER_SUPERSTORES_AND_WAREHOUSES,845000.0,775000.0,1766.1651697031393
10147235000,9743743000,toys r us,2018,Stockton-on-Tees,RETAIL_OTHER_SUPERSTORES_AND_WAREHOUSES,845000.0,760000.0,553.1492037667404
10149415000,7637096000,maplin,2018,Stockton-on-Tees,RETAIL_OTHER_SUPERSTORES_AND_WAREHOUSES,227000.0,228000.0,1854.667076867495
10149415000,10331518000,maplin,2018,Stockton-on-Tees,RETAIL_OTHER_SUPERSTORES_AND_WAREHOUSES,227000.0,215000.0,1314.7284256583573
10149415000,4461706000,maplin,2018,Stockton-on-Tees,RETAIL_OTHER_SUPERSTORES_AND_WAREHOUSES,227000.0,248000.0,553.1492037667404
10153029000,67228108,prezzo,2018,North Yorkshire,RETAIL_RESTAURANTS_AND_CAFES,47750.0,47900.0,42018.1898251761
10153029000,133756105,prezzo,2018,North Yorkshire,RETAIL_RESTAURANTS_AND_CAFES,47750.0,48000.0,29882.79478234404
10153029000,1045880000,prezzo,2018,North Yorkshire,RETAIL_RESTAURANTS_AND_CAFES,47750.0,48350.0,30133.516828276042
10155179000,7192368000,paperchase,2023,Peterborough,RETAIL_HIGH_STREET,169000.0,44500.0,3374.322439121687
10155179000,13256138000,paperchase,2023,Peterborough,RETAIL_HIGH_STREET,169000.0,44000.0,3374.322439121687
10155179000,14571535000,paperchase,2023,Peterborough,RETAIL_HIGH_STREET,169000.0,43750.0,3374.322439121687
10176709000,12801827000,arcadia,2020,Somerset,OFFICE_GENERAL,5800.0,5800.0,515.9405980456506
10176709000,9946302000,arcadia,2020,Somerset,OFFICE_GENERAL,5800.0,5800.0,480.6780514176498
10176709000,10176719000,arcadia,2020,Somerset,OFFICE_GENERAL,5800.0,5800.0,10747.224883824902
10187177000,11364823000,wilko,2023,West Northamptonshire,WAREHOUSING_LARGE_SCALE_AND_HIGH_BAY,78500.0,76500.0,560.242628937934
10187177000,935877000,wilko,2023,West Northamptonshire,WAREHOUSING_LARGE_SCALE_AND_HIGH_BAY,78500.0,76000.0,6269.448182827656
10187177000,1490516000,wilko,2023,West Northamptonshire,WAREHOUSING_LARGE_SCALE_AND_HIGH_BAY,78500.0,83000.0,997.0609465465272
10197864000,14775419000,debenhams,2020,Cheshire West and Chester,RETAIL_OTHER_SUPERSTORES_AND_WAREHOUSES,1470000.0,1470000.0,2178.8497065315314
10197864000,8991543000,debenhams,2020,Cheshire West and Chester,RETAIL_OTHER_SUPERSTORES_AND_WAREHOUSES,1470000.0,1500000.0,7922.385682585844
10197864000,8918609000,debenhams,2020,Cheshire West and Chester,RETAIL_OTHER_SUPERSTORES_AND_WAREHOUSES,1470000.0,1430000.0,797.7169136945698
10202558000,6639648000,bella italia,2020,Manchester,RETAIL_OTHER_SUPERSTORES_AND_WAREHOUSES,9700.0,9700.0,4984.906921570606
10202558000,14527538000,bella italia,2020,Manchester,RETAIL_OTHER_SUPERSTORES_AND_WAREHOUSES,9700.0,9700.0,624.7358138836106
10202558000,11093563000,bella italia,2020,Manchester,RETAIL_OTHER_SUPERSTORES_AND_WAREHOUSES,9700.0,9700.0,494.78789086859865
10206017000,12558722000,homebase,2024,Buckinghamshire,RETAIL_OTHER_SUPERSTORES_AND_WAREHOUSES,655000.0,785000.0,7027.450577438729
10206017000,14565177000,homebase,2024,Buckinghamshire,RETAIL_OTHER_SUPERSTORES_AND_WAREHOUSES,655000.0,800000.0,2366.050800073573
10206017000,8833744000,homebase,2024,Buckinghamshire,RETAIL_OTHER_SUPERSTORES_AND_WAREHOUSES,655000.0,805000.0,7027.450577438729
10208494000,15065281000,body shop,2024,Birmingham,RETAIL_HIGH_STREET,66500.0,66500.0,2902.1886749573728
10208494000,7934308000,body shop,2024,Birmingham,RETAIL_HIGH_STREET,66500.0,66000.0,3988.9819795629546
10208494000,12448328000,body shop,2024,Birmingham,RETAIL_HIGH_STREET,66500.0,66000.0,2494.9233857958066
10219003000,8791528000,debenhams,2020,Bradford,RETAIL_OTHER_SUPERSTORES_AND_WAREHOUSES,745000.0,840000.0,4424.302910620668
10219003000,8830936000,debenhams,2020,Bradford,RETAIL_OTHER_SUPERSTORES_AND_WAREHOUSES,745000.0,610000.0,6134.681816129728
10219003000,9382885000,debenhams,2020,Bradford,RETAIL_OTHER_SUPERSTORES_AND_WAREHOUSES,745000.0,605000.0,432.61378903428135
10219430000,4932683000,paperchase,2023,Birmingham,RETAIL_HIGH_STREET,3550.0,3550.0,3303.8286608716194
10219430000,7374734000,paperchase,2023,Birmingham,RETAIL_HIGH_STREET,3550.0,3550.0,2738.1897909642057
10219430000,69607221,paperchase,2023,Birmingham,RETAIL_HIGH_STREET,3550.0,3550.0,3381.9029781925474
10239558000,13904522000,wilko,2023,Cheshire West and Chester,RETAIL_OTHER_SUPERSTORES_AND_WAREHOUSES,525000.0,397500.0,912.1566769451142
10239558000,10829056000,wilko,2023,Cheshire West and Chester,RETAIL_OTHER_SUPERSTORES_AND_WAREHOUSES,525000.0,392500.0,567.4379339115865
10239558000,2884095000,wilko,2023,Cheshire West and Chester,RETAIL_OTHER_SUPERSTORES_AND_WAREHOUSES,525000.0,322500.0,654.8061219778214
10244793000,13149593000,ted baker,2024,Derby,WAREHOUSING_LARGE_SCALE_AND_HIGH_BAY,1790000.0,1660000.0,2510.7416106670753
10244793000,14926362000,ted baker,2024,Derby,WAREHOUSING_LARGE_SCALE_AND_HIGH_BAY,1790000.0,2370000.0,3508.185141585191
10244793000,9420346000,ted baker,2024,Derby,WAREHOUSING_LARGE_SCALE_AND_HIGH_BAY,1790000.0,2430000.0,2510.7416106670753
10246896000,1211331000,byron,2020,Wiltshire,RETAIL_HIGH_STREET,109000.0,108000.0,23317.976207257212
10246896000,3152592000,byron,2020,Wiltshire,RETAIL_HIGH_STREET,109000.0,112000.0,11438.233968753771
10246896000,2330557000,byron,2020,Wiltshire,RETAIL_HIGH_STREET,109000.0,104000.0,10970.08512594077
10249211000,10646007000,cath kidston,2020,South Gloucestershire,RETAIL_HIGH_STREET,226000.0,73000.0,2549.339856808033
10249211000,102995211,cath kidston,2020,South Gloucestershire,RETAIL_HIGH_STREET,226000.0,72500.0,1643.4782850594916
10249211000,3477491000,cath kidston,2020,South Gloucestershire,RETAIL_HIGH_STREET,226000.0,72000.0,10565.96443557151
10263867000,2490243000,frankie&bennys,2020,Stoke-on-Trent,RETAIL_RESTAURANTS_AND_CAFES,66000.0,67000.0,482.9035476498074
10263867000,5058060000,frankie&bennys,2020,Stoke-on-Trent,RETAIL_RESTAURANTS_AND_CAFES,66000.0,67500.0,476.50734005758414
10263867000,99034236,frankie&bennys,2020,Stoke-on-Trent,RETAIL_RESTAURANTS_AND_CAFES,66000.0,68000.0,3522.046838346213
10278949000,8449651000,chiquito,2020,Chesterfield,RETAIL_RESTAURANTS_AND_CAFES,73500.0,73000.0,5865.455892830606
10278949000,7191186000,chiquito,2020,Chesterfield,RETAIL_RESTAURANTS_AND_CAFES,73500.0,81500.0,1800.0246299799219
10278949000,10198566000,chiquito,2020,Chesterfield,RETAIL_RESTAURANTS_AND_CAFES,73500.0,63000.0,6282.164543012195
10299211000,547577104,bella italia,2020,Darlington,RETAIL_RESTAURANTS_AND_CAFES,72500.0,73500.0,6191.860958498279
10299211000,10398988000,bella italia,2020,Darlington,RETAIL_RESTAURANTS_AND_CAFES,72500.0,71000.0,896.898213858927
10299211000,553302104,bella italia,2020,Darlington,RETAIL_RESTAURANTS_AND_CAFES,72500.0,74500.0,1400.9458849477267
10302804000,14438304000,prezzo,2018,North Yorkshire,RETAIL_RESTAURANTS_AND_CAFES,55000.0,55000.0,1875.3914837506852
10302804000,59724105,prezzo,2018,North Yorkshire,RETAIL_RESTAURANTS_AND_CAFES,55000.0,54500.0,11467.396892246217
10302804000,1729716000,prezzo,2018,North Yorkshire,RETAIL_RESTAURANTS_AND_CAFES,55000.0,55500.0,2161.0122616793974
10304404000,13595276000,prezzo,2018,Somerset,LEISURE_SPORTS_CENTRES_AND_PRIVATE_CLUBS,1350.0,1350.0,8985.418426011352
10304404000,2020770000,prezzo,2018,Somerset,LEISURE_SPORTS_CENTRES_AND_PRIVATE_CLUBS,1350.0,1350.0,12227.922849552273
10304404000,3674677000,prezzo,2018,Somerset,LEISURE_SPORTS_CENTRES_AND_PRIVATE_CLUBS,1350.0,1350.0,10614.583040143449
10312193000,4973777000,maplin,2018,County Durham,RETAIL_OTHER_SUPERSTORES_AND_WAREHOUSES,111000.0,114000.0,2101.059186977004
10312193000,11017222000,maplin,2018,County Durham,RETAIL_OTHER_SUPERSTORES_AND_WAREHOUSES,111000.0,114000.0,2101.059186977004
10312193000,5670815000,maplin,2018,County Durham,RETAIL_OTHER_SUPERSTORES_AND_WAREHOUSES,111000.0,118000.0,2101.059186977004
10316153000,547223104,prezzo,2018,Darlington,RETAIL_RESTAURANTS_AND_CAFES,67500.0,68500.0,8688.910011495303
10316153000,503351104,prezzo,2018,Darlington,RETAIL_RESTAURANTS_AND_CAFES,67500.0,65500.0,2719.0320351276287
10316153000,3468026000,prezzo,2018,Darlington,RETAIL_RESTAURANTS_AND_CAFES,67500.0,64500.0,2417.0189979489132
10316706000,292100094,poundworld,2018,Sunderland,RETAIL_HIGH_STREET,164000.0,32500.0,7185.151418449033
10316706000,9509397000,poundworld,2018,Sunderland,RETAIL_HIGH_STREET,164000.0,32500.0,3211.086294803653
10316706000,11031098000,poundworld,2018,Sunderland,RETAIL_HIGH_STREET,164000.0,32250.0,2894.271537728669
10324154000,12171913000,thomas cook,2019,Bradford,RETAIL_HIGH_STREET,102000.0,55500.0,4612.1281071414105
10324154000,6947926000,thomas cook,2019,Bradford,RETAIL_HIGH_STREET,102000.0,52500.0,576.5200177061562
10324154000,8847447000,thomas cook,2019,Bradford,RETAIL_HIGH_STREET,102000.0,51500.0,2103.9998881866495
10324906000,121301241,body shop,2024,Bradford,RETAIL_HIGH_STREET,78000.0,50500.0,6540.016803090128
10324906000,7104770000,body shop,2024,Bradford,RETAIL_HIGH_STREET,78000.0,42250.0,4160.024584212534
10324906000,8847513000,body shop,2024,Bradford,RETAIL_HIGH_STREET,78000.0,40750.0,1044.9944775874135
10325659000,9432532000,paperchase,2023,Bradford,RETAIL_HIGH_STREET,104000.0,40750.0,1874.6739018332246
10325659000,9252892000,paperchase,2023,Bradford,RETAIL_HIGH_STREET,104000.0,37750.0,4695.969064818179
10325659000,11197366000,paperchase,2023,Bradford,RETAIL_HIGH_STREET,104000.0,37250.0,4709.660375679818
10326628000,11988808000,arcadia,2020,Bradford,RETAIL_HIGH_STREET,257500.0,204000.0,4112.555492048639
10326628000,197658241,arcadia,2020,Bradford,RETAIL_HIGH_STREET,257500.0,37000.0,7178.605086923884
10326628000,194035241,arcadia,2020,Bradford,RETAIL_HIGH_STREET,257500.0,37000.0,772.014417611855
10334682000,8268793000,thomas cook,2019,Darlington,RETAIL_HIGH_STREET,8600.0,8600.0,1779.5501405534767
10334682000,498673104,thomas cook,2019,Darlington,RETAIL_HIGH_STREET,8600.0,8600.0,2761.0135329885784
10334682000,719877104,thomas cook,2019,Darlington,RETAIL_HIGH_STREET,8600.0,8500.0,1998.629294517771
10351092000,8831555000,arcadia,2020,Thanet,RETAIL_HIGH_STREET,302500.0,49250.0,1455.806733526161
10351092000,8564308000,arcadia,2020,Thanet,RETAIL_HIGH_STREET,302500.0,44000.0,2773.746987334192
10351092000,8921185000,arcadia,2020,Thanet,RETAIL_HIGH_STREET,302500.0,43500.0,3016.1810292673963
10354655000,3396558000,paperchase,2023,Stockton-on-Tees,RETAIL_OTHER_SUPERSTORES_AND_WAREHOUSES,96500.0,96500.0,4189.681754326548
10354655000,11098775000,paperchase,2023,Stockton-on-Tees,RETAIL_OTHER_SUPERSTORES_AND_WAREHOUSES,96500.0,97000.0,2056.9614031230185
10354655000,14001639000,paperchase,2023,Stockton-on-Tees,RETAIL_OTHER_SUPERSTORES_AND_WAREHOUSES,96500.0,97500.0,1625.958453535915
10362319000,10767247000,mothercare,2019,Stockton-on-Tees,RETAIL_OTHER_SUPERSTORES_AND_WAREHOUSES,495000.0,380000.0,2266.443000481233
10362319000,25747000,mothercare,2019,Stockton-on-Tees,RETAIL_OTHER_SUPERSTORES_AND_WAREHOUSES,495000.0,372500.0,2433.5580550265636
10362319000,11311933000,mothercare,2019,Stockton-on-Tees,RETAIL_OTHER_SUPERSTORES_AND_WAREHOUSES,495000.0,357500.0,2356.599048810696
10363751000,809047022,arcadia,2020,Thurrock,RETAIL_HIGH_STREET,397500.0,30500.0,7964.823065248471
10363751000,8990549000,arcadia,2020,Thurrock,RETAIL_HIGH_STREET,397500.0,29750.0,1199.2179989065808
10363751000,5803039000,arcadia,2020,Thurrock,RETAIL_HIGH_STREET,397500.0,28750.0,10131.917763799765
10363753000,9316485000,arcadia,2020,Thurrock,RETAIL_HIGH_STREET,287500.0,28000.0,9561.65975350057
10363753000,14028271000,arcadia,2020,Thurrock,RETAIL_HIGH_STREET,287500.0,27750.0,3898.363401177968
10363753000,809398022,arcadia,2020,Thurrock,RETAIL_HIGH_STREET,287500.0,27500.0,2305.5844671197306
10367824000,12555285000,wilko,2023,East Riding of Yorkshire,RETAIL_HIGH_STREET,118000.0,130000.0,17462.444563491194
10367824000,14302322000,wilko,2023,East Riding of Yorkshire,RETAIL_HIGH_STREET,118000.0,90500.0,30853.750512110568
10367824000,355850254,wilko,2023,East Riding of Yorkshire,RETAIL_HIGH_STREET,118000.0,88500.0,2182.921807695145
10373992000,14992375000,poundworld,2018,Wiltshire,RETAIL_HIGH_STREET,47750.0,47250.0,16959.746054103503
10373992000,9416704000,poundworld,2018,Wiltshire,RETAIL_HIGH_STREET,47750.0,48250.0,1350.1222790217766
10373992000,9344036000,poundworld,2018,Wiltshire,RETAIL_HIGH_STREET,47750.0,48250.0,6124.69443096581
10384422000,5378631000,wilko,2023,Stockton-on-Tees,RETAIL_OTHER_SUPERSTORES_AND_WAREHOUSES,236000.0,252500.0,2294.3499495066835
10384422000,13489599000,wilko,2023,Stockton-on-Tees,RETAIL_OTHER_SUPERSTORES_AND_WAREHOUSES,236000.0,252500.0,2144.2802311425176
10384422000,5530843000,wilko,2023,Stockton-on-Tees,RETAIL_OTHER_SUPERSTORES_AND_WAREHOUSES,236000.0,262500.0,2056.9614031230185
10403356000,489402000,wilko,2023,Central Bedfordshire,RETAIL_OTHER_SUPERSTORES_AND_WAREHOUSES,252500.0,252500.0,881.0886883290273
10403356000,597320000,wilko,2023,Central Bedfordshire,RETAIL_OTHER_SUPERSTORES_AND_WAREHOUSES,252500.0,248000.0,10332.186766493369
10403356000,1769393000,wilko,2023,Central Bedfordshire,RETAIL_OTHER_SUPERSTORES_AND_WAREHOUSES,252500.0,247000.0,1122.1770781291316
10404089000,11501633000,body shop,2024,Hammersmith and Fulham,RETAIL_HIGH_STREET,147000.0,107000.0,933.401087897024
10404089000,648812082,body shop,2024,Hammersmith and Fulham,RETAIL_HIGH_STREET,147000.0,107000.0,933.401087897024
10404089000,14505662000,body shop,2024,Hammersmith and Fulham,RETAIL_HIGH_STREET,147000.0,106000.0,1510.292623416827
10414463000,11928190000,wilko,2023,Kensington and Chelsea,RETAIL_HIGH_STREET,362500.0,362500.0,437.0559777313588
10414463000,3240383000,wilko,2023,Kensington and Chelsea,RETAIL_HIGH_STREET,362500.0,360000.0,721.7454684414978
10414463000,4508855000,wilko,2023,Kensington and Chelsea,RETAIL_HIGH_STREET,362500.0,360000.0,1329.1684497295619
10424741000,295442236,chiquito,2020,Stoke-on-Trent,RETAIL_RESTAURANTS_AND_CAFES,95000.0,94000.0,1363.721959945377
10424741000,4304383000,chiquito,2020,Stoke-on-Trent,RETAIL_RESTAURANTS_AND_CAFES,95000.0,92500.0,2007.5852739385991
10424741000,12208279000,chiquito,2020,Stoke-on-Trent,RETAIL_RESTAURANTS_AND_CAFES,95000.0,97500.0,429.02379279458273
10440165000,190450072,byron,2020,Bromley,RETAIL_RESTAURANTS_AND_CAFES,68500.0,68750.0,3099.305579850116
10440165000,13187474000,byron,2020,Bromley,RETAIL_RESTAURANTS_AND_CAFES,68500.0,70000.0,562.449589218465
10440165000,218232072,byron,2020,Bromley,RETAIL_RESTAURANTS_AND_CAFES,68500.0,70500.0,2852.964551836499
10444979000,267149075,toys r us,2018,Southwark,INDUSTRIAL_GENERAL,5500.0,5500.0,1657.0758352427165
10444979000,3908863000,toys r us,2018,Southwark,INDUSTRIAL_GENERAL,5500.0,5500.0,1727.7552931362031
10444979000,198753075,toys r us,2018,Southwark,INDUSTRIAL_GENERAL,5500.0,5500.0,2991.081331733592
10446456000,169562108,byron,2020,North Yorkshire,RETAIL_RESTAURANTS_AND_CAFES,55000.0,55650.0,3170.2507144169454
10446456000,169410108,byron,2020,North Yorkshire,RETAIL_RESTAURANTS_AND_CAFES,55000.0,54000.0,6660.479826413873
10446456000,9950092000,byron,2020,North Yorkshire,RETAIL_RESTAURANTS_AND_CAFES,55000.0,53500.0,1962.3275528224751
10447712000,8410323000,frankie&bennys,2020,County Durham,RETAIL_RESTAURANTS_AND_CAFES,74000.0,77500.0,2866.5058049321483
10447712000,4922416000,frankie&bennys,2020,County Durham,RETAIL_RESTAURANTS_AND_CAFES,74000.0,77500.0,971.3448939213798
10447712000,4203436000,frankie&bennys,2020,County Durham,RETAIL_RESTAURANTS_AND_CAFES,74000.0,78000.0,2357.668329461336
10457467000,2667465000,prezzo,2018,County Durham,RETAIL_RESTAURANTS_AND_CAFES,74000.0,79500.0,8400.026530790048
10457467000,13780112000,prezzo,2018,County Durham,RETAIL_RESTAURANTS_AND_CAFES,74000.0,68000.0,2335.602254697097
10457467000,142268104,prezzo,2018,County Durham,RETAIL_RESTAURANTS_AND_CAFES,74000.0,67000.0,6205.3994647596
10465690000,9627084000,poundworld,2018,Rushmoor,RETAIL_HIGH_STREET,52500.0,72500.0,541.7774934051665
10465690000,135350000,poundworld,2018,Rushmoor,RETAIL_HIGH_STREET,52500.0,27750.0,1066.0779576096945
10465690000,9985435000,poundworld,2018,Rushmoor,RETAIL_HIGH_STREET,52500.0,27250.0,1593.125233128562
10474163000,230960075,carluccios,2020,Southwark,RETAIL_RESTAURANTS_AND_CAFES,60000.0,60000.0,3652.8051470559353
10474163000,240389075,carluccios,2020,Southwark,RETAIL_RESTAURANTS_AND_CAFES,60000.0,60000.0,3015.937685464614
10474163000,7159262000,carluccios,2020,Southwark,RETAIL_RESTAURANTS_AND_CAFES,60000.0,60750.0,3508.39728926429
10474244000,11014506000,homebase,2024,Milton Keynes,OFFICE_GENERAL,80500.0,80000.0,2447.6974171875313
10474244000,9516364000,homebase,2024,Milton Keynes,OFFICE_GENERAL,80500.0,81000.0,2395.7477578863322
10474244000,9239065000,homebase,2024,Milton Keynes,OFFICE_GENERAL,80500.0,81000.0,2506.9387305839396
10476327000,8529356000,strada,2018,Bradford,INDUSTRIAL_GENERAL,12250.0,12250.0,7975.479013073788
10476327000,6190332000,strada,2018,Bradford,INDUSTRIAL_GENERAL,12250.0,12250.0,2284.789663938752
10476327000,4163964000,strada,2018,Bradford,INDUSTRIAL_GENERAL,12250.0,12250.0,1264.3388228759306
10476329000,13133465000,strada,2018,Bradford,INDUSTRIAL_GENERAL,8400.0,8400.0,416.3082121860118
10476329000,5314377000,strada,2018,Bradford,INDUSTRIAL_GENERAL,8400.0,8400.0,602.3304537319705
10476329000,13675156000,strada,2018,Bradford,INDUSTRIAL_GENERAL,8400.0,8400.0,2374.524450937973
10490839000,9008917000,poundworld,2018,Torbay,RETAIL_HIGH_STREET,112000.0,86000.0,4022.9401528079807
10490839000,11390832000,poundworld,2018,Torbay,RETAIL_HIGH_STREET,112000.0,84500.0,4164.294172452293
10490839000,7359037000,poundworld,2018,Torbay,RETAIL_HIGH_STREET,112000.0,82500.0,4201.911075143056
10496446000,10793054000,bhs,2016,Lancaster,RETAIL_OTHER_SUPERSTORES_AND_WAREHOUSES,340000.0,300000.0,1629.2534831026646
10496446000,14743366000,bhs,2016,Lancaster,RETAIL_OTHER_SUPERSTORES_AND_WAREHOUSES,340000.0,297500.0,2395.442534189638
10496446000,204402125,bhs,2016,Lancaster,RETAIL_OTHER_SUPERSTORES_AND_WAREHOUSES,340000.0,397500.0,9189.88518196237
10499512000,59355124,toys r us,2018,Cumberland,RETAIL_HIGH_STREET,132000.0,57500.0,26735.147341377062
10499512000,13308227000,toys r us,2018,Cumberland,RETAIL_HIGH_STREET,132000.0,52000.0,26521.599168175486
10499512000,4049530000,toys r us,2018,Cumberland,RETAIL_HIGH_STREET,132000.0,50500.0,26521.599168175486
10505308000,12953425000,frankie&bennys,2020,Bradford,RETAIL_HIGH_STREET,45750.0,37000.0,1753.3816632803123
10505308000,3081243000,frankie&bennys,2020,Bradford,RETAIL_HIGH_STREET,45750.0,36750.0,1869.3234779978623
10505308000,179854241,frankie&bennys,2020,Bradford,RETAIL_HIGH_STREET,45750.0,36750.0,694.4641262013268
10511399000,315466172,homebase,2024,"Bournemouth, Christchurch and Poole",RETAIL_OTHER_SUPERSTORES_AND_WAREHOUSES,51500.0,51500.0,5270.198499461174
10511399000,9128553000,homebase,2024,"Bournemouth, Christchurch and Poole",RETAIL_OTHER_SUPERSTORES_AND_WAREHOUSES,51500.0,51000.0,483.87683921805666
10511399000,14214847000,homebase,2024,"Bournemouth, Christchurch and Poole",RETAIL_OTHER_SUPERSTORES_AND_WAREHOUSES,51500.0,50500.0,1850.759347124284
10514566000,320970148,ted baker,2024,Ashford,RETAIL_HIGH_STREET,100000.0,75000.0,13377.941637011427
10514566000,322419148,ted baker,2024,Ashford,RETAIL_HIGH_STREET,100000.0,64500.0,13413.72017113228
10514566000,12611606000,ted baker,2024,Ashford,RETAIL_HIGH_STREET,100000.0,47750.0,1374.2834686683332
10526772000,14588900000,frankie&bennys,2020,Leeds,RETAIL_HIGH_STREET,9500.0,9500.0,639.1868209106324
10526772000,8917538000,frankie&bennys,2020,Leeds,RETAIL_HIGH_STREET,9500.0,9500.0,864.4963869733589
10526772000,3595355000,frankie&bennys,2020,Leeds,RETAIL_HIGH_STREET,9500.0,9500.0,982.2908540643842
10529932000,7413259000,cafe rouge,2020,Thanet,RETAIL_RESTAURANTS_AND_CAFES,111000.0,160000.0,876.8141105219523
10529932000,1589968000,cafe rouge,2020,Thanet,RETAIL_RESTAURANTS_AND_CAFES,111000.0,54000.0,2668.7816482514295
10529932000,311415145,cafe rouge,2020,Thanet,RETAIL_RESTAURANTS_AND_CAFES,111000.0,52250.0,3068.580706005251
10532814000,6372097000,debenhams,2020,Camden,OTHER_COMMERCIAL,2250.0,2250.0,460.1939316673465
10532814000,6372095000,debenhams,2020,Camden,OTHER_COMMERCIAL,2250.0,2250.0,460.1939316673465
10532814000,6372090000,debenhams,2020,Camden,OTHER_COMMERCIAL,2250.0,2250.0,460.1939316673465
10532815000,6372089000,debenhams,2020,Camden,OTHER_COMMERCIAL,2250.0,2250.0,460.1939316673465
10532815000,6372087000,debenhams,2020,Camden,OTHER_COMMERCIAL,2250.0,2250.0,460.1939316673465
10532815000,6372070000,debenhams,2020,Camden,OTHER_COMMERCIAL,2250.0,2250.0,460.1939316673465
10532816000,6372068000,debenhams,2020,Camden,OTHER_COMMERCIAL,2250.0,2250.0,460.1939316673465
10532816000,6372066000,debenhams,2020,Camden,OTHER_COMMERCIAL,2250.0,2250.0,460.1939316673465
10532816000,6372064000,debenhams,2020,Camden,OTHER_COMMERCIAL,2250.0,2250.0,460.1939316673465
10532817000,6372164000,debenhams,2020,Camden,OTHER_COMMERCIAL,2250.0,2250.0,460.1939316673465
10532817000,6372062000,debenhams,2020,Camden,OTHER_COMMERCIAL,2250.0,2250.0,460.1939316673465
10532817000,6372061000,debenhams,2020,Camden,OTHER_COMMERCIAL,2250.0,2250.0,460.1939316673465
10532818000,6372041000,debenhams,2020,Camden,OTHER_COMMERCIAL,2250.0,2250.0,460.1939316673465
10532818000,6372059000,debenhams,2020,Camden,OTHER_COMMERCIAL,2250.0,2250.0,460.1939316673465
10532818000,6372057000,debenhams,2020,Camden,OTHER_COMMERCIAL,2250.0,2250.0,460.1939316673465
10532819000,6372053000,debenhams,2020,Camden,OTHER_COMMERCIAL,2250.0,2250.0,460.1939316673465
10532819000,6372050000,debenhams,2020,Camden,OTHER_COMMERCIAL,2250.0,2250.0,460.1939316673465
10532819000,6372049000,debenhams,2020,Camden,OTHER_COMMERCIAL,2250.0,2250.0,460.1939316673465
10532820000,6372047000,debenhams,2020,Camden,OTHER_COMMERCIAL,2250.0,2250.0,460.1939316673465
10532820000,6372045000,debenhams,2020,Camden,OTHER_COMMERCIAL,2250.0,2250.0,460.1939316673465
10532820000,6372099000,debenhams,2020,Camden,OTHER_COMMERCIAL,2250.0,2250.0,460.1939316673465
10532821000,6372063000,debenhams,2020,Camden,OTHER_COMMERCIAL,2250.0,2250.0,460.1939316673465
10532821000,6372103000,debenhams,2020,Camden,OTHER_COMMERCIAL,2250.0,2250.0,460.1939316673465
10532821000,6372112000,debenhams,2020,Camden,OTHER_COMMERCIAL,2250.0,2250.0,460.1939316673465
10532822000,6372163000,debenhams,2020,Camden,OTHER_COMMERCIAL,2250.0,2250.0,460.1939316673465
10532822000,6372173000,debenhams,2020,Camden,OTHER_COMMERCIAL,2250.0,2250.0,460.1939316673465
10532822000,6372176000,debenhams,2020,Camden,OTHER_COMMERCIAL,2250.0,2250.0,460.1939316673465
10532823000,6372177000,debenhams,2020,Camden,OTHER_COMMERCIAL,2250.0,2250.0,460.1939316673465
10532823000,6372162000,debenhams,2020,Camden,OTHER_COMMERCIAL,2250.0,2250.0,460.1939316673465
10532823000,6372161000,debenhams,2020,Camden,OTHER_COMMERCIAL,2250.0,2250.0,460.1939316673465
10532824000,6372160000,debenhams,2020,Camden,OTHER_COMMERCIAL,2250.0,2250.0,460.1939316673465
10532824000,6372156000,debenhams,2020,Camden,OTHER_COMMERCIAL,2250.0,2250.0,460.1939316673465
10532824000,6372155000,debenhams,2020,Camden,OTHER_COMMERCIAL,2250.0,2250.0,460.1939316673465
10532825000,6372154000,debenhams,2020,Camden,OTHER_COMMERCIAL,2250.0,2250.0,460.1939316673465
10532825000,6372151000,debenhams,2020,Camden,OTHER_COMMERCIAL,2250.0,2250.0,460.1939316673465
10532825000,6372148000,debenhams,2020,Camden,OTHER_COMMERCIAL,2250.0,2250.0,460.1939316673465
10532826000,6372146000,debenhams,2020,Camden,OTHER_COMMERCIAL,2250.0,2250.0,460.1939316673465
10532826000,6372145000,debenhams,2020,Camden,OTHER_COMMERCIAL,2250.0,2250.0,460.1939316673465
10532826000,6372128000,debenhams,2020,Camden,OTHER_COMMERCIAL,2250.0,2250.0,460.1939316673465
10532827000,6372126000,debenhams,2020,Camden,OTHER_COMMERCIAL,2250.0,2250.0,460.1939316673465
10532827000,6372122000,debenhams,2020,Camden,OTHER_COMMERCIAL,2250.0,2250.0,460.1939316673465
10532827000,6372039000,debenhams,2020,Camden,OTHER_COMMERCIAL,2250.0,2250.0,460.1939316673465
10537323000,667672000,wilko,2023,Hammersmith and Fulham,RETAIL_HIGH_STREET,282500.0,104000.0,468.3387180574833
10537323000,3078904000,wilko,2023,Hammersmith and Fulham,RETAIL_HIGH_STREET,282500.0,103000.0,1138.4952013903696
10537323000,8831653000,wilko,2023,Hammersmith and Fulham,RETAIL_HIGH_STREET,282500.0,100000.0,541.8952594094246
10539808000,7013312000,poundworld,2018,South Gloucestershire,RETAIL_OTHER_SUPERSTORES_AND_WAREHOUSES,130000.0,127000.0,3355.2457361413058
10539808000,7013303000,poundworld,2018,South Gloucestershire,RETAIL_OTHER_SUPERSTORES_AND_WAREHOUSES,130000.0,135000.0,3355.2457361413058
10539808000,497035000,poundworld,2018,South Gloucestershire,RETAIL_OTHER_SUPERSTORES_AND_WAREHOUSES,130000.0,135000.0,910.2612281740875
10543746000,4906830000,cath kidston,2020,Chelmsford,RETAIL_HIGH_STREET,113000.0,50500.0,10335.735154389566
10543746000,61198022,cath kidston,2020,Chelmsford,RETAIL_HIGH_STREET,113000.0,48250.0,10615.11777664745
10543746000,5698257000,cath kidston,2020,Chelmsford,RETAIL_HIGH_STREET,113000.0,47750.0,531.2704556951525
10545482000,198915176,homebase,2024,Southampton,RETAIL_OTHER_SUPERSTORES_AND_WAREHOUSES,410000.0,407500.0,2040.16886507181
10545482000,13476021000,homebase,2024,Southampton,RETAIL_OTHER_SUPERSTORES_AND_WAREHOUSES,410000.0,400000.0,1339.148451047317
10545482000,205380176,homebase,2024,Southampton,RETAIL_OTHER_SUPERSTORES_AND_WAREHOUSES,410000.0,392500.0,969.1490995789414
10545485000,1478006000,homebase,2024,Southampton,RETAIL_OTHER_SUPERSTORES_AND_WAREHOUSES,31500.0,29500.0,674.0821226529185
10545485000,56018176,homebase,2024,Southampton,RETAIL_OTHER_SUPERSTORES_AND_WAREHOUSES,31500.0,28500.0,970.8222163324028
10545485000,9339323000,homebase,2024,Southampton,RETAIL_OTHER_SUPERSTORES_AND_WAREHOUSES,31500.0,34750.0,3542.9385327864384
10554030000,194491022,carluccios,2020,Chelmsford,RETAIL_RESTAURANTS_AND_CAFES,87500.0,85000.0,13786.297960304373
10554030000,6914685000,carluccios,2020,Chelmsford,RETAIL_RESTAURANTS_AND_CAFES,87500.0,90000.0,541.4192890945753
10554030000,2504124000,carluccios,2020,Chelmsford,RETAIL_RESTAURANTS_AND_CAFES,87500.0,83750.0,4133.695730936911
10555732000,14765216,carluccios,2020,Swindon,RETAIL_HIGH_STREET,68500.0,59500.0,2207.455519058133
10555732000,8193657000,carluccios,2020,Swindon,RETAIL_HIGH_STREET,68500.0,52000.0,1575.435884088318
10555732000,9343274000,carluccios,2020,Swindon,RETAIL_HIGH_STREET,68500.0,50500.0,3079.5758903549818
10562923000,5744254000,chiquito,2020,West Northamptonshire,RETAIL_RESTAURANTS_AND_CAFES,93500.0,90000.0,4509.54682403508
10562923000,4490419000,chiquito,2020,West Northamptonshire,RETAIL_RESTAURANTS_AND_CAFES,93500.0,97000.0,5656.006039188914
10562923000,2908114000,chiquito,2020,West Northamptonshire,RETAIL_RESTAURANTS_AND_CAFES,93500.0,97000.0,2517.157337268229
10573662000,168707016,poundworld,2018,North Northamptonshire,RETAIL_HIGH_STREET,0.0,0.0,1683.966939502753
10573662000,40095000,poundworld,2018,North Northamptonshire,RETAIL_HIGH_STREET,0.0,0.0,679.2247252757694
10573662000,10472603000,poundworld,2018,North Northamptonshire,RETAIL_HIGH_STREET,0.0,0.0,2528.471735915734
10576892000,9600722000,homebase,2024,Bromley,RETAIL_OTHER_SUPERSTORES_AND_WAREHOUSES,705000.0,710000.0,2163.035722827635
10576892000,228638072,homebase,2024,Bromley,RETAIL_OTHER_SUPERSTORES_AND_WAREHOUSES,705000.0,470000.0,8666.816253139617
10576892000,9235183000,homebase,2024,Bromley,RETAIL_OTHER_SUPERSTORES_AND_WAREHOUSES,705000.0,960000.0,2767.8171286697684
10605762000,46053022,byron,2020,Chelmsford,RETAIL_RESTAURANTS_AND_CAFES,107000.0,107000.0,7940.908543308177
10605762000,10443863000,byron,2020,Chelmsford,RETAIL_RESTAURANTS_AND_CAFES,107000.0,105000.0,1787.5913750608368
10605762000,10566043000,byron,2020,Chelmsford,RETAIL_RESTAURANTS_AND_CAFES,107000.0,105000.0,4247.218942699886
10606090000,355849254,arcadia,2020,East Riding of Yorkshire,RETAIL_HIGH_STREET,117000.0,88500.0,2182.921807695145
10606090000,8175223000,arcadia,2020,East Riding of Yorkshire,RETAIL_HIGH_STREET,117000.0,86000.0,32852.212521352485
10606090000,241158254,arcadia,2020,East Riding of Yorkshire,RETAIL_HIGH_STREET,117000.0,72000.0,31016.313510051106
10614522000,55232184,thomas cook,2019,Plymouth,RETAIL_HIGH_STREET,21000.0,21000.0,1209.617556529574
10614522000,182892184,thomas cook,2019,Plymouth,RETAIL_HIGH_STREET,21000.0,21000.0,1141.992398446456
10614522000,182859184,thomas cook,2019,Plymouth,RETAIL_HIGH_STREET,21000.0,21000.0,999.9047369901492
10625585000,8342407000,debenhams,2020,Manchester,RETAIL_HIGH_STREET,310000.0,186000.0,1289.1395102310457
10625585000,4010534000,debenhams,2020,Manchester,RETAIL_HIGH_STREET,310000.0,185000.0,997.6918856887996
10625585000,11352415000,debenhams,2020,Manchester,RETAIL_HIGH_STREET,310000.0,66000.0,2947.046210906241
10630916000,5304930000,paperchase,2023,Leeds,OFFICE_GENERAL,4800.0,4800.0,544.2764587667472
10630916000,11032335000,paperchase,2023,Leeds,OFFICE_GENERAL,4800.0,4800.0,10515.749813909262
10630916000,6749497000,paperchase,2023,Leeds,OFFICE_GENERAL,4800.0,4800.0,1283.8079884642966
10664751000,12318034000,arcadia,2020,Warwick,OFFICE_GENERAL,870.0,870.0,685.8339341286941
10664751000,12749313000,arcadia,2020,Warwick,OFFICE_GENERAL,870.0,890.0,4207.338094861764
10664751000,8632139000,arcadia,2020,Warwick,OFFICE_GENERAL,870.0,840.0,1603.1764672970999
10681809000,7580467000,strada,2018,City of London,RETAIL_RESTAURANTS_AND_CAFES,124000.0,123500.0,533.0900830344535
10681809000,24056052,strada,2018,City of London,RETAIL_RESTAURANTS_AND_CAFES,124000.0,124750.0,584.3557275009374
10681809000,10358722000,strada,2018,City of London,RETAIL_RESTAURANTS_AND_CAFES,124000.0,125000.0,404.85346548296405
10682224000,5239730000,arcadia,2020,Leeds,RETAIL_HIGH_STREET,16250.0,16250.0,1065.4669434238965
10682224000,4715251000,arcadia,2020,Leeds,RETAIL_HIGH_STREET,16250.0,16250.0,447.2218735353877
10682224000,12499181000,arcadia,2020,Leeds,RETAIL_HIGH_STREET,16250.0,16250.0,748.0677636151391
10703657000,454389000,poundworld,2018,Lincoln,RETAIL_OTHER_SUPERSTORES_AND_WAREHOUSES,68500.0,68500.0,667.2294020706375
10703657000,3934940000,poundworld,2018,Lincoln,RETAIL_OTHER_SUPERSTORES_AND_WAREHOUSES,68500.0,68500.0,737.4524557558572
10703657000,3182004000,poundworld,2018,Lincoln,RETAIL_OTHER_SUPERSTORES_AND_WAREHOUSES,68500.0,74000.0,2305.50818487103
10707497000,76584045,wilko,2023,West Northamptonshire,OFFICE_GENERAL,12500.0,12500.0,5307.34936676039
10707497000,14783377000,wilko,2023,West Northamptonshire,OFFICE_GENERAL,12500.0,12500.0,5469.883588374732
10707497000,6348814000,wilko,2023,West Northamptonshire,OFFICE_GENERAL,12500.0,12500.0,21422.817501376012
10709647000,3005673000,poundworld,2018,Derby,RETAIL_OTHER_SUPERSTORES_AND_WAREHOUSES,44000.0,45000.0,1758.8137607015965
10709647000,471825042,poundworld,2018,Derby,RETAIL_OTHER_SUPERSTORES_AND_WAREHOUSES,44000.0,46000.0,3395.136636950649
10709647000,218335042,poundworld,2018,Derby,RETAIL_OTHER_SUPERSTORES_AND_WAREHOUSES,44000.0,48500.0,2462.6581399306574
10712591000,4898894000,wilko,2023,West Northamptonshire,OFFICE_GENERAL,2650.0,2650.0,12523.831915534385
10712591000,5920373000,wilko,2023,West Northamptonshire,OFFICE_GENERAL,2650.0,2650.0,6919.810097075616
10712591000,6713607000,wilko,2023,West Northamptonshire,OFFICE_GENERAL,2650.0,2650.0,8934.154331999258
10713082000,13408153000,carluccios,2020,Southampton,RETAIL_RESTAURANTS_AND_CAFES,220000.0,145000.0,443.8039220452117
10713082000,6468782000,carluccios,2020,Southampton,RETAIL_RESTAURANTS_AND_CAFES,220000.0,131750.0,593.6816590709527
10713082000,565951176,carluccios,2020,Southampton,RETAIL_RESTAURANTS_AND_CAFES,220000.0,131000.0,1472.2541192264862
10715021000,48072127,prezzo,2018,Cumberland,RETAIL_RESTAURANTS_AND_CAFES,49000.0,48250.0,23384.843318856612
10715021000,13513071000,prezzo,2018,Cumberland,RETAIL_RESTAURANTS_AND_CAFES,49000.0,48000.0,2134.024854856139
10715021000,6773180000,prezzo,2018,Cumberland,RETAIL_RESTAURANTS_AND_CAFES,49000.0,50000.0,17622.408124799935
10718463000,6242030000,wilko,2023,West Northamptonshire,INDUSTRIAL_GENERAL,23000.0,23000.0,993.9174937817105
10718463000,460244045,wilko,2023,West Northamptonshire,INDUSTRIAL_GENERAL,23000.0,23000.0,1331.376998813
10718463000,13880532000,wilko,2023,West Northamptonshire,INDUSTRIAL_GENERAL,23000.0,23000.0,525.906675216016
10719036000,2314942000,thomas cook,2019,Manchester,INDUSTRIAL_GENERAL,260000.0,260000.0,2292.105108114154
10719036000,13463437000,thomas cook,2019,Manchester,INDUSTRIAL_GENERAL,260000.0,255000.0,2606.3865129213086
10719036000,4625051000,thomas cook,2019,Manchester,INDUSTRIAL_GENERAL,260000.0,265000.0,1052.1452669472292
10719183000,6040679000,thomas cook,2019,Manchester,INDUSTRIAL_GENERAL,141000.0,141000.0,2640.7891721559286
10719183000,600569000,thomas cook,2019,Manchester,INDUSTRIAL_GENERAL,141000.0,141000.0,2797.26217566866
10719183000,10719234000,thomas cook,2019,Manchester,INDUSTRIAL_GENERAL,141000.0,141000.0,3081.60454335344
10734472000,2327255000,byron,2020,Manchester,RETAIL_RESTAURANTS_AND_CAFES,114000.0,113000.0,4227.615426543893
10734472000,190476113,byron,2020,Manchester,RETAIL_RESTAURANTS_AND_CAFES,114000.0,115000.0,4097.460913584992
10734472000,4725064000,byron,2020,Manchester,RETAIL_RESTAURANTS_AND_CAFES,114000.0,115000.0,547.2465939686882
10734526000,439784221,ted baker,2024,Birmingham,RETAIL_HIGH_STREET,250000.0,70000.0,951.210088520021
10734526000,11895800000,ted baker,2024,Birmingham,RETAIL_HIGH_STREET,250000.0,70000.0,2584.0951051231996
10734526000,14500601000,ted baker,2024,Birmingham,RETAIL_HIGH_STREET,250000.0,69000.0,1822.9177095309599
10737683000,7164516000,body shop,2024,Leeds,OFFICE_GENERAL,29000.0,29000.0,761.3690041979353
10737683000,10987867000,body shop,2024,Leeds,OFFICE_GENERAL,29000.0,29000.0,1931.887870881319
10737683000,10541413000,body shop,2024,Leeds,OFFICE_GENERAL,29000.0,29000.0,8205.527413058964
10755961000,12874849000,bella italia,2020,South Gloucestershire,RETAIL_RESTAURANTS_AND_CAFES,89500.0,81000.0,4292.471714402466
10755961000,14727579000,bella italia,2020,South Gloucestershire,RETAIL_RESTAURANTS_AND_CAFES,89500.0,80000.0,3587.1836633195326
10755961000,14152351000,bella italia,2020,South Gloucestershire,RETAIL_RESTAURANTS_AND_CAFES,89500.0,80000.0,3477.0647454027953
10758103000,11817045,homebase,2024,West Northamptonshire,INDUSTRIAL_GENERAL,10500.0,10500.0,1227.9770152015435
10758103000,6289697000,homebase,2024,West Northamptonshire,INDUSTRIAL_GENERAL,10500.0,10500.0,26914.123890247625
10758103000,10090697000,homebase,2024,West Northamptonshire,INDUSTRIAL_GENERAL,10500.0,10500.0,1362.3173054769964
10759073000,643478000,frankie&bennys,2020,South Gloucestershire,RETAIL_RESTAURANTS_AND_CAFES,132000.0,133000.0,771.8755763887796
10759073000,3829744000,frankie&bennys,2020,South Gloucestershire,RETAIL_RESTAURANTS_AND_CAFES,132000.0,128000.0,11437.24841996222
10759073000,7725456000,frankie&bennys,2020,South Gloucestershire,RETAIL_RESTAURANTS_AND_CAFES,132000.0,136000.0,2335.7836471618984
10766222000,5209199000,wilko,2023,Watford,RETAIL_OTHER_SUPERSTORES_AND_WAREHOUSES,390000.0,390000.0,515.2991512409461
10766222000,8150827000,wilko,2023,Watford,RETAIL_OTHER_SUPERSTORES_AND_WAREHOUSES,390000.0,392500.0,566.4118281011922
10766222000,12457478000,wilko,2023,Watford,RETAIL_OTHER_SUPERSTORES_AND_WAREHOUSES,390000.0,385000.0,621.2436490372171
10766772000,11618406000,byron,2020,Southampton,RETAIL_RESTAURANTS_AND_CAFES,109000.0,120000.0,3054.594513490923
10766772000,7860934000,byron,2020,Southampton,RETAIL_RESTAURANTS_AND_CAFES,109000.0,97000.0,521.5984730259661
10766772000,200986176,byron,2020,Southampton,RETAIL_RESTAURANTS_AND_CAFES,109000.0,124000.0,4506.445274818013
10766874000,5777210000,body shop,2024,Cheshire West and Chester,INDUSTRIAL_GENERAL,4450.0,4450.0,1692.9649583767068
10766874000,8462128000,body shop,2024,Cheshire West and Chester,INDUSTRIAL_GENERAL,4450.0,4450.0,10646.068883767935
10766874000,222261132,body shop,2024,Cheshire West and Chester,INDUSTRIAL_GENERAL,4450.0,4450.0,1235.7438202589635
10768343000,13630465000,prezzo,2018,North Hertfordshire,OFFICE_GENERAL,7400.0,7400.0,3520.0884110875418
10768343000,191513013,prezzo,2018,North Hertfordshire,OFFICE_GENERAL,7400.0,7400.0,2787.696248662343
10768343000,14802900000,prezzo,2018,North Hertfordshire,OFFICE_GENERAL,7400.0,7400.0,12134.874846573797
10769193000,772613000,frankie&bennys,2020,Wiltshire,RETAIL_HIGH_STREET,1900.0,1900.0,25489.08718445771
10769193000,142692216,frankie&bennys,2020,Wiltshire,RETAIL_HIGH_STREET,1900.0,1900.0,3477.178707181456
10769193000,453395176,frankie&bennys,2020,Wiltshire,RETAIL_HIGH_STREET,1900.0,1900.0,14118.83965275026
10778264000,2710225000,frankie&bennys,2020,Hartlepool,RETAIL_RESTAURANTS_AND_CAFES,92500.0,95000.0,788.8947908670217
10778264000,12627009000,frankie&bennys,2020,Hartlepool,RETAIL_RESTAURANTS_AND_CAFES,92500.0,89000.0,1940.469414084471
10778264000,6071863000,frankie&bennys,2020,Hartlepool,RETAIL_RESTAURANTS_AND_CAFES,92500.0,96500.0,2817.7367986458626
10779119000,978051000,chiquito,2020,"Bournemouth, Christchurch and Poole",RETAIL_RESTAURANTS_AND_CAFES,95000.0,95500.0,1904.850154181355
10779119000,10435381000,chiquito,2020,"Bournemouth, Christchurch and Poole",RETAIL_RESTAURANTS_AND_CAFES,95000.0,96000.0,477.3679107973062
10779119000,3333249000,chiquito,2020,"Bournemouth, Christchurch and Poole",RETAIL_RESTAURANTS_AND_CAFES,95000.0,100000.0,2219.769259241597
10787585000,8771312000,thomas cook,2019,York,OTHER_COMMERCIAL,8300.0,8300.0,1305.1399213893803
10787585000,8850625000,thomas cook,2019,York,OTHER_COMMERCIAL,8300.0,8300.0,3242.8731079167437
10787585000,8850643000,thomas cook,2019,York,OTHER_COMMERCIAL,8300.0,8300.0,3279.8887259145527
10789436000,41440063,paperchase,2023,Camden,RETAIL_HIGH_STREET,65000.0,65000.0,963.9013645311949
10789436000,109943063,paperchase,2023,Camden,RETAIL_HIGH_STREET,65000.0,64500.0,948.8466501695796
10789436000,102490063,paperchase,2023,Camden,RETAIL_HIGH_STREET,65000.0,65500.0,965.7427509985718
10792305000,15079338000,toys r us,2018,Stoke-on-Trent,RETAIL_OTHER_SUPERSTORES_AND_WAREHOUSES,725000.0,247000.0,612.1089897890793
10792305000,5558880000,toys r us,2018,Stoke-on-Trent,RETAIL_OTHER_SUPERSTORES_AND_WAREHOUSES,725000.0,246000.0,2217.8486607133327
10792305000,7973514000,toys r us,2018,Stoke-on-Trent,RETAIL_OTHER_SUPERSTORES_AND_WAREHOUSES,725000.0,246000.0,1257.8553817244267
10794859000,12913868000,prezzo,2018,Blackpool,RETAIL_HIGH_STREET,138000.0,51000.0,2218.077610585983
10794859000,7739691000,prezzo,2018,Blackpool,RETAIL_HIGH_STREET,138000.0,47250.0,473.1439150109207
10794859000,11445366000,prezzo,2018,Blackpool,RETAIL_HIGH_STREET,138000.0,46000.0,1881.0194576958984
10800088000,14634695000,toys r us,2018,West Northamptonshire,INDUSTRIAL_GENERAL,1850.0,1850.0,18506.82151382574
10800088000,14634692000,toys r us,2018,West Northamptonshire,INDUSTRIAL_GENERAL,1850.0,1850.0,18506.82151382574
10800088000,14634693000,toys r us,2018,West Northamptonshire,INDUSTRIAL_GENERAL,1850.0,1850.0,18506.82151382574
10801555000,11228758000,prezzo,2018,Birmingham,RETAIL_HIGH_STREET,55500.0,55500.0,2584.0951051231996
10801555000,8763822000,prezzo,2018,Birmingham,RETAIL_HIGH_STREET,55500.0,55000.0,2934.2286693561723
10801555000,2325766000,prezzo,2018,Birmingham,RETAIL_HIGH_STREET,55500.0,55000.0,2830.9377984526764
10805923000,10792093000,arcadia,2020,"Bristol, City of",OFFICE_GENERAL,38250.0,38250.0,574.3354930375283
10805923000,13153646000,arcadia,2020,"Bristol, City of",OFFICE_GENERAL,38250.0,38250.0,5733.009015474368
10805923000,14943376000,arcadia,2020,"Bristol, City of",OFFICE_GENERAL,38250.0,38250.0,609.2816410825423
10806363000,11148935000,poundworld,2018,Central Bedfordshire,RETAIL_HIGH_STREET,89500.0,74000.0,9112.881759552367
10806363000,208255011,poundworld,2018,Central Bedfordshire,RETAIL_HIGH_STREET,89500.0,73000.0,10317.257504444884
10806363000,691994000,poundworld,2018,Central Bedfordshire,RETAIL_HIGH_STREET,89500.0,69500.0,10332.186766493369
10811497000,78048000,prezzo,2018,"Bournemouth, Christchurch and Poole",RETAIL_RESTAURANTS_AND_CAFES,99000.0,101000.0,1530.4292692491374
10811497000,13246808000,prezzo,2018,"Bournemouth, Christchurch and Poole",RETAIL_RESTAURANTS_AND_CAFES,99000.0,102000.0,3347.9512990443186
10811497000,7651218000,prezzo,2018,"Bournemouth, Christchurch and Poole",RETAIL_RESTAURANTS_AND_CAFES,99000.0,102000.0,2194.7522980625226
10820216000,9518984000,body shop,2024,Gloucester,RETAIL_HIGH_STREET,85500.0,41250.0,870.1198560097581
10820216000,7720949000,body shop,2024,Gloucester,RETAIL_HIGH_STREET,85500.0,41000.0,1470.5256284220668
10820216000,10479050000,body shop,2024,Gloucester,RETAIL_HIGH_STREET,85500.0,39000.0,1071.3531136869522
10820237000,11109807000,arcadia,2020,Birmingham,RETAIL_HIGH_STREET,248000.0,69000.0,2034.2517157736295
10820237000,425969221,arcadia,2020,Birmingham,RETAIL_HIGH_STREET,248000.0,69000.0,2433.767496364135
10820237000,320178221,arcadia,2020,Birmingham,RETAIL_HIGH_STREET,248000.0,68500.0,2034.2517157736295
10826942000,11461827000,prezzo,2018,South Gloucestershire,RETAIL_RESTAURANTS_AND_CAFES,38250.0,38000.0,750.820599404233
10826942000,644533000,prezzo,2018,South Gloucestershire,RETAIL_RESTAURANTS_AND_CAFES,38250.0,38000.0,5077.932804719562
10826942000,10195801000,prezzo,2018,South Gloucestershire,RETAIL_RESTAURANTS_AND_CAFES,38250.0,38500.0,3790.291268498738
10834680000,236450000,homebase,2024,Bedford,RETAIL_OTHER_SUPERSTORES_AND_WAREHOUSES,472500.0,208000.0,747.2879531926708
10834680000,418257000,homebase,2024,Bedford,RETAIL_OTHER_SUPERSTORES_AND_WAREHOUSES,472500.0,122000.0,556.9366671912212
10834680000,825044000,homebase,2024,Bedford,RETAIL_OTHER_SUPERSTORES_AND_WAREHOUSES,472500.0,120000.0,4632.951438866621
10837188000,12590176000,arcadia,2020,Colchester,INDUSTRIAL_GENERAL,9300.0,9300.0,4449.255017067453
10837188000,9163501000,arcadia,2020,Colchester,INDUSTRIAL_GENERAL,9300.0,9300.0,1420.4444771659369
10837188000,13750987000,arcadia,2020,Colchester,INDUSTRIAL_GENERAL,9300.0,9300.0,1420.4444771659369
10844510000,10939853000,wilko,2023,Warwick,RETAIL_HIGH_STREET,252500.0,106000.0,2855.4893389001904
10844510000,11565447000,wilko,2023,Warwick,RETAIL_HIGH_STREET,252500.0,48250.0,1010.5618872998314
10844510000,6149357000,wilko,2023,Warwick,RETAIL_HIGH_STREET,252500.0,48000.0,2968.004456310738
10846329000,185623186,prezzo,2018,Somerset,RETAIL_RESTAURANTS_AND_CAFES,49000.0,48500.0,9876.827629089035
10846329000,6876288000,prezzo,2018,Somerset,RETAIL_RESTAURANTS_AND_CAFES,49000.0,48000.0,8239.064376337272
10846329000,10634178000,prezzo,2018,Somerset,RETAIL_RESTAURANTS_AND_CAFES,49000.0,48000.0,17633.41564215285
10853340000,8834230000,arcadia,2020,Dudley,RETAIL_HIGH_STREET,850000.0,25750.0,1042.3069264164908
10853340000,8788658000,arcadia,2020,Dudley,RETAIL_HIGH_STREET,850000.0,25750.0,3392.541842103513
10853340000,11653421000,arcadia,2020,Dudley,RETAIL_HIGH_STREET,850000.0,25500.0,1071.2803622140107
10859215000,12652815000,homebase,2024,Milton Keynes,OFFICE_GENERAL,105000.0,105000.0,661.1391563784206
10859215000,6626739000,homebase,2024,Milton Keynes,OFFICE_GENERAL,105000.0,105000.0,817.9316505121197
10859215000,8280606000,homebase,2024,Milton Keynes,OFFICE_GENERAL,105000.0,104000.0,607.9782857055816
10859218000,11311688000,homebase,2024,Milton Keynes,OFFICE_GENERAL,161000.0,160000.0,2930.825314876353
10859218000,212158162,homebase,2024,Milton Keynes,OFFICE_GENERAL,161000.0,162000.0,1397.7268416756738
10859218000,9778485000,homebase,2024,Milton Keynes,OFFICE_GENERAL,161000.0,156000.0,1261.0952280324418
10864434000,9414957000,prezzo,2018,"Bournemouth, Christchurch and Poole",RETAIL_RESTAURANTS_AND_CAFES,90000.0,80500.0,1904.850154181355
10864434000,2658341000,prezzo,2018,"Bournemouth, Christchurch and Poole",RETAIL_RESTAURANTS_AND_CAFES,90000.0,80500.0,4421.731569901509
10864434000,11069123000,prezzo,2018,"Bournemouth, Christchurch and Poole",RETAIL_RESTAURANTS_AND_CAFES,90000.0,80000.0,1034.1065991331614
10874401000,207324063,debenhams,2020,Camden,OFFICE_GENERAL,1780000.0,790000.0,412.48459499914924
10874401000,5442905000,debenhams,2020,Camden,OFFICE_GENERAL,1780000.0,775000.0,460.1939316673465
10874401000,6767329000,debenhams,2020,Camden,OFFICE_GENERAL,1780000.0,750000.0,499.6334511617361
10874403000,200816063,debenhams,2020,Camden,OFFICE_GENERAL,1780000.0,745000.0,412.48459499914924
10874403000,46482063,debenhams,2020,Camden,OFFICE_GENERAL,1780000.0,665000.0,2495.2877474288625
10874403000,11797755000,debenhams,2020,Camden,OFFICE_GENERAL,1780000.0,605000.0,499.6334511617361
10885107000,5428359000,prezzo,2018,Telford and Wrekin,RETAIL_RESTAURANTS_AND_CAFES,107000.0,99000.0,441.6197474299782
10885107000,2164610000,prezzo,2018,Telford and Wrekin,RETAIL_RESTAURANTS_AND_CAFES,107000.0,93500.0,9659.782356822667
10885107000,12574975000,prezzo,2018,Telford and Wrekin,RETAIL_RESTAURANTS_AND_CAFES,107000.0,91000.0,11073.368866295705
10889346000,12017810000,homebase,2024,West Northamptonshire,INDUSTRIAL_GENERAL,555000.0,497500.0,27757.296785320617
10889346000,73271045,homebase,2024,West Northamptonshire,INDUSTRIAL_GENERAL,555000.0,497500.0,5710.360996689424
10889346000,11709495000,homebase,2024,West Northamptonshire,INDUSTRIAL_GENERAL,555000.0,497500.0,2259.8154731511545
10889458000,286410186,debenhams,2020,Somerset,INDUSTRIAL_GENERAL,162000.0,162000.0,4090.1812062509134
10889458000,10440438000,debenhams,2020,Somerset,INDUSTRIAL_GENERAL,162000.0,161000.0,4084.613843602773
10889458000,3656651000,debenhams,2020,Somerset,INDUSTRIAL_GENERAL,162000.0,163000.0,523.2453098080929
10902443000,14252674000,thomas cook,2019,Somerset,RETAIL_HIGH_STREET,3500.0,3500.0,33501.65955813227
10902443000,14231273000,thomas cook,2019,Somerset,RETAIL_HIGH_STREET,3500.0,3500.0,9826.957218341668
10902443000,14977551000,thomas cook,2019,Somerset,RETAIL_HIGH_STREET,3500.0,3500.0,15005.79645964762
10923342000,14817508000,thomas cook,2019,Peterborough,OFFICE_GENERAL,795000.0,630000.0,493.59653549973683
10923342000,247179016,thomas cook,2019,Peterborough,OFFICE_GENERAL,795000.0,595000.0,1324.6898735665354
10923342000,15033998000,thomas cook,2019,Peterborough,OFFICE_GENERAL,795000.0,1010000.0,4220.278121454718
10924352000,13245460000,body shop,2024,Somerset,INDUSTRIAL_LIGHT,11750.0,11750.0,25696.148264764008
10924352000,6060955000,body shop,2024,Somerset,INDUSTRIAL_LIGHT,11750.0,11750.0,15594.93502911089
10924352000,6474186,body shop,2024,Somerset,INDUSTRIAL_LIGHT,11750.0,11750.0,21196.361058576058
10933495000,1981098000,carluccios,2020,Derby,OTHER_COMMERCIAL,450.0,450.0,3931.2390156128095
10933495000,10659239000,carluccios,2020,Derby,OTHER_COMMERCIAL,450.0,450.0,1550.9923247831484
10933495000,224286042,carluccios,2020,Derby,OTHER_COMMERCIAL,450.0,450.0,4794.301045895944
10933503000,10659241000,carluccios,2020,Derby,OTHER_COMMERCIAL,300.0,300.0,1550.9923247831484
10933503000,10670582000,carluccios,2020,Derby,OTHER_COMMERCIAL,300.0,300.0,620.3494408060714
10933503000,6235915000,carluccios,2020,Derby,OTHER_COMMERCIAL,300.0,300.0,2292.971585814843
10934907000,10934907000,arcadia,2020,Wiltshire,INDUSTRIAL_GENERAL,56500.0,56500.0,3596.9365436599387
10934907000,529596176,arcadia,2020,Wiltshire,INDUSTRIAL_GENERAL,56500.0,56500.0,9526.303730497588
10934907000,10296048000,arcadia,2020,Wiltshire,INDUSTRIAL_GENERAL,56500.0,56500.0,23317.976207257212
10949456000,9268285000,homebase,2024,Tunbridge Wells,RETAIL_OTHER_SUPERSTORES_AND_WAREHOUSES,700000.0,540000.0,10216.62411433106
10949456000,12922020000,homebase,2024,Tunbridge Wells,RETAIL_OTHER_SUPERSTORES_AND_WAREHOUSES,700000.0,515000.0,3117.693030063312
10949456000,13524292000,homebase,2024,Tunbridge Wells,RETAIL_OTHER_SUPERSTORES_AND_WAREHOUSES,700000.0,500000.0,3096.708697047133
10957306000,9572752000,body shop,2024,Cardiff,INDUSTRIAL_GENERAL,5000.0,5000.0,1693.4537613202153
10957306000,7219322000,body shop,2024,Cardiff,INDUSTRIAL_GENERAL,5000.0,5000.0,578.9701666411287
10957306000,10679415000,body shop,2024,Cardiff,INDUSTRIAL_GENERAL,5000.0,5000.0,2057.4881705705975
10957838000,14141081000,toys r us,2018,South Gloucestershire,RETAIL_OTHER_SUPERSTORES_AND_WAREHOUSES,1000000.0,985000.0,9662.041536134597
10957838000,9350990000,toys r us,2018,South Gloucestershire,RETAIL_OTHER_SUPERSTORES_AND_WAREHOUSES,1000000.0,880000.0,9662.041536134597
10957838000,8682950000,toys r us,2018,South Gloucestershire,RETAIL_OTHER_SUPERSTORES_AND_WAREHOUSES,1000000.0,795000.0,1141.1910459890914
10979749000,6653792000,thomas cook,2019,Manchester,RETAIL_HIGH_STREET,267500.0,66000.0,1882.2106418390981
10979749000,14934246000,thomas cook,2019,Manchester,RETAIL_HIGH_STREET,267500.0,64500.0,586.4653877867322
10979749000,3596451000,thomas cook,2019,Manchester,RETAIL_HIGH_STREET,267500.0,64500.0,4412.56932829191
10979752000,10549067000,thomas cook,2019,Manchester,OTHER_COMMERCIAL,5900.0,5900.0,4736.989132385961
10979752000,8829705000,thomas cook,2019,Manchester,OTHER_COMMERCIAL,5900.0,5900.0,4464.641633538605
10979752000,10401491000,thomas cook,2019,Manchester,OTHER_COMMERCIAL,5900.0,5900.0,1082.6919055992873
10998597000,14402114000,homebase,2024,Thanet,RETAIL_OTHER_SUPERSTORES_AND_WAREHOUSES,850000.0,905000.0,2137.5905293274745
10998597000,8833025000,homebase,2024,Thanet,RETAIL_OTHER_SUPERSTORES_AND_WAREHOUSES,850000.0,1180000.0,2035.0385603231584
10998597000,456503145,homebase,2024,Thanet,RETAIL_OTHER_SUPERSTORES_AND_WAREHOUSES,850000.0,397500.0,666.1761878458302
11002127000,54664108,thomas cook,2019,York,RETAIL_HIGH_STREET,77000.0,26750.0,2577.348411872708
11002127000,8144919000,thomas cook,2019,York,RETAIL_HIGH_STREET,77000.0,26750.0,2429.092836188611
11002127000,27573108,thomas cook,2019,York,RETAIL_HIGH_STREET,77000.0,26500.0,794.1494256083256
11014953000,9243719000,arcadia,2020,Manchester,OFFICE_GENERAL,4450.0,4450.0,565.2715499950925
11014953000,103947113,arcadia,2020,Manchester,OFFICE_GENERAL,4450.0,4450.0,4821.526772845504
11014953000,10061570000,arcadia,2020,Manchester,OFFICE_GENERAL,4450.0,4450.0,1961.6422759048216
11014959000,10103600000,arcadia,2020,Manchester,OFFICE_GENERAL,4450.0,4450.0,4694.876296212038
11014959000,7720231000,arcadia,2020,Manchester,OFFICE_GENERAL,4450.0,4450.0,425.3128598015687
11014959000,7281432000,arcadia,2020,Manchester,OFFICE_GENERAL,4450.0,4450.0,743.5222742884256
11017014000,9358332000,poundworld,2018,County Durham,RETAIL_OTHER_SUPERSTORES_AND_WAREHOUSES,103000.0,89000.0,2769.553368394949
11017014000,724210104,poundworld,2018,County Durham,RETAIL_OTHER_SUPERSTORES_AND_WAREHOUSES,103000.0,89000.0,576.3352708284435
11017014000,38074104,poundworld,2018,County Durham,RETAIL_OTHER_SUPERSTORES_AND_WAREHOUSES,103000.0,88000.0,2333.2268409470507
11018755000,5621933000,poundworld,2018,Leeds,RETAIL_HIGH_STREET,67500.0,42750.0,2646.7979066083426
11018755000,8789888000,poundworld,2018,Leeds,RETAIL_HIGH_STREET,67500.0,41500.0,3386.1348046626163
11018755000,8261467000,poundworld,2018,Leeds,RETAIL_HIGH_STREET,67500.0,41250.0,12880.123272274057
11018762000,8789873000,chiquito,2020,Leeds,RETAIL_HIGH_STREET,180000.0,41250.0,4872.980532673422
11018762000,14823057000,chiquito,2020,Leeds,RETAIL_HIGH_STREET,180000.0,41000.0,657.2675265434788
11018762000,10073420000,chiquito,2020,Leeds,RETAIL_HIGH_STREET,180000.0,41000.0,1582.818620446322
11021774000,7006082000,carluccios,2020,East Riding of Yorkshire,RETAIL_HIGH_STREET,123000.0,72000.0,30905.786016616577
11021774000,13304274000,carluccios,2020,East Riding of Yorkshire,RETAIL_HIGH_STREET,123000.0,71000.0,30979.644300918157
11021774000,12945680000,carluccios,2020,East Riding of Yorkshire,RETAIL_HIGH_STREET,123000.0,71000.0,16327.044728083143
11031045000,11889804000,arcadia,2020,County Durham,RETAIL_HIGH_STREET,10250.0,10250.0,7709.2917903435045
11031045000,1193818000,arcadia,2020,County Durham,RETAIL_HIGH_STREET,10250.0,10250.0,8183.249487017847
11031045000,6045625000,arcadia,2020,County Durham,RETAIL_HIGH_STREET,10250.0,10250.0,2824.497394479267
11044532000,320715172,debenhams,2020,"Bournemouth, Christchurch and Poole",RETAIL_OTHER_SUPERSTORES_AND_WAREHOUSES,615000.0,262500.0,1904.850154181355
11044532000,10511400000,debenhams,2020,"Bournemouth, Christchurch and Poole",RETAIL_OTHER_SUPERSTORES_AND_WAREHOUSES,615000.0,262500.0,2219.3287238248686
11044532000,2825777000,debenhams,2020,"Bournemouth, Christchurch and Poole",RETAIL_OTHER_SUPERSTORES_AND_WAREHOUSES,615000.0,260000.0,2384.232762596479
11047852000,14430081000,frankie&bennys,2020,Bradford,RETAIL_HIGH_STREET,4150.0,4150.0,1768.6734233108623
11047852000,12923622000,frankie&bennys,2020,Bradford,RETAIL_HIGH_STREET,4150.0,4150.0,2232.500996121602
11047852000,12296241,frankie&bennys,2020,Bradford,RETAIL_HIGH_STREET,4150.0,4150.0,2069.8688112693753
11047865000,195238165,poundworld,2018,Reading,RETAIL_OTHER_SUPERSTORES_AND_WAREHOUSES,67000.0,69500.0,498.1710683959514
11047865000,12285487000,poundworld,2018,Reading,RETAIL_OTHER_SUPERSTORES_AND_WAREHOUSES,67000.0,62000.0,992.3553406306886
11047865000,498292165,poundworld,2018,Reading,RETAIL_OTHER_SUPERSTORES_AND_WAREHOUSES,67000.0,61500.0,2458.94491679556
11047868000,12451501000,poundworld,2018,Reading,RETAIL_OTHER_SUPERSTORES_AND_WAREHOUSES,76500.0,77000.0,992.3553406306886
11047868000,87840165,poundworld,2018,Reading,RETAIL_OTHER_SUPERSTORES_AND_WAREHOUSES,76500.0,82500.0,4225.8519761268835
11047868000,195551165,poundworld,2018,Reading,RETAIL_OTHER_SUPERSTORES_AND_WAREHOUSES,76500.0,91500.0,1215.4647277529461
11069127000,13630443000,frankie&bennys,2020,Canterbury,OFFICE_GENERAL,2550.0,2550.0,9469.602546472412
11069127000,2115945000,frankie&bennys,2020,Canterbury,OFFICE_GENERAL,2550.0,2550.0,623.8042431264392
11069127000,13196903000,frankie&bennys,2020,Canterbury,OFFICE_GENERAL,2550.0,2550.0,9637.950287823927
11074970000,11074725000,paperchase,2023,North Northamptonshire,RETAIL_HIGH_STREET,100000.0,100000.0,1993.8964373150982
11074970000,11074711000,paperchase,2023,North Northamptonshire,RETAIL_HIGH_STREET,100000.0,99500.0,1993.8964373150982
11074970000,11342096000,paperchase,2023,North Northamptonshire,RETAIL_HIGH_STREET,100000.0,98000.0,1993.8964373150982
11084638000,8287684000,arcadia,2020,Hammersmith and Fulham,OFFICE_GENERAL,59000.0,59000.0,1347.8171871100826
11084638000,227484082,arcadia,2020,Hammersmith and Fulham,OFFICE_GENERAL,59000.0,59000.0,1075.3433024498547
11084638000,7397367000,arcadia,2020,Hammersmith and Fulham,OFFICE_GENERAL,59000.0,59000.0,872.1601596515893
11086959000,34984244,frankie&bennys,2020,Leeds,RETAIL_HIGH_STREET,5800.0,5800.0,885.6598878876546
11086959000,382613244,frankie&bennys,2020,Leeds,RETAIL_HIGH_STREET,5800.0,5800.0,3533.171397324887
11086959000,377003244,frankie&bennys,2020,Leeds,RETAIL_HIGH_STREET,5800.0,5800.0,543.3373649499157
11086961000,15945244,frankie&bennys,2020,Leeds,RETAIL_HIGH_STREET,3050.0,3050.0,2031.0004073674957
11086961000,307329244,frankie&bennys,2020,Leeds,RETAIL_HIGH_STREET,3050.0,3050.0,1551.222697705985
11086961000,34565244,frankie&bennys,2020,Leeds,RETAIL_HIGH_STREET,3050.0,3050.0,2830.237995863465
11090605000,24784036,byron,2020,Norwich,RETAIL_RESTAURANTS_AND_CAFES,85000.0,41500.0,2639.46910612619
11090605000,225377036,byron,2020,Norwich,RETAIL_RESTAURANTS_AND_CAFES,85000.0,41500.0,2639.46910612619
11090605000,50278036,byron,2020,Norwich,RETAIL_RESTAURANTS_AND_CAFES,85000.0,37750.0,856.6716659712633
11098682000,11145633000,homebase,2024,Dartford,RETAIL_OTHER_SUPERSTORES_AND_WAREHOUSES,490000.0,138000.0,2197.6988313316783
11098682000,170545147,homebase,2024,Dartford,RETAIL_OTHER_SUPERSTORES_AND_WAREHOUSES,490000.0,136000.0,1639.0884231284685
11098682000,51377000,homebase,2024,Dartford,RETAIL_OTHER_SUPERSTORES_AND_WAREHOUSES,490000.0,134000.0,1076.0416506478277
11114679000,8036183000,carluccios,2020,Derby,RETAIL_RESTAURANTS_AND_CAFES,110000.0,107000.0,2888.2721127700074
11114679000,12810042,carluccios,2020,Derby,RETAIL_RESTAURANTS_AND_CAFES,110000.0,103000.0,1692.6164638208593
11114679000,965856000,carluccios,2020,Derby,RETAIL_RESTAURANTS_AND_CAFES,110000.0,103000.0,697.0333860816717
11114683000,87390042,carluccios,2020,Derby,RETAIL_RESTAURANTS_AND_CAFES,20000.0,20000.0,2036.9046018930762
11114683000,219381042,carluccios,2020,Derby,RETAIL_RESTAURANTS_AND_CAFES,20000.0,20000.0,2939.778638550235
11114683000,1283652000,carluccios,2020,Derby,RETAIL_RESTAURANTS_AND_CAFES,20000.0,20500.0,879.6001456304781
11153297000,14985549000,body shop,2024,Bedford,WAREHOUSING_LARGE_SCALE_AND_HIGH_BAY,12250.0,12250.0,2426.500231292369
11153297000,8895611000,body shop,2024,Bedford,WAREHOUSING_LARGE_SCALE_AND_HIGH_BAY,12250.0,12250.0,2819.1009460560635
11153297000,209808011,body shop,2024,Bedford,WAREHOUSING_LARGE_SCALE_AND_HIGH_BAY,12250.0,12000.0,14427.875747022457
11159156000,9551626000,arcadia,2020,Somerset,RETAIL_HIGH_STREET,144000.0,80000.0,1295.7184170132
11159156000,14621223000,arcadia,2020,Somerset,RETAIL_HIGH_STREET,144000.0,79500.0,8685.553150916161
11159156000,7482859000,arcadia,2020,Somerset,RETAIL_HIGH_STREET,144000.0,78000.0,11034.420658611663
11160621000,489516165,toys r us,2018,Reading,RETAIL_OTHER_SUPERSTORES_AND_WAREHOUSES,402500.0,432500.0,977.2156442778369
11160621000,489522165,toys r us,2018,Reading,RETAIL_OTHER_SUPERSTORES_AND_WAREHOUSES,402500.0,437500.0,977.2156442778369
11160621000,11512423000,toys r us,2018,Reading,RETAIL_OTHER_SUPERSTORES_AND_WAREHOUSES,402500.0,437500.0,992.3553406306886
11161430000,6478603000,wilko,2023,Rushmoor,RETAIL_OTHER_SUPERSTORES_AND_WAREHOUSES,152000.0,181000.0,1764.1211460967663
11161430000,3951631000,wilko,2023,Rushmoor,RETAIL_OTHER_SUPERSTORES_AND_WAREHOUSES,152000.0,208000.0,1608.7870846295386
11161430000,674732000,wilko,2023,Rushmoor,RETAIL_OTHER_SUPERSTORES_AND_WAREHOUSES,152000.0,40250.0,1593.125233128562
11177474000,14970294000,arcadia,2020,Leeds,OFFICE_GENERAL,14750.0,14750.0,525.4354375647359
11177474000,12695653000,arcadia,2020,Leeds,OFFICE_GENERAL,14750.0,14750.0,1903.5520630589922
11177474000,326400244,arcadia,2020,Leeds,OFFICE_GENERAL,14750.0,14750.0,3970.6303963717214
11182938000,349656012,homebase,2024,Cambridge,OTHER_COMMERCIAL,250.0,250.0,3086.629081701681
11182938000,10739663000,homebase,2024,Cambridge,OTHER_COMMERCIAL,250.0,250.0,536.2697027596454
11182938000,349661012,homebase,2024,Cambridge,OTHER_COMMERCIAL,250.0,250.0,2440.4419209345547
11206453000,9000907000,toys r us,2018,Chesterfield,RETAIL_OTHER_SUPERSTORES_AND_WAREHOUSES,300000.0,146000.0,1490.503043388643
11206453000,11533797000,toys r us,2018,Chesterfield,RETAIL_OTHER_SUPERSTORES_AND_WAREHOUSES,300000.0,126000.0,2617.7459470095737
11206453000,577818042,toys r us,2018,Chesterfield,RETAIL_OTHER_SUPERSTORES_AND_WAREHOUSES,300000.0,125000.0,524.5827961023608
11219127000,210588063,ted baker,2024,Camden,RETAIL_HIGH_STREET,72000.0,71500.0,960.6056352023878
11219127000,8830190000,ted baker,2024,Camden,RETAIL_HIGH_STREET,72000.0,71500.0,609.3629700430276
11219127000,12957135000,ted baker,2024,Camden,RETAIL_HIGH_STREET,72000.0,72500.0,892.9947081240074
11222677000,8955338000,byron,2020,Manchester,RETAIL_RESTAURANTS_AND_CAFES,63000.0,62500.0,2639.7110897416783
11222677000,7927321000,byron,2020,Manchester,RETAIL_RESTAURANTS_AND_CAFES,63000.0,62500.0,2361.0193128730907
11222677000,278223113,byron,2020,Manchester,RETAIL_RESTAURANTS_AND_CAFES,63000.0,63500.0,5111.765221554859
11229710000,6658032,thomas cook,2019,Lincoln,RETAIL_HIGH_STREET,71500.0,21250.0,507.5268705117817
11229710000,2618801000,thomas cook,2019,Lincoln,RETAIL_HIGH_STREET,71500.0,21250.0,532.8899257938843
11229710000,11307937000,thomas cook,2019,Lincoln,RETAIL_HIGH_STREET,71500.0,20750.0,1755.898611011695
11233417000,15029690000,homebase,2024,Colchester,RETAIL_OTHER_SUPERSTORES_AND_WAREHOUSES,360000.0,387500.0,9586.188889109446
11233417000,4067889000,homebase,2024,Colchester,RETAIL_OTHER_SUPERSTORES_AND_WAREHOUSES,360000.0,330000.0,2644.02969759416
11233417000,1235904023,homebase,2024,Colchester,RETAIL_OTHER_SUPERSTORES_AND_WAREHOUSES,360000.0,317500.0,703.9254415069122
11238650000,14799250000,homebase,2024,Basingstoke and Deane,RETAIL_OTHER_SUPERSTORES_AND_WAREHOUSES,1130000.0,1430000.0,938.6599834060879
11238650000,193668171,homebase,2024,Basingstoke and Deane,RETAIL_OTHER_SUPERSTORES_AND_WAREHOUSES,1130000.0,1680000.0,2697.8519886655654
11238650000,8992177000,homebase,2024,Basingstoke and Deane,RETAIL_OTHER_SUPERSTORES_AND_WAREHOUSES,1130000.0,1740000.0,3017.4606134612814
11239694000,11579585000,strada,2018,East Riding of Yorkshire,OFFICE_GENERAL,2150.0,2150.0,18172.235427968488
11239694000,7974371000,strada,2018,East Riding of Yorkshire,OFFICE_GENERAL,2150.0,2150.0,30979.644300918157
11239694000,13176108000,strada,2018,East Riding of Yorkshire,OFFICE_GENERAL,2150.0,2150.0,1638.417787863644
11274012000,9713325000,paperchase,2023,Crawley,RETAIL_HIGH_STREET,16750.0,16750.0,4588.6125840409795
11274012000,13096836000,paperchase,2023,Crawley,RETAIL_HIGH_STREET,16750.0,16750.0,1392.8575515170678
11274012000,8936860000,paperchase,2023,Crawley,RETAIL_HIGH_STREET,16750.0,16500.0,4588.6125840409795
11277287000,10499785000,arcadia,2020,"Bristol, City of",OFFICE_GENERAL,5100.0,5100.0,1952.3826606023845
11277287000,6816241000,arcadia,2020,"Bristol, City of",OFFICE_GENERAL,5100.0,5100.0,552.2489985948023
11277287000,12347808000,arcadia,2020,"Bristol, City of",OFFICE_GENERAL,5100.0,5100.0,733.6394684462008
11285976000,8161089000,arcadia,2020,Leicester,RETAIL_HIGH_STREET,42250.0,31250.0,1788.4612130357884
11285976000,8790011000,arcadia,2020,Leicester,RETAIL_HIGH_STREET,42250.0,30500.0,1806.6135688043382
11285976000,9969799000,arcadia,2020,Leicester,RETAIL_HIGH_STREET,42250.0,30250.0,733.9974611202149
11287746000,9652132000,arcadia,2020,"Bristol, City of",INDUSTRIAL_GENERAL,19500.0,19500.0,3062.109118926552
11287746000,340084212,arcadia,2020,"Bristol, City of",INDUSTRIAL_GENERAL,19500.0,19500.0,2622.5485942642395
11287746000,5713684000,arcadia,2020,"Bristol, City of",INDUSTRIAL_GENERAL,19500.0,19500.0,868.2709111150184
11296263000,259607000,cath kidston,2020,Camden,RETAIL_HIGH_STREET,151000.0,128000.0,960.6056352023878
11296263000,13174048000,cath kidston,2020,Camden,RETAIL_HIGH_STREET,151000.0,125000.0,929.1230413272718
11296263000,4772005000,cath kidston,2020,Camden,RETAIL_HIGH_STREET,151000.0,123000.0,1310.4983323538834
11297717000,14882213000,arcadia,2020,Thurrock,RETAIL_HIGH_STREET,60500.0,27000.0,1088.29730640018
11297717000,905294022,arcadia,2020,Thurrock,RETAIL_HIGH_STREET,60500.0,26750.0,3656.8682293676457
11297717000,13998580000,arcadia,2020,Thurrock,RETAIL_HIGH_STREET,60500.0,26000.0,10327.291548322923
11303276000,5217739000,arcadia,2020,Leicester,RETAIL_HIGH_STREET,225000.0,30000.0,408.30170057101645
11303276000,15028664000,arcadia,2020,Leicester,RETAIL_HIGH_STREET,225000.0,30000.0,1374.5347021056934
11303276000,200478044,arcadia,2020,Leicester,RETAIL_HIGH_STREET,225000.0,29500.0,2259.0661827881067
11306517000,10151700000,thomas cook,2019,Peterborough,RETAIL_HIGH_STREET,48000.0,43500.0,3233.56343796927
11306517000,13257382000,thomas cook,2019,Peterborough,RETAIL_HIGH_STREET,48000.0,43250.0,3374.322439121687
11306517000,4927364000,thomas cook,2019,Peterborough,RETAIL_HIGH_STREET,48000.0,43000.0,1608.5907802273732
11307240000,12555647000,thomas cook,2019,Preston,RETAIL_HIGH_STREET,15500.0,15500.0,1114.221380085081
11307240000,7888162000,thomas cook,2019,Preston,RETAIL_HIGH_STREET,15500.0,15500.0,1588.9696243251456
11307240000,176875126,thomas cook,2019,Preston,RETAIL_HIGH_STREET,15500.0,15500.0,936.7818163631497
11326757000,753030000,carluccios,2020,York,RETAIL_RESTAURANTS_AND_CAFES,125000.0,127000.0,2372.661281052563
11326757000,10119166000,carluccios,2020,York,RETAIL_RESTAURANTS_AND_CAFES,125000.0,128000.0,3299.1533154495323
11326757000,14758461000,carluccios,2020,York,RETAIL_RESTAURANTS_AND_CAFES,125000.0,135000.0,654.9399129496356
11337205000,13838736000,thomas cook,2019,Stockton-on-Tees,RETAIL_OTHER_SUPERSTORES_AND_WAREHOUSES,235000.0,201000.0,2261.1651545608893
11337205000,11764208000,thomas cook,2019,Stockton-on-Tees,RETAIL_OTHER_SUPERSTORES_AND_WAREHOUSES,235000.0,201000.0,2261.1651545608893
11337205000,310066102,thomas cook,2019,Stockton-on-Tees,RETAIL_OTHER_SUPERSTORES_AND_WAREHOUSES,235000.0,200000.0,2221.4195360918284
11347529000,2427527000,arcadia,2020,York,RETAIL_HIGH_STREET,62500.0,26000.0,622.3669996366457
11347529000,18121108,arcadia,2020,York,RETAIL_HIGH_STREET,62500.0,25750.0,1012.9081320642721
11347529000,9364376000,arcadia,2020,York,RETAIL_HIGH_STREET,62500.0,25250.0,3965.27809338418
11362864000,3358776000,arcadia,2020,Stockton-on-Tees,RETAIL_OTHER_SUPERSTORES_AND_WAREHOUSES,77000.0,76500.0,1856.5878685636712
11362864000,314449102,arcadia,2020,Stockton-on-Tees,RETAIL_OTHER_SUPERSTORES_AND_WAREHOUSES,77000.0,77500.0,480.1300516256772
11362864000,1326903000,arcadia,2020,Stockton-on-Tees,RETAIL_OTHER_SUPERSTORES_AND_WAREHOUSES,77000.0,78000.0,2056.9614031230185
11366769000,9185377000,body shop,2024,North Yorkshire,OFFICE_GENERAL,16250.0,16250.0,619.0571574250021
11366769000,8010721000,body shop,2024,North Yorkshire,OFFICE_GENERAL,16250.0,16250.0,23737.05812948999
11366769000,8927518000,body shop,2024,North Yorkshire,OFFICE_GENERAL,16250.0,16250.0,39392.24052493258
11370205000,14774471000,homebase,2024,South Gloucestershire,RETAIL_OTHER_SUPERSTORES_AND_WAREHOUSES,600000.0,630000.0,434.7871944066753
11370205000,10889325000,homebase,2024,South Gloucestershire,RETAIL_OTHER_SUPERSTORES_AND_WAREHOUSES,600000.0,635000.0,3699.860834285073
11370205000,8943976000,homebase,2024,South Gloucestershire,RETAIL_OTHER_SUPERSTORES_AND_WAREHOUSES,600000.0,660000.0,831.6813796552301
11374772000,648258082,paperchase,2023,Hammersmith and Fulham,RETAIL_HIGH_STREET,196000.0,100000.0,933.401087897024
11374772000,11566389000,paperchase,2023,Hammersmith and Fulham,RETAIL_HIGH_STREET,196000.0,100000.0,933.401087897024
11374772000,222434082,paperchase,2023,Hammersmith and Fulham,RETAIL_HIGH_STREET,196000.0,99500.0,414.16342440919846
11401745000,1658097000,cath kidston,2020,Guildford,RETAIL_HIGH_STREET,85500.0,32000.0,10201.847634534277
11401745000,9897735000,cath kidston,2020,Guildford,RETAIL_HIGH_STREET,85500.0,31750.0,2193.9426223632486
11401745000,83460152,cath kidston,2020,Guildford,RETAIL_HIGH_STREET,85500.0,30500.0,666.0810343478852
11420393000,10718871000,body shop,2024,Southwark,RETAIL_HIGH_STREET,123000.0,119000.0,517.0055085887119
11420393000,270664075,body shop,2024,Southwark,RETAIL_HIGH_STREET,123000.0,116000.0,1803.572928101431
11420393000,8513744000,body shop,2024,Southwark,RETAIL_HIGH_STREET,123000.0,115000.0,3297.225935965506
11420892000,231945222,poundworld,2018,Coventry,RETAIL_RESTAURANTS_AND_CAFES,0.0,0.0,982.4958249094659
11420892000,236385222,poundworld,2018,Coventry,RETAIL_RESTAURANTS_AND_CAFES,0.0,0.0,834.3718654130823
11420892000,232384222,poundworld,2018,Coventry,RETAIL_RESTAURANTS_AND_CAFES,0.0,0.0,1127.024083904775
11421028000,6959447000,body shop,2024,Stoke-on-Trent,INDUSTRIAL_GENERAL,4350.0,4350.0,751.4434422505516
11421028000,9773831000,body shop,2024,Stoke-on-Trent,INDUSTRIAL_GENERAL,4350.0,4350.0,795.9494291963272
11421028000,8386862000,body shop,2024,Stoke-on-Trent,INDUSTRIAL_GENERAL,4350.0,4350.0,1361.0508096287783
11421485000,41342052,body shop,2024,City of London,RETAIL_HIGH_STREET,158000.0,22250.0,498.36277075781175
11421485000,19500052,body shop,2024,City of London,RETAIL_HIGH_STREET,158000.0,21250.0,463.03258541852915
11421485000,2099901000,body shop,2024,City of London,RETAIL_HIGH_STREET,158000.0,21250.0,648.0413968631472
11459418000,10991754000,toys r us,2018,Norwich,RETAIL_OTHER_SUPERSTORES_AND_WAREHOUSES,540000.0,190000.0,1042.9078756610159
11459418000,7417770000,toys r us,2018,Norwich,RETAIL_OTHER_SUPERSTORES_AND_WAREHOUSES,540000.0,185000.0,1757.8907048641659
11459418000,8999844000,toys r us,2018,Norwich,RETAIL_OTHER_SUPERSTORES_AND_WAREHOUSES,540000.0,179000.0,2211.9264725259186
11472723000,13506188000,cath kidston,2020,Southwark,RETAIL_HIGH_STREET,83000.0,82500.0,1440.1591818678764
11472723000,14977378000,cath kidston,2020,Southwark,RETAIL_HIGH_STREET,83000.0,82000.0,3153.880601664275
11472723000,11222175000,cath kidston,2020,Southwark,RETAIL_HIGH_STREET,83000.0,84000.0,3199.8075970360924
11498986000,11233423000,homebase,2024,Bromley,RETAIL_OTHER_SUPERSTORES_AND_WAREHOUSES,785000.0,445000.0,5582.30844086044
11498986000,749183072,homebase,2024,Bromley,RETAIL_OTHER_SUPERSTORES_AND_WAREHOUSES,785000.0,442500.0,522.1593566582975
11498986000,11351834000,homebase,2024,Bromley,RETAIL_OTHER_SUPERSTORES_AND_WAREHOUSES,785000.0,427500.0,5582.30844086044
11510665000,11722422000,arcadia,2020,Leeds,INDUSTRIAL_GENERAL,84.0,84.0,5330.327058490348
11510665000,11188632000,arcadia,2020,Leeds,INDUSTRIAL_GENERAL,84.0,84.0,3095.8493779985743
11510665000,12613714000,arcadia,2020,Leeds,INDUSTRIAL_GENERAL,84.0,84.0,515.119593754955
11511287000,13679358000,body shop,2024,Leeds,INDUSTRIAL_GENERAL,126.0,126.0,6798.424564943629
11511287000,14926955000,body shop,2024,Leeds,INDUSTRIAL_GENERAL,126.0,128.0,918.1790986863301
11511287000,15033254000,body shop,2024,Leeds,INDUSTRIAL_GENERAL,126.0,122.0,690.3537414492835
11511604000,15033236000,wilko,2023,Leeds,INDUSTRIAL_GENERAL,205.0,205.0,3476.35122834504
11511604000,13297651000,wilko,2023,Leeds,INDUSTRIAL_GENERAL,205.0,210.0,1267.0903474929448
11511604000,11934590000,wilko,2023,Leeds,INDUSTRIAL_GENERAL,205.0,198.0,8083.89803997516
11517705000,178661186,poundworld,2018,Somerset,RETAIL_HIGH_STREET,159000.0,76000.0,11034.420658611663
11517705000,145842186,poundworld,2018,Somerset,RETAIL_HIGH_STREET,159000.0,75000.0,11121.191617437298
11517705000,8031750000,poundworld,2018,Somerset,RETAIL_HIGH_STREET,159000.0,74000.0,1971.0758324750602
11544650000,1111790000,wilko,2023,Brent,RETAIL_OTHER_SUPERSTORES_AND_WAREHOUSES,280000.0,265000.0,553.2620455659547
11544650000,2131500000,wilko,2023,Brent,RETAIL_OTHER_SUPERSTORES_AND_WAREHOUSES,280000.0,262500.0,1697.3952942673284
11544650000,2762624000,wilko,2023,Brent,RETAIL_OTHER_SUPERSTORES_AND_WAREHOUSES,280000.0,300000.0,4128.626486695831
11580148000,316380172,body shop,2024,"Bournemouth, Christchurch and Poole",INDUSTRIAL_GENERAL,20500.0,20500.0,483.9411371861912
11580148000,95496172,body shop,2024,"Bournemouth, Christchurch and Poole",INDUSTRIAL_GENERAL,20500.0,20500.0,1275.366401195276
11580148000,108541172,body shop,2024,"Bournemouth, Christchurch and Poole",INDUSTRIAL_GENERAL,20500.0,20500.0,843.1898518752637
11581932000,268060075,ted baker,2024,Southwark,RETAIL_HIGH_STREET,124000.0,114000.0,2960.6168713475486
11581932000,13935025000,ted baker,2024,Southwark,RETAIL_HIGH_STREET,124000.0,114000.0,1320.1647119399138
11581932000,256884075,ted baker,2024,Southwark,RETAIL_HIGH_STREET,124000.0,110000.0,1696.3109566549242
11585882000,8903040000,debenhams,2020,Cheshire West and Chester,RETAIL_OTHER_SUPERSTORES_AND_WAREHOUSES,1230000.0,1310000.0,843.5666795244443
11585882000,14761880000,debenhams,2020,Cheshire West and Chester,RETAIL_OTHER_SUPERSTORES_AND_WAREHOUSES,1230000.0,1400000.0,7036.132476800681
11585882000,14162504000,debenhams,2020,Cheshire West and Chester,RETAIL_OTHER_SUPERSTORES_AND_WAREHOUSES,1230000.0,1530000.0,8002.198510510245
11593910000,14048394000,paperchase,2023,Leeds,RETAIL_HIGH_STREET,580.0,580.0,4528.662887299564
11593910000,12969409000,paperchase,2023,Leeds,RETAIL_HIGH_STREET,580.0,580.0,1907.2533722116784
11593910000,14179461000,paperchase,2023,Leeds,RETAIL_HIGH_STREET,580.0,580.0,4528.662887299564
11593912000,13687955000,paperchase,2023,Leeds,RETAIL_HIGH_STREET,25500.0,25500.0,3767.121362853968
11593912000,309336244,paperchase,2023,Leeds,RETAIL_HIGH_STREET,25500.0,25500.0,2086.616481482646
11593912000,8086948000,paperchase,2023,Leeds,RETAIL_HIGH_STREET,25500.0,25500.0,980.9719258131097
11603497000,13993812000,wilko,2023,Gloucester,OFFICE_GENERAL,5800.0,5800.0,818.8139837599126
11603497000,4841465000,wilko,2023,Gloucester,OFFICE_GENERAL,5800.0,5700.0,4999.650591049024
11603497000,10696491000,wilko,2023,Gloucester,OFFICE_GENERAL,5800.0,5700.0,5013.231754841803
11612972000,8695115000,homebase,2024,Basingstoke and Deane,RETAIL_OTHER_SUPERSTORES_AND_WAREHOUSES,840000.0,385000.0,1121.7546005643235
11612972000,8972454000,homebase,2024,Basingstoke and Deane,RETAIL_OTHER_SUPERSTORES_AND_WAREHOUSES,840000.0,360000.0,2168.6625337600344
11612972000,12954250000,homebase,2024,Basingstoke and Deane,RETAIL_OTHER_SUPERSTORES_AND_WAREHOUSES,840000.0,352500.0,1865.511409715017
11617023000,11724900000,paperchase,2023,Bromley,RETAIL_HIGH_STREET,93000.0,54500.0,2704.5625282854344
11617023000,5651270000,paperchase,2023,Bromley,RETAIL_HIGH_STREET,93000.0,54500.0,2704.5625282854344
11617023000,11310191000,paperchase,2023,Bromley,RETAIL_HIGH_STREET,93000.0,53000.0,3415.488402737828
11617200000,12329780000,wilko,2023,Harlow,RETAIL_OTHER_SUPERSTORES_AND_WAREHOUSES,235000.0,50500.0,706.1945990321743
11617200000,189591022,wilko,2023,Harlow,RETAIL_OTHER_SUPERSTORES_AND_WAREHOUSES,235000.0,49250.0,706.1945990321743
11617200000,11342686000,wilko,2023,Harlow,RETAIL_OTHER_SUPERSTORES_AND_WAREHOUSES,235000.0,42250.0,706.1945990321743
11621554000,229064237,arcadia,2020,Birmingham,RETAIL_OTHER_SUPERSTORES_AND_WAREHOUSES,785000.0,960000.0,4156.825718622454
11621554000,12664041000,arcadia,2020,Birmingham,RETAIL_OTHER_SUPERSTORES_AND_WAREHOUSES,785000.0,965000.0,4156.825718622454
11621554000,11837695000,arcadia,2020,Birmingham,RETAIL_OTHER_SUPERSTORES_AND_WAREHOUSES,785000.0,970000.0,1626.856893997565
11624789000,11944629000,body shop,2024,Bromley,RETAIL_HIGH_STREET,86000.0,53000.0,2704.5625282854344
11624789000,8790254000,body shop,2024,Bromley,RETAIL_HIGH_STREET,86000.0,53000.0,8666.816253139617
11624789000,8831998000,body shop,2024,Bromley,RETAIL_HIGH_STREET,86000.0,48500.0,5467.677445942232
11624882000,316579182,chiquito,2020,North Devon,RETAIL_HIGH_STREET,52500.0,27500.0,4367.971938766168
11624882000,14182665000,chiquito,2020,North Devon,RETAIL_HIGH_STREET,52500.0,27500.0,14299.711411063392
11624882000,14337259000,chiquito,2020,North Devon,RETAIL_HIGH_STREET,52500.0,26500.0,17318.18491150363
11624884000,7075543000,frankie&bennys,2020,North Devon,RETAIL_HIGH_STREET,52500.0,26000.0,14235.404298578635
11624884000,12476958000,frankie&bennys,2020,North Devon,RETAIL_HIGH_STREET,52500.0,24000.0,7680.744004248842
11624884000,10699853000,frankie&bennys,2020,North Devon,RETAIL_HIGH_STREET,52500.0,24000.0,14571.781793370354
11625101000,218040072,byron,2020,Bromley,RETAIL_RESTAURANTS_AND_CAFES,64500.0,64700.0,2819.5143056842635
11625101000,767109072,byron,2020,Bromley,RETAIL_RESTAURANTS_AND_CAFES,64500.0,65500.0,1955.0590315737238
11625101000,240557072,byron,2020,Bromley,RETAIL_RESTAURANTS_AND_CAFES,64500.0,66000.0,2283.5545929000145
11627023000,8831561000,ted baker,2024,Bromley,RETAIL_HIGH_STREET,96000.0,46500.0,1518.6616887097132
11627023000,730618072,ted baker,2024,Bromley,RETAIL_HIGH_STREET,96000.0,46500.0,4619.262497421033
11627023000,8836148000,ted baker,2024,Bromley,RETAIL_HIGH_STREET,96000.0,46500.0,5018.348823482612
11628294000,8383531000,carluccios,2020,Bromley,RETAIL_RESTAURANTS_AND_CAFES,72500.0,73500.0,2659.9335983294836
11628294000,179018072,carluccios,2020,Bromley,RETAIL_RESTAURANTS_AND_CAFES,72500.0,74000.0,2490.4334177301785
11628294000,12664030000,carluccios,2020,Bromley,RETAIL_RESTAURANTS_AND_CAFES,72500.0,75800.0,3106.0459646342097
11647473000,234271072,debenhams,2020,Bromley,RETAIL_HIGH_STREET,14750.0,14750.0,689.2628767654448
11647473000,730412072,debenhams,2020,Bromley,RETAIL_HIGH_STREET,14750.0,14750.0,2694.356850419644
11647473000,165366072,debenhams,2020,Bromley,RETAIL_HIGH_STREET,14750.0,14750.0,3014.9888185018253
11652988000,7281063000,wilko,2023,Birmingham,RETAIL_OTHER_SUPERSTORES_AND_WAREHOUSES,243000.0,247000.0,2123.859554334819
11652988000,5016053000,wilko,2023,Birmingham,RETAIL_OTHER_SUPERSTORES_AND_WAREHOUSES,243000.0,247000.0,2179.410068673609
11652988000,423030221,wilko,2023,Birmingham,RETAIL_OTHER_SUPERSTORES_AND_WAREHOUSES,243000.0,247000.0,870.5181217883487
11664365000,8963575000,arcadia,2020,Cardiff,INDUSTRIAL_GENERAL,4300.0,4300.0,1376.558834295181
11664365000,9111472000,arcadia,2020,Cardiff,INDUSTRIAL_GENERAL,4300.0,4300.0,1629.1650130599746
11664365000,13413178000,arcadia,2020,Cardiff,INDUSTRIAL_GENERAL,4300.0,4250.0,1343.3584295262178
11672408000,268674017,debenhams,2020,Watford,RETAIL_OTHER_SUPERSTORES_AND_WAREHOUSES,895000.0,975000.0,733.4245797744966
11672408000,12543690000,debenhams,2020,Watford,RETAIL_OTHER_SUPERSTORES_AND_WAREHOUSES,895000.0,450000.0,566.4118281011922
11672408000,14301105000,debenhams,2020,Watford,RETAIL_OTHER_SUPERSTORES_AND_WAREHOUSES,895000.0,397500.0,751.3398636246748
11719749000,4866950000,arcadia,2020,East Staffordshire,RETAIL_HIGH_STREET,63500.0,32250.0,18837.20563372224
11719749000,9303906000,arcadia,2020,East Staffordshire,RETAIL_HIGH_STREET,63500.0,31000.0,749.4720714592587
11719749000,7170572000,arcadia,2020,East Staffordshire,RETAIL_HIGH_STREET,63500.0,30000.0,1919.1623980126062
11719755000,12731068000,arcadia,2020,East Staffordshire,LEISURE_AMUSEMENT_AND_ENTERTAINMENT_CENTRES,7900.0,8200.0,15226.4535307852
11719755000,213713232,arcadia,2020,East Staffordshire,LEISURE_AMUSEMENT_AND_ENTERTAINMENT_CENTRES,7900.0,7500.0,7116.307821170184
11719755000,2316249000,arcadia,2020,East Staffordshire,LEISURE_AMUSEMENT_AND_ENTERTAINMENT_CENTRES,7900.0,7200.0,20083.224062723257
11771493000,6878283000,mothercare,2019,Plymouth,RETAIL_OTHER_SUPERSTORES_AND_WAREHOUSES,372500.0,385000.0,630.4861404591331
11771493000,10651206000,mothercare,2019,Plymouth,RETAIL_OTHER_SUPERSTORES_AND_WAREHOUSES,372500.0,385000.0,1204.161064951113
11771493000,14926945000,mothercare,2019,Plymouth,RETAIL_OTHER_SUPERSTORES_AND_WAREHOUSES,372500.0,390000.0,3279.701416998397
11781172000,11112950000,cath kidston,2020,Hammersmith and Fulham,RETAIL_HIGH_STREET,420000.0,97500.0,639.8170257523791
11781172000,8790529000,cath kidston,2020,Hammersmith and Fulham,RETAIL_HIGH_STREET,420000.0,97500.0,528.0284203155692
11781172000,9241458000,cath kidston,2020,Hammersmith and Fulham,RETAIL_HIGH_STREET,420000.0,96000.0,506.144333277987
11791484000,8128497000,paperchase,2023,Eastbourne,RETAIL_HIGH_STREET,84000.0,38750.0,704.1179615513036
11791484000,11694915000,paperchase,2023,Eastbourne,RETAIL_HIGH_STREET,84000.0,38750.0,1520.6653097408682
11791484000,52118144,paperchase,2023,Eastbourne,RETAIL_HIGH_STREET,84000.0,37500.0,1520.6653097408682
11843448000,11522508000,carluccios,2020,Tower Hamlets,RETAIL_RESTAURANTS_AND_CAFES,194000.0,198000.0,742.1779944120182
11843448000,164057058,carluccios,2020,Tower Hamlets,RETAIL_RESTAURANTS_AND_CAFES,194000.0,157000.0,969.2243624829074
11843448000,6220593000,carluccios,2020,Tower Hamlets,RETAIL_RESTAURANTS_AND_CAFES,194000.0,152000.0,888.4110898720716
11851513000,9912605000,body shop,2024,Lancaster,INDUSTRIAL_GENERAL,24500.0,24500.0,2333.1719436689136
11851513000,5317404000,body shop,2024,Lancaster,INDUSTRIAL_GENERAL,24500.0,24500.0,2343.3709332358667
11851513000,10669732000,body shop,2024,Lancaster,INDUSTRIAL_GENERAL,24500.0,24250.0,878.0657410977834
11865183000,9590112000,arcadia,2020,Guildford,OFFICE_GENERAL,3250.0,3250.0,1427.7131825937468
11865183000,11865315000,arcadia,2020,Guildford,OFFICE_GENERAL,3250.0,3250.0,468.8682865617228
11865183000,4807106000,arcadia,2020,Guildford,OFFICE_GENERAL,3250.0,3250.0,6241.246585861383
11871717000,10948859000,mothercare,2019,Gloucester,OFFICE_GENERAL,292500.0,290000.0,917.113896535927
11871717000,4978410000,mothercare,2019,Gloucester,OFFICE_GENERAL,292500.0,262500.0,4954.4367106651125
11871717000,13174817000,mothercare,2019,Gloucester,OFFICE_GENERAL,292500.0,214000.0,917.113896535927
11875708000,7217771000,arcadia,2020,Peterborough,RETAIL_HIGH_STREET,8000.0,8000.0,5444.778595876712
11875708000,9759016,arcadia,2020,Peterborough,RETAIL_HIGH_STREET,8000.0,8000.0,683.4903990331755
11875708000,523066000,arcadia,2020,Peterborough,RETAIL_HIGH_STREET,8000.0,8000.0,1480.4558284082077
11913529000,2915574000,debenhams,2020,Watford,RETAIL_RESTAURANTS_AND_CAFES,71000.0,74500.0,2609.5823387713403
11913529000,206395017,debenhams,2020,Watford,RETAIL_RESTAURANTS_AND_CAFES,71000.0,63000.0,2065.607781624888
11913529000,12591681000,debenhams,2020,Watford,RETAIL_RESTAURANTS_AND_CAFES,71000.0,58000.0,2609.5823387713403
11938336000,11937644000,body shop,2024,Lancaster,OTHER_PUBLIC,430.0,430.0,9022.814559835428
11938336000,11937674000,body shop,2024,Lancaster,OTHER_PUBLIC,430.0,430.0,9022.814559835428
11938336000,11937696000,body shop,2024,Lancaster,OTHER_PUBLIC,430.0,430.0,9022.814559835428
11986396000,10874780000,strada,2018,"Bournemouth, Christchurch and Poole",OFFICE_GENERAL,9700.0,9700.0,3579.921509682238
11986396000,10126570000,strada,2018,"Bournemouth, Christchurch and Poole",OFFICE_GENERAL,9700.0,9700.0,653.3939403071629
11986396000,6202716000,strada,2018,"Bournemouth, Christchurch and Poole",OFFICE_GENERAL,9700.0,9700.0,3115.3589941344876
11986411000,10665346000,strada,2018,"Bournemouth, Christchurch and Poole",OTHER_COMMERCIAL,750.0,750.0,790.5136088800629
11986411000,10665367000,strada,2018,"Bournemouth, Christchurch and Poole",OTHER_COMMERCIAL,750.0,750.0,790.5136088800629
11986411000,10665370000,strada,2018,"Bournemouth, Christchurch and Poole",OTHER_COMMERCIAL,750.0,750.0,790.5136088800629
11988722000,6123584000,cath kidston,2020,Cheshire West and Chester,RETAIL_HIGH_STREET,138000.0,21000.0,947.3855379573258
11988722000,308719133,cath kidston,2020,Cheshire West and Chester,RETAIL_HIGH_STREET,138000.0,21000.0,7871.77649741802
11988722000,14967846000,cath kidston,2020,Cheshire West and Chester,RETAIL_HIGH_STREET,138000.0,20750.0,1983.8963074783392
12018207000,451889221,thomas cook,2019,Birmingham,RETAIL_HIGH_STREET,47500.0,47250.0,2624.010707472507
12018207000,14846034000,thomas cook,2019,Birmingham,RETAIL_HIGH_STREET,47500.0,47250.0,1720.145169665009
12018207000,10839024000,thomas cook,2019,Birmingham,RETAIL_HIGH_STREET,47500.0,47250.0,522.3442515371402
12076822000,6977907000,arcadia,2020,Lincoln,RETAIL_HIGH_STREET,179000.0,20500.0,4015.759919668775
12076822000,12839991000,arcadia,2020,Lincoln,RETAIL_HIGH_STREET,179000.0,20250.0,3977.2882182509384
12076822000,9009669000,arcadia,2020,Lincoln,RETAIL_HIGH_STREET,179000.0,20250.0,3977.2882182509384
12093247000,9301219000,paperchase,2023,Southwark,RETAIL_HIGH_STREET,54000.0,54000.0,1696.3109566549242
12093247000,9529151000,paperchase,2023,Southwark,RETAIL_HIGH_STREET,54000.0,53500.0,730.0909072603235
12093247000,2985939000,paperchase,2023,Southwark,RETAIL_HIGH_STREET,54000.0,53500.0,1220.5293896674382
12105528000,1243146023,ted baker,2024,Braintree,RETAIL_HIGH_STREET,88500.0,34750.0,4039.807755909243
12105528000,135445023,ted baker,2024,Braintree,RETAIL_HIGH_STREET,88500.0,33500.0,9421.300811768955
12105528000,177524023,ted baker,2024,Braintree,RETAIL_HIGH_STREET,88500.0,33500.0,663.958562169247
12106763000,9896534000,body shop,2024,Braintree,RETAIL_HIGH_STREET,37500.0,31750.0,896.8314418861041
12106763000,135477023,body shop,2024,Braintree,RETAIL_HIGH_STREET,37500.0,31000.0,9390.070296038588
12106763000,7421850000,body shop,2024,Braintree,RETAIL_HIGH_STREET,37500.0,30250.0,7820.6370596460365
12114374000,11813375000,frankie&bennys,2020,Manchester,RETAIL_HIGH_STREET,22750.0,22750.0,853.0128102453657
12114374000,4212779000,frankie&bennys,2020,Manchester,RETAIL_HIGH_STREET,22750.0,22750.0,3148.9811064770392
12114374000,14973155000,frankie&bennys,2020,Manchester,RETAIL_HIGH_STREET,22750.0,22750.0,3085.884776452617
12192930000,242443144,wilko,2023,Eastbourne,RETAIL_OTHER_SUPERSTORES_AND_WAREHOUSES,367500.0,332500.0,1383.41658110079
12192930000,270281144,wilko,2023,Eastbourne,RETAIL_OTHER_SUPERSTORES_AND_WAREHOUSES,367500.0,330000.0,1383.41658110079
12192930000,10533560000,wilko,2023,Eastbourne,RETAIL_OTHER_SUPERSTORES_AND_WAREHOUSES,367500.0,292500.0,1814.3056939555859
12202440000,10130415000,wilko,2023,Swindon,RETAIL_OTHER_SUPERSTORES_AND_WAREHOUSES,280000.0,280000.0,3882.0079979103484
12202440000,8413606000,wilko,2023,Swindon,RETAIL_OTHER_SUPERSTORES_AND_WAREHOUSES,280000.0,282500.0,1443.348458743442
12202440000,129097000,wilko,2023,Swindon,RETAIL_OTHER_SUPERSTORES_AND_WAREHOUSES,280000.0,255000.0,2555.3459845046596
12280663000,9764740000,body shop,2024,Preston,INDUSTRIAL_GENERAL,5500.0,5500.0,1057.46408514685
12280663000,15087210000,body shop,2024,Preston,INDUSTRIAL_GENERAL,5500.0,5500.0,6070.776599405779
12280663000,6986422000,body shop,2024,Preston,INDUSTRIAL_GENERAL,5500.0,5500.0,568.5136001859785
12295847000,5209185000,wilko,2023,Watford,RETAIL_OTHER_SUPERSTORES_AND_WAREHOUSES,232000.0,236000.0,515.2991512409461
12295847000,9445200000,wilko,2023,Watford,RETAIL_OTHER_SUPERSTORES_AND_WAREHOUSES,232000.0,244000.0,1039.8545603014222
12295847000,8862210000,wilko,2023,Watford,RETAIL_OTHER_SUPERSTORES_AND_WAREHOUSES,232000.0,214000.0,547.0297119966461
12305363000,226239082,arcadia,2020,Hammersmith and Fulham,LEISURE_AMUSEMENT_AND_ENTERTAINMENT_CENTRES,50000.0,50500.0,2478.887667705236
12305363000,228872082,arcadia,2020,Hammersmith and Fulham,LEISURE_AMUSEMENT_AND_ENTERTAINMENT_CENTRES,50000.0,56500.0,944.9112464258388
12305363000,14428014000,arcadia,2020,Hammersmith and Fulham,LEISURE_AMUSEMENT_AND_ENTERTAINMENT_CENTRES,50000.0,58000.0,794.1992305159225
12324122000,14994053000,strada,2018,Stockton-on-Tees,INDUSTRIAL_GENERAL,15250.0,15250.0,1778.217025171348
12324122000,11281563000,strada,2018,Stockton-on-Tees,INDUSTRIAL_GENERAL,15250.0,15250.0,2064.3632550584434
12324122000,2632394000,strada,2018,Stockton-on-Tees,INDUSTRIAL_GENERAL,15250.0,15250.0,1819.5829234721662
12333437000,10541236000,arcadia,2020,Leeds,RETAIL_HIGH_STREET,320000.0,40750.0,2453.0744930543974
12333437000,327520244,arcadia,2020,Leeds,RETAIL_HIGH_STREET,320000.0,40500.0,11801.450530367421
12333437000,316622244,arcadia,2020,Leeds,RETAIL_HIGH_STREET,320000.0,40500.0,2479.651849029756
12343419000,4862072000,arcadia,2020,Colchester,OFFICE_GENERAL,13750.0,13750.0,3388.224593548229
12343419000,11048730000,arcadia,2020,Colchester,OFFICE_GENERAL,13750.0,13750.0,1598.4469685348902
12343419000,9396720000,arcadia,2020,Colchester,OFFICE_GENERAL,13750.0,13750.0,608.4801052960189
12350021000,12180250000,homebase,2024,Cambridge,RETAIL_OTHER_SUPERSTORES_AND_WAREHOUSES,427500.0,257500.0,507.00840882727886
12350021000,382203012,homebase,2024,Cambridge,RETAIL_OTHER_SUPERSTORES_AND_WAREHOUSES,427500.0,252500.0,507.00840882727886
12350021000,382206012,homebase,2024,Cambridge,RETAIL_OTHER_SUPERSTORES_AND_WAREHOUSES,427500.0,232000.0,507.00840882727886
12350022000,459118012,homebase,2024,Cambridge,RETAIL_OTHER_SUPERSTORES_AND_WAREHOUSES,880000.0,214000.0,2126.323210575961
12350022000,3492611000,homebase,2024,Cambridge,RETAIL_OTHER_SUPERSTORES_AND_WAREHOUSES,880000.0,195000.0,507.00840882727886
12350022000,3186947000,homebase,2024,Cambridge,RETAIL_OTHER_SUPERSTORES_AND_WAREHOUSES,880000.0,193000.0,2064.8684671182878
12374340000,5572308000,body shop,2024,Stockton-on-Tees,INDUSTRIAL_GENERAL,12000.0,12000.0,995.5245183270254
12374340000,9544814000,body shop,2024,Stockton-on-Tees,INDUSTRIAL_GENERAL,12000.0,12000.0,1450.0058675111134
12374340000,235328102,body shop,2024,Stockton-on-Tees,INDUSTRIAL_GENERAL,12000.0,12000.0,1819.5829234721662
12398506000,871348022,wilko,2023,Thurrock,RETAIL_OTHER_SUPERSTORES_AND_WAREHOUSES,680000.0,26500.0,1762.8480519708876
12398506000,13804570000,wilko,2023,Thurrock,RETAIL_OTHER_SUPERSTORES_AND_WAREHOUSES,680000.0,24000.0,12378.854070764835
12398506000,808800022,wilko,2023,Thurrock,RETAIL_OTHER_SUPERSTORES_AND_WAREHOUSES,680000.0,23000.0,1177.8021676638996
12408618000,10039313000,wilko,2023,Leeds,RETAIL_HIGH_STREET,102000.0,40500.0,1582.818620446322
12408618000,9808663000,wilko,2023,Leeds,RETAIL_HIGH_STREET,102000.0,40000.0,523.2395412690752
12408618000,7502399000,wilko,2023,Leeds,RETAIL_HIGH_STREET,102000.0,40000.0,556.4618721103093
12408908000,209876000,wilko,2023,Leeds,RETAIL_HIGH_STREET,2000.0,2000.0,10117.533194689966
12408908000,6162103000,wilko,2023,Leeds,RETAIL_HIGH_STREET,2000.0,2000.0,5501.559302221409
12408908000,6519234000,wilko,2023,Leeds,RETAIL_HIGH_STREET,2000.0,2000.0,14058.814080035128
12417914000,5752659000,mothercare,2019,York,RETAIL_OTHER_SUPERSTORES_AND_WAREHOUSES,495000.0,137000.0,839.256602144953
12417914000,9019594000,mothercare,2019,York,RETAIL_OTHER_SUPERSTORES_AND_WAREHOUSES,495000.0,132000.0,538.8371577295641
12417914000,13537572000,mothercare,2019,York,RETAIL_OTHER_SUPERSTORES_AND_WAREHOUSES,495000.0,123000.0,2372.661281052563
12419016000,9782296000,ted baker,2024,York,RETAIL_HIGH_STREET,187000.0,25000.0,1413.7834884948395
12419016000,6695869000,ted baker,2024,York,RETAIL_HIGH_STREET,187000.0,25000.0,833.7788856302282
12419016000,8420054000,ted baker,2024,York,RETAIL_HIGH_STREET,187000.0,24750.0,2559.5697425938097
12425207000,8789172000,ted baker,2024,Cardiff,RETAIL_HIGH_STREET,152000.0,61000.0,1610.1798266523301
12425207000,4375410000,ted baker,2024,Cardiff,RETAIL_HIGH_STREET,152000.0,60500.0,1727.6233564247384
12425207000,8926704000,ted baker,2024,Cardiff,RETAIL_HIGH_STREET,152000.0,60500.0,1253.0220552564058
12454126000,320827148,cath kidston,2020,Ashford,RETAIL_HIGH_STREET,126000.0,39250.0,13795.518932948755
12454126000,320844148,cath kidston,2020,Ashford,RETAIL_HIGH_STREET,126000.0,39000.0,13483.952809047934
12454126000,8791562000,cath kidston,2020,Ashford,RETAIL_HIGH_STREET,126000.0,38750.0,1063.0937056177863
12499977000,8504439000,arcadia,2020,Leeds,RETAIL_HIGH_STREET,39250.0,38750.0,1160.1880076352954
12499977000,11513399000,arcadia,2020,Leeds,RETAIL_HIGH_STREET,39250.0,38500.0,890.5143752222239
12499977000,3735476000,arcadia,2020,Leeds,RETAIL_HIGH_STREET,39250.0,38250.0,2260.248096829699
12580392000,577925065,wilko,2023,Brent,RETAIL_OTHER_SUPERSTORES_AND_WAREHOUSES,117000.0,111000.0,1912.7318454669835
12580392000,7775838000,wilko,2023,Brent,RETAIL_OTHER_SUPERSTORES_AND_WAREHOUSES,117000.0,123000.0,4162.145591117953
12580392000,2071951000,wilko,2023,Brent,RETAIL_OTHER_SUPERSTORES_AND_WAREHOUSES,117000.0,110000.0,2103.8379432936567
12624511000,12502302000,debenhams,2020,Camden,OFFICE_GENERAL,8600000.0,565000.0,460.1939316673465
12624511000,6322913000,debenhams,2020,Camden,OFFICE_GENERAL,8600000.0,550000.0,499.6334511617361
12624511000,214871063,debenhams,2020,Camden,OFFICE_GENERAL,8600000.0,530000.0,412.48459499914924
12627658000,9942193000,arcadia,2020,Manchester,RETAIL_HIGH_STREET,10250.0,10250.0,5384.849714133371
12627658000,12351947000,arcadia,2020,Manchester,RETAIL_HIGH_STREET,10250.0,10250.0,4221.278793106091
12627658000,4061644000,arcadia,2020,Manchester,RETAIL_HIGH_STREET,10250.0,10250.0,2457.1392699185303
12731959000,12912575000,arcadia,2020,Milton Keynes,OFFICE_GENERAL,2175.0,2175.0,2048.243602242066
12731959000,11986703000,arcadia,2020,Milton Keynes,OFFICE_GENERAL,2175.0,2175.0,893.8028095851514
12731959000,12386685000,arcadia,2020,Milton Keynes,OFFICE_GENERAL,2175.0,2175.0,5031.245357739608
12731961000,13735678000,arcadia,2020,Milton Keynes,OFFICE_GENERAL,2350.0,2350.0,5031.245357739608
12731961000,12099576000,arcadia,2020,Milton Keynes,OFFICE_GENERAL,2350.0,2350.0,1301.1983412454322
12731961000,10153984000,arcadia,2020,Milton Keynes,OFFICE_GENERAL,2350.0,2350.0,5032.143132842904
12750561000,3782472000,arcadia,2020,Norwich,RETAIL_RESTAURANTS_AND_CAFES,37000.0,36500.0,454.79757845040837
12750561000,225352036,arcadia,2020,Norwich,RETAIL_RESTAURANTS_AND_CAFES,37000.0,37500.0,1006.01821223377
12750561000,225394036,arcadia,2020,Norwich,RETAIL_RESTAURANTS_AND_CAFES,37000.0,35000.0,576.0522109439472
12805595000,160476211,arcadia,2020,South Gloucestershire,RETAIL_HIGH_STREET,20750.0,20750.0,10184.744782453816
12805595000,6135528000,arcadia,2020,South Gloucestershire,RETAIL_HIGH_STREET,20750.0,20750.0,1527.3361400078184
12805595000,6406050000,arcadia,2020,South Gloucestershire,RETAIL_HIGH_STREET,20750.0,20500.0,5128.009617570214
12807647000,10235237000,ted baker,2024,Gloucester,RETAIL_HIGH_STREET,29000.0,30750.0,421.9830196487672
12807647000,11791685000,ted baker,2024,Gloucester,RETAIL_HIGH_STREET,29000.0,31250.0,490.38968659014506
12807647000,9737966000,ted baker,2024,Gloucester,RETAIL_HIGH_STREET,29000.0,32500.0,4065.8554808154877
12891660000,255120212,arcadia,2020,"Bristol, City of",OTHER_COMMERCIAL,4500.0,4500.0,1958.6222219782135
12891660000,10619356000,arcadia,2020,"Bristol, City of",OTHER_COMMERCIAL,4500.0,4500.0,603.2936100034129
12891660000,10619359000,arcadia,2020,"Bristol, City of",OTHER_COMMERCIAL,4500.0,4500.0,603.2936100034129
12892193000,8385384000,arcadia,2020,"Bristol, City of",OFFICE_GENERAL,30750.0,30750.0,7852.641799468795
12892193000,11319626000,arcadia,2020,"Bristol, City of",OFFICE_GENERAL,30750.0,30750.0,542.5585864684923
12892193000,15051730000,arcadia,2020,"Bristol, City of",OFFICE_GENERAL,30750.0,30750.0,464.8150696793477
12951523000,9377955000,homebase,2024,Norwich,RETAIL_OTHER_SUPERSTORES_AND_WAREHOUSES,295000.0,177000.0,2811.983761144996
12951523000,2817788000,homebase,2024,Norwich,RETAIL_OTHER_SUPERSTORES_AND_WAREHOUSES,295000.0,171000.0,3274.9314382116454
12951523000,3340096000,homebase,2024,Norwich,RETAIL_OTHER_SUPERSTORES_AND_WAREHOUSES,295000.0,162000.0,3920.941678279753
12951533000,12192351000,homebase,2024,Norwich,RETAIL_OTHER_SUPERSTORES_AND_WAREHOUSES,148000.0,152000.0,599.5112686874565
12951533000,437342036,homebase,2024,Norwich,RETAIL_OTHER_SUPERSTORES_AND_WAREHOUSES,148000.0,160000.0,1376.493991379163
12951533000,8960827000,homebase,2024,Norwich,RETAIL_OTHER_SUPERSTORES_AND_WAREHOUSES,148000.0,133000.0,2435.8595580664887
12955425000,13592362000,arcadia,2020,York,LEISURE_BUDGET_HOTELS,2400.0,2400.0,1138.9360833505082
12955425000,10348490000,arcadia,2020,York,LEISURE_BUDGET_HOTELS,2400.0,2400.0,685.0345660820083
12955425000,13476948000,arcadia,2020,York,LEISURE_BUDGET_HOTELS,2400.0,2400.0,441.4385962128833
13104290000,34681036,body shop,2024,Norwich,RETAIL_HIGH_STREET,57000.0,30750.0,1182.9226704837204
13104290000,5845284000,body shop,2024,Norwich,RETAIL_HIGH_STREET,57000.0,29750.0,865.6765452776258
13104290000,11088118000,body shop,2024,Norwich,RETAIL_HIGH_STREET,57000.0,29250.0,3106.6601071149016
13127633000,136894104,toys r us,2018,County Durham,RETAIL_RESTAURANTS_AND_CAFES,16750.0,16750.0,9134.498809366056
13127633000,13879034000,toys r us,2018,County Durham,RETAIL_RESTAURANTS_AND_CAFES,16750.0,16750.0,1284.875419845092
13127633000,133387104,toys r us,2018,County Durham,RETAIL_RESTAURANTS_AND_CAFES,16750.0,17000.0,6419.785181859203
13141111000,6135454000,frankie&bennys,2020,Preston,INDUSTRIAL_GENERAL,11500.0,11500.0,673.4798223875123
13141111000,12045974000,frankie&bennys,2020,Preston,INDUSTRIAL_GENERAL,11500.0,11500.0,2405.7236150951044
13141111000,1784046000,frankie&bennys,2020,Preston,INDUSTRIAL_GENERAL,11500.0,11500.0,2329.5180704785375
13202498000,11683363000,body shop,2024,Stoke-on-Trent,RETAIL_HIGH_STREET,8800.0,8800.0,563.8110406339978
13202498000,13935559000,body shop,2024,Stoke-on-Trent,RETAIL_HIGH_STREET,8800.0,8800.0,2326.8035019804797
13202498000,244161236,body shop,2024,Stoke-on-Trent,RETAIL_HIGH_STREET,8800.0,8800.0,2261.277223107873
13253699000,6362471000,arcadia,2020,York,OFFICE_GENERAL,1675.0,1675.0,1413.7834884948395
13253699000,6309518000,arcadia,2020,York,OFFICE_GENERAL,1675.0,1675.0,774.9279969939583
13253699000,1796210000,arcadia,2020,York,OFFICE_GENERAL,1675.0,1650.0,1532.2655437658314
13315359000,11233592000,arcadia,2020,Leeds,OFFICE_GENERAL,4600.0,4600.0,995.8891216732588
13315359000,219470244,arcadia,2020,Leeds,OFFICE_GENERAL,4600.0,4600.0,4609.267204936042
13315359000,1050804000,arcadia,2020,Leeds,OFFICE_GENERAL,4600.0,4600.0,8505.47323706002
13355993000,9396744000,homebase,2024,Tunbridge Wells,RETAIL_OTHER_SUPERSTORES_AND_WAREHOUSES,405000.0,397500.0,2457.5336243889606
13355993000,14858218000,homebase,2024,Tunbridge Wells,RETAIL_OTHER_SUPERSTORES_AND_WAREHOUSES,405000.0,387500.0,3096.708697047133
13355993000,9561665000,homebase,2024,Tunbridge Wells,RETAIL_OTHER_SUPERSTORES_AND_WAREHOUSES,405000.0,377500.0,3022.846857929619
13408249000,11570796000,homebase,2024,Telford and Wrekin,RETAIL_OTHER_SUPERSTORES_AND_WAREHOUSES,470000.0,241000.0,441.6197474299782
13408249000,118913000,homebase,2024,Telford and Wrekin,RETAIL_OTHER_SUPERSTORES_AND_WAREHOUSES,470000.0,229000.0,441.6197474299782
13408249000,1672086000,homebase,2024,Telford and Wrekin,RETAIL_OTHER_SUPERSTORES_AND_WAREHOUSES,470000.0,217000.0,2257.2145964654947
13546603000,10783285000,prezzo,2018,Dorset,RETAIL_RESTAURANTS_AND_CAFES,65000.0,65000.0,35028.282507574404
13546603000,11875471000,prezzo,2018,Dorset,RETAIL_RESTAURANTS_AND_CAFES,65000.0,64200.0,39372.35896767457
13546603000,311125172,prezzo,2018,Dorset,RETAIL_RESTAURANTS_AND_CAFES,65000.0,64000.0,37940.17306402455
13605470000,13107890000,arcadia,2020,Birmingham,RETAIL_HIGH_STREET,13000.0,13000.0,2125.2051628214795
13605470000,375098221,arcadia,2020,Birmingham,RETAIL_HIGH_STREET,13000.0,13000.0,2312.342049965779
13605470000,11382271000,arcadia,2020,Birmingham,RETAIL_HIGH_STREET,13000.0,13000.0,2902.1886749573728
13738589000,9321857000,strada,2018,Stockton-on-Tees,INDUSTRIAL_GENERAL,24500.0,24500.0,5842.736748011833
13738589000,14771000,strada,2018,Stockton-on-Tees,INDUSTRIAL_GENERAL,24500.0,24500.0,1819.5829234721662
13738589000,14198428000,strada,2018,Stockton-on-Tees,INDUSTRIAL_GENERAL,24500.0,24500.0,2064.3632550584434
13742496000,12716792000,arcadia,2020,Stockton-on-Tees,OFFICE_GENERAL,5700.0,5700.0,5989.08699068609
13742496000,8002352000,arcadia,2020,Stockton-on-Tees,OFFICE_GENERAL,5700.0,5700.0,661.0953173774298
13742496000,13525897000,arcadia,2020,Stockton-on-Tees,OFFICE_GENERAL,5700.0,5600.0,698.0205469518905
13742548000,10255328000,arcadia,2020,Stockton-on-Tees,OFFICE_GENERAL,2475.0,2475.0,4871.582876572774
13742548000,15071232000,arcadia,2020,Stockton-on-Tees,OFFICE_GENERAL,2475.0,2475.0,565.0381440306816
13742548000,10233205000,arcadia,2020,Stockton-on-Tees,OFFICE_GENERAL,2475.0,2450.0,7247.60421271493
13766793000,14168422000,bhs,2016,Cheshire West and Chester,INDUSTRIAL_GENERAL,34000.0,34000.0,6557.3514721376405
13766793000,7512883000,bhs,2016,Cheshire West and Chester,INDUSTRIAL_GENERAL,34000.0,33750.0,7159.6875419557955
13766793000,228903132,bhs,2016,Cheshire West and Chester,INDUSTRIAL_GENERAL,34000.0,33750.0,2246.452897034861
13821426000,14047174000,arcadia,2020,"Bristol, City of",OTHER_COMMERCIAL,1500.0,1500.0,1485.102933592578
13821426000,10715610000,arcadia,2020,"Bristol, City of",OTHER_COMMERCIAL,1500.0,1500.0,3672.8164570283343
13821426000,10715340000,arcadia,2020,"Bristol, City of",OTHER_COMMERCIAL,1500.0,1500.0,3672.8164570283343
13827802000,13164603000,arcadia,2020,Milton Keynes,OFFICE_GENERAL,13750.0,13750.0,2140.1558331873925
13827802000,212424162,arcadia,2020,Milton Keynes,OFFICE_GENERAL,13750.0,13750.0,5133.476786085119
13827802000,3370829000,arcadia,2020,Milton Keynes,OFFICE_GENERAL,13750.0,13750.0,1950.7218222122794
13858795000,11200805000,frankie&bennys,2020,Maidstone,RETAIL_HIGH_STREET,14750.0,14750.0,2404.909265842431
13858795000,60881148,frankie&bennys,2020,Maidstone,RETAIL_HIGH_STREET,14750.0,14750.0,2029.7923746968017
13858795000,413532148,frankie&bennys,2020,Maidstone,RETAIL_HIGH_STREET,14750.0,14500.0,6207.758308036501
13932169000,236579222,homebase,2024,Coventry,RETAIL_OTHER_SUPERSTORES_AND_WAREHOUSES,432500.0,377500.0,2637.6177316954713
13932169000,276011222,homebase,2024,Coventry,RETAIL_OTHER_SUPERSTORES_AND_WAREHOUSES,432500.0,355000.0,811.9299360299716
13932169000,10378012000,homebase,2024,Coventry,RETAIL_OTHER_SUPERSTORES_AND_WAREHOUSES,432500.0,350000.0,1355.0215895708552
13943394000,14942445000,arcadia,2020,Hammersmith and Fulham,OTHER_COMMERCIAL,3000.0,3000.0,449.67368340429505
13943394000,10991220000,arcadia,2020,Hammersmith and Fulham,OTHER_COMMERCIAL,3000.0,3200.0,562.4937409873579
13943394000,14726089000,arcadia,2020,Hammersmith and Fulham,OTHER_COMMERCIAL,3000.0,3200.0,622.6321284557861
13944960000,139281104,paperchase,2023,County Durham,RETAIL_HIGH_STREET,59500.0,59500.0,5601.197498032742
13944960000,6488371000,paperchase,2023,County Durham,RETAIL_HIGH_STREET,59500.0,58500.0,6284.750326552628
13944960000,139280104,paperchase,2023,County Durham,RETAIL_HIGH_STREET,59500.0,56000.0,5609.872175672572
14006054000,14437648000,body shop,2024,Thurrock,INDUSTRIAL_GENERAL,14500.0,14500.0,6477.022716191732
14006054000,806389022,body shop,2024,Thurrock,INDUSTRIAL_GENERAL,14500.0,14500.0,3233.6522785407046
14006054000,11986770000,body shop,2024,Thurrock,INDUSTRIAL_GENERAL,14500.0,14500.0,3056.78766010673
14085535000,217474162,homebase,2024,Milton Keynes,OFFICE_GENERAL,103000.0,102000.0,1664.237854044281
14085535000,7242618000,homebase,2024,Milton Keynes,OFFICE_GENERAL,103000.0,102000.0,1528.7117750459765
14085535000,11872324000,homebase,2024,Milton Keynes,OFFICE_GENERAL,103000.0,102000.0,1678.240625305471
14114501000,2295468000,homebase,2024,"Bournemouth, Christchurch and Poole",RETAIL_OTHER_SUPERSTORES_AND_WAREHOUSES,267500.0,252500.0,2687.250068867094
14114501000,188314172,homebase,2024,"Bournemouth, Christchurch and Poole",RETAIL_OTHER_SUPERSTORES_AND_WAREHOUSES,267500.0,240000.0,772.4484161802231
14114501000,6985080000,homebase,2024,"Bournemouth, Christchurch and Poole",RETAIL_OTHER_SUPERSTORES_AND_WAREHOUSES,267500.0,237000.0,1577.638531204895
14176451000,7028187000,wilko,2023,County Durham,RETAIL_OTHER_SUPERSTORES_AND_WAREHOUSES,150000.0,155000.0,3050.0532385726865
14176451000,9219611000,wilko,2023,County Durham,RETAIL_OTHER_SUPERSTORES_AND_WAREHOUSES,150000.0,155000.0,2422.2383072866637
14176451000,12643781000,wilko,2023,County Durham,RETAIL_OTHER_SUPERSTORES_AND_WAREHOUSES,150000.0,156000.0,517.5681849782577
14191762000,9557564000,homebase,2024,Colchester,RETAIL_OTHER_SUPERSTORES_AND_WAREHOUSES,610000.0,520000.0,1271.6163391850773
14191762000,15012875000,homebase,2024,Colchester,RETAIL_OTHER_SUPERSTORES_AND_WAREHOUSES,610000.0,407500.0,1508.6649613363281
14191762000,9016990000,homebase,2024,Colchester,RETAIL_OTHER_SUPERSTORES_AND_WAREHOUSES,610000.0,312500.0,9586.188889109446
14194003000,12050296000,arcadia,2020,Leeds,OFFICE_GENERAL,6900.0,6900.0,1416.833489352306
14194003000,7500159000,arcadia,2020,Leeds,OFFICE_GENERAL,6900.0,6900.0,1094.6651840015152
14194003000,8540706000,arcadia,2020,Leeds,OFFICE_GENERAL,6900.0,6900.0,1094.6651840015152
14244187000,12596569000,chiquito,2020,Peterborough,RETAIL_RESTAURANTS_AND_CAFES,125000.0,122000.0,702.8865896700087
14244187000,15052687000,chiquito,2020,Peterborough,RETAIL_RESTAURANTS_AND_CAFES,125000.0,110000.0,894.7233715897707
14244187000,1945693000,chiquito,2020,Peterborough,RETAIL_RESTAURANTS_AND_CAFES,125000.0,140000.0,3806.389413450697
14244288000,186717016,frankie&bennys,2020,Peterborough,RETAIL_RESTAURANTS_AND_CAFES,120000.0,105000.0,1297.8853714124773
14244288000,6526761000,frankie&bennys,2020,Peterborough,RETAIL_RESTAURANTS_AND_CAFES,120000.0,98500.0,1419.0347872657492
14244288000,7974707000,frankie&bennys,2020,Peterborough,RETAIL_RESTAURANTS_AND_CAFES,120000.0,98000.0,2837.2031357855935
14249131000,15047323000,arcadia,2020,Birmingham,LEISURE_GENERAL_HOTELS,1300.0,1300.0,743.2333387421153
14249131000,14257890000,arcadia,2020,Birmingham,LEISURE_GENERAL_HOTELS,1300.0,1300.0,2186.092706429076
14249131000,14542256000,arcadia,2020,Birmingham,LEISURE_GENERAL_HOTELS,1300.0,1600.0,1522.1554572410228
14287166000,162307183,homebase,2024,North Devon,RETAIL_OTHER_SUPERSTORES_AND_WAREHOUSES,370000.0,357500.0,1932.2261150409963
14287166000,13367021000,homebase,2024,North Devon,RETAIL_OTHER_SUPERSTORES_AND_WAREHOUSES,370000.0,317500.0,1514.2204868174176
14287166000,9083279000,homebase,2024,North Devon,RETAIL_OTHER_SUPERSTORES_AND_WAREHOUSES,370000.0,292500.0,1282.2091766864016
14287628000,7465375000,wilko,2023,Basingstoke and Deane,RETAIL_OTHER_SUPERSTORES_AND_WAREHOUSES,205000.0,196000.0,633.0600060554037
14287628000,7484001000,wilko,2023,Basingstoke and Deane,RETAIL_OTHER_SUPERSTORES_AND_WAREHOUSES,205000.0,192000.0,1794.8026443996457
14287628000,13509808000,wilko,2023,Basingstoke and Deane,RETAIL_OTHER_SUPERSTORES_AND_WAREHOUSES,205000.0,182000.0,1865.511409715017
14354656000,13042376000,arcadia,2020,Birmingham,LEISURE_GENERAL_HOTELS,1300.0,2000.0,713.8349551064631
14354656000,13428174000,arcadia,2020,Birmingham,LEISURE_GENERAL_HOTELS,1300.0,2000.0,746.4078839345201
14354656000,13530101000,arcadia,2020,Birmingham,LEISURE_GENERAL_HOTELS,1300.0,2000.0,415.0296377696759
14354662000,13595160000,arcadia,2020,Birmingham,LEISURE_GENERAL_HOTELS,1300.0,2000.0,415.0296377696759
14354662000,13959020000,arcadia,2020,Birmingham,LEISURE_GENERAL_HOTELS,1300.0,2000.0,743.2333387421153
14354662000,13963178000,arcadia,2020,Birmingham,LEISURE_GENERAL_HOTELS,1300.0,2000.0,695.4406565017616
14354664000,14316876000,arcadia,2020,Birmingham,LEISURE_GENERAL_HOTELS,1925.0,2000.0,514.7828451106498
14354664000,14279199000,arcadia,2020,Birmingham,LEISURE_GENERAL_HOTELS,1925.0,2250.0,987.3244169668848
14354664000,14078094000,arcadia,2020,Birmingham,LEISURE_GENERAL_HOTELS,1925.0,2600.0,1041.6197693762806
14354665000,14077843000,arcadia,2020,Birmingham,LEISURE_GENERAL_HOTELS,1300.0,2600.0,695.4406565017616
14354665000,14077711000,arcadia,2020,Birmingham,LEISURE_GENERAL_HOTELS,1300.0,2600.0,730.3252419470372
14354665000,14098383000,arcadia,2020,Birmingham,LEISURE_GENERAL_HOTELS,1300.0,2600.0,730.3252419470372
14354666000,13328686000,arcadia,2020,Birmingham,LEISURE_GENERAL_HOTELS,1300.0,2850.0,2039.0910488832085
14354666000,14385143000,arcadia,2020,Birmingham,LEISURE_GENERAL_HOTELS,1300.0,3200.0,1377.9060397411322
14354666000,14383185000,arcadia,2020,Birmingham,LEISURE_GENERAL_HOTELS,1300.0,3200.0,910.3294716180409
14354668000,14317890000,arcadia,2020,Birmingham,LEISURE_GENERAL_HOTELS,1300.0,3200.0,976.8986352437605
14354668000,14832353000,arcadia,2020,Birmingham,LEISURE_GENERAL_HOTELS,1300.0,3200.0,817.307364541215
14354668000,14081050000,arcadia,2020,Birmingham,LEISURE_GENERAL_HOTELS,1300.0,3600.0,976.8986352437605
14377744000,12707071000,arcadia,2020,Gloucester,OFFICE_GENERAL,1175.0,1175.0,1875.1362126544684
14377744000,3847455000,arcadia,2020,Gloucester,OFFICE_GENERAL,1175.0,1175.0,442.1463848417207
14377744000,3847457000,arcadia,2020,Gloucester,OFFICE_GENERAL,1175.0,1175.0,442.1463848417207
14377781000,12661761000,frankie&bennys,2020,Bromley,OFFICE_GENERAL,2800.0,2800.0,2961.2565416467737
14377781000,6587231000,frankie&bennys,2020,Bromley,OFFICE_GENERAL,2800.0,2800.0,1025.76000904421
14377781000,7676463000,frankie&bennys,2020,Bromley,OFFICE_GENERAL,2800.0,2800.0,4860.718005860159
14390698000,195406171,frankie&bennys,2020,Rushmoor,RETAIL_RESTAURANTS_AND_CAFES,68500.0,49750.0,796.5269114929412
14390698000,195768171,frankie&bennys,2020,Rushmoor,RETAIL_RESTAURANTS_AND_CAFES,68500.0,47500.0,1948.8145093781302
14390698000,8182115000,frankie&bennys,2020,Rushmoor,RETAIL_RESTAURANTS_AND_CAFES,68500.0,41500.0,1764.1211460967663
14404143000,2142173,arcadia,2020,Dorset,INDUSTRIAL_GENERAL,7300.0,7300.0,27787.950361509447
14404143000,10631835000,arcadia,2020,Dorset,INDUSTRIAL_GENERAL,7300.0,7300.0,23192.906327922043
14404143000,8357338000,arcadia,2020,Dorset,INDUSTRIAL_GENERAL,7300.0,7300.0,16364.991515585225
14498659000,13351977000,strada,2018,Brighton and Hove,OFFICE_GENERAL,9600.0,9600.0,1598.7337927415192
14498659000,14364043000,strada,2018,Brighton and Hove,OFFICE_GENERAL,9600.0,9600.0,2555.1611644305235
14498659000,6851727000,strada,2018,Brighton and Hove,OFFICE_GENERAL,9600.0,9600.0,1840.082310600933
14504764000,12997976000,wilko,2023,Cumberland,RETAIL_OTHER_SUPERSTORES_AND_WAREHOUSES,220000.0,219000.0,3693.059020852292
14504764000,9426485000,wilko,2023,Cumberland,RETAIL_OTHER_SUPERSTORES_AND_WAREHOUSES,220000.0,224000.0,532.2243263849825
14504764000,13305507000,wilko,2023,Cumberland,RETAIL_OTHER_SUPERSTORES_AND_WAREHOUSES,220000.0,213000.0,3883.8727418634103
14534030000,4432143000,wilko,2023,County Durham,RETAIL_OTHER_SUPERSTORES_AND_WAREHOUSES,109000.0,119000.0,2422.2383072866637
14534030000,4266857000,wilko,2023,County Durham,RETAIL_OTHER_SUPERSTORES_AND_WAREHOUSES,109000.0,123000.0,2422.2383072866637
14534030000,10335141000,wilko,2023,County Durham,RETAIL_OTHER_SUPERSTORES_AND_WAREHOUSES,109000.0,128000.0,2372.0153582863845
14643271000,31934132,prezzo,2018,Cheshire West and Chester,RETAIL_RESTAURANTS_AND_CAFES,110000.0,108000.0,7244.6598877517845
14643271000,73176132,prezzo,2018,Cheshire West and Chester,RETAIL_RESTAURANTS_AND_CAFES,110000.0,114000.0,1610.4848203997444
14643271000,229177132,prezzo,2018,Cheshire West and Chester,RETAIL_RESTAURANTS_AND_CAFES,110000.0,104000.0,12342.4560626696
14655653000,14655652000,strada,2018,Brighton and Hove,OTHER_COMMERCIAL,200.0,200.0,1720.7892186197626
14655653000,14655654000,strada,2018,Brighton and Hove,OTHER_COMMERCIAL,200.0,200.0,1720.7892186197626
14655653000,14655655000,strada,2018,Brighton and Hove,OTHER_COMMERCIAL,200.0,200.0,1720.7892186197626
14659122000,471098162,arcadia,2020,Buckinghamshire,INDUSTRIAL_GENERAL,28000.0,28000.0,2898.218085141781
14659122000,542295162,arcadia,2020,Buckinghamshire,INDUSTRIAL_GENERAL,28000.0,28000.0,1011.1476876894992
14659122000,8293304000,arcadia,2020,Buckinghamshire,INDUSTRIAL_GENERAL,28000.0,28000.0,11335.288923057866
14765353000,8016992000,body shop,2024,Coventry,INDUSTRIAL_GENERAL,5800.0,5800.0,4147.7727996769945
14765353000,233192222,body shop,2024,Coventry,INDUSTRIAL_GENERAL,5800.0,5800.0,4147.294651508317
14765353000,416939000,body shop,2024,Coventry,INDUSTRIAL_GENERAL,5800.0,5800.0,1820.8848652007712
14804354000,36183132,carluccios,2020,Cheshire West and Chester,RETAIL_RESTAURANTS_AND_CAFES,96500.0,96000.0,4512.519664820941
14804354000,37896132,carluccios,2020,Cheshire West and Chester,RETAIL_RESTAURANTS_AND_CAFES,96500.0,96000.0,754.1568750204106
14804354000,11503970000,carluccios,2020,Cheshire West and Chester,RETAIL_RESTAURANTS_AND_CAFES,96500.0,97000.0,1427.1014801332574
14970820000,6471826000,strada,2018,Harlow,INDUSTRIAL_GENERAL,10500.0,10500.0,2234.699012150456
14970820000,4123702000,strada,2018,Harlow,INDUSTRIAL_GENERAL,10500.0,10500.0,2463.1305299930823
14970820000,3561371000,strada,2018,Harlow,INDUSTRIAL_GENERAL,10500.0,10500.0,2234.699012150456
15003477000,15003477000,arcadia,2020,Hartlepool,LEISURE_BUDGET_HOTELS,2600.0,2600.0,1117.4091294256766
15003477000,12967507000,arcadia,2020,Hartlepool,LEISURE_BUDGET_HOTELS,2600.0,2550.0,2445.5003456239683
15003477000,14884776000,arcadia,2020,Hartlepool,LEISURE_BUDGET_HOTELS,2600.0,2500.0,1063.8939155046564
15008351000,14693474000,arcadia,2020,Hartlepool,LEISURE_BUDGET_HOTELS,1925.0,1925.0,751.3563443716102
15008351000,14847322000,arcadia,2020,Hartlepool,LEISURE_BUDGET_HOTELS,1925.0,1925.0,947.1881892116548
15008351000,15049827000,arcadia,2020,Hartlepool,LEISURE_BUDGET_HOTELS,1925.0,1925.0,1056.6170712174537
15013099000,6476533000,arcadia,2020,Camden,OFFICE_GENERAL,61000.0,61000.0,405.7642226937427
15013099000,7916324000,arcadia,2020,Camden,OFFICE_GENERAL,61000.0,60500.0,892.9947081240074
15013099000,1352045000,arcadia,2020,Camden,OFFICE_GENERAL,61000.0,60500.0,507.1006982086208
